R_s,f_peak_main,R_ct,C_dl_est,R_sei,tail_slope,tail_angle_deg,Zmag_1000Hz,Phase_1000Hz,Zmag_100Hz,Phase_100Hz,Zmag_10Hz,Phase_10Hz,Zmag_0.1Hz,Phase_0.1Hz,cycle,state,T_C,cell
0.289540,4.369410,2.267220,0.016066,0.009590,1.139895,48.740369,0.476784,-16.614446,0.773992,-19.124857,1.238430,-17.160261,1.944661,-4.421251,1,IX,25,2
0.293350,5.517300,2.136620,0.013501,0.009837,1.020443,45.579691,0.483020,-16.598034,0.783826,-19.004016,1.253047,-17.064655,1.931395,-4.415978,2,IX,25,2
0.295150,4.369410,2.295520,0.015868,0.009660,1.336821,53.201925,0.486426,-16.694035,0.788372,-18.919195,1.256019,-16.688252,1.913471,-4.493399,3,IX,25,2
0.295490,5.517300,2.152280,0.013403,0.009332,0.971556,44.173428,0.487727,-16.589058,0.787719,-18.802939,1.259907,-16.738413,1.901741,-4.703891,4,IX,25,2
0.296570,5.517300,2.147360,0.013433,0.009092,1.253653,51.421735,0.489094,-16.733020,0.791055,-18.818378,1.260992,-16.697383,1.894527,-4.502187,5,IX,25,2
0.295290,6.975450,2.008420,0.011360,0.009376,1.568645,57.482781,0.487843,-16.710736,0.789979,-18.778469,1.257620,-16.524546,1.885655,-4.567159,6,IX,25,2
0.296130,5.517300,2.139300,0.013484,0.009192,1.079167,47.180546,0.488485,-16.671087,0.790086,-18.823371,1.257347,-16.696429,1.888582,-4.673780,7,IX,25,2
0.294540,5.517300,2.157500,0.013370,0.010598,0.961808,43.884726,0.487728,-16.651134,0.790772,-18.733488,1.258406,-16.616341,1.891363,-4.792978,8,IX,25,2
0.294060,5.517300,2.157180,0.013372,0.010120,1.450570,55.418236,0.488317,-16.756760,0.788764,-18.760374,1.258308,-16.650617,1.886726,-4.556394,9,IX,25,2
0.293570,5.517300,2.137480,0.013496,0.010170,1.209310,50.412052,0.486800,-16.764072,0.790032,-18.669100,1.253189,-16.667211,1.882878,-4.627859,10,IX,25,2
0.296580,5.517300,2.130260,0.013541,0.009438,1.228012,50.843245,0.488723,-16.662977,0.789241,-18.640144,1.253903,-16.656583,1.885000,-4.631933,11,IX,25,2
0.296190,5.517300,2.154800,0.013387,0.009462,0.961954,43.889074,0.488232,-16.689746,0.788355,-18.695440,1.257279,-16.683732,1.890163,-4.804666,12,IX,25,2
0.293940,6.975450,2.004820,0.011381,0.010148,1.543053,57.054103,0.486234,-16.625033,0.786859,-18.585164,1.249075,-16.559201,1.876830,-4.617435,13,IX,25,2
0.294500,6.975450,1.996660,0.011427,0.010006,1.081893,47.252629,0.485984,-16.783276,0.784589,-18.599615,1.241536,-16.591467,1.870810,-4.605261,14,IX,25,2
0.293070,6.975450,2.001080,0.011402,0.010697,1.049462,46.382525,0.487416,-16.622573,0.787223,-18.593360,1.248934,-16.611018,1.888989,-4.743038,15,IX,25,2
0.296240,5.517300,2.115320,0.013637,0.009094,1.185092,49.841773,0.486324,-16.662963,0.784446,-18.631914,1.245092,-16.810785,1.878398,-4.553868,16,IX,25,2
0.295920,6.975450,1.982260,0.011510,0.009361,1.559545,57.331493,0.485249,-16.667679,0.786151,-18.608773,1.246257,-16.624102,1.875746,-4.640997,17,IX,25,2
0.295560,5.517300,2.113260,0.013650,0.009666,1.039760,46.116710,0.484117,-16.603443,0.784500,-18.578179,1.243772,-16.819288,1.875713,-4.761168,18,IX,25,2
0.294900,6.975450,1.982360,0.011510,0.009644,1.573922,57.569946,0.484311,-16.541510,0.783179,-18.541988,1.244690,-16.696090,1.878398,-4.648907,19,IX,25,2
0.293450,5.517300,2.132260,0.013529,0.010531,0.972439,44.199448,0.483915,-16.632821,0.783685,-18.537969,1.243583,-16.750689,1.882556,-4.854171,20,IX,25,2
0.293370,4.369410,2.247960,0.016203,0.010716,1.568034,57.472655,0.484550,-16.617808,0.781981,-18.562559,1.237948,-16.648879,1.871703,-4.669612,21,IX,25,2
0.295020,4.369410,2.250060,0.016188,0.008951,1.537375,56.957626,0.484108,-16.554182,0.780951,-18.525973,1.236365,-16.659466,1.873476,-4.673348,22,IX,25,2
0.294280,5.517300,2.090920,0.013796,0.009617,1.144743,48.860891,0.483485,-16.564992,0.779227,-18.448790,1.232492,-16.784530,1.866141,-4.742110,23,IX,25,2
0.295370,5.517300,2.095760,0.013764,0.009168,0.978986,44.391611,0.482851,-16.589138,0.778640,-18.507950,1.232452,-16.862039,1.866714,-4.867773,24,IX,25,2
0.294820,4.369410,2.248260,0.016201,0.009337,1.259583,51.553461,0.482622,-16.591063,0.778491,-18.478464,1.229649,-16.815113,1.871546,-4.720892,25,IX,25,2
0.295190,4.369410,2.234200,0.016303,0.009414,1.566780,57.451884,0.483258,-16.383731,0.779275,-18.495402,1.230795,-16.777229,1.874391,-4.706936,26,IX,25,2
0.294990,4.369410,2.232660,0.016315,0.009471,1.556661,57.283288,0.482214,-16.625949,0.776816,-18.475562,1.229123,-16.751646,1.870528,-4.715259,27,IX,25,2
0.294100,5.517300,2.091120,0.013795,0.010665,0.995583,44.873197,0.482775,-16.575030,0.774960,-18.396391,1.228657,-16.961021,1.867778,-4.862411,28,IX,25,2
0.293840,5.517300,2.087060,0.013822,0.010851,1.231857,50.930913,0.482931,-16.466021,0.775767,-18.413830,1.225775,-16.960831,1.867980,-4.644075,29,IX,25,2
0.297170,5.517300,2.069240,0.013941,0.008775,1.121450,48.276528,0.481583,-16.493348,0.773657,-18.358668,1.223333,-16.969524,1.872580,-4.637886,30,IX,25,2
0.294010,5.517300,2.083740,0.013844,0.011174,0.984890,44.563853,0.481130,-16.555099,0.774239,-18.386999,1.224028,-16.958322,1.868923,-4.892268,31,IX,25,2
0.296490,5.517300,2.087200,0.013821,0.009211,0.951868,43.587418,0.481791,-16.489342,0.774135,-18.432977,1.225864,-16.995838,1.877659,-4.938405,32,IX,25,2
0.296020,5.517300,2.061680,0.013992,0.009882,1.140092,48.745282,0.480888,-16.437145,0.772400,-18.400815,1.219562,-16.979774,1.873270,-4.666157,33,IX,25,2
0.294510,4.369410,2.229220,0.016340,0.010420,1.126275,48.398686,0.479968,-16.309383,0.772934,-18.371529,1.217759,-16.955752,1.874811,-4.694241,34,IX,25,2
0.295200,4.369410,2.222380,0.016390,0.010832,1.319583,52.844594,0.479977,-16.379818,0.771229,-18.343002,1.215598,-16.915434,1.865420,-4.757528,35,IX,25,2
0.294250,5.517300,2.057000,0.014024,0.009981,1.100966,47.751356,0.479429,-16.438107,0.771607,-18.317990,1.215229,-17.058788,1.875483,-4.694681,36,IX,25,2
0.293200,4.369410,2.225600,0.016366,0.010696,1.098077,47.676403,0.478692,-16.350203,0.770949,-18.287661,1.214726,-16.990355,1.877186,-4.738984,37,IX,25,2
0.294590,4.369410,2.214600,0.016448,0.009882,1.112044,48.036691,0.479371,-16.442559,0.770173,-18.247627,1.211642,-16.947317,1.874113,-4.782949,38,IX,25,2
0.295290,4.369410,2.195300,0.016592,0.009485,1.481638,55.983464,0.479620,-16.443089,0.770684,-18.308885,1.215146,-17.004562,1.870162,-4.771189,39,IX,25,2
0.295800,5.517300,2.061700,0.013992,0.009027,0.963784,43.943465,0.478936,-16.374415,0.769539,-18.243184,1.212450,-17.085849,1.868923,-4.982083,40,IX,25,2
0.294150,4.369410,2.185000,0.016670,0.009320,0.960768,43.853742,0.477889,-16.363794,0.767970,-18.227098,1.209595,-17.010819,1.865787,-5.004414,41,IX,25,2
0.294820,5.517300,2.037800,0.014156,0.009450,1.146012,48.892323,0.476884,-16.396211,0.767616,-18.094079,1.206630,-17.095440,1.870223,-4.720222,42,IX,25,2
0.294130,4.369410,2.182820,0.016687,0.009868,1.497927,56.273344,0.476989,-16.337283,0.766202,-18.149099,1.207243,-17.012317,1.862482,-4.805025,43,IX,25,2
0.293480,4.369410,2.192400,0.016614,0.010165,1.453386,55.470150,0.477364,-16.339620,0.766239,-18.138903,1.203275,-17.015439,1.862384,-4.811495,44,IX,25,2
0.292950,4.369410,2.198420,0.016569,0.010520,1.316385,52.777658,0.477009,-16.360488,0.765587,-18.152060,1.200388,-17.025786,1.861129,-4.832891,45,IX,25,2
0.294910,5.517300,2.029480,0.014214,0.010656,1.029520,45.833321,0.477864,-16.292895,0.765383,-18.115479,1.202649,-17.224992,1.861291,-4.927091,46,IX,25,2
0.294420,5.517300,2.044940,0.014106,0.010379,1.275979,51.913773,0.478238,-16.298857,0.766187,-18.197378,1.204167,-17.209421,1.870582,-4.778999,47,IX,25,2
0.293990,4.369410,2.182540,0.016689,0.010219,1.517908,56.623056,0.477141,-16.318599,0.765440,-18.113909,1.200035,-17.066709,1.868111,-4.839504,48,IX,25,2
0.293480,4.369410,2.186200,0.016661,0.010228,1.128187,48.446928,0.476833,-16.169504,0.761942,-18.108911,1.194552,-17.172455,1.865029,-4.801816,49,IX,25,2
0.294000,4.369410,2.175400,0.016744,0.010204,1.323163,52.919288,0.475668,-16.139051,0.760776,-18.029805,1.191949,-17.088496,1.854576,-4.859431,50,IX,25,2
0.294670,4.369410,2.180540,0.016704,0.011738,1.228027,50.843578,0.477120,-16.226726,0.761846,-18.010161,1.192817,-17.161118,1.858972,-4.873029,51,IX,25,2
0.295310,5.517300,2.020800,0.014275,0.011140,1.042495,46.191897,0.476956,-16.234869,0.760778,-18.021514,1.195640,-17.261987,1.862153,-4.970485,52,IX,25,2
0.294290,5.517300,2.018040,0.014294,0.010967,1.166641,49.398073,0.476846,-16.207712,0.761688,-18.069210,1.193157,-17.292731,1.864443,-4.792312,53,IX,25,2
0.295770,5.517300,2.028780,0.014219,0.009919,1.385505,54.179804,0.477151,-16.119428,0.760680,-18.057631,1.194240,-17.295282,1.864187,-4.853535,54,IX,25,2
0.296900,4.369410,2.172040,0.016770,0.009688,1.112726,48.054153,0.477018,-16.103020,0.759477,-18.011194,1.190087,-17.252429,1.869759,-4.860299,55,IX,25,2
0.296450,4.369410,2.164420,0.016829,0.010225,1.343328,53.335267,0.476988,-16.145720,0.759384,-17.918452,1.187950,-17.193917,1.858767,-4.892031,56,IX,25,2
0.296600,4.369410,2.156640,0.016890,0.010246,1.495135,56.223972,0.476394,-16.129264,0.758133,-17.995623,1.189742,-17.214880,1.863096,-4.893791,57,IX,25,2
0.294800,5.517300,2.002480,0.014405,0.010367,1.069955,46.935589,0.476660,-16.209245,0.759212,-17.998705,1.188136,-17.377885,1.860905,-4.977522,58,IX,25,2
0.295450,4.369410,2.155660,0.016897,0.009857,1.070390,46.947208,0.476545,-16.179016,0.758371,-17.822615,1.186550,-17.213062,1.867015,-4.999380,59,IX,25,2
0.294960,4.369410,2.165300,0.016822,0.010581,1.119820,48.235115,0.474654,-16.157840,0.757564,-17.953547,1.183711,-17.297571,1.866477,-4.867097,60,IX,25,2
0.294410,5.517300,1.998840,0.014432,0.010478,1.005856,45.167283,0.476274,-16.187959,0.756374,-17.888970,1.184057,-17.429699,1.857029,-5.048585,61,IX,25,2
0.293930,4.369410,2.148400,0.016954,0.010817,1.467883,55.735234,0.475546,-16.200263,0.756700,-17.873307,1.181502,-17.184763,1.855838,-4.931684,62,IX,25,2
0.294080,5.517300,2.006020,0.014380,0.010402,0.979787,44.415035,0.475333,-16.321848,0.757451,-17.844093,1.183136,-17.350522,1.858007,-5.073429,63,IX,25,2
0.293930,4.369410,2.147780,0.016959,0.011206,1.059660,46.659156,0.474833,-16.033218,0.756562,-17.804845,1.183429,-17.277539,1.867640,-5.050063,64,IX,25,2
0.294830,4.369410,2.156420,0.016891,0.010303,1.123260,48.322427,0.475164,-16.191427,0.756099,-17.869819,1.179300,-17.386356,1.869153,-4.875968,65,IX,25,2
0.295290,5.517300,1.982640,0.014550,0.010107,1.121668,48.282049,0.474419,-16.075748,0.756295,-17.834014,1.179256,-17.442466,1.865122,-4.864062,66,IX,25,2
0.294130,5.517300,1.994120,0.014466,0.011030,1.281892,52.042310,0.473402,-16.140056,0.755496,-17.881481,1.178828,-17.440052,1.856339,-4.905756,67,IX,25,2
0.296330,4.369410,2.115040,0.017222,0.009007,1.387039,54.209901,0.473863,-16.051089,0.753165,-17.764866,1.176061,-17.335730,1.853469,-4.946484,68,IX,25,2
0.295890,5.517300,1.975140,0.014605,0.009631,1.024142,45.683347,0.473239,-16.260898,0.754481,-17.774258,1.174650,-17.465323,1.854909,-5.067488,69,IX,25,2
0.294370,5.517300,1.975160,0.014605,0.010934,1.159571,49.225923,0.475419,-16.163862,0.753473,-17.672384,1.174590,-17.505044,1.858937,-4.882169,70,IX,25,2
0.294090,5.517300,1.972220,0.014626,0.011137,1.117742,48.182243,0.473500,-16.107177,0.752685,-17.773681,1.172576,-17.495637,1.857314,-4.888503,71,IX,25,2
0.293990,4.369410,2.114080,0.017230,0.011656,0.958364,43.782046,0.474204,-16.069512,0.753195,-17.719458,1.172890,-17.441173,1.859407,-5.177146,72,IX,25,2
0.293800,5.517300,1.962820,0.014696,0.011283,1.090847,47.487920,0.473559,-16.025678,0.752131,-17.667617,1.169164,-17.529653,1.852481,-5.037329,73,IX,25,2
0.294090,5.517300,1.978320,0.014581,0.010813,0.965074,43.981780,0.472908,-16.123860,0.750844,-17.649107,1.169426,-17.440042,1.851959,-5.191319,74,IX,25,2
0.296080,5.517300,1.969100,0.014650,0.010019,1.297339,52.374651,0.473715,-15.955296,0.751015,-17.659115,1.169679,-17.514032,1.849721,-4.967860,75,IX,25,2
0.295560,4.369410,2.124900,0.017142,0.010669,1.322666,52.908934,0.472964,-15.949215,0.751800,-17.578108,1.166253,-17.433929,1.852579,-4.992268,76,IX,25,2
0.295750,5.517300,1.951120,0.014785,0.011154,1.100058,47.727807,0.472214,-16.073420,0.749331,-17.721528,1.165791,-17.543169,1.858066,-4.916720,77,IX,25,2
0.297440,5.517300,1.962180,0.014701,0.010480,1.185721,49.856758,0.474312,-16.079764,0.751239,-17.558861,1.167284,-17.558494,1.857408,-4.940737,78,IX,25,2
0.293260,4.369410,2.130340,0.017098,0.012049,1.102678,47.795656,0.472884,-15.958020,0.750851,-17.648396,1.165855,-17.482809,1.869271,-5.016141,79,IX,25,2
0.296600,4.369410,2.109440,0.017268,0.010713,1.066328,46.838522,0.472913,-15.928629,0.749501,-17.588262,1.167015,-17.474805,1.867194,-5.139696,80,IX,25,2
0.297210,5.517300,1.952340,0.014775,0.010654,1.137219,48.673609,0.472901,-15.877423,0.750440,-17.572059,1.165600,-17.650473,1.864332,-4.941419,81,IX,25,2
0.294970,4.369410,2.117240,0.017204,0.010794,1.091661,47.509214,0.473704,-15.883848,0.750106,-17.628802,1.161774,-17.472545,1.869910,-5.100095,82,IX,25,2
0.296040,4.369410,2.117780,0.017200,0.010002,1.099980,47.725799,0.474237,-15.933391,0.748965,-17.585139,1.159918,-17.593803,1.868183,-4.984948,83,IX,25,2
0.295990,4.369410,2.107660,0.017282,0.010958,1.072074,46.992136,0.472487,-15.841895,0.748291,-17.551599,1.162060,-17.542386,1.870293,-5.134634,84,IX,25,2
0.296830,4.369410,2.086840,0.017455,0.010197,1.354024,53.552665,0.471622,-15.884051,0.747947,-17.540862,1.160876,-17.622915,1.857822,-5.038766,85,IX,25,2
0.297000,5.517300,1.948040,0.014808,0.010700,0.977097,44.336306,0.472698,-15.900554,0.746218,-17.482973,1.160008,-17.661796,1.858140,-5.229005,86,IX,25,2
0.296470,4.369410,2.095280,0.017384,0.010781,1.445856,55.331029,0.473707,-15.826488,0.747137,-17.553080,1.158214,-17.500096,1.858123,-5.052747,87,IX,25,2
0.297150,4.369410,2.112380,0.017243,0.010255,1.115044,48.113432,0.474909,-15.830667,0.750180,-17.600291,1.161114,-17.574444,1.874473,-5.041117,88,IX,25,2
0.295830,4.369410,2.103540,0.017316,0.011245,1.099001,47.700398,0.474061,-15.928334,0.750256,-17.531509,1.161470,-17.568571,1.871390,-5.159094,89,IX,25,2
0.298040,3.456860,2.249260,0.020469,0.012826,1.151870,49.037001,0.474097,-15.729316,0.748392,-17.510008,1.156257,-17.667539,1.859191,-5.078501,90,IX,25,2
0.295870,4.369410,2.096220,0.017376,0.011025,1.353927,53.550709,0.473053,-15.833063,0.746738,-17.406236,1.153061,-17.546026,1.854418,-5.056495,91,IX,25,2
0.297810,4.369410,2.089400,0.017433,0.009976,1.439493,55.212724,0.474090,-15.851841,0.747508,-17.425861,1.156094,-17.574070,1.862386,-5.067751,92,IX,25,2
0.297950,4.369410,2.098740,0.017356,0.010875,1.320480,52.863345,0.474482,-15.812422,0.746340,-17.475580,1.153218,-17.631610,1.864424,-5.069195,93,IX,25,2
0.297920,4.369410,2.079340,0.017517,0.010523,1.310740,52.658987,0.474029,-15.814077,0.746603,-17.416843,1.156861,-17.760804,1.869688,-5.050295,94,IX,25,2
0.296930,4.369410,2.093920,0.017396,0.011223,1.076553,47.111279,0.474029,-15.851531,0.747449,-17.428331,1.155552,-17.605422,1.875704,-5.194238,95,IX,25,2
0.296380,4.369410,2.090640,0.017423,0.011560,1.419902,54.843964,0.472731,-15.905111,0.744505,-17.407546,1.152957,-17.591261,1.863690,-5.053965,96,IX,25,2
0.297000,4.369410,2.083760,0.017480,0.011036,1.049301,46.378117,0.474018,-15.702448,0.746807,-17.324968,1.152922,-17.663620,1.872039,-5.234012,97,IX,25,2
0.298100,4.369410,2.082900,0.017488,0.010454,1.320150,52.856452,0.472282,-15.782601,0.742016,-17.292292,1.147817,-17.622200,1.853281,-5.063440,98,IX,25,2
0.299080,5.517300,1.929300,0.014952,0.009390,0.971032,44.157986,0.472902,-15.798955,0.745350,-17.298437,1.151304,-17.796976,1.863072,-5.241972,99,IX,25,2
0.296960,4.369410,2.093060,0.017403,0.011632,1.085858,47.357069,0.473214,-15.748758,0.743566,-17.328023,1.147404,-17.713923,1.867776,-5.050462,100,IX,25,2
0.297700,3.456860,2.235860,0.020592,0.010697,1.156770,49.157372,0.472460,-15.783553,0.744731,-17.368219,1.146487,-17.830531,1.867755,-5.110422,101,IX,25,2
0.297330,4.369410,2.089240,0.017434,0.011373,1.094612,47.586249,0.472222,-15.730065,0.743333,-17.291767,1.148340,-17.724298,1.872481,-5.124472,102,IX,25,2
0.297530,4.369410,2.074960,0.017554,0.010927,1.053531,46.493226,0.471776,-15.761689,0.743226,-17.388571,1.149961,-17.736905,1.874000,-5.232727,103,IX,25,2
0.298030,3.456860,2.234300,0.020606,0.011064,1.012939,45.368296,0.472317,-15.537432,0.741962,-17.283919,1.144075,-17.895869,1.860723,-5.230113,104,IX,25,2
0.297560,4.369410,2.067580,0.017617,0.010712,1.063505,46.762737,0.473190,-15.608582,0.742028,-17.254412,1.145356,-17.644738,1.869982,-5.250354,105,IX,25,2
0.298910,5.517300,1.910400,0.015100,0.010614,1.180491,49.731899,0.473570,-15.609675,0.742074,-17.181685,1.142487,-17.821024,1.858240,-5.095395,106,IX,25,2
0.296610,3.456860,2.220320,0.020736,0.011612,1.097880,47.671285,0.472635,-15.621233,0.741898,-17.165239,1.140359,-17.825895,1.867705,-5.078552,107,IX,25,2
0.299260,3.456860,2.212680,0.020807,0.009872,1.173825,49.571807,0.472540,-15.676766,0.742600,-17.234178,1.139030,-17.852839,1.861650,-5.146869,108,IX,25,2
0.297560,4.369410,2.063180,0.017655,0.011381,1.091318,47.500246,0.472262,-15.543292,0.741012,-17.170475,1.138091,-17.800743,1.870770,-5.227613,109,IX,25,2
0.299470,3.456860,2.216100,0.020775,0.010291,1.102901,47.801401,0.472867,-15.535361,0.739311,-17.148086,1.136380,-17.943151,1.862144,-5.082247,110,IX,25,2
0.298070,4.369410,2.068000,0.017614,0.010920,1.399494,54.452533,0.472815,-15.506964,0.743748,-17.283768,1.142108,-17.812966,1.872455,-5.141972,111,IX,25,2
0.298400,3.456860,2.219860,0.020740,0.010371,1.165571,49.372106,0.472444,-15.528090,0.741172,-17.135791,1.138714,-17.934883,1.871705,-5.154098,112,IX,25,2
0.299160,4.369410,2.075340,0.017551,0.010680,1.263704,51.644566,0.473077,-15.572468,0.741114,-17.171262,1.140683,-17.912299,1.873503,-5.127793,113,IX,25,2
0.299270,3.456860,2.214960,0.020786,0.010541,1.198671,50.163194,0.472688,-15.496526,0.740181,-17.120981,1.138883,-17.917680,1.871564,-5.146819,114,IX,25,2
0.299250,4.369410,2.062660,0.017659,0.011083,1.077783,47.143893,0.472632,-15.657594,0.741247,-17.165617,1.140727,-17.803691,1.881961,-5.256617,115,IX,25,2
0.299390,4.369410,2.040780,0.017848,0.010435,0.980200,44.427126,0.472553,-15.401055,0.739176,-17.079436,1.138317,-17.916211,1.865558,-5.341072,116,IX,25,2
0.298260,4.369410,2.062660,0.017659,0.011570,1.245795,51.245977,0.472204,-15.654901,0.738662,-17.099813,1.134008,-17.921235,1.863739,-5.160411,117,IX,25,2
0.298860,3.456860,2.217620,0.020761,0.011851,1.067143,46.860364,0.471100,-15.650318,0.738253,-17.171215,1.134414,-17.995668,1.865209,-5.224772,118,IX,25,2
0.299480,4.369410,2.052100,0.017750,0.011435,1.083646,47.298844,0.472209,-15.573482,0.739852,-17.071097,1.135939,-17.821073,1.879021,-5.296570,119,IX,25,2
0.297750,3.456860,2.224080,0.020701,0.011667,0.989926,44.709948,0.472497,-15.729554,0.738789,-17.129683,1.136444,-18.044942,1.870906,-5.314067,120,IX,25,2
0.299140,5.517300,1.896620,0.015209,0.011083,1.192476,50.017095,0.471724,-15.552964,0.738109,-17.058762,1.135086,-18.005125,1.867043,-5.150763,121,IX,25,2
0.299080,4.369410,2.040880,0.017848,0.011674,1.388569,54.239863,0.470717,-15.530650,0.737093,-16.996437,1.130269,-17.851342,1.863409,-5.199677,122,IX,25,2
0.299840,4.369410,2.028900,0.017953,0.011175,1.246914,51.271095,0.470705,-15.458694,0.737761,-16.954516,1.133081,-18.020144,1.867097,-5.168452,123,IX,25,2
0.297710,3.456860,2.218700,0.020751,0.011731,1.131838,48.538804,0.472867,-15.503795,0.737654,-17.032452,1.131640,-18.089466,1.870274,-5.160475,124,IX,25,2
0.298780,3.456860,2.196140,0.020964,0.011600,1.187754,49.905121,0.471542,-15.527302,0.736833,-17.020150,1.128151,-17.996157,1.867267,-5.205359,125,IX,25,2
0.299120,4.369410,2.036560,0.017885,0.010995,1.395544,54.375896,0.471004,-15.561153,0.736054,-16.928498,1.129253,-17.904487,1.867085,-5.219502,126,IX,25,2
0.300420,4.369410,2.040280,0.017853,0.010659,1.097865,47.670913,0.470743,-15.467049,0.735170,-16.976966,1.126160,-17.935442,1.871434,-5.258126,127,IX,25,2
0.298500,4.369410,2.017300,0.018056,0.011820,0.960120,43.834439,0.468924,-15.508960,0.733907,-16.849451,1.125125,-18.039822,1.857471,-5.390278,128,IX,25,2
0.297900,4.369410,2.045720,0.017805,0.011115,1.256218,51.478792,0.471534,-15.567302,0.736437,-16.911226,1.123842,-18.009530,1.868734,-5.223499,129,IX,25,2
0.298070,4.369410,2.041940,0.017838,0.011861,1.093154,47.548205,0.470910,-15.414578,0.734903,-16.861410,1.122912,-17.995888,1.872172,-5.260860,130,IX,25,2
0.299610,3.456860,2.191820,0.021006,0.011220,1.113486,48.073604,0.471070,-15.390304,0.735039,-16.987629,1.122941,-18.145294,1.866315,-5.244241,131,IX,25,2
0.299770,3.456860,2.185400,0.021067,0.010527,1.167522,49.419441,0.470168,-15.431531,0.734541,-16.884099,1.122277,-18.071905,1.869517,-5.240501,132,IX,25,2
0.300110,3.456860,2.188500,0.021037,0.010876,1.079913,47.200299,0.471026,-15.471208,0.734174,-16.984208,1.122014,-18.144079,1.871745,-5.159471,133,IX,25,2
0.299110,3.456860,2.197060,0.020955,0.010968,1.097736,47.667547,0.470604,-15.515158,0.733241,-16.918548,1.121287,-18.143042,1.867716,-5.184752,134,IX,25,2
0.298940,4.369410,2.007180,0.018147,0.011398,1.230259,50.894514,0.470867,-15.334186,0.733888,-16.872429,1.122118,-18.117328,1.865600,-5.252038,135,IX,25,2
0.300430,4.369410,2.015500,0.018072,0.010289,1.386195,54.193347,0.470432,-15.374789,0.733329,-16.917847,1.120381,-17.987784,1.867811,-5.264577,136,IX,25,2
0.300040,4.369410,2.017060,0.018058,0.010780,1.392840,54.323252,0.470719,-15.436821,0.733007,-16.793751,1.120210,-17.982731,1.871316,-5.267779,137,IX,25,2
0.297370,3.456860,2.190940,0.021014,0.012396,1.094922,47.594335,0.470975,-15.313452,0.733246,-16.955891,1.118456,-18.199547,1.870362,-5.286268,138,IX,25,2
0.298600,4.369410,2.011200,0.018111,0.012191,1.035473,45.998409,0.470373,-15.306583,0.731914,-16.823267,1.119799,-18.061493,1.874312,-5.422352,139,IX,25,2
0.297900,3.456860,2.183900,0.021082,0.011504,1.080158,47.206782,0.470363,-15.386324,0.731670,-16.753635,1.116123,-18.213015,1.867370,-5.199502,140,IX,25,2
0.298100,4.369410,2.004600,0.018171,0.012890,0.973429,44.228603,0.469791,-15.304865,0.730947,-16.819103,1.118218,-18.171914,1.868255,-5.446340,141,IX,25,2
0.299720,3.456860,2.179460,0.021125,0.011123,1.061524,46.709415,0.470290,-15.357235,0.731606,-16.836619,1.115696,-18.244301,1.865563,-5.331083,142,IX,25,2
0.298500,3.456860,2.174960,0.021168,0.011683,1.140612,48.758230,0.470004,-15.241821,0.732236,-16.798518,1.114402,-18.219932,1.870444,-5.297556,143,IX,25,2
0.300140,4.369410,1.998260,0.018228,0.010363,0.964769,43.972732,0.469405,-15.335886,0.731042,-16.740259,1.117177,-18.228633,1.871786,-5.452075,144,IX,25,2
0.299490,4.369410,1.997420,0.018236,0.010948,1.279159,51.983006,0.470039,-15.328047,0.731205,-16.783087,1.116828,-18.187573,1.871951,-5.288490,145,IX,25,2
0.298970,4.369410,1.998280,0.018228,0.011321,1.383072,54.132009,0.469808,-15.327314,0.729817,-16.764486,1.112238,-18.075807,1.866723,-5.320775,146,IX,25,2
0.298310,3.456860,2.172260,0.021195,0.012051,1.106361,47.890698,0.470448,-15.270019,0.730725,-16.746235,1.111872,-18.227325,1.868014,-5.314152,147,IX,25,2
0.299940,3.456860,2.164600,0.021270,0.010433,1.082907,47.279374,0.468172,-15.301589,0.729391,-16.630827,1.109601,-18.263904,1.864567,-5.234924,148,IX,25,2
0.299300,4.369410,1.994920,0.018259,0.011158,1.377390,54.019947,0.470936,-15.323152,0.729999,-16.730756,1.111253,-18.101941,1.869918,-5.327257,149,IX,25,2
0.299890,4.369410,1.986200,0.018339,0.010628,1.263693,51.644326,0.468902,-15.268918,0.729105,-16.715191,1.112364,-18.216561,1.868030,-5.311455,150,IX,25,2
0.299710,4.369410,2.008560,0.018135,0.011280,1.101541,47.766236,0.469483,-15.201112,0.729253,-16.709907,1.107865,-18.172834,1.872218,-5.352893,151,IX,25,2
0.299710,3.456860,2.151060,0.021404,0.011233,1.092136,47.521639,0.469164,-15.455407,0.727918,-16.648567,1.105528,-18.190049,1.869201,-5.314534,152,IX,25,2
0.298160,4.369410,1.981080,0.018386,0.012261,1.334986,53.164162,0.469776,-15.229820,0.728021,-16.569694,1.107397,-18.174107,1.860886,-5.339214,153,IX,25,2
0.298700,3.456860,2.168100,0.021235,0.011694,1.096536,47.636359,0.469458,-15.336215,0.728878,-16.588639,1.105924,-18.348295,1.869907,-5.257422,154,IX,25,2
0.299180,4.369410,2.003820,0.018178,0.011503,1.300107,52.433697,0.470070,-15.180219,0.727752,-16.623906,1.105858,-18.199714,1.872226,-5.333945,155,IX,25,2
0.298500,4.369410,1.982180,0.018376,0.011518,1.203333,50.272571,0.468858,-15.306127,0.728620,-16.627495,1.108138,-18.308382,1.868739,-5.325344,156,IX,25,2
0.298760,3.456860,2.169140,0.021225,0.011986,1.091494,47.504845,0.468017,-15.199030,0.727539,-16.645974,1.106664,-18.416758,1.872460,-5.287688,157,IX,25,2
0.298650,4.369410,1.988100,0.018321,0.011759,1.051839,46.447240,0.467329,-15.214890,0.726768,-16.563512,1.102281,-18.178856,1.872417,-5.454777,158,IX,25,2
0.299530,3.456860,2.162660,0.021289,0.012036,0.989149,44.687461,0.469087,-15.243592,0.726599,-16.519308,1.102507,-18.407077,1.866717,-5.458257,159,IX,25,2
0.300020,3.456860,2.160820,0.021307,0.011126,1.080761,47.222715,0.469767,-15.106933,0.726599,-16.475154,1.103396,-18.413464,1.870280,-5.292852,160,IX,25,2
0.299300,3.456860,2.150200,0.021412,0.011306,1.068817,46.905167,0.469544,-15.180751,0.727550,-16.581748,1.101613,-18.319976,1.880741,-5.316758,161,IX,25,2
0.298670,4.369410,1.998720,0.018224,0.012062,1.085582,47.349827,0.470390,-15.215098,0.728188,-16.598372,1.104071,-18.265619,1.886602,-5.416525,162,IX,25,2
0.299370,4.369410,1.980480,0.018392,0.011739,1.036290,46.021004,0.469327,-15.199815,0.727757,-16.611494,1.104107,-18.244988,1.880780,-5.512271,163,IX,25,2
0.299150,4.369410,1.976820,0.018426,0.011826,1.370903,53.891252,0.468709,-15.150906,0.725652,-16.522059,1.101096,-18.238061,1.870326,-5.389891,164,IX,25,2
0.300390,4.369410,1.963440,0.018552,0.011010,1.212364,50.483004,0.468845,-15.160711,0.725570,-16.460779,1.101382,-18.408373,1.869858,-5.371535,165,IX,25,2
0.299410,3.456860,2.139740,0.021517,0.011636,1.259322,51.547692,0.469215,-15.161577,0.725392,-16.559058,1.098196,-18.352984,1.870595,-5.363498,166,IX,25,2
0.300050,3.456860,2.158660,0.021328,0.010686,1.142422,48.803270,0.468589,-15.072316,0.725916,-16.532732,1.101543,-18.426623,1.873645,-5.344893,167,IX,25,2
0.299230,3.456860,2.156820,0.021346,0.011478,1.010780,45.307174,0.470197,-15.125201,0.724733,-16.502498,1.099636,-18.491061,1.874870,-5.456260,168,IX,25,2
0.300080,4.369410,1.985880,0.018342,0.011428,1.078199,47.154922,0.468531,-15.032421,0.725382,-16.513043,1.098722,-18.329651,1.884286,-5.430410,169,IX,25,2
0.298390,4.369410,1.977200,0.018422,0.012858,1.053085,46.481127,0.467840,-15.125472,0.723789,-16.510246,1.098515,-18.318396,1.878174,-5.517835,170,IX,25,2
0.299480,3.456860,2.139300,0.021521,0.012181,1.060729,46.687993,0.468854,-15.000698,0.724816,-16.381203,1.095144,-18.425740,1.876708,-5.337857,171,IX,25,2
0.301350,4.369410,1.965700,0.018530,0.010046,1.358088,53.634691,0.468526,-15.148176,0.725236,-16.457853,1.098759,-18.339071,1.876783,-5.417080,172,IX,25,2
0.300170,3.456860,2.136920,0.021545,0.011073,1.227031,50.820821,0.468691,-15.100873,0.725491,-16.484478,1.096898,-18.469542,1.882374,-5.390286,173,IX,25,2
0.299770,4.369410,1.977640,0.018418,0.011974,1.374251,53.957781,0.469058,-15.093860,0.725916,-16.482284,1.099777,-18.320016,1.883663,-5.414106,174,IX,25,2
0.299110,3.456860,2.159840,0.021317,0.011927,1.100482,47.738810,0.468022,-15.240569,0.725328,-16.476194,1.099402,-18.546599,1.885368,-5.357687,175,IX,25,2
0.300820,4.369410,1.969280,0.018497,0.011344,1.382683,54.124358,0.468631,-15.156345,0.723631,-16.476175,1.095719,-18.327190,1.878516,-5.418579,176,IX,25,2
0.299260,3.456860,2.143040,0.021484,0.011376,1.029257,45.826013,0.468923,-15.053781,0.723837,-16.350165,1.094649,-18.542789,1.874663,-5.468084,177,IX,25,2
0.299890,4.369410,1.969540,0.018494,0.011788,1.352402,53.519851,0.468922,-15.066510,0.724219,-16.493714,1.093933,-18.363301,1.878146,-5.428366,178,IX,25,2
0.300410,3.456860,2.147880,0.021435,0.011065,1.070582,46.952343,0.468580,-15.124799,0.723209,-16.419954,1.094269,-18.608526,1.881521,-5.351750,179,IX,25,2
0.299890,4.369410,1.963120,0.018555,0.011496,1.375829,53.989045,0.468888,-15.100910,0.723229,-16.464098,1.095285,-18.409430,1.881275,-5.446288,180,IX,25,2
0.299420,4.369410,1.956320,0.018619,0.011870,1.345889,53.387524,0.468799,-15.111628,0.723085,-16.416454,1.094416,-18.424966,1.879492,-5.448029,181,IX,25,2
0.300930,4.369410,1.970600,0.018484,0.011463,1.269582,51.773883,0.468194,-15.102491,0.722677,-16.392930,1.088460,-18.387350,1.875423,-5.429408,182,IX,25,2
0.300480,3.456860,2.126460,0.021651,0.011790,1.084827,47.329952,0.467835,-15.049057,0.721797,-16.334530,1.088109,-18.563849,1.872255,-5.459519,183,IX,25,2
0.300840,3.456860,2.117140,0.021746,0.011208,1.256225,51.478968,0.467958,-14.934110,0.721489,-16.380356,1.088679,-18.449583,1.876889,-5.429159,184,IX,25,2
0.300620,4.369410,1.961480,0.018570,0.011729,1.070040,46.937878,0.467565,-14.976077,0.722290,-16.338805,1.090093,-18.392392,1.883696,-5.562973,185,IX,25,2
0.300850,3.456860,2.133400,0.021581,0.011702,1.040755,46.144072,0.468127,-14.894349,0.721676,-16.309999,1.090287,-18.648126,1.876824,-5.495575,186,IX,25,2
0.300410,3.456860,2.142200,0.021492,0.012106,0.983348,44.518948,0.468402,-14.983032,0.721538,-16.337363,1.091765,-18.618640,1.879447,-5.554392,187,IX,25,2
0.300410,3.456860,2.111800,0.021801,0.011905,1.067849,46.879283,0.466605,-15.083781,0.720138,-16.277074,1.085478,-18.457417,1.876636,-5.448177,188,IX,25,2
0.301200,4.369410,1.936800,0.018807,0.011250,1.329863,53.058412,0.467284,-15.049756,0.720244,-16.337429,1.087219,-18.427564,1.871243,-5.483062,189,IX,25,2
0.300770,3.456860,2.101940,0.021904,0.011877,1.203443,50.275143,0.467554,-15.022780,0.719085,-16.252267,1.080851,-18.493836,1.865657,-5.451264,190,IX,25,2
0.301400,3.456860,2.116820,0.021750,0.011494,1.060716,46.687638,0.468484,-14.865895,0.718650,-16.208024,1.082391,-18.590019,1.870563,-5.404828,191,IX,25,2
0.299410,4.369410,1.941640,0.018760,0.012864,1.363401,53.741447,0.469183,-15.015959,0.718244,-16.357820,1.084243,-18.484103,1.869866,-5.503255,192,IX,25,2
0.300770,4.369410,1.940060,0.018775,0.011822,1.365723,53.787937,0.467910,-15.060345,0.717520,-16.269357,1.084139,-18.414572,1.870717,-5.499365,193,IX,25,2
0.300500,3.456860,2.114800,0.021771,0.012386,1.078313,47.157938,0.466502,-14.927582,0.716804,-16.176256,1.079642,-18.645562,1.864349,-5.415077,194,IX,25,2
0.300910,3.456860,2.110620,0.021814,0.011652,1.064937,46.801213,0.467065,-14.939070,0.716722,-16.131149,1.078139,-18.656876,1.866673,-5.417480,195,IX,25,2
0.301650,4.369410,1.948960,0.018689,0.011734,1.080876,47.225744,0.467902,-14.861938,0.718652,-16.218406,1.083499,-18.473540,1.882543,-5.571481,196,IX,25,2
0.302500,3.456860,2.110780,0.021812,0.011165,1.202569,50.254679,0.469591,-14.954822,0.720820,-16.263633,1.083386,-18.582427,1.884219,-5.468047,197,IX,25,2
0.300980,3.456860,2.140020,0.021514,0.011018,1.101408,47.762788,0.468158,-15.001482,0.722215,-16.283046,1.089192,-18.744589,1.891551,-5.434594,198,IX,25,2
0.301140,3.456860,2.140700,0.021507,0.011977,0.965038,43.980712,0.469130,-15.054991,0.721707,-16.322713,1.091078,-18.703291,1.896326,-5.632794,199,IX,25,2
0.302750,4.369410,1.954960,0.018632,0.010384,1.287291,52.159031,0.467113,-14.984539,0.720129,-16.211314,1.083014,-18.547410,1.883654,-5.481208,200,IX,25,2
0.302440,3.456860,2.118660,0.021731,0.011298,1.062220,46.728172,0.468670,-14.821455,0.718069,-16.191023,1.082027,-18.730235,1.878946,-5.422572,201,IX,25,2
0.302270,3.456860,2.122540,0.021691,0.011396,0.959380,43.812368,0.467978,-15.033525,0.719661,-16.261564,1.084667,-18.687420,1.877860,-5.627770,202,IX,25,2
0.301090,4.369410,1.939540,0.018780,0.012260,0.998904,44.968579,0.469561,-15.037808,0.721404,-16.300900,1.088695,-18.621897,1.895644,-5.655178,203,IX,25,2
0.302320,4.369410,1.946020,0.018718,0.011576,1.068114,46.886373,0.469907,-14.979912,0.719563,-16.225119,1.084573,-18.492122,1.893935,-5.602223,204,IX,25,2
0.302750,4.369410,1.930880,0.018864,0.011241,1.252988,51.406894,0.469303,-14.905744,0.719953,-16.207837,1.087633,-18.632706,1.890687,-5.500992,205,IX,25,2
0.302660,3.456860,2.101880,0.021904,0.010898,1.081329,47.237730,0.468259,-14.921515,0.718522,-16.194115,1.080981,-18.562736,1.888680,-5.514211,206,IX,25,2
0.302540,4.369410,1.935260,0.018822,0.011521,1.335200,53.168580,0.469357,-14.896448,0.716786,-16.161590,1.078736,-18.508568,1.875850,-5.521479,207,IX,25,2
0.303510,4.369410,1.920060,0.018971,0.010941,1.307669,52.594157,0.468989,-14.801578,0.716764,-16.135138,1.080726,-18.590441,1.877646,-5.538488,208,IX,25,2
0.303080,3.456860,2.106340,0.021858,0.011736,1.145679,48.884083,0.467674,-14.952015,0.718029,-16.202567,1.079575,-18.709182,1.887651,-5.498621,209,IX,25,2
0.302480,3.456860,2.107300,0.021848,0.011605,1.137296,48.675527,0.468841,-14.994421,0.718397,-16.178945,1.079754,-18.721974,1.887141,-5.503926,210,IX,25,2
0.302790,4.369410,1.932720,0.018846,0.011200,1.336459,53.194479,0.468964,-14.898547,0.718559,-16.138727,1.081753,-18.578355,1.886190,-5.537019,211,IX,25,2
0.302250,4.369410,1.924100,0.018931,0.011867,1.339584,53.258647,0.468596,-14.757975,0.716159,-16.118836,1.078141,-18.551979,1.879394,-5.555973,212,IX,25,2
0.301250,4.369410,1.906860,0.019102,0.012207,1.031238,45.881063,0.466109,-14.768327,0.710992,-16.032325,1.068317,-18.561720,1.862352,-5.691623,213,IX,25,2
0.302760,4.369410,1.915320,0.019018,0.011411,1.068139,46.887038,0.465976,-14.726817,0.711956,-16.022642,1.065554,-18.552035,1.866890,-5.614108,214,IX,25,2
0.302450,4.369410,1.917880,0.018992,0.011023,1.074268,47.050567,0.466696,-14.637774,0.711150,-16.005718,1.066318,-18.605921,1.870578,-5.588312,215,IX,25,2
0.301580,3.456860,2.076780,0.022169,0.012372,1.128249,48.448493,0.465847,-14.844270,0.711552,-15.962692,1.065297,-18.748778,1.864777,-5.552071,216,IX,25,2
0.301040,4.369410,1.918400,0.018987,0.012117,1.072213,46.995841,0.466932,-14.780707,0.710641,-15.965031,1.065710,-18.657115,1.871767,-5.603557,217,IX,25,2
0.302050,3.456860,2.079640,0.022139,0.012070,1.069710,46.929060,0.466775,-14.753410,0.711259,-15.986046,1.064330,-18.808461,1.864249,-5.568054,218,IX,25,2
0.302900,4.369410,1.900600,0.019165,0.011392,1.318451,52.820922,0.465608,-14.721003,0.709449,-15.929762,1.062609,-18.584104,1.858759,-5.585274,219,IX,25,2
0.303030,3.456860,2.069920,0.022243,0.010878,1.157101,49.165471,0.466164,-14.767663,0.710009,-15.917327,1.063477,-18.765283,1.865919,-5.554767,220,IX,25,2
0.302650,3.456860,2.083720,0.022095,0.011536,1.000480,45.013739,0.466280,-14.791891,0.709450,-15.945980,1.064781,-18.903517,1.866963,-5.644077,221,IX,25,2
0.300970,4.369410,1.893940,0.019232,0.012428,0.979501,44.406682,0.466883,-14.709711,0.709404,-15.889680,1.065589,-18.731216,1.868954,-5.755187,222,IX,25,2
0.301590,3.456860,2.081940,0.022114,0.011570,1.006872,45.196194,0.465519,-14.640450,0.709096,-15.873812,1.062044,-18.839238,1.862184,-5.636481,223,IX,25,2
0.301810,3.456860,2.082940,0.022104,0.011972,1.050967,46.423534,0.465489,-14.748076,0.708837,-15.965847,1.062386,-18.916130,1.867659,-5.503042,224,IX,25,2
0.302320,3.456860,2.058580,0.022365,0.011987,1.224371,50.759911,0.464863,-14.780852,0.707501,-16.031571,1.058644,-18.748804,1.864171,-5.579515,225,IX,25,2
0.301470,3.456860,2.081320,0.022121,0.012048,0.954716,43.672901,0.465332,-14.750638,0.708467,-15.875765,1.062075,-18.913816,1.863008,-5.705912,226,IX,25,2
0.302540,3.456860,2.068760,0.022255,0.011728,1.065807,46.824550,0.465354,-14.741582,0.707123,-15.878350,1.057786,-18.886401,1.864869,-5.602445,227,IX,25,2
0.301910,4.369410,1.882060,0.019354,0.012359,1.200850,50.214386,0.464707,-14.761595,0.707390,-15.919279,1.061929,-18.817937,1.864282,-5.595535,228,IX,25,2
0.301100,3.456860,2.054520,0.022409,0.012009,1.255914,51.472044,0.464908,-14.501710,0.706449,-15.888535,1.057661,-18.731335,1.861410,-5.599794,229,IX,25,2
0.301860,4.369410,1.878140,0.019394,0.011792,0.977974,44.361987,0.464006,-14.554255,0.705160,-15.835214,1.057676,-18.748892,1.860248,-5.780166,230,IX,25,2
0.302280,4.369410,1.899600,0.019175,0.012470,1.309175,52.625970,0.467151,-14.746856,0.710378,-15.934923,1.065691,-18.764135,1.881213,-5.610878,231,IX,25,2
0.302610,3.456860,2.088460,0.022045,0.012471,1.072854,47.012928,0.466700,-14.528082,0.710589,-15.899847,1.064864,-18.924783,1.876480,-5.543047,232,IX,25,2
0.303580,4.369410,1.912160,0.019049,0.011830,1.054449,46.518166,0.467647,-14.777066,0.712254,-15.993553,1.069357,-18.749256,1.898709,-5.706000,233,IX,25,2
0.302880,3.456860,2.100660,0.021917,0.011968,1.019399,45.550377,0.468586,-14.787585,0.713839,-16.039687,1.070790,-18.982805,1.896842,-5.621614,234,IX,25,2
0.302690,2.735470,2.280800,0.025509,0.011980,1.238871,51.090006,0.468542,-14.755927,0.715375,-16.047893,1.074567,-18.821886,1.898822,-5.592438,235,IX,25,2
0.305220,3.456860,2.089060,0.022039,0.010761,1.064656,46.793665,0.468626,-14.838760,0.713243,-15.931944,1.069026,-18.930279,1.891810,-5.506261,236,IX,25,2
0.303370,3.456860,2.085860,0.022073,0.012205,0.991529,44.756282,0.467738,-14.709611,0.711569,-15.882788,1.065277,-18.946032,1.876248,-5.667026,237,IX,25,2
0.304650,3.456860,2.079500,0.022140,0.011009,1.025240,45.714010,0.467286,-14.551975,0.709931,-15.864630,1.062750,-18.924068,1.878898,-5.637011,238,IX,25,2
0.302970,3.456860,2.109860,0.021822,0.012370,0.963583,43.937504,0.468507,-14.711823,0.714302,-16.016910,1.073618,-18.907836,1.898742,-5.707887,239,IX,25,2
0.305790,4.369410,1.917260,0.018998,0.010672,1.057679,46.605636,0.469330,-14.811378,0.716077,-16.045073,1.073014,-18.695143,1.906035,-5.692628,240,IX,25,2
0.303510,3.456860,2.098740,0.021937,0.012314,1.048038,46.343661,0.468988,-14.768048,0.714802,-15.919984,1.070935,-18.911926,1.901145,-5.509774,241,IX,25,2
0.303860,3.456860,2.095900,0.021967,0.012247,1.053819,46.501065,0.467991,-14.794860,0.713586,-15.925040,1.069513,-18.922733,1.891498,-5.521138,242,IX,25,2
0.304530,4.369410,1.897580,0.019195,0.011024,1.055530,46.547452,0.465889,-14.598297,0.710369,-15.865037,1.063129,-18.656928,1.880886,-5.718686,243,IX,25,2
0.303960,4.369410,1.904540,0.019125,0.011814,1.073863,47.039783,0.466630,-14.494779,0.708899,-15.789403,1.059943,-18.717821,1.880479,-5.650866,244,IX,25,2
0.305170,3.456860,2.068060,0.022263,0.011493,1.176533,49.636957,0.468046,-14.655342,0.710853,-15.892188,1.062131,-18.840493,1.885259,-5.583882,245,IX,25,2
0.302700,3.456860,2.100720,0.021916,0.012829,0.949356,43.511788,0.469014,-14.602364,0.712841,-15.878766,1.070595,-18.914079,1.896374,-5.745865,246,IX,25,2
0.303160,3.456860,2.074120,0.022198,0.012396,1.267265,51.722996,0.469637,-14.681601,0.713626,-15.833172,1.065857,-18.747019,1.895237,-5.594492,247,IX,25,2
0.304570,4.369410,1.906660,0.019104,0.011465,1.326932,52.997662,0.468596,-14.696031,0.712926,-15.820547,1.066410,-18.669603,1.888893,-5.618156,248,IX,25,2
0.305580,3.456860,2.052640,0.022430,0.010924,1.081403,47.239668,0.468197,-14.549586,0.709539,-15.852485,1.058184,-18.761062,1.876350,-5.605877,249,IX,25,2
0.304130,3.456860,2.051020,0.022448,0.011986,1.080951,47.227748,0.467279,-14.553373,0.708511,-15.797735,1.057070,-18.751322,1.876793,-5.645162,250,IX,25,2
0.292690,2.735470,2.694280,0.021595,0.005006,1.312645,52.699104,0.499208,-16.844565,0.803858,-18.418392,1.249277,-18.105235,2.282109,-4.754328,1,IX,25,3
0.295590,3.456860,2.488340,0.018502,0.005907,1.388235,54.233309,0.506209,-16.966947,0.815718,-18.230853,1.260635,-17.645271,2.181920,-4.665054,2,IX,25,3
0.298480,2.735470,2.694340,0.021594,0.004850,1.023146,45.655471,0.509955,-17.042843,0.819058,-18.227806,1.270904,-17.480655,2.144075,-4.689563,3,IX,25,3
0.299650,3.456860,2.501660,0.018404,0.005599,1.204469,50.299141,0.511441,-17.019470,0.822719,-18.143089,1.272517,-17.377503,2.136303,-4.545284,4,IX,25,3
0.301530,3.456860,2.529300,0.018203,0.005012,1.073036,47.017787,0.512855,-16.975397,0.826596,-18.202794,1.277257,-17.495529,2.127411,-4.611777,5,IX,25,3
0.302370,3.456860,2.505720,0.018374,0.004240,1.245618,51.242005,0.513572,-16.889437,0.825855,-18.186270,1.274846,-17.364389,2.126293,-4.533994,6,IX,25,3
0.301460,4.369410,2.341700,0.015555,0.005453,1.348217,53.434928,0.512892,-17.027439,0.824695,-18.115782,1.274126,-17.288461,2.120386,-4.572829,7,IX,25,3
0.301970,3.456860,2.515840,0.018300,0.005612,1.131623,48.533390,0.512475,-16.899854,0.824031,-18.069416,1.272142,-17.472264,2.112481,-4.560627,8,IX,25,3
0.302110,4.369410,2.310740,0.015763,0.004982,1.287887,52.171882,0.511104,-16.924948,0.822406,-18.058260,1.270425,-17.352188,2.109999,-4.625414,9,IX,25,3
0.301810,3.456860,2.491440,0.018479,0.005879,1.161232,49.266471,0.512409,-16.958728,0.821670,-18.022607,1.265412,-17.392045,2.112934,-4.578472,10,IX,25,3
0.303320,4.369410,2.323240,0.015678,0.004687,1.207649,50.373366,0.512882,-16.898153,0.821569,-18.054896,1.267601,-17.307862,2.116035,-4.658045,11,IX,25,3
0.301610,3.456860,2.500480,0.018413,0.004789,1.132682,48.560002,0.511553,-16.797522,0.820380,-18.074300,1.266112,-17.420479,2.110290,-4.580649,12,IX,25,3
0.302110,3.456860,2.494220,0.018459,0.005244,1.168136,49.434331,0.511029,-16.868595,0.817596,-17.921229,1.264883,-17.409587,2.103140,-4.654033,13,IX,25,3
0.301870,4.369410,2.312860,0.015749,0.005638,1.220741,50.676537,0.510131,-16.840051,0.817823,-17.967252,1.263705,-17.322166,2.115077,-4.701905,14,IX,25,3
0.301640,4.369410,2.300640,0.015832,0.005188,1.366952,53.812502,0.509592,-16.766277,0.816009,-17.959946,1.260454,-17.292731,2.107510,-4.675394,15,IX,25,3
0.301500,3.456860,2.470400,0.018637,0.005788,1.169538,49.468287,0.509502,-16.843132,0.815140,-18.003648,1.257020,-17.404717,2.111869,-4.636374,16,IX,25,3
0.301210,2.735470,2.653640,0.021925,0.005558,1.091960,47.517023,0.508639,-16.679022,0.815064,-17.980938,1.260301,-17.435891,2.102459,-4.796612,17,IX,25,3
0.301160,3.456860,2.482200,0.018548,0.006827,1.134426,48.603720,0.508076,-16.666281,0.813195,-17.960189,1.256827,-17.520724,2.103989,-4.685883,18,IX,25,3
0.301890,2.735470,2.641340,0.022027,0.005852,1.066662,46.847482,0.506545,-16.798585,0.810606,-17.905864,1.252904,-17.453550,2.098806,-4.805890,19,IX,25,3
0.301120,3.456860,2.468160,0.018654,0.006492,1.051707,46.443661,0.505695,-16.649174,0.810309,-17.840660,1.249900,-17.580024,2.096552,-4.777385,20,IX,25,3
0.301480,4.369410,2.268040,0.016060,0.005530,1.361653,53.706375,0.505470,-16.632723,0.809298,-17.808000,1.245508,-17.419144,2.098918,-4.747833,21,IX,25,3
0.299820,4.369410,2.265100,0.016081,0.006490,1.169263,49.461626,0.504369,-16.629112,0.806234,-17.850575,1.243696,-17.456285,2.102289,-4.832165,22,IX,25,3
0.300710,3.456860,2.438780,0.018878,0.006787,1.139805,48.738136,0.504170,-16.656540,0.806620,-17.835872,1.241509,-17.547814,2.106116,-4.716940,23,IX,25,3
0.301010,3.456860,2.455960,0.018746,0.006250,1.055086,46.535435,0.504685,-16.703214,0.806856,-17.813315,1.242498,-17.679413,2.107639,-4.795436,24,IX,25,3
0.299850,3.456860,2.444080,0.018837,0.006459,1.124859,48.362887,0.503385,-16.712136,0.804199,-17.814902,1.238460,-17.730540,2.110644,-4.711372,25,IX,25,3
0.300010,3.456860,2.420600,0.019020,0.006049,1.296653,52.359994,0.503358,-16.564342,0.802108,-17.838125,1.234093,-17.571680,2.106313,-4.774661,26,IX,25,3
0.298610,3.456860,2.427220,0.018968,0.006998,1.140690,48.760187,0.501465,-16.598903,0.801187,-17.798681,1.229415,-17.686670,2.098244,-4.779356,27,IX,25,3
0.302100,4.369410,2.231980,0.016320,0.005744,1.152294,49.047436,0.501756,-16.584043,0.799153,-17.665975,1.227542,-17.537973,2.099679,-4.886954,28,IX,25,3
0.301580,3.456860,2.412980,0.019080,0.006482,1.172997,49.551833,0.501421,-16.454925,0.800719,-17.798513,1.226712,-17.762156,2.109506,-4.802544,29,IX,25,3
0.301190,2.735470,2.604380,0.022340,0.006343,1.042994,46.205583,0.499746,-16.481407,0.799581,-17.717987,1.230178,-17.750977,2.109414,-4.925832,30,IX,25,3
0.298750,3.456860,2.425900,0.018979,0.006983,1.125564,48.380721,0.500129,-16.459601,0.798102,-17.725013,1.224739,-17.800691,2.102663,-4.800479,31,IX,25,3
0.300220,2.735470,2.590340,0.022461,0.006488,1.043976,46.232533,0.501231,-16.455830,0.797293,-17.684380,1.225452,-17.845631,2.109211,-4.919941,32,IX,25,3
0.300530,2.735470,2.600940,0.022370,0.006307,1.123402,48.326008,0.499131,-16.449992,0.795802,-17.748472,1.222632,-17.730292,2.112807,-4.953131,33,IX,25,3
0.301020,3.456860,2.389640,0.019267,0.006761,1.152975,49.064188,0.500847,-16.485417,0.794291,-17.646643,1.216060,-17.814069,2.110308,-4.835527,34,IX,25,3
0.300740,3.456860,2.384980,0.019304,0.006490,1.184956,49.838538,0.499868,-16.539610,0.794987,-17.558800,1.215966,-17.745654,2.116663,-4.914840,35,IX,25,3
0.299640,2.735470,2.582160,0.022532,0.007248,1.135979,48.642598,0.499298,-16.270172,0.793810,-17.647916,1.217925,-17.913726,2.110796,-4.867422,36,IX,25,3
0.299790,3.456860,2.392840,0.019241,0.006898,1.127432,48.427887,0.499003,-16.441293,0.793153,-17.542961,1.213073,-17.964059,2.114288,-4.827619,37,IX,25,3
0.300010,2.735470,2.572640,0.022616,0.007775,1.029873,45.843143,0.497991,-16.575619,0.791949,-17.503426,1.213916,-17.917507,2.108708,-4.996085,38,IX,25,3
0.300390,3.456860,2.395480,0.019220,0.007149,1.028238,45.797650,0.498044,-16.234712,0.790474,-17.507123,1.210209,-17.985575,2.105462,-4.974569,39,IX,25,3
0.301920,3.456860,2.363980,0.019476,0.007005,1.221636,50.697117,0.498222,-16.510798,0.790152,-17.483959,1.205114,-17.849315,2.110590,-4.897670,40,IX,25,3
0.301410,3.456860,2.374000,0.019394,0.006147,1.195600,50.090889,0.498039,-16.359478,0.789276,-17.520588,1.206910,-17.950661,2.115922,-4.901760,41,IX,25,3
0.301850,3.456860,2.371640,0.019413,0.006449,1.141103,48.770456,0.497859,-16.275202,0.790129,-17.457602,1.206261,-17.921360,2.119114,-4.888061,42,IX,25,3
0.300760,3.456860,2.389980,0.019264,0.007792,1.095799,47.617160,0.496635,-16.444981,0.790433,-17.518850,1.206761,-18.054071,2.114751,-4.887496,43,IX,25,3
0.301270,2.735470,2.570240,0.022637,0.006817,1.283560,52.078447,0.497384,-16.307001,0.787479,-17.467573,1.206321,-17.906703,2.112515,-4.955984,44,IX,25,3
0.301390,3.456860,2.355180,0.019549,0.006215,1.310067,52.644782,0.495412,-16.263970,0.788090,-17.559708,1.201478,-17.911719,2.115236,-4.945300,45,IX,25,3
0.302360,2.735470,2.547380,0.022840,0.006989,1.168399,49.440712,0.497759,-16.384263,0.785466,-17.454295,1.199681,-18.005579,2.106179,-4.962449,46,IX,25,3
0.302740,3.456860,2.370960,0.019418,0.006673,1.029325,45.827896,0.497298,-16.231371,0.785543,-17.427138,1.200391,-18.081830,2.111990,-5.022310,47,IX,25,3
0.302310,2.735470,2.564480,0.022688,0.006687,1.094055,47.571736,0.497069,-16.397237,0.786215,-17.369110,1.200669,-17.933763,2.122776,-5.072207,48,IX,25,3
0.300780,2.735470,2.563120,0.022700,0.007560,1.103412,47.814609,0.496322,-16.243431,0.785716,-17.386056,1.200576,-17.966251,2.122097,-5.090690,49,IX,25,3
0.301560,3.456860,2.360400,0.019505,0.007450,1.093298,47.551981,0.496223,-16.193432,0.784602,-17.400505,1.194228,-18.203351,2.118186,-4.986869,50,IX,25,3
0.300810,3.456860,2.366620,0.019454,0.007310,1.084914,47.332243,0.496528,-16.296115,0.783598,-17.335305,1.195045,-18.171352,2.118311,-4.941145,51,IX,25,3
0.301320,3.456860,2.353840,0.019560,0.007230,1.085631,47.351115,0.495175,-16.352957,0.782707,-17.354984,1.192341,-18.186437,2.118887,-4.945648,52,IX,25,3
0.301890,3.456860,2.342380,0.019655,0.007323,1.163196,49.314343,0.495898,-16.219384,0.784552,-17.376880,1.193646,-18.098141,2.133132,-4.981706,53,IX,25,3
0.302520,2.735470,2.550840,0.022809,0.007880,1.149427,48.976774,0.496901,-16.280974,0.785455,-17.413893,1.198241,-18.165973,2.133320,-5.008436,54,IX,25,3
0.302950,2.735470,2.538460,0.022920,0.007347,1.031413,45.885940,0.494578,-16.153148,0.782960,-17.325241,1.195239,-18.172416,2.128327,-5.107512,55,IX,25,3
0.301340,2.735470,2.552060,0.022798,0.007923,1.133553,48.581845,0.495078,-16.125785,0.781854,-17.326738,1.191122,-18.037369,2.129443,-5.109937,56,IX,25,3
0.302710,2.735470,2.540560,0.022901,0.006905,1.062624,46.739036,0.495664,-16.094868,0.781227,-17.307889,1.189565,-18.082514,2.127802,-5.153748,57,IX,25,3
0.301720,2.735470,2.542580,0.022883,0.008116,1.337726,53.220509,0.495192,-16.068511,0.779265,-17.324649,1.186127,-18.080581,2.126167,-5.049993,58,IX,25,3
0.302490,3.456860,2.332140,0.019742,0.007243,1.107898,47.930279,0.496383,-16.098275,0.780156,-17.208478,1.183904,-18.241398,2.131584,-4.995433,59,IX,25,3
0.304020,2.735470,2.531780,0.022981,0.007744,1.052279,46.459221,0.494717,-15.981954,0.779578,-17.310350,1.188320,-18.177985,2.131083,-5.179318,60,IX,25,3
0.300470,3.456860,2.336760,0.019703,0.008871,1.024994,45.707164,0.493966,-16.067613,0.776900,-17.255915,1.180471,-18.312302,2.121440,-5.103451,61,IX,25,3
0.302390,3.456860,2.332280,0.019740,0.007476,1.086825,47.382487,0.493364,-16.220432,0.777355,-17.120108,1.179086,-18.295290,2.122886,-5.018811,62,IX,25,3
0.302010,2.735470,2.520880,0.023080,0.008257,1.267673,51.731974,0.493302,-16.090408,0.776547,-17.200841,1.179554,-18.196848,2.123723,-5.104723,63,IX,25,3
0.302140,3.456860,2.315940,0.019880,0.007550,1.060288,46.676117,0.492082,-16.071806,0.774653,-17.134072,1.173037,-18.346430,2.117166,-5.103194,64,IX,25,3
0.302590,2.735470,2.505580,0.023221,0.008122,1.005343,45.152651,0.493383,-15.997550,0.775847,-17.152009,1.176511,-18.346638,2.130056,-5.193906,65,IX,25,3
0.302280,3.456860,2.318320,0.019859,0.008108,1.080293,47.210344,0.492453,-16.204509,0.774424,-17.176075,1.175440,-18.390346,2.134707,-5.104367,66,IX,25,3
0.309410,3.456860,2.323720,0.019813,0.007785,1.086655,47.378012,0.500010,-15.803051,0.783266,-17.001510,1.184536,-18.266148,2.155415,-5.020132,67,IX,25,3
0.310270,3.456860,2.300260,0.020015,0.007462,1.233755,50.974068,0.499460,-15.691772,0.782716,-17.103393,1.181331,-18.184050,2.151625,-5.061747,68,IX,25,3
0.308760,3.456860,2.316940,0.019871,0.008044,1.080482,47.215347,0.500430,-15.819862,0.781636,-16.885881,1.179654,-18.374285,2.147824,-5.096187,69,IX,25,3
0.309680,3.456860,2.299400,0.020023,0.007365,1.110549,47.998371,0.499419,-15.789632,0.780607,-16.936281,1.178050,-18.251246,2.150576,-5.058705,70,IX,25,3
0.308780,2.735470,2.499320,0.023279,0.007946,1.087310,47.395236,0.499440,-15.866280,0.780068,-16.979128,1.179737,-18.352934,2.147450,-5.074254,71,IX,25,3
0.309140,2.735470,2.495360,0.023316,0.007919,1.086865,47.383536,0.499494,-15.713737,0.780035,-16.887399,1.179114,-18.338365,2.150609,-5.087861,72,IX,25,3
0.309470,3.456860,2.305700,0.019968,0.008276,1.119303,48.221988,0.499976,-15.665158,0.780407,-16.994355,1.176326,-18.344330,2.151130,-5.105988,73,IX,25,3
0.309670,3.456860,2.288980,0.020114,0.008065,1.241181,51.142164,0.499269,-15.707851,0.780258,-16.882119,1.173838,-18.218189,2.153878,-5.107420,74,IX,25,3
0.309100,3.456860,2.288240,0.020120,0.008282,1.205246,50.317294,0.498186,-15.663255,0.778521,-16.952986,1.173787,-18.331309,2.155323,-5.110600,75,IX,25,3
0.309980,2.735470,2.503600,0.023239,0.007753,1.005002,45.142944,0.498740,-15.660835,0.778332,-16.891728,1.177262,-18.302377,2.157030,-5.250942,76,IX,25,3
0.310460,3.456860,2.302480,0.019996,0.007272,1.069019,46.910591,0.499607,-15.757084,0.778159,-16.866634,1.171476,-18.458904,2.161074,-5.098987,77,IX,25,3
0.310360,3.456860,2.282040,0.020175,0.007108,1.236455,51.035330,0.499194,-15.656221,0.779730,-16.888228,1.172622,-18.301794,2.165229,-5.146870,78,IX,25,3
0.309670,2.735470,2.510740,0.023173,0.007583,1.317609,52.803311,0.499496,-15.552315,0.778188,-16.956944,1.173294,-18.287102,2.163690,-5.165965,79,IX,25,3
0.311630,2.735470,2.503980,0.023236,0.006725,1.116395,48.147922,0.498273,-15.578487,0.777452,-16.876377,1.171169,-18.291842,2.165741,-5.265248,80,IX,25,3
0.309400,2.735470,2.482400,0.023438,0.008267,1.004774,45.136447,0.498010,-15.602564,0.775722,-16.897674,1.170213,-18.475816,2.153438,-5.230969,81,IX,25,3
0.308480,3.456860,2.290000,0.020105,0.009117,1.044700,46.252358,0.498504,-15.658693,0.775143,-16.867583,1.165490,-18.483816,2.153076,-5.190977,82,IX,25,3
0.310410,3.456860,2.261840,0.020355,0.007318,1.195006,50.076863,0.497202,-15.650462,0.774681,-16.768916,1.161299,-18.347489,2.150617,-5.163498,83,IX,25,3
0.309880,2.735470,2.469760,0.023558,0.008253,1.001337,45.038272,0.497677,-15.759861,0.774315,-16.781910,1.166045,-18.533992,2.156972,-5.247182,84,IX,25,3
0.309280,3.456860,2.254380,0.020423,0.008219,1.099583,47.715487,0.496057,-15.633229,0.773358,-16.673674,1.158090,-18.324896,2.153608,-5.192780,85,IX,25,3
0.308790,2.735470,2.482560,0.023436,0.008084,1.267414,51.726262,0.495708,-15.621267,0.772344,-16.705546,1.158087,-18.307512,2.153660,-5.220017,86,IX,25,3
0.309670,3.456860,2.253300,0.020432,0.008205,1.164099,49.336327,0.496211,-15.658205,0.771011,-16.710770,1.154966,-18.475860,2.150211,-5.191597,87,IX,25,3
0.310550,2.735470,2.474080,0.023517,0.007310,1.070476,46.949514,0.495257,-15.559438,0.771187,-16.641549,1.156455,-18.343975,2.155138,-5.327232,88,IX,25,3
0.310000,3.456860,2.242020,0.020535,0.006855,1.120071,48.241516,0.495200,-15.654203,0.772139,-16.747037,1.153789,-18.429545,2.162424,-5.239608,89,IX,25,3
0.309120,2.735470,2.489400,0.023372,0.007991,1.185981,49.862963,0.496594,-15.541594,0.774415,-16.826558,1.164191,-18.387767,2.173768,-5.260793,90,IX,25,3
0.310630,2.735470,2.491580,0.023351,0.007681,1.286099,52.133328,0.498017,-15.485772,0.773929,-16.674343,1.161638,-18.381712,2.179884,-5.248062,91,IX,25,3
0.311800,3.456860,2.270720,0.020276,0.007817,1.063646,46.766529,0.497815,-15.592068,0.772887,-16.703721,1.158879,-18.621915,2.174758,-5.231719,92,IX,25,3
0.311260,2.735470,2.469400,0.023561,0.008106,0.995337,44.866099,0.497627,-15.501574,0.773210,-16.717203,1.160070,-18.581320,2.171560,-5.350614,93,IX,25,3
0.310850,2.735470,2.467580,0.023579,0.008363,0.988545,44.669945,0.495954,-15.570478,0.771256,-16.675794,1.160370,-18.544660,2.171525,-5.344100,94,IX,25,3
0.310110,2.735470,2.469920,0.023556,0.008175,1.200519,50.206615,0.495002,-15.588490,0.769091,-16.614458,1.156254,-18.465365,2.164336,-5.283105,95,IX,25,3
0.309940,3.456860,2.244220,0.020515,0.007960,1.103638,47.820453,0.496155,-15.614432,0.771053,-16.709398,1.154249,-18.507907,2.178820,-5.277239,96,IX,25,3
0.310870,2.735470,2.480280,0.023458,0.007692,1.287591,52.165509,0.496094,-15.565995,0.771550,-16.695938,1.155910,-18.421484,2.179123,-5.294182,97,IX,25,3
0.310830,2.735470,2.476440,0.023494,0.007629,1.078585,47.165136,0.496715,-15.423579,0.771325,-16.684568,1.156310,-18.479901,2.180097,-5.384741,98,IX,25,3
0.311400,2.735470,2.449900,0.023749,0.007164,1.065275,46.810283,0.497144,-15.496131,0.771214,-16.670748,1.154025,-18.653609,2.175306,-5.244503,99,IX,25,3
0.310230,3.456860,2.254940,0.020418,0.007719,1.062522,46.736284,0.497040,-15.495683,0.769320,-16.552054,1.150179,-18.662028,2.178184,-5.235198,100,IX,25,3
0.311180,2.735470,2.452760,0.023721,0.008313,1.000781,45.022364,0.495681,-15.542921,0.768832,-16.589673,1.152301,-18.617510,2.177891,-5.398122,101,IX,25,3
0.311290,2.735470,2.467060,0.023584,0.007458,1.290863,52.235938,0.494890,-15.274704,0.768458,-16.617283,1.150037,-18.487842,2.180492,-5.324453,102,IX,25,3
0.309690,2.735470,2.439960,0.023845,0.008917,1.025035,45.708299,0.494703,-15.385096,0.768808,-16.551021,1.148857,-18.739558,2.177935,-5.263735,103,IX,25,3
0.310780,2.160540,2.671820,0.027571,0.008029,1.265621,51.686812,0.495981,-15.510704,0.767508,-16.526789,1.148416,-18.485664,2.187749,-5.317070,104,IX,25,3
0.309980,2.735470,2.439720,0.023848,0.008504,1.054331,46.514942,0.495381,-15.284722,0.768251,-16.500282,1.146471,-18.739085,2.186334,-5.312836,105,IX,25,3
0.310220,2.735470,2.462180,0.023630,0.007799,1.043501,46.219499,0.494625,-15.377466,0.767935,-16.525198,1.147310,-18.570249,2.187122,-5.433782,106,IX,25,3
0.310910,3.456860,2.227620,0.020668,0.008148,1.122257,48.297007,0.495289,-15.384942,0.768206,-16.488926,1.142041,-18.710622,2.185465,-5.309119,107,IX,25,3
0.310700,3.456860,2.222640,0.020714,0.008237,1.157878,49.184515,0.494992,-15.378943,0.766047,-16.539674,1.142690,-18.692098,2.190216,-5.311810,108,IX,25,3
0.310130,2.735470,2.456760,0.023682,0.008313,1.068188,46.888360,0.495535,-15.212237,0.765787,-16.508233,1.144562,-18.611071,2.193035,-5.463488,109,IX,25,3
0.309700,2.735470,2.461100,0.023641,0.008907,1.100899,47.749612,0.494836,-15.500116,0.765492,-16.514242,1.142949,-18.627484,2.194719,-5.452875,110,IX,25,3
0.309410,2.160540,2.663180,0.027660,0.009249,1.245830,51.246773,0.494680,-15.357290,0.763978,-16.432978,1.139640,-18.611405,2.191512,-5.362871,111,IX,25,3
0.310570,2.735470,2.450660,0.023741,0.008051,1.262523,51.618491,0.494843,-15.283085,0.764576,-16.377219,1.139721,-18.644673,2.188764,-5.395651,112,IX,25,3
0.310430,2.735470,2.418580,0.024056,0.008271,1.041610,46.167580,0.494583,-15.419325,0.764270,-16.389201,1.136158,-18.857023,2.186450,-5.348884,113,IX,25,3
0.311090,2.735470,2.418060,0.024061,0.008436,0.994419,44.839673,0.493838,-15.342179,0.764386,-16.442899,1.137430,-18.871028,2.191541,-5.408284,114,IX,25,3
0.310160,2.160540,2.660580,0.027687,0.008640,1.084763,47.328271,0.493487,-15.408605,0.762480,-16.379130,1.134522,-18.714079,2.199130,-5.393713,115,IX,25,3
0.310740,2.735470,2.417920,0.024063,0.007799,1.035078,45.987502,0.493887,-15.399765,0.764038,-16.369153,1.134802,-18.844323,2.196231,-5.377313,116,IX,25,3
0.310440,2.160540,2.651980,0.027777,0.009485,1.257605,51.509601,0.494273,-15.255780,0.762569,-16.395946,1.134053,-18.680120,2.199610,-5.397429,117,IX,25,3
0.311360,2.160540,2.660160,0.027692,0.008367,1.154321,49.097281,0.492689,-15.307879,0.762547,-16.348883,1.131421,-18.789997,2.199466,-5.370209,118,IX,25,3
0.309970,2.735470,2.427860,0.023964,0.008906,0.979123,44.395642,0.494722,-15.275778,0.763607,-16.393631,1.136370,-18.894820,2.206519,-5.480507,119,IX,25,3
0.311210,3.456860,2.205720,0.020873,0.008245,1.099829,47.721883,0.493973,-15.184112,0.761277,-16.285227,1.130136,-18.880046,2.204570,-5.392712,120,IX,25,3
0.311680,2.735470,2.409580,0.024146,0.008099,1.033818,45.952607,0.493153,-15.312245,0.761267,-16.267146,1.129535,-18.933874,2.202528,-5.355813,121,IX,25,3
0.311560,2.735470,2.414120,0.024101,0.008001,0.972879,44.212409,0.492994,-15.221889,0.760788,-16.375994,1.131978,-18.920757,2.200429,-5.493150,122,IX,25,3
0.310760,3.456860,2.202100,0.020907,0.008737,1.055522,46.547249,0.493642,-15.254531,0.760528,-16.323978,1.128129,-18.902562,2.206061,-5.379672,123,IX,25,3
0.311550,3.456860,2.196300,0.020963,0.007545,1.053824,46.501185,0.493514,-15.144357,0.760316,-16.329960,1.126095,-18.887653,2.207211,-5.386591,124,IX,25,3
0.311380,2.735470,2.402500,0.024217,0.008410,0.998565,44.958869,0.492296,-15.225244,0.759539,-16.291618,1.128630,-19.046104,2.205845,-5.461285,125,IX,25,3
0.312470,2.735470,2.405400,0.024188,0.007851,1.029020,45.819420,0.491876,-15.284367,0.760047,-16.370891,1.129023,-18.992724,2.210902,-5.414353,126,IX,25,3
0.310850,3.456860,2.204380,0.020886,0.008989,1.037838,46.063716,0.492077,-15.187433,0.760033,-16.227301,1.126495,-18.937726,2.211450,-5.392948,127,IX,25,3
0.311020,2.735470,2.429680,0.023946,0.008507,1.199877,50.191534,0.492546,-15.221364,0.759329,-16.291691,1.127612,-18.775435,2.208632,-5.475209,128,IX,25,3
0.311400,2.735470,2.397140,0.024271,0.008498,1.023648,45.669529,0.492571,-15.248065,0.759491,-16.246174,1.124997,-19.008024,2.207718,-5.446465,129,IX,25,3
0.311460,3.456860,2.191200,0.021011,0.008395,1.097425,47.659479,0.492808,-15.133640,0.759390,-16.275165,1.122648,-18.964944,2.212717,-5.427223,130,IX,25,3
0.312180,2.735470,2.395960,0.024283,0.007939,1.016231,45.461236,0.493092,-15.196247,0.758431,-16.258337,1.123885,-19.043251,2.213975,-5.413076,131,IX,25,3
0.311690,2.735470,2.424240,0.024000,0.008081,1.055348,46.542525,0.493850,-15.091037,0.759027,-16.218842,1.125099,-18.875403,2.218656,-5.583237,132,IX,25,3
0.310260,2.160540,2.633560,0.027971,0.009243,1.227420,50.829718,0.493106,-15.135935,0.758952,-16.246331,1.123064,-18.853962,2.215233,-5.499054,133,IX,25,3
0.312420,2.160540,2.645460,0.027846,0.007842,1.123125,48.318997,0.492307,-15.151627,0.758769,-16.223435,1.120598,-19.009131,2.218170,-5.445914,134,IX,25,3
0.311270,2.160540,2.640640,0.027896,0.008573,1.096436,47.633746,0.492669,-15.222428,0.757255,-16.174837,1.118815,-18.905323,2.218781,-5.494379,135,IX,25,3
0.311380,2.160540,2.633340,0.027974,0.008423,1.236020,51.025470,0.492845,-15.051236,0.758284,-16.178051,1.120856,-18.897333,2.219493,-5.498759,136,IX,25,3
0.311250,2.160540,2.636100,0.027944,0.008832,1.075243,47.076494,0.491697,-15.052311,0.756768,-16.057037,1.116056,-18.950365,2.215589,-5.472048,137,IX,25,3
0.312720,2.735470,2.412280,0.024119,0.007948,1.166603,49.397160,0.491869,-15.096970,0.756243,-16.118767,1.121818,-18.990036,2.222260,-5.538133,138,IX,25,3
0.312380,2.160540,2.639140,0.027912,0.008399,1.173611,49.566645,0.491023,-15.188893,0.755646,-16.048107,1.115917,-18.949633,2.222153,-5.490535,139,IX,25,3
0.310650,2.735470,2.385600,0.024389,0.009645,0.998862,44.967383,0.492415,-15.087222,0.755811,-16.143877,1.117518,-19.135815,2.222117,-5.515962,140,IX,25,3
0.312720,2.735470,2.383440,0.024411,0.007833,0.972012,44.186890,0.492767,-15.093184,0.756092,-16.085652,1.118764,-19.214388,2.223786,-5.551728,141,IX,25,3
0.311450,2.735470,2.405280,0.024189,0.009128,0.997095,44.916659,0.492674,-15.104664,0.755927,-16.119865,1.118315,-19.034871,2.226213,-5.633966,142,IX,25,3
0.311890,2.735470,2.403740,0.024205,0.008568,1.003774,45.107907,0.491538,-15.127289,0.754129,-16.063734,1.117620,-19.032746,2.227650,-5.641670,143,IX,25,3
0.313370,2.735470,2.384860,0.024396,0.007850,0.964275,43.958065,0.492093,-15.187649,0.754483,-15.992577,1.116589,-19.163667,2.224528,-5.620738,144,IX,25,3
0.312880,2.160540,2.632740,0.027980,0.008276,1.151743,49.033863,0.491844,-15.145159,0.755024,-16.001535,1.112026,-19.020920,2.230587,-5.514350,145,IX,25,3
0.311990,2.160540,2.634520,0.027961,0.007872,1.082380,47.265458,0.492160,-15.136502,0.754267,-16.140974,1.112410,-19.041006,2.237401,-5.529601,146,IX,25,3
0.312470,2.735470,2.398760,0.024255,0.007927,1.098861,47.696766,0.492063,-15.009953,0.754526,-15.999257,1.116817,-19.091095,2.231938,-5.576851,147,IX,25,3
0.311780,2.160540,2.634260,0.027964,0.008643,1.068601,46.899399,0.492013,-14.988826,0.755038,-16.035018,1.109940,-19.132453,2.237141,-5.525801,148,IX,25,3
0.311720,2.160540,2.625300,0.028059,0.008918,1.096747,47.641835,0.491672,-14.976483,0.753307,-16.019727,1.108681,-19.009937,2.235433,-5.590552,149,IX,25,3
0.312390,2.160540,2.609780,0.028226,0.008766,1.063096,46.751746,0.491862,-14.967474,0.753269,-15.969775,1.113324,-19.057681,2.237951,-5.662985,150,IX,25,3
0.311930,2.160540,2.622860,0.028086,0.008992,1.096708,47.640831,0.491800,-14.989451,0.754695,-16.012007,1.110711,-19.027552,2.241277,-5.608381,151,IX,25,3
0.311190,2.160540,2.631140,0.027997,0.009637,1.079786,47.196934,0.492489,-14.999210,0.753609,-15.974803,1.108706,-19.063162,2.243712,-5.587025,152,IX,25,3
0.312780,2.160540,2.620520,0.028111,0.008481,1.083221,47.287653,0.492207,-14.990919,0.752993,-15.977499,1.110609,-19.074682,2.247766,-5.635728,153,IX,25,3
0.310550,2.735470,2.367760,0.024573,0.009431,1.017533,45.497901,0.491144,-14.933772,0.753091,-15.934269,1.106783,-19.244060,2.237619,-5.565386,154,IX,25,3
0.311540,2.160540,2.605140,0.028277,0.008561,1.086954,47.385875,0.491273,-14.990026,0.751451,-15.955422,1.107217,-19.026194,2.237842,-5.674499,155,IX,25,3
0.311240,2.160540,2.602940,0.028300,0.009557,1.199136,50.174136,0.491889,-15.064976,0.749888,-15.969550,1.105002,-19.064175,2.234638,-5.640064,156,IX,25,3
0.311720,2.735470,2.377200,0.024475,0.009034,0.997142,44.918008,0.490798,-15.070009,0.749957,-15.936549,1.106303,-19.220317,2.232767,-5.687651,157,IX,25,3
0.312440,2.735470,2.368900,0.024561,0.008372,0.954071,43.653543,0.489807,-14.958114,0.748098,-15.884943,1.103471,-19.126298,2.225894,-5.719177,158,IX,25,3
0.310950,2.735470,2.356760,0.024687,0.009139,1.007750,45.221177,0.490635,-14.928771,0.750021,-15.946113,1.101420,-19.259275,2.239600,-5.550045,159,IX,25,3
0.312020,2.160540,2.611920,0.028203,0.008950,1.084204,47.313551,0.490064,-14.826211,0.750417,-15.856832,1.101494,-19.127693,2.247343,-5.644615,160,IX,25,3
0.311960,2.160540,2.596980,0.028365,0.009002,1.048180,46.347525,0.490595,-14.886581,0.748594,-15.955345,1.103276,-19.119881,2.246735,-5.705614,161,IX,25,3
0.312680,2.735470,2.380160,0.024445,0.008033,0.997253,44.921199,0.490632,-15.048949,0.749358,-15.781834,1.105172,-19.244199,2.251550,-5.723348,162,IX,25,3
0.312840,2.160540,2.620220,0.028114,0.008025,1.074772,47.063959,0.490475,-14.887224,0.750206,-15.907019,1.100690,-19.301614,2.252504,-5.598001,163,IX,25,3
0.313700,2.160540,2.594360,0.028394,0.008076,1.037710,46.060188,0.490008,-14.947263,0.749490,-15.831823,1.102741,-19.124062,2.253419,-5.726812,164,IX,25,3
0.312310,2.160540,2.617040,0.028148,0.008554,1.139353,48.726856,0.490540,-14.951928,0.748353,-15.857041,1.098152,-19.242905,2.252861,-5.605529,165,IX,25,3
0.313010,2.160540,2.587900,0.028465,0.008112,1.018012,45.511389,0.489296,-14.830268,0.748789,-15.926247,1.102364,-19.236474,2.252713,-5.744540,166,IX,25,3
0.311600,2.160540,2.602960,0.028300,0.008886,1.084603,47.324064,0.489928,-14.929405,0.747354,-15.748500,1.098514,-19.184611,2.254306,-5.700840,167,IX,25,3
0.311140,2.160540,2.605600,0.028272,0.009357,1.090028,47.466490,0.490521,-14.747166,0.747058,-15.854944,1.098170,-19.169856,2.255260,-5.700807,168,IX,25,3
0.311760,2.160540,2.581120,0.028540,0.009858,1.047003,46.315390,0.489992,-14.752691,0.745431,-15.817225,1.095885,-19.207000,2.247077,-5.769252,169,IX,25,3
0.313020,2.735470,2.350660,0.024751,0.008040,0.946832,43.435645,0.490270,-14.859739,0.746639,-15.723609,1.097056,-19.405278,2.251182,-5.750607,170,IX,25,3
0.311620,2.160540,2.606700,0.028260,0.008724,1.065543,46.817471,0.489605,-14.901236,0.745701,-15.700376,1.091942,-19.454662,2.252211,-5.642870,171,IX,25,3
0.311790,2.160540,2.600900,0.028323,0.009580,1.068605,46.899508,0.488661,-14.803330,0.745301,-15.771856,1.091916,-19.275094,2.258444,-5.688280,172,IX,25,3
0.313090,2.160540,2.595860,0.028378,0.008262,1.191854,50.002378,0.488476,-14.678416,0.745792,-15.725198,1.091339,-19.273203,2.257690,-5.683718,173,IX,25,3
0.314220,2.735470,2.358760,0.024666,0.008076,1.116385,48.147657,0.489877,-14.808217,0.743192,-15.727249,1.094723,-19.330088,2.256723,-5.731401,174,IX,25,3
0.312350,2.735470,2.359500,0.024659,0.008984,0.991693,44.761027,0.490365,-14.790781,0.746348,-15.814166,1.097078,-19.437916,2.263349,-5.780239,175,IX,25,3
0.312390,2.735470,2.343840,0.024823,0.009671,0.983425,44.521205,0.490276,-14.778974,0.747216,-15.799400,1.095765,-19.532813,2.273648,-5.637617,176,IX,25,3
0.312370,2.735470,2.363540,0.024616,0.008957,1.013489,45.383847,0.491019,-14.838033,0.747948,-15.840808,1.099806,-19.482508,2.278528,-5.697708,177,IX,25,3
0.313300,2.160540,2.603500,0.028294,0.008985,1.063385,46.759500,0.490516,-14.862676,0.747760,-15.696459,1.097683,-19.274310,2.282371,-5.763743,178,IX,25,3
0.313840,2.160540,2.609620,0.028228,0.008677,1.065686,46.821314,0.490328,-14.964169,0.746573,-15.796226,1.092360,-19.420348,2.273634,-5.661681,179,IX,25,3
0.314210,2.160540,2.606840,0.028258,0.008800,1.100140,47.729948,0.490421,-14.866642,0.744972,-15.716641,1.090033,-19.373857,2.274350,-5.677140,180,IX,25,3
0.313840,2.735470,2.336000,0.024907,0.009133,0.982145,44.483898,0.489581,-14.919753,0.745141,-15.692364,1.093088,-19.508948,2.275523,-5.708770,181,IX,25,3
0.314320,2.735470,2.353960,0.024717,0.009075,1.010349,45.294953,0.490616,-14.864230,0.747299,-15.791335,1.097808,-19.465763,2.279972,-5.708894,182,IX,25,3
0.314320,2.160540,2.585920,0.028487,0.008448,1.140961,48.766929,0.490724,-14.863815,0.745114,-15.764017,1.096446,-19.321513,2.280383,-5.747122,183,IX,25,3
0.313450,2.160540,2.609580,0.028228,0.008365,1.034940,45.983672,0.490993,-14.819288,0.747070,-15.745424,1.093002,-19.512760,2.282106,-5.676404,184,IX,25,3
0.314620,2.160540,2.587300,0.028472,0.008208,1.170764,49.497928,0.490426,-14.784557,0.746152,-15.703151,1.092067,-19.287280,2.279718,-5.756191,185,IX,25,3
0.314700,2.160540,2.600820,0.028324,0.009324,1.058271,46.621636,0.490815,-14.853522,0.744341,-15.634301,1.088120,-19.507694,2.278321,-5.692999,186,IX,25,3
0.314150,2.735470,2.328000,0.024992,0.009219,0.977689,44.353660,0.490446,-14.717323,0.745125,-15.673104,1.089626,-19.594760,2.281859,-5.721900,187,IX,25,3
0.313690,2.160540,2.603860,0.028290,0.008721,1.139363,48.727103,0.491256,-14.797602,0.744921,-15.689624,1.088849,-19.409135,2.288442,-5.718761,188,IX,25,3
0.313960,2.160540,2.579180,0.028561,0.009079,1.012963,45.368954,0.490575,-14.778835,0.746146,-15.691520,1.092381,-19.471025,2.291249,-5.848024,189,IX,25,3
0.313540,2.160540,2.575600,0.028601,0.008821,0.986276,44.604138,0.490823,-14.591571,0.744104,-15.627005,1.092131,-19.418202,2.287861,-5.854498,190,IX,25,3
0.313240,2.160540,2.571140,0.028650,0.009492,1.095446,47.607981,0.489547,-14.639658,0.742396,-15.652019,1.089252,-19.418685,2.282413,-5.776477,191,IX,25,3
0.313990,2.735470,2.304380,0.025248,0.008860,0.969364,44.108755,0.489173,-14.672940,0.738806,-15.545618,1.079153,-19.614805,2.260868,-5.764521,192,IX,25,3
0.314520,2.160540,2.565920,0.028709,0.008871,0.977897,44.359744,0.488851,-14.614941,0.738320,-15.479889,1.075532,-19.598603,2.263030,-5.731300,193,IX,25,3
0.314060,2.160540,2.572480,0.028636,0.009524,1.011224,45.319733,0.487514,-14.633816,0.738444,-15.441279,1.076265,-19.622785,2.264765,-5.737550,194,IX,25,3
0.313430,2.160540,2.572140,0.028639,0.009459,1.158194,49.192249,0.489422,-14.647378,0.737805,-15.479336,1.075608,-19.438790,2.270484,-5.780324,195,IX,25,3
0.313190,2.735470,2.302260,0.025272,0.009405,0.953569,43.638506,0.489608,-14.542683,0.737960,-15.570714,1.076432,-19.718405,2.268921,-5.792755,196,IX,25,3
0.313170,2.160540,2.571720,0.028644,0.010020,1.153994,49.089243,0.488558,-14.551832,0.737040,-15.397778,1.073755,-19.452430,2.274838,-5.786309,197,IX,25,3
0.313440,2.160540,2.561600,0.028757,0.009086,0.988518,44.669175,0.488447,-14.405240,0.736057,-15.374484,1.069801,-19.622537,2.260482,-5.748783,198,IX,25,3
0.314060,2.160540,2.569140,0.028673,0.009597,1.162458,49.296367,0.488544,-14.716660,0.738600,-15.416995,1.074155,-19.484484,2.282585,-5.803459,199,IX,25,3
0.314250,2.160540,2.559500,0.028781,0.008978,1.067105,46.859348,0.488618,-14.475884,0.736941,-15.422517,1.074224,-19.473922,2.282077,-5.881491,200,IX,25,3
0.313670,2.160540,2.561100,0.028763,0.009727,1.167235,49.412499,0.488022,-14.531969,0.736961,-15.490948,1.072700,-19.434429,2.280710,-5.822039,201,IX,25,3
0.314760,2.735470,2.305180,0.025240,0.008776,0.971997,44.186427,0.488636,-14.642484,0.735973,-15.439590,1.073606,-19.685318,2.270335,-5.918655,202,IX,25,3
0.314230,2.160540,2.564060,0.028730,0.009074,1.057110,46.590244,0.487888,-14.615604,0.735540,-15.354137,1.070540,-19.530264,2.285302,-5.845507,203,IX,25,3
0.315920,2.160540,2.565820,0.028710,0.008105,1.040733,46.143481,0.488797,-14.490833,0.736721,-15.371122,1.069823,-19.670510,2.283939,-5.795493,204,IX,25,3
0.313920,2.735470,2.294000,0.025363,0.009390,0.973539,44.231820,0.488298,-14.611150,0.736625,-15.440476,1.071388,-19.724691,2.287225,-5.823768,205,IX,25,3
0.313180,2.160540,2.569940,0.028664,0.009038,1.044618,46.250112,0.488270,-14.649621,0.735911,-15.385441,1.067923,-19.567455,2.288683,-5.835192,206,IX,25,3
0.315880,2.160540,2.562900,0.028743,0.008563,1.035584,46.001478,0.487053,-14.505363,0.735222,-15.414430,1.067350,-19.718226,2.283810,-5.804223,207,IX,25,3
0.314370,2.160540,2.562940,0.028742,0.009293,1.052731,46.471498,0.486971,-14.491034,0.734438,-15.314515,1.066255,-19.716391,2.283845,-5.795551,208,IX,25,3
0.314590,2.160540,2.536400,0.029043,0.008855,1.007349,45.209766,0.487493,-14.603600,0.733221,-15.332175,1.068641,-19.604337,2.285536,-5.949238,209,IX,25,3
0.316380,2.160540,2.575340,0.028604,0.008581,0.972287,44.194974,0.489816,-14.606200,0.740114,-15.469364,1.076563,-19.784272,2.315597,-5.820414,210,IX,25,3
0.315260,2.160540,2.581140,0.028539,0.009405,1.136584,48.657732,0.491019,-14.532046,0.738921,-15.486315,1.075803,-19.532669,2.321101,-5.846548,211,IX,25,3
0.314110,2.160540,2.592500,0.028414,0.010080,1.138696,48.710474,0.490266,-14.460916,0.740869,-15.462142,1.078099,-19.575724,2.329323,-5.833976,212,IX,25,3
0.315980,2.160540,2.577260,0.028582,0.008280,1.143875,48.839346,0.489810,-14.503546,0.741608,-15.527907,1.081741,-19.574393,2.332207,-5.868945,213,IX,25,3
0.314010,2.160540,2.570800,0.028654,0.009525,0.987118,44.628578,0.490006,-14.619278,0.742085,-15.493143,1.082001,-19.626702,2.335546,-5.946555,214,IX,25,3
0.315210,2.160540,2.592320,0.028416,0.009111,1.076288,47.104251,0.489906,-14.693409,0.740224,-15.443743,1.073836,-19.687430,2.327273,-5.821366,215,IX,25,3
0.316620,2.160540,2.573240,0.028627,0.009032,0.987492,44.639436,0.489219,-14.525695,0.738132,-15.404038,1.073669,-19.871171,2.318584,-5.840579,216,IX,25,3
0.317090,2.735470,2.304440,0.025248,0.008931,0.943423,43.332480,0.490718,-14.338861,0.740246,-15.405025,1.077623,-19.803885,2.333886,-5.846082,217,IX,25,3
0.316440,2.160540,2.588640,0.028457,0.007979,0.948928,43.498911,0.491025,-14.579677,0.742842,-15.466716,1.081638,-19.832143,2.347972,-5.846686,218,IX,25,3
0.315130,2.160540,2.583940,0.028509,0.009910,1.112956,48.060040,0.491262,-14.575407,0.743720,-15.546352,1.085136,-19.620413,2.350971,-5.899013,219,IX,25,3
0.317280,2.160540,2.600400,0.028328,0.008751,1.088449,47.425119,0.492582,-14.590539,0.743639,-15.510590,1.080694,-19.676122,2.352737,-5.833748,220,IX,25,3
0.316390,2.160540,2.590480,0.028437,0.009064,1.035057,45.986917,0.490639,-14.571667,0.741010,-15.423471,1.075873,-19.673416,2.339148,-5.857744,221,IX,25,3
0.318290,2.735470,2.297280,0.025326,0.008594,0.941717,43.280708,0.491547,-14.516803,0.739173,-15.400899,1.077284,-19.833587,2.330675,-5.869285,222,IX,25,3
0.317160,1.709520,2.825460,0.032950,0.009415,0.997365,44.924407,0.490509,-14.546199,0.739180,-15.350269,1.072742,-19.812105,2.335780,-5.852815,223,IX,25,3
0.319510,2.160540,2.553120,0.028853,0.008058,0.942457,43.303190,0.490876,-14.564698,0.741290,-15.382396,1.079314,-19.758365,2.345885,-5.990188,224,IX,25,3
0.315900,2.735470,2.309400,0.025194,0.009716,0.936804,43.131148,0.491403,-14.514273,0.742906,-15.415528,1.079563,-19.864432,2.352463,-5.895264,225,IX,25,3
0.317140,2.735470,2.317980,0.025100,0.009106,0.926755,42.822980,0.491405,-14.568537,0.742347,-15.496088,1.081277,-19.785128,2.352749,-5.943815,226,IX,25,3
0.315030,1.709520,2.766460,0.033653,0.010391,1.010475,45.298508,0.486821,-14.377703,0.736688,-15.312790,1.063015,-19.350814,2.330260,-5.971119,227,IX,25,3
0.315500,1.709520,2.807540,0.033160,0.010195,0.940048,43.229975,0.488691,-14.323824,0.737578,-15.415783,1.068070,-19.602746,2.351876,-5.928039,228,IX,25,3
0.314690,2.160540,2.525380,0.029170,0.010266,1.016466,45.467843,0.488167,-14.391232,0.737967,-15.465119,1.070571,-19.531024,2.360360,-5.982601,229,IX,25,3
0.405110,11.144800,1.225720,0.011651,0.012018,1.089460,47.451603,0.535384,-10.251443,0.736497,-12.953776,1.070284,-13.626070,1.405631,-4.922407,1,IX,25,1
0.407320,8.817720,1.329520,0.013576,0.012498,1.251756,51.379411,0.539644,-10.274137,0.740758,-12.924927,1.075500,-13.336837,1.402961,-4.911278,2,IX,25,1
0.408780,11.144800,1.236080,0.011553,0.012368,1.152521,49.053026,0.542071,-10.139570,0.742194,-12.886102,1.078413,-13.327032,1.396932,-4.982224,3,IX,25,1
0.407720,11.144800,1.238140,0.011534,0.012758,1.326090,52.980180,0.540517,-10.292165,0.744507,-12.854162,1.077078,-13.190001,1.396669,-4.969641,4,IX,25,1
0.411300,11.144800,1.229200,0.011618,0.011197,1.267507,51.728314,0.543334,-10.178815,0.742483,-12.884582,1.076595,-13.165289,1.394819,-4.917562,5,IX,25,1
0.410940,11.144800,1.234180,0.011571,0.011946,1.310621,52.656484,0.541252,-10.174106,0.742352,-12.891863,1.079097,-13.164311,1.393989,-5.052592,6,IX,25,1
0.409080,11.144800,1.240120,0.011516,0.011864,1.372951,53.931966,0.540663,-10.174810,0.742537,-12.845270,1.078864,-13.118649,1.394110,-5.068261,7,IX,25,1
0.408980,11.144800,1.237440,0.011540,0.012826,1.196307,50.107554,0.540915,-10.278233,0.742855,-12.758057,1.078192,-13.204005,1.392896,-4.998457,8,IX,25,1
0.412450,11.144800,1.223420,0.011673,0.010849,1.383186,54.134251,0.541930,-10.150543,0.740816,-12.722319,1.072522,-12.967939,1.381273,-5.069149,9,IX,25,1
0.413740,11.144800,1.218400,0.011721,0.011964,1.237189,51.051937,0.543241,-10.037792,0.741989,-12.703058,1.072950,-13.051471,1.381359,-5.135221,10,IX,25,1
0.414040,11.144800,1.225700,0.011651,0.012335,1.374268,53.958119,0.543795,-10.046357,0.742905,-12.620107,1.076022,-13.052180,1.387923,-5.107920,11,IX,25,1
0.417630,11.144800,1.229220,0.011618,0.012223,1.409446,54.644353,0.549708,-9.918091,0.750812,-12.659221,1.083173,-13.035938,1.401242,-5.035960,12,IX,25,1
0.417960,11.144800,1.237700,0.011538,0.012789,1.411205,54.678071,0.549952,-10.139189,0.750999,-12.743408,1.086203,-13.056052,1.402769,-5.052488,13,IX,25,1
0.420250,11.144800,1.232740,0.011584,0.012799,1.103518,47.817367,0.551356,-9.823621,0.752327,-12.548863,1.087946,-13.160759,1.403583,-5.152965,14,IX,25,1
0.424070,11.144800,1.220500,0.011701,0.011783,1.344510,53.359407,0.552862,-9.818574,0.750398,-12.476121,1.083554,-13.035967,1.396900,-5.113585,15,IX,25,1
0.426620,11.144800,1.219300,0.011712,0.010067,1.311480,52.674572,0.554851,-9.750329,0.752375,-12.511626,1.085484,-12.956458,1.396824,-5.121010,16,IX,25,1
0.349610,11.144800,1.211760,0.011785,0.015017,1.199745,50.188432,0.477582,-11.205179,0.676008,-13.911383,1.007594,-14.033440,1.321220,-5.309207,17,IX,25,1
0.351930,11.144800,1.223360,0.011673,0.015792,1.163694,49.326458,0.482820,-11.081109,0.682832,-13.841328,1.017193,-14.104148,1.334761,-5.321464,18,IX,25,1
0.353380,11.144800,1.228520,0.011624,0.015373,1.371822,53.909549,0.483819,-11.211574,0.684094,-13.948770,1.019879,-14.104964,1.340500,-5.369708,19,IX,25,1
0.352530,11.144800,1.224500,0.011662,0.018192,1.371208,53.897331,0.483913,-11.108571,0.682754,-13.886720,1.017016,-13.993440,1.335776,-5.324350,20,IX,25,1
0.355620,8.817720,1.309580,0.013783,0.015778,1.167840,49.427153,0.485035,-10.938817,0.681462,-13.713032,1.014534,-14.020259,1.330195,-5.324957,21,IX,25,1
0.357370,11.144800,1.213860,0.011765,0.016365,1.266172,51.698943,0.487024,-10.977257,0.682889,-13.657509,1.015962,-13.964968,1.335257,-5.423755,22,IX,25,1
0.355150,11.144800,1.225220,0.011656,0.017479,1.379252,54.056739,0.487487,-11.015732,0.686526,-13.840366,1.021089,-14.043151,1.345710,-5.332121,23,IX,25,1
0.358620,11.144800,1.219680,0.011709,0.014691,1.222694,50.721429,0.486690,-11.004052,0.684980,-13.771561,1.020773,-14.101989,1.346604,-5.316973,24,IX,25,1
0.356860,8.817720,1.318100,0.013694,0.017201,1.210394,50.437254,0.487031,-10.995028,0.685134,-13.803244,1.020216,-14.137347,1.347254,-5.265006,25,IX,25,1
0.362220,8.817720,1.296720,0.013919,0.016646,1.090417,47.476686,0.488817,-10.822283,0.682452,-13.622557,1.014493,-14.110114,1.335145,-5.324249,26,IX,25,1
0.363090,11.144800,1.202220,0.011879,0.015798,1.251757,51.379449,0.489524,-10.705771,0.683432,-13.658463,1.016516,-14.073614,1.339454,-5.416999,27,IX,25,1
0.363260,8.817720,1.295360,0.013934,0.016288,1.250082,51.342029,0.489139,-10.743763,0.683111,-13.587374,1.015288,-14.080804,1.339930,-5.296087,28,IX,25,1
0.362050,8.817720,1.309000,0.013789,0.015133,1.243978,51.205138,0.490226,-10.803224,0.686540,-13.666079,1.021298,-14.188062,1.350176,-5.271971,29,IX,25,1
0.361090,8.817720,1.310640,0.013771,0.014945,1.345281,53.375130,0.489323,-10.802084,0.685832,-13.663048,1.021943,-14.146408,1.352638,-5.324295,30,IX,25,1
0.359840,11.144800,1.217560,0.011729,0.016982,1.227824,50.838947,0.489174,-10.780998,0.685570,-13.665776,1.022670,-14.264308,1.351532,-5.403158,31,IX,25,1
0.361440,8.817720,1.307280,0.013807,0.015621,1.246492,51.261631,0.489158,-10.721062,0.684857,-13.699803,1.020390,-14.255270,1.352598,-5.290598,32,IX,25,1
0.360820,8.817720,1.310620,0.013772,0.016014,1.345518,53.379966,0.489608,-10.698740,0.684809,-13.722007,1.022181,-14.251018,1.355627,-5.341451,33,IX,25,1
0.361160,11.144800,1.214560,0.011758,0.016378,1.346968,53.409511,0.488813,-10.702433,0.684854,-13.681610,1.022043,-14.283712,1.355124,-5.376922,34,IX,25,1
0.361100,8.817720,1.311880,0.013758,0.015539,1.204103,50.290582,0.488810,-10.665097,0.685325,-13.619956,1.023156,-14.277243,1.355638,-5.490763,35,IX,25,1
0.361170,8.817720,1.309220,0.013786,0.015964,1.353803,53.548213,0.488387,-10.801784,0.684560,-13.663341,1.021396,-14.338500,1.357087,-5.355289,36,IX,25,1
0.360450,8.817720,1.310120,0.013777,0.016780,1.194851,50.073209,0.489044,-10.719902,0.683951,-13.764042,1.021270,-14.402353,1.357135,-5.298814,37,IX,25,1
0.360670,8.817720,1.310720,0.013771,0.017171,1.079251,47.182771,0.488305,-10.711370,0.683399,-13.729098,1.020793,-14.422355,1.353392,-5.356776,38,IX,25,1
0.361570,8.817720,1.306580,0.013814,0.016952,1.171425,49.513904,0.489180,-10.697216,0.684010,-13.610867,1.019645,-14.395012,1.354892,-5.313333,39,IX,25,1
0.361950,8.817720,1.308860,0.013790,0.016904,1.328553,53.031280,0.489977,-10.716369,0.685115,-13.648452,1.022309,-14.370088,1.360030,-5.401721,40,IX,25,1
0.363600,8.817720,1.303500,0.013847,0.016481,1.280575,52.013756,0.489449,-10.558181,0.685825,-13.633874,1.021513,-14.417238,1.360470,-5.311253,41,IX,25,1
0.363600,11.144800,1.210360,0.011799,0.016321,1.342419,53.316690,0.491445,-10.686041,0.685517,-13.589836,1.023195,-14.387307,1.362807,-5.374705,42,IX,25,1
0.364320,8.817720,1.297180,0.013914,0.019869,1.245738,51.244703,0.492400,-10.529627,0.682899,-13.457859,1.019525,-14.352753,1.353955,-5.494766,43,IX,25,1
0.370190,8.817720,1.286720,0.014027,0.015809,1.283188,52.070382,0.493411,-10.551641,0.684449,-13.507833,1.018648,-14.368546,1.354608,-5.446106,44,IX,25,1
0.369490,8.817720,1.290240,0.013989,0.017339,1.099342,47.709254,0.495543,-10.387228,0.684584,-13.416779,1.019803,-14.408754,1.353634,-5.444175,45,IX,25,1
0.368390,8.817720,1.306480,0.013815,0.015753,1.315362,52.756187,0.494207,-10.557599,0.689134,-13.605203,1.027496,-14.504992,1.372754,-5.378740,46,IX,25,1
0.367230,8.817720,1.305100,0.013830,0.016796,1.327088,53.000889,0.493981,-10.460741,0.688699,-13.605178,1.027142,-14.412488,1.371778,-5.366141,47,IX,25,1
0.366740,11.144800,1.207280,0.011829,0.017167,1.256223,51.478918,0.493694,-10.576633,0.688510,-13.490789,1.026780,-14.565853,1.370868,-5.434835,48,IX,25,1
0.370970,8.817720,1.287360,0.014021,0.016966,1.258675,51.533350,0.494367,-10.374416,0.685992,-13.465328,1.020128,-14.386736,1.363346,-5.389969,49,IX,25,1
0.370200,11.144800,1.194460,0.011956,0.016737,1.259100,51.542762,0.494814,-10.390922,0.685646,-13.440763,1.022485,-14.506844,1.363102,-5.451932,50,IX,25,1
0.371370,8.817720,1.291180,0.013979,0.015269,1.294065,52.304623,0.494574,-10.334447,0.686578,-13.531303,1.023105,-14.463934,1.367454,-5.421552,51,IX,25,1
0.370050,8.817720,1.303120,0.013851,0.014948,1.247905,51.293303,0.494864,-10.393310,0.687061,-13.616903,1.028519,-14.626499,1.377639,-5.475392,52,IX,25,1
0.367380,8.817720,1.310540,0.013773,0.017365,1.200406,50.203966,0.493400,-10.519871,0.687747,-13.596613,1.029027,-14.727093,1.376697,-5.419636,53,IX,25,1
0.368170,8.817720,1.305320,0.013828,0.014989,1.236439,51.034966,0.493477,-10.555832,0.686272,-13.628173,1.027375,-14.691924,1.376265,-5.431150,54,IX,25,1
0.369630,8.817720,1.291500,0.013976,0.015617,1.143147,48.821280,0.493798,-10.450372,0.683707,-13.543823,1.021529,-14.679619,1.368285,-5.332407,55,IX,25,1
0.367930,8.817720,1.294460,0.013944,0.017050,1.298618,52.401952,0.492209,-10.416599,0.683704,-13.540888,1.021828,-14.631700,1.371155,-5.404288,56,IX,25,1
0.368430,8.817720,1.295120,0.013937,0.015905,1.178577,49.686022,0.491953,-10.537791,0.683373,-13.565829,1.022067,-14.736007,1.369854,-5.329261,57,IX,25,1
0.365670,8.817720,1.307820,0.013801,0.016206,1.305827,52.555162,0.490442,-10.608085,0.685647,-13.643596,1.027324,-14.748869,1.383945,-5.407716,58,IX,25,1
0.366450,8.817720,1.307800,0.013801,0.015953,1.173567,49.565594,0.491287,-10.565538,0.685511,-13.693706,1.027554,-14.922575,1.382974,-5.484927,59,IX,25,1
0.366970,8.817720,1.301200,0.013871,0.014742,1.284022,52.088432,0.490218,-10.543896,0.685081,-13.640609,1.025565,-14.896241,1.384711,-5.320358,60,IX,25,1
0.366570,8.817720,1.294920,0.013939,0.016667,1.180153,49.723790,0.490424,-10.418083,0.681966,-13.608313,1.020162,-14.820858,1.374183,-5.327701,61,IX,25,1
0.365250,8.817720,1.300760,0.013876,0.017740,1.277790,51.953216,0.490073,-10.571888,0.682069,-13.586348,1.021779,-14.815623,1.377565,-5.471958,62,IX,25,1
0.365780,8.817720,1.304120,0.013840,0.016180,1.147375,48.926063,0.491020,-10.523093,0.684432,-13.696156,1.024427,-14.932660,1.385810,-5.342068,63,IX,25,1
0.365790,8.817720,1.305840,0.013822,0.015609,1.123683,48.333130,0.490676,-10.621360,0.684552,-13.702488,1.025781,-14.994395,1.388273,-5.328737,64,IX,25,1
0.365540,8.817720,1.309720,0.013781,0.014793,1.310504,52.654013,0.489163,-10.575547,0.684529,-13.699981,1.027788,-14.969880,1.391006,-5.422386,65,IX,25,1
0.364590,8.817720,1.296500,0.013922,0.015747,1.169463,49.466471,0.489470,-10.525897,0.679955,-13.692671,1.019595,-14.947527,1.377457,-5.376152,66,IX,25,1
0.362160,8.817720,1.307680,0.013803,0.019656,1.060250,46.675084,0.489783,-10.442835,0.681436,-13.671916,1.023285,-15.025715,1.380692,-5.401335,67,IX,25,1
0.365000,8.817720,1.302420,0.013858,0.016784,1.291948,52.259226,0.490741,-10.455662,0.682252,-13.593774,1.024326,-14.982729,1.385708,-5.475671,68,IX,25,1
0.366660,8.817720,1.310880,0.013769,0.016147,1.275984,51.913892,0.493138,-10.524199,0.685080,-13.775428,1.030779,-15.053830,1.399817,-5.433399,69,IX,25,1
0.368970,8.817720,1.306240,0.013818,0.014474,1.135643,48.634196,0.492560,-10.427049,0.686307,-13.740988,1.028958,-15.178301,1.397303,-5.342866,70,IX,25,1
0.367370,8.817720,1.310800,0.013770,0.017128,1.069639,46.927167,0.491904,-10.431251,0.685331,-13.747704,1.029607,-15.122241,1.397448,-5.364538,71,IX,25,1
0.367500,8.817720,1.308880,0.013790,0.016566,1.270482,51.793607,0.491720,-10.447600,0.685215,-13.689258,1.029796,-15.074181,1.400057,-5.460195,72,IX,25,1
0.366350,8.817720,1.312060,0.013757,0.016689,1.245338,51.235719,0.491760,-10.419689,0.685827,-13.781154,1.030905,-15.109090,1.400498,-5.445053,73,IX,25,1
0.372870,8.817720,1.301100,0.013872,0.012366,1.133539,48.581504,0.493017,-10.541644,0.686225,-13.730509,1.031196,-15.188875,1.400884,-5.466651,74,IX,25,1
0.371430,8.817720,1.305460,0.013826,0.015030,1.134741,48.611624,0.493720,-10.544514,0.685763,-13.736218,1.031020,-15.279770,1.404140,-5.350336,75,IX,25,1
0.370890,8.817720,1.307440,0.013805,0.015775,1.106687,47.899098,0.493470,-10.498922,0.687714,-13.792243,1.032529,-15.275924,1.408480,-5.327443,76,IX,25,1
0.371470,8.817720,1.304360,0.013838,0.016661,1.235132,51.005326,0.494154,-10.466682,0.686895,-13.687530,1.032523,-15.230843,1.410961,-5.307663,77,IX,25,1
0.372620,6.975450,1.415540,0.016119,0.015066,1.320084,52.855066,0.495258,-10.441690,0.686329,-13.776143,1.032566,-15.234684,1.411965,-5.383072,78,IX,25,1
0.369970,8.817720,1.306600,0.013814,0.016830,1.225859,50.793998,0.494279,-10.445591,0.687916,-13.711047,1.032525,-15.217518,1.413127,-5.362738,79,IX,25,1
0.376190,6.975450,1.409440,0.016188,0.014306,1.321361,52.881737,0.497143,-10.370949,0.688896,-13.678773,1.035423,-15.217131,1.415480,-5.404208,80,IX,25,1
0.375000,8.817720,1.302440,0.013858,0.016283,1.323136,52.918727,0.498411,-10.473931,0.689018,-13.753025,1.035841,-15.250900,1.419778,-5.359599,81,IX,25,1
0.373750,8.817720,1.309900,0.013779,0.017208,1.090933,47.490169,0.497853,-10.525896,0.689074,-13.697640,1.036310,-15.399397,1.419131,-5.353949,82,IX,25,1
0.373820,8.817720,1.308240,0.013797,0.016817,1.155163,49.117959,0.497102,-10.394598,0.688221,-13.836347,1.036140,-15.467572,1.420800,-5.320129,83,IX,25,1
0.373900,8.817720,1.303220,0.013850,0.014508,1.140140,48.746487,0.494346,-10.359000,0.687478,-13.674768,1.033875,-15.337376,1.410851,-5.460001,84,IX,25,1
0.374400,8.817720,1.302540,0.013857,0.013881,1.129251,48.473734,0.496191,-10.360581,0.688380,-13.640073,1.033633,-15.393476,1.415068,-5.381943,85,IX,25,1
0.373430,8.817720,1.302160,0.013861,0.015533,1.135122,48.621157,0.496706,-10.258137,0.686901,-13.625452,1.032349,-15.278761,1.407300,-5.471554,86,IX,25,1
0.374580,8.817720,1.308920,0.013790,0.017420,1.186153,49.867061,0.498218,-10.434504,0.691546,-13.800795,1.038353,-15.516193,1.429095,-5.314838,87,IX,25,1
0.373800,6.975450,1.427540,0.015983,0.017247,1.320814,52.870317,0.499206,-10.466032,0.691279,-13.714449,1.039847,-15.373329,1.431617,-5.419208,88,IX,25,1
0.374430,8.817720,1.311880,0.013758,0.016295,1.208618,50.395942,0.498450,-10.432377,0.691300,-13.825611,1.039093,-15.568422,1.432558,-5.311203,89,IX,25,1
0.375630,8.817720,1.300540,0.013878,0.015778,1.144806,48.862446,0.497095,-10.234619,0.687996,-13.688370,1.033684,-15.393948,1.416830,-5.477506,90,IX,25,1
0.376700,8.817720,1.301240,0.013871,0.014836,1.208241,50.387170,0.497699,-10.204351,0.688978,-13.624605,1.036371,-15.392375,1.419879,-5.495860,91,IX,25,1
0.377650,6.975450,1.413900,0.016137,0.017102,1.292334,52.267521,0.500599,-10.246598,0.691114,-13.679789,1.038324,-15.348164,1.427667,-5.448508,92,IX,25,1
0.375990,8.817720,1.314300,0.013733,0.015608,1.188775,49.929380,0.500447,-10.413509,0.695708,-13.735254,1.042961,-15.471835,1.438011,-5.326540,93,IX,25,1
0.374750,8.817720,1.323540,0.013637,0.016777,1.137605,48.683234,0.500735,-10.412758,0.694443,-13.710592,1.045674,-15.590903,1.435655,-5.387254,94,IX,25,1
0.375710,6.975450,1.437800,0.015869,0.016403,1.329334,53.047461,0.500875,-10.277708,0.695652,-13.721903,1.043986,-15.485951,1.442144,-5.358944,95,IX,25,1
0.376570,6.975450,1.417560,0.016096,0.017058,1.330285,53.067135,0.501169,-10.237712,0.691222,-13.639377,1.038332,-15.461958,1.432334,-5.450429,96,IX,25,1
0.377620,8.817720,1.305640,0.013824,0.017003,1.086562,47.375584,0.501545,-10.317600,0.693261,-13.701557,1.038746,-15.580823,1.430748,-5.398622,97,IX,25,1
0.379930,8.817720,1.312360,0.013753,0.014445,1.150484,49.002846,0.502566,-10.173087,0.697065,-13.767884,1.045492,-15.637630,1.443602,-5.429111,98,IX,25,1
0.377310,8.817720,1.321400,0.013659,0.015543,1.108650,47.949595,0.500488,-10.259353,0.696069,-13.709436,1.047733,-15.719815,1.446876,-5.344851,99,IX,25,1
0.377070,8.817720,1.325680,0.013615,0.016432,1.111789,48.030159,0.503460,-10.323480,0.697775,-13.782735,1.049968,-15.697444,1.450881,-5.351787,100,IX,25,1
0.377180,6.975450,1.427820,0.015980,0.017473,1.324391,52.944864,0.501488,-10.265915,0.694924,-13.693025,1.047351,-15.591308,1.442749,-5.451499,101,IX,25,1
0.373820,8.817720,1.320140,0.013672,0.019300,1.156822,49.158645,0.502044,-10.373791,0.695812,-13.679537,1.043456,-15.640267,1.443068,-5.374493,102,IX,25,1
0.378440,6.975450,1.434040,0.015911,0.016192,1.321695,52.888707,0.501327,-10.352843,0.694168,-13.690736,1.044925,-15.604763,1.445005,-5.368490,103,IX,25,1
0.377120,6.975450,1.440560,0.015839,0.017587,1.363199,53.737387,0.502444,-10.326148,0.697346,-13.688564,1.052649,-15.742619,1.461216,-5.437945,104,IX,25,1
0.377510,6.975450,1.436440,0.015884,0.015297,1.395721,54.379320,0.501451,-10.352164,0.696197,-13.883653,1.051236,-15.736394,1.459616,-5.413189,105,IX,25,1
0.375890,6.975450,1.443100,0.015811,0.016308,1.229223,50.870888,0.500535,-10.349966,0.696093,-13.825879,1.049928,-15.731573,1.463340,-5.459281,106,IX,25,1
0.377120,8.817720,1.321980,0.013653,0.015507,1.136403,48.653203,0.500900,-10.203088,0.694477,-13.793825,1.048321,-15.788919,1.452587,-5.548459,107,IX,25,1
0.379100,6.975450,1.430160,0.015954,0.014844,1.372849,53.929955,0.501975,-10.253951,0.694626,-13.680639,1.047743,-15.691169,1.453222,-5.446238,108,IX,25,1
0.375850,8.817720,1.319180,0.013682,0.016916,1.190055,49.959752,0.501190,-10.392592,0.695318,-13.788809,1.045164,-15.797896,1.451462,-5.397902,109,IX,25,1
0.375720,6.975450,1.448820,0.015748,0.015937,1.434470,55.118815,0.500403,-10.358623,0.696590,-13.952273,1.052407,-15.864715,1.467459,-5.408893,110,IX,25,1
0.374990,8.817720,1.332520,0.013545,0.016458,1.169330,49.463262,0.500603,-10.382670,0.695299,-13.856678,1.051399,-15.973112,1.463750,-5.379477,111,IX,25,1
0.374600,8.817720,1.330820,0.013563,0.016790,1.171970,49.527070,0.500580,-10.436736,0.694649,-13.947843,1.050720,-16.087233,1.466458,-5.368406,112,IX,25,1
0.375020,6.975450,1.452580,0.015708,0.016356,1.451621,55.437633,0.499123,-10.428468,0.695447,-14.013961,1.051831,-15.914532,1.469708,-5.392090,113,IX,25,1
0.375010,6.975450,1.446780,0.015770,0.015296,1.138168,48.697301,0.500580,-10.391618,0.696043,-13.855940,1.052710,-15.977586,1.471067,-5.567379,114,IX,25,1
0.374250,6.975450,1.453840,0.015694,0.016588,1.442975,55.277544,0.498316,-10.447701,0.696631,-13.926993,1.051421,-15.898260,1.467725,-5.388235,115,IX,25,1
0.375040,6.975450,1.446540,0.015773,0.016252,1.364493,53.763326,0.500499,-10.317821,0.696141,-13.919699,1.055337,-15.955144,1.473239,-5.412655,116,IX,25,1
0.373440,8.817720,1.336740,0.013503,0.017117,1.178566,49.685772,0.501448,-10.428905,0.697198,-13.908677,1.052354,-16.051039,1.477264,-5.344062,117,IX,25,1
0.374680,8.817720,1.339600,0.013474,0.016200,1.296624,52.359376,0.499520,-10.397925,0.697133,-13.971080,1.055896,-16.102586,1.475759,-5.392351,118,IX,25,1
0.375350,8.817720,1.335320,0.013517,0.016493,1.162945,49.308229,0.501230,-10.523632,0.697731,-13.984576,1.053985,-16.158572,1.476348,-5.423190,119,IX,25,1
0.375950,8.817720,1.332620,0.013544,0.016613,1.273367,51.856760,0.500949,-10.389841,0.696028,-13.945650,1.053681,-16.111739,1.477090,-5.383170,120,IX,25,1
0.376350,8.817720,1.335500,0.013515,0.016076,1.071897,46.987435,0.502135,-10.450328,0.695958,-13.964727,1.056180,-16.121738,1.479555,-5.606090,121,IX,25,1
0.377270,8.817720,1.334680,0.013523,0.015656,1.303165,52.498708,0.502101,-10.400592,0.696943,-13.980664,1.055597,-16.068791,1.481880,-5.378221,122,IX,25,1
0.375820,8.817720,1.343740,0.013432,0.015316,1.058551,46.629216,0.502168,-10.428139,0.698164,-13.970617,1.059229,-16.187085,1.480923,-5.571867,123,IX,25,1
0.375750,6.975450,1.472180,0.015498,0.015706,1.185821,49.859136,0.501100,-10.450427,0.698355,-14.067285,1.058143,-16.085812,1.491677,-5.374689,124,IX,25,1
0.374990,8.817720,1.337640,0.013493,0.016103,1.061466,46.707874,0.500792,-10.320280,0.696296,-13.869092,1.055160,-16.034802,1.472658,-5.648192,125,IX,25,1
0.377190,8.817720,1.334020,0.013530,0.015580,1.363981,53.753060,0.502195,-10.349809,0.697693,-13.862545,1.055102,-16.091613,1.471510,-5.402343,126,IX,25,1
0.376790,8.817720,1.330020,0.013571,0.016276,1.182178,49.772233,0.503240,-10.435862,0.698010,-13.812218,1.052960,-16.028839,1.470125,-5.467130,127,IX,25,1
0.378120,6.975450,1.465900,0.015565,0.016366,1.598246,57.966370,0.505481,-10.394127,0.701630,-13.909629,1.065788,-16.110002,1.487055,-5.358313,128,IX,25,1
0.377830,8.817720,1.343600,0.013434,0.016114,1.216160,50.570909,0.504291,-10.500199,0.701239,-13.912749,1.061313,-16.164319,1.487926,-5.427201,129,IX,25,1
0.377110,6.975450,1.478980,0.015427,0.016932,1.493630,56.197298,0.505127,-10.381516,0.701419,-13.953410,1.064285,-16.105293,1.493465,-5.392017,130,IX,25,1
0.377050,8.817720,1.341820,0.013451,0.017800,1.312287,52.691565,0.505597,-10.461751,0.701362,-13.850387,1.059115,-16.078828,1.478589,-5.412453,131,IX,25,1
0.378330,6.975450,1.449420,0.015742,0.016037,1.056798,46.581803,0.504303,-10.299503,0.699558,-13.792641,1.058971,-16.133248,1.481213,-5.676567,132,IX,25,1
0.378750,6.975450,1.452400,0.015709,0.016836,1.096526,47.636085,0.505891,-10.354967,0.701414,-13.816944,1.061725,-16.123383,1.485822,-5.665852,133,IX,25,1
0.379750,6.975450,1.481280,0.015403,0.016793,1.174787,49.594969,0.507120,-10.340650,0.705054,-13.921417,1.066491,-16.178428,1.505034,-5.383409,134,IX,25,1
0.380550,8.817720,1.346660,0.013403,0.015978,1.386868,54.206545,0.507197,-10.347877,0.704372,-13.986866,1.065707,-16.221909,1.499014,-5.392167,135,IX,25,1
0.381340,6.975450,1.465420,0.015570,0.014837,1.533847,56.897442,0.508076,-10.433558,0.704406,-13.927661,1.069512,-16.252583,1.502010,-5.388043,136,IX,25,1
0.380480,8.817720,1.345220,0.013417,0.015930,1.234279,50.985967,0.507308,-10.380815,0.703488,-13.884203,1.064698,-16.188403,1.490315,-5.477002,137,IX,25,1
0.380490,8.817720,1.342300,0.013447,0.016657,1.501631,56.338662,0.507010,-10.329711,0.701262,-13.803075,1.062936,-16.153542,1.488185,-5.442864,138,IX,25,1
0.381570,8.817720,1.336600,0.013504,0.016084,1.075123,47.073293,0.507807,-10.266767,0.701921,-13.838575,1.060765,-16.186569,1.483782,-5.587635,139,IX,25,1
0.382690,8.817720,1.338600,0.013484,0.015562,1.285797,52.126811,0.509175,-10.313719,0.703939,-13.854353,1.064895,-16.307995,1.503100,-5.435948,140,IX,25,1
0.381240,6.975450,1.475640,0.015462,0.016574,1.181795,49.763080,0.508338,-10.253595,0.704523,-13.889025,1.068435,-16.233930,1.512837,-5.448176,141,IX,25,1
0.380060,6.975450,1.484620,0.015369,0.017623,1.178074,49.673971,0.509089,-10.300715,0.705514,-13.833853,1.068565,-16.306354,1.515041,-5.406017,142,IX,25,1
0.381660,6.975450,1.478280,0.015434,0.016520,1.505520,56.406991,0.508778,-10.359167,0.705006,-13.938169,1.068660,-16.231152,1.509828,-5.418642,143,IX,25,1
0.383740,8.817720,1.335600,0.013514,0.014615,1.225358,50.782535,0.508948,-10.254165,0.701542,-13.736817,1.062262,-16.294099,1.494694,-5.395399,144,IX,25,1
0.383190,6.975450,1.453560,0.015697,0.015302,1.569235,57.492544,0.507911,-10.213240,0.701097,-13.717834,1.062252,-16.195704,1.492090,-5.484586,145,IX,25,1
0.382340,8.817720,1.340080,0.013469,0.015746,1.042561,46.193707,0.509581,-10.257679,0.702698,-13.620373,1.064029,-16.303717,1.497537,-5.660236,146,IX,25,1
0.382920,6.975450,1.475800,0.015460,0.016747,1.535341,56.922955,0.510208,-10.304853,0.706176,-13.835574,1.069051,-16.362465,1.514807,-5.440112,147,IX,25,1
0.383130,6.975450,1.465020,0.015574,0.015665,1.363166,53.736739,0.509531,-10.415278,0.706104,-13.896519,1.070424,-16.411764,1.514091,-5.426831,148,IX,25,1
0.383350,6.975450,1.469860,0.015523,0.015524,1.557736,57.301277,0.509345,-10.273317,0.706282,-13.784604,1.070056,-16.354460,1.515783,-5.459980,149,IX,25,1
0.382780,8.817720,1.333500,0.013535,0.015952,1.333046,53.124174,0.511451,-10.473529,0.703082,-13.710456,1.060751,-16.341518,1.495554,-5.474917,150,IX,25,1
0.383370,6.975450,1.452420,0.015709,0.015992,1.481453,55.980144,0.509130,-10.039934,0.702982,-13.607496,1.059312,-16.169178,1.497075,-5.510815,151,IX,25,1
0.385290,8.817720,1.330120,0.013570,0.015869,1.194257,50.059187,0.509880,-10.139482,0.703714,-13.630166,1.061128,-16.334941,1.498867,-5.423747,152,IX,25,1
0.384380,8.817720,1.345580,0.013414,0.016763,1.227841,50.839337,0.511862,-10.228432,0.706825,-13.755903,1.070230,-16.459639,1.520684,-5.415204,153,IX,25,1
0.385550,6.975450,1.455720,0.015674,0.015712,1.294591,52.315904,0.511402,-10.100163,0.705900,-13.698371,1.067497,-16.392837,1.514298,-5.464771,154,IX,25,1
0.383590,8.817720,1.339060,0.013479,0.017757,1.059394,46.651992,0.511409,-10.151336,0.706409,-13.671039,1.066185,-16.391965,1.511243,-5.716525,155,IX,25,1
0.388200,6.975450,1.458040,0.015649,0.013921,1.298527,52.400007,0.512019,-10.184344,0.706716,-13.525407,1.062991,-16.337691,1.509287,-5.515958,156,IX,25,1
0.385820,6.975450,1.434760,0.015903,0.017488,1.157401,49.172829,0.512922,-9.980218,0.702139,-13.439406,1.055010,-16.128377,1.493248,-5.713421,157,IX,25,1
0.388310,8.817720,1.333580,0.013535,0.016828,1.185334,49.847542,0.515971,-9.854051,0.708626,-13.488248,1.067248,-16.458383,1.520365,-5.433254,158,IX,25,1
0.389980,6.975450,1.446640,0.015772,0.014569,1.084921,47.332433,0.515196,-9.934971,0.709105,-13.540762,1.069392,-16.379229,1.520830,-5.740836,159,IX,25,1
0.389600,8.817720,1.332460,0.013546,0.015843,1.226304,50.804186,0.514954,-10.140962,0.709384,-13.578752,1.067875,-16.429123,1.518754,-5.471063,160,IX,25,1
0.390380,8.817720,1.326120,0.013611,0.015598,1.167773,49.425528,0.517113,-9.997281,0.708160,-13.646730,1.066249,-16.431237,1.520725,-5.456807,161,IX,25,1
0.389550,6.975450,1.446120,0.015778,0.016383,1.124338,48.349706,0.516248,-10.039931,0.707752,-13.521296,1.066516,-16.352057,1.521269,-5.748263,162,IX,25,1
0.390770,6.975450,1.441560,0.015828,0.016508,1.417728,54.802612,0.516268,-10.096976,0.708507,-13.456500,1.066307,-16.406332,1.519221,-5.593178,163,IX,25,1
0.390670,6.975450,1.440680,0.015837,0.015896,1.335080,53.166093,0.516465,-10.064212,0.707741,-13.472891,1.065876,-16.389745,1.519833,-5.582870,164,IX,25,1
0.392790,8.817720,1.325700,0.013615,0.015283,1.124871,48.363189,0.518366,-10.049066,0.710698,-13.485845,1.068461,-16.536624,1.526365,-5.623097,165,IX,25,1
0.392260,8.817720,1.316900,0.013706,0.016299,1.217805,50.608877,0.517042,-9.916859,0.707585,-13.522534,1.064264,-16.493108,1.524984,-5.578313,166,IX,25,1
0.390780,6.975450,1.456600,0.015664,0.017955,1.164323,49.341758,0.516921,-9.898437,0.707550,-13.500264,1.063467,-16.478615,1.529181,-5.535588,167,IX,25,1
0.394460,6.975450,1.433460,0.015917,0.016052,1.466897,55.717307,0.517909,-9.930531,0.708176,-13.372813,1.065478,-16.417435,1.526495,-5.627724,168,IX,25,1
0.394150,6.975450,1.435980,0.015889,0.016011,1.475040,55.864775,0.519950,-9.898556,0.707562,-13.375752,1.064413,-16.341261,1.523784,-5.631958,169,IX,25,1
0.394760,8.817720,1.313360,0.013743,0.016196,1.192497,50.017589,0.522185,-9.859919,0.710529,-13.415352,1.064351,-16.492270,1.526323,-5.607866,170,IX,25,1
0.392840,5.517300,1.575140,0.018314,0.017438,1.157705,49.180282,0.521067,-9.900318,0.712704,-13.457879,1.070681,-16.637057,1.542427,-5.537670,171,IX,25,1
0.393540,6.975450,1.447700,0.015760,0.017073,1.436772,55.161901,0.521764,-9.788584,0.711591,-13.372685,1.070357,-16.480348,1.541714,-5.637472,172,IX,25,1
0.393370,6.975450,1.457600,0.015653,0.017044,1.414081,54.733070,0.521777,-9.975271,0.714005,-13.386004,1.068758,-16.485349,1.546046,-5.601145,173,IX,25,1
0.393350,6.975450,1.441260,0.015831,0.017009,1.446594,55.344708,0.520928,-9.701709,0.711705,-13.358151,1.066775,-16.456761,1.535688,-5.662621,174,IX,25,1
0.395570,6.975450,1.436280,0.015886,0.015169,1.169532,49.468128,0.520798,-9.754161,0.710564,-13.330594,1.065014,-16.427640,1.537511,-5.804107,175,IX,25,1
0.395710,5.517300,1.555200,0.018548,0.016730,1.090916,47.489722,0.522208,-9.742543,0.710768,-13.282192,1.064969,-16.637710,1.535617,-5.735203,176,IX,25,1
0.397370,6.975450,1.434680,0.015904,0.015304,1.298012,52.389015,0.523864,-9.832601,0.713969,-13.382615,1.069618,-16.579172,1.548866,-5.672989,177,IX,25,1
0.399510,5.517300,1.564860,0.018434,0.014474,1.153841,49.085480,0.524923,-9.685102,0.714289,-13.340287,1.070385,-16.689690,1.551766,-5.617654,178,IX,25,1
0.398640,5.517300,1.561700,0.018471,0.015983,1.143404,48.827646,0.525632,-9.606100,0.716620,-13.276924,1.069456,-16.713293,1.556465,-5.671062,179,IX,25,1
0.398950,6.975450,1.452660,0.015707,0.016914,1.291879,52.257760,0.525824,-9.754032,0.715957,-13.236258,1.069193,-16.623607,1.560739,-5.635058,180,IX,25,1
0.400090,6.975450,1.425860,0.016002,0.015180,1.393855,54.343028,0.525194,-9.659363,0.711717,-13.103408,1.062549,-16.486271,1.546568,-5.713024,181,IX,25,1
0.398230,6.975450,1.428560,0.015972,0.016404,1.388127,54.231207,0.522126,-9.528754,0.711402,-13.108143,1.062309,-16.528709,1.549353,-5.725178,182,IX,25,1
0.403800,6.975450,1.414060,0.016135,0.015539,1.133427,48.578687,0.529801,-9.493358,0.713745,-13.022226,1.066439,-16.605622,1.555380,-5.901636,183,IX,25,1
0.406580,6.975450,1.433380,0.015918,0.012309,1.169061,49.456730,0.529654,-9.500070,0.717440,-13.082274,1.070445,-16.760344,1.571209,-5.670433,184,IX,25,1
0.405510,6.975450,1.424980,0.016012,0.016472,1.339057,53.247846,0.530998,-9.644022,0.718681,-13.114910,1.072836,-16.694838,1.577194,-5.753704,185,IX,25,1
0.406890,5.517300,1.562000,0.018468,0.015239,1.170048,49.480616,0.532929,-9.557768,0.718039,-13.184423,1.073278,-16.831622,1.579345,-5.750899,186,IX,25,1
0.409710,6.975450,1.423480,0.016029,0.015649,1.237004,51.047750,0.534127,-9.394318,0.718540,-12.910977,1.066034,-16.704322,1.569664,-5.707096,187,IX,25,1
0.408820,6.975450,1.422940,0.016035,0.017035,1.176986,49.647839,0.536282,-9.233056,0.719955,-12.829438,1.065757,-16.717964,1.571622,-5.730040,188,IX,25,1
0.411240,6.975450,1.406020,0.016228,0.017028,1.112448,48.047042,0.535036,-9.134749,0.721072,-12.933840,1.071501,-16.756370,1.581217,-5.906545,189,IX,25,1
0.410060,5.517300,1.540120,0.018730,0.017254,1.189135,49.937937,0.536150,-9.270954,0.723590,-12.910695,1.071294,-16.862998,1.592450,-5.712149,190,IX,25,1
0.412030,5.517300,1.557340,0.018523,0.015992,1.152692,49.057244,0.538187,-9.197396,0.723458,-12.902510,1.073866,-16.912412,1.597873,-5.915908,191,IX,25,1
0.414000,6.975450,1.417720,0.016094,0.015187,1.322538,52.906273,0.539343,-9.354030,0.723918,-12.863924,1.072305,-16.818811,1.603377,-5.789376,192,IX,25,1
0.414820,5.517300,1.529980,0.018854,0.015421,1.130272,48.499429,0.538629,-9.216689,0.722636,-12.709026,1.068058,-16.909745,1.595325,-5.773541,193,IX,25,1
0.416350,5.517300,1.538740,0.018747,0.016326,1.094024,47.570923,0.541541,-9.212951,0.724053,-12.697526,1.069981,-16.929574,1.596844,-5.921260,194,IX,25,1
0.417790,6.975450,1.412620,0.016152,0.016381,1.196183,50.104629,0.544049,-9.054306,0.725301,-12.669094,1.069786,-16.808516,1.610351,-5.814127,195,IX,25,1
0.420340,5.517300,1.537540,0.018761,0.016538,1.154645,49.105241,0.546114,-9.158668,0.731115,-12.663296,1.077433,-17.043147,1.626424,-5.757478,196,IX,25,1
0.420480,6.975450,1.407320,0.016213,0.016202,1.237358,51.055774,0.547306,-9.096255,0.730608,-12.669550,1.078920,-16.988280,1.631790,-5.896102,197,IX,25,1
0.422640,5.517300,1.539860,0.018733,0.016566,1.094505,47.583446,0.547478,-9.142428,0.730703,-12.697697,1.077495,-17.148079,1.634966,-5.856110,198,IX,25,1
0.423050,4.369410,1.676280,0.021730,0.016918,1.338929,53.245219,0.549425,-8.952135,0.733472,-12.604228,1.077794,-17.054855,1.666192,-6.145952,199,IX,25,1
0.429810,5.517300,1.521980,0.018953,0.015694,1.121143,48.268723,0.552953,-9.061517,0.736298,-12.411037,1.078677,-17.151693,1.657972,-5.819297,200,IX,25,1
0.425940,5.517300,1.525480,0.018910,0.017427,1.197645,50.139062,0.553019,-8.862518,0.735087,-12.456057,1.075347,-17.291527,1.684682,-6.044699,201,IX,25,1
0.430420,4.369410,1.667460,0.021844,0.015907,1.306329,52.565798,0.554894,-8.940854,0.737139,-12.428975,1.079878,-17.324977,1.698834,-6.259889,202,IX,25,1
0.434600,4.369410,1.668980,0.021825,0.015268,1.203277,50.271253,0.558371,-8.802123,0.740055,-12.436499,1.081433,-17.318551,1.720576,-6.336776,203,IX,25,1
0.436810,5.517300,1.520340,0.018974,0.015777,1.055602,46.549411,0.560177,-8.881618,0.741428,-12.422897,1.080226,-17.594085,1.732674,-6.315065,204,IX,25,1
0.437920,5.517300,1.509500,0.019110,0.015677,1.158652,49.203434,0.563067,-8.788796,0.744531,-12.328531,1.080428,-17.632275,1.750565,-6.142271,205,IX,25,1
0.438790,5.517300,1.504300,0.019176,0.014720,1.157561,49.176749,0.562129,-8.681661,0.742839,-12.306471,1.076735,-17.709441,1.759018,-6.142162,206,IX,25,1
0.438150,5.517300,1.505820,0.019157,0.015500,1.136218,48.648588,0.563291,-8.823967,0.742674,-12.353414,1.077053,-17.778963,1.766334,-6.123596,207,IX,25,1
0.440560,3.456860,1.826860,0.025202,0.016418,1.031570,45.890294,0.565598,-8.786566,0.743244,-12.207472,1.077239,-17.852432,1.776874,-6.215747,208,IX,25,1
0.438440,4.369410,1.679140,0.021693,0.017482,1.176190,49.628712,0.564528,-8.721387,0.747059,-12.278628,1.075219,-17.842519,1.793918,-6.078021,209,IX,25,1
0.438030,3.456860,1.821600,0.025275,0.016162,1.155816,49.133986,0.563995,-8.706139,0.744553,-12.275851,1.074848,-17.931930,1.800657,-6.064917,210,IX,25,1
0.441210,3.456860,1.827500,0.025193,0.015489,1.023416,45.663022,0.564120,-8.687654,0.742366,-12.283977,1.076432,-18.005885,1.799000,-6.209895,211,IX,25,1
0.441780,3.456860,1.808360,0.025460,0.015408,1.083255,47.288545,0.566058,-8.570048,0.743822,-12.094095,1.068504,-17.993294,1.805289,-6.150508,212,IX,25,1
0.445710,4.369410,1.625460,0.022409,0.016154,1.042897,46.202923,0.569375,-8.541613,0.748206,-11.978867,1.074034,-17.832062,1.815515,-6.344139,213,IX,25,1
0.449210,4.369410,1.651980,0.022049,0.016545,1.263865,51.648113,0.573038,-8.400353,0.750078,-11.982503,1.074840,-17.786375,1.832784,-6.226320,214,IX,25,1
0.448620,3.456860,1.829120,0.025171,0.016271,1.119148,48.218028,0.574423,-8.483573,0.753250,-12.026795,1.081375,-18.018174,1.847885,-6.175292,215,IX,25,1
0.448980,4.369410,1.658400,0.021964,0.016115,1.206458,50.345589,0.573603,-8.577044,0.752151,-12.033406,1.076305,-17.897572,1.861334,-6.121911,216,IX,25,1
0.444820,4.369410,1.638060,0.022237,0.016927,1.175152,49.603759,0.570892,-8.621790,0.749977,-12.036305,1.076199,-17.978077,1.866907,-6.256620,217,IX,25,1
0.448260,4.369410,1.629320,0.022356,0.016438,1.177842,49.668407,0.573089,-8.532217,0.750561,-12.032338,1.072231,-17.956297,1.867431,-6.306772,218,IX,25,1
0.447740,4.369410,1.639340,0.022219,0.016105,1.210946,50.450083,0.573313,-8.445472,0.748819,-11.955868,1.068451,-17.975789,1.874954,-6.219918,219,IX,25,1
0.448760,3.456860,1.803560,0.025527,0.016181,1.094627,47.586645,0.572987,-8.496906,0.748795,-11.894023,1.067614,-18.226684,1.879350,-6.186697,220,IX,25,1
0.447110,2.735470,1.995060,0.029163,0.017469,1.075941,47.095019,0.574514,-8.458668,0.751027,-11.989279,1.073658,-18.169617,1.901312,-6.291691,221,IX,25,1
0.446120,3.456860,1.823980,0.025242,0.016165,1.050160,46.401537,0.572468,-8.525623,0.750320,-12.023002,1.069899,-18.341341,1.902430,-6.263762,222,IX,25,1
0.446810,4.369410,1.619320,0.022494,0.015778,1.217056,50.591591,0.573191,-8.454451,0.749718,-12.040389,1.069655,-18.136895,1.913852,-6.271782,223,IX,25,1
0.448370,3.456860,1.805940,0.025494,0.015333,1.114127,48.089994,0.572474,-8.514051,0.748349,-12.037979,1.066049,-18.370184,1.917472,-6.155264,224,IX,25,1
0.448430,4.369410,1.611920,0.022597,0.015918,1.224182,50.755575,0.572604,-8.334620,0.748672,-11.826921,1.062784,-18.124971,1.915456,-6.338977,225,IX,25,1
0.449550,2.735470,1.975240,0.029456,0.015253,1.092723,47.536957,0.573190,-8.238260,0.748713,-11.805116,1.064195,-18.283315,1.917960,-6.349840,226,IX,25,1
0.451690,2.735470,1.979620,0.029390,0.015481,1.126970,48.416235,0.572455,-8.101450,0.749149,-11.816434,1.065320,-18.241650,1.926324,-6.348924,227,IX,25,1
0.449450,2.735470,1.996660,0.029140,0.015960,1.181569,49.757683,0.575560,-8.448387,0.751157,-11.841544,1.069094,-18.315955,1.938917,-6.294451,228,IX,25,1
0.449790,3.456860,1.786500,0.025771,0.016574,1.283648,52.080352,0.575903,-8.436504,0.751983,-11.816055,1.065861,-18.258645,1.947100,-6.258369,229,IX,25,1
0.450970,3.456860,1.784460,0.025801,0.015053,1.231231,50.916670,0.577442,-8.369579,0.751783,-11.839764,1.063459,-18.358062,1.953718,-6.199532,230,IX,25,1
0.451220,2.735470,1.967500,0.029572,0.015869,1.070443,46.948619,0.575764,-8.340823,0.750323,-11.740717,1.063161,-18.461826,1.945122,-6.295388,231,IX,25,1
0.452770,2.735470,1.980960,0.029371,0.015979,1.125867,48.388386,0.578401,-8.353720,0.752492,-11.799272,1.064060,-18.389313,1.958571,-6.359912,232,IX,25,1
0.453540,3.456860,1.787040,0.025763,0.016543,1.086695,47.379077,0.580419,-8.212797,0.752161,-11.654343,1.062022,-18.492590,1.963241,-6.279781,233,IX,25,1
0.455920,2.735470,1.985320,0.029306,0.014718,1.209839,50.424346,0.579413,-8.362205,0.753554,-11.650617,1.064588,-18.261528,1.972881,-6.372219,234,IX,25,1
0.453090,3.456860,1.783300,0.025817,0.016592,1.141637,48.783730,0.579532,-8.315937,0.754353,-11.707466,1.060094,-18.456807,1.981715,-6.211299,235,IX,25,1
0.451870,3.456860,1.769600,0.026017,0.016860,1.249322,51.325022,0.578987,-8.273882,0.750673,-11.772619,1.057495,-18.387360,1.987152,-6.248017,236,IX,25,1
0.452020,3.456860,1.788580,0.025741,0.015680,1.080991,47.228796,0.575809,-8.351563,0.748345,-11.762488,1.057754,-18.615446,1.991230,-6.239863,237,IX,25,1
0.453850,3.456860,1.778400,0.025889,0.016011,1.076561,47.111492,0.578331,-8.215902,0.752373,-11.688590,1.057327,-18.605343,1.993354,-6.301095,238,IX,25,1
0.454340,2.735470,1.967640,0.029569,0.016596,1.100581,47.741358,0.579711,-8.195412,0.752584,-11.572577,1.058168,-18.486394,1.999136,-6.400665,239,IX,25,1
0.455410,2.735470,1.979660,0.029390,0.016056,1.268470,51.749479,0.582016,-8.234690,0.752941,-11.634253,1.056852,-18.399496,2.009297,-6.406394,240,IX,25,1
0.454160,2.735470,1.984900,0.029312,0.014985,1.078013,47.150004,0.578088,-8.144243,0.752431,-11.649922,1.061721,-18.546024,2.027168,-6.431967,241,IX,25,1
0.453240,2.735470,1.979880,0.029387,0.016164,1.151305,49.023079,0.578952,-8.299741,0.748739,-11.596348,1.059505,-18.547240,1.989060,-6.190057,242,IX,25,1
0.452660,2.735470,1.970300,0.029529,0.016084,1.053138,46.482571,0.579302,-8.162913,0.753202,-11.551335,1.058227,-18.683496,2.035252,-6.380906,243,IX,25,1
0.455130,3.456860,1.761660,0.026135,0.014930,1.194274,50.059585,0.580220,-8.225562,0.751452,-11.672727,1.054461,-18.599723,2.041496,-6.283349,244,IX,25,1
0.455100,2.735470,1.976940,0.029430,0.015991,1.110225,47.990045,0.579269,-8.172374,0.750907,-11.655784,1.057904,-18.594697,2.042162,-6.400320,245,IX,25,1
0.451830,2.735470,1.987180,0.029279,0.016570,1.203531,50.277196,0.579544,-8.085900,0.750753,-11.520608,1.053114,-18.493914,2.049423,-6.480728,246,IX,25,1
0.456620,3.456860,1.766000,0.026070,0.015339,1.089439,47.451054,0.581043,-8.150884,0.750301,-11.535057,1.051990,-18.726629,2.053200,-6.316674,247,IX,25,1
0.452910,2.735470,1.987800,0.029270,0.016427,1.287614,52.166012,0.578552,-8.286560,0.749656,-11.601642,1.053185,-18.442283,2.021439,-6.184988,248,IX,25,1
0.454450,2.735470,1.982460,0.029348,0.015018,1.202702,50.257785,0.578506,-8.190730,0.749605,-11.566963,1.055329,-18.582463,2.022029,-6.244976,249,IX,25,1
0.455680,2.735470,1.964560,0.029616,0.013790,1.089371,47.449296,0.578616,-8.267773,0.748589,-11.653879,1.055106,-18.788343,2.026608,-6.196786,250,IX,25,1
0.453140,2.735470,1.989100,0.029250,0.015725,1.220331,50.667105,0.578737,-8.168734,0.749815,-11.663787,1.052846,-18.561245,2.039202,-6.273696,251,IX,25,1
0.452570,2.735470,1.988640,0.029257,0.015399,1.288005,52.174433,0.578185,-8.240650,0.748803,-11.566139,1.051421,-18.502955,2.038752,-6.244495,252,IX,25,1
0.450600,2.735470,1.956660,0.029735,0.017975,1.074820,47.065258,0.575881,-8.193019,0.745376,-11.589134,1.049023,-18.787113,2.030363,-6.236665,253,IX,25,1
0.451390,3.456860,1.764460,0.026093,0.016494,1.124623,48.356928,0.577801,-8.202208,0.748061,-11.598855,1.047247,-18.827058,2.037885,-6.203200,254,IX,25,1
0.450910,2.735470,1.989660,0.029242,0.015864,1.301291,52.458892,0.578801,-8.254243,0.749955,-11.532297,1.049114,-18.615149,2.049494,-6.265896,255,IX,25,1
0.455610,2.735470,1.962600,0.029645,0.014617,1.074876,47.066737,0.581224,-8.162181,0.751944,-11.561843,1.052715,-18.880056,2.089443,-6.393558,256,IX,25,1
0.455110,2.160540,2.193620,0.033581,0.016156,1.280153,52.004583,0.583154,-8.280324,0.753082,-11.549785,1.052872,-18.598843,2.099083,-6.449321,257,IX,25,1
0.454440,2.160540,2.190240,0.033633,0.015793,1.284905,52.107528,0.579713,-8.268675,0.750791,-11.477711,1.049780,-18.696009,2.060664,-6.236123,258,IX,25,1
0.452660,3.456860,1.756400,0.026213,0.015670,1.108352,47.941946,0.578915,-8.174260,0.747291,-11.498352,1.045260,-18.831976,2.053343,-6.249920,259,IX,25,1
0.453250,3.456860,1.748400,0.026333,0.015243,1.115972,48.137124,0.578122,-8.070261,0.746729,-11.451199,1.041849,-18.840434,2.053874,-6.267228,260,IX,25,1
0.461570,2.160540,2.190780,0.033625,0.015644,1.151248,49.021675,0.587565,-7.940737,0.755438,-11.376299,1.049504,-18.785626,2.113350,-6.419492,261,IX,25,1
0.459760,2.160540,2.200940,0.033470,0.016230,1.256680,51.489076,0.587339,-8.112021,0.756534,-11.433080,1.053244,-18.610970,2.086950,-6.226970,262,IX,25,1
0.462400,2.735470,1.983420,0.029334,0.014392,1.279887,51.998824,0.587213,-8.021837,0.755963,-11.361997,1.055429,-18.555258,2.091809,-6.306642,263,IX,25,1
0.462670,2.735470,1.966500,0.029587,0.016451,1.115340,48.120984,0.589637,-8.066003,0.758658,-11.362948,1.056999,-18.736913,2.131982,-6.479168,264,IX,25,1
0.460890,2.735470,1.975360,0.029454,0.015923,1.124049,48.342398,0.586784,-8.001008,0.758377,-11.411704,1.057145,-18.692069,2.097148,-6.327720,265,IX,25,1
0.463600,2.160540,2.184880,0.033716,0.014778,1.253865,51.426452,0.586729,-8.044946,0.755138,-11.273880,1.050420,-18.606241,2.096911,-6.288466,266,IX,25,1
0.461340,2.735470,1.939520,0.029998,0.015996,1.085193,47.339582,0.585349,-7.966068,0.754286,-11.409210,1.049772,-18.848740,2.091870,-6.310241,267,IX,25,1
0.461950,2.735470,1.966640,0.029584,0.015852,1.237546,51.060028,0.586467,-7.928445,0.754693,-11.367927,1.049943,-18.587489,2.099709,-6.386969,268,IX,25,1
0.460800,2.160540,2.188480,0.033660,0.015807,1.263532,51.640780,0.586875,-8.047108,0.755429,-11.316037,1.050178,-18.610102,2.112758,-6.332487,269,IX,25,1
0.461630,2.160540,2.183680,0.033734,0.015636,1.244126,51.208479,0.588878,-8.027098,0.757258,-11.380345,1.053410,-18.640827,2.117837,-6.353640,270,IX,25,1
0.461350,2.160540,2.197000,0.033530,0.015960,1.262113,51.609428,0.588337,-8.012710,0.756676,-11.411687,1.051005,-18.725144,2.121662,-6.306077,271,IX,25,1
0.462610,2.735470,1.966820,0.029582,0.014937,1.139916,48.740897,0.587745,-8.010561,0.755551,-11.351314,1.053858,-18.756954,2.121275,-6.416836,272,IX,25,1
0.461350,2.160540,2.177800,0.033825,0.015776,1.257651,51.510625,0.587578,-7.963486,0.754721,-11.278699,1.050107,-18.641180,2.112572,-6.372089,273,IX,25,1
0.462380,2.735470,1.957440,0.029723,0.016410,1.183755,49.809889,0.588196,-7.906434,0.754737,-11.186603,1.048023,-18.729704,2.116118,-6.433823,274,IX,25,1
0.463940,2.735470,1.933140,0.030097,0.015359,1.070811,46.958457,0.588290,-7.957670,0.755419,-11.254634,1.047300,-18.888812,2.120181,-6.326596,275,IX,25,1
0.463400,2.735470,1.933660,0.030089,0.015398,1.102460,47.789999,0.588753,-8.002750,0.756854,-11.207440,1.045938,-18.885056,2.126204,-6.312063,276,IX,25,1
0.463640,2.160540,2.201560,0.033460,0.015086,1.152664,49.056541,0.589859,-8.054603,0.757202,-11.337110,1.050331,-18.863884,2.142373,-6.271366,277,IX,25,1
0.462320,2.160540,2.192440,0.033599,0.016006,1.261194,51.589130,0.589007,-7.974560,0.755930,-11.301965,1.050598,-18.683688,2.145558,-6.365075,278,IX,25,1
0.462980,2.735470,1.953740,0.029780,0.014996,1.089558,47.454188,0.588546,-7.961854,0.755239,-11.272207,1.051059,-18.843425,2.133706,-6.381650,279,IX,25,1
0.463820,2.160540,2.199220,0.033496,0.014564,1.217439,50.600438,0.588970,-8.012736,0.756932,-11.336700,1.046632,-18.742927,2.145902,-6.300358,280,IX,25,1
0.465120,2.160540,2.167900,0.033980,0.014526,1.250292,51.346712,0.588321,-7.915540,0.754077,-11.128142,1.046643,-18.612163,2.133764,-6.424351,281,IX,25,1
0.467880,2.160540,2.178480,0.033815,0.015645,1.227379,50.828772,0.594066,-7.915988,0.760538,-11.151708,1.053429,-18.587937,2.154892,-6.412067,282,IX,25,1
0.469190,2.160540,2.179200,0.033803,0.016175,1.216241,50.572769,0.595450,-7.793417,0.763018,-11.161446,1.054641,-18.605340,2.157975,-6.405578,283,IX,25,1
0.471970,2.160540,2.180220,0.033788,0.014866,1.273157,51.852170,0.597817,-7.903171,0.762046,-11.106965,1.054125,-18.549042,2.162770,-6.404436,284,IX,25,1
0.470800,2.160540,2.206440,0.033386,0.015578,1.180427,49.730367,0.596102,-7.885219,0.762640,-11.100380,1.053685,-18.743201,2.171238,-6.270750,285,IX,25,1
0.471820,2.735470,1.938120,0.030020,0.014981,1.129616,48.482939,0.596361,-7.835131,0.762518,-11.125437,1.054167,-18.811317,2.172595,-6.282190,286,IX,25,1
0.477520,2.735470,1.955980,0.029746,0.011689,1.141654,48.784170,0.598175,-7.730075,0.762935,-11.121349,1.058842,-18.621605,2.177396,-6.412677,287,IX,25,1
0.474090,2.160540,2.171740,0.033920,0.014935,1.246655,51.265285,0.598261,-7.811009,0.763763,-11.054768,1.051821,-18.490410,2.164124,-6.409806,288,IX,25,1
0.476000,2.735470,1.938000,0.030022,0.014189,1.078806,47.170999,0.598786,-7.729723,0.764274,-11.029164,1.057633,-18.719431,2.176777,-6.390418,289,IX,25,1
0.475130,2.160540,2.196740,0.033534,0.014440,1.180473,49.731453,0.600708,-7.805993,0.764453,-10.985882,1.052535,-18.658464,2.184353,-6.299926,290,IX,25,1
0.508100,2.735470,1.941900,0.029961,0.015917,1.101086,47.754439,0.632058,-7.245830,0.799343,-10.578440,1.089428,-18.233221,2.222111,-6.281801,291,IX,25,1
0.515910,2.735470,1.937400,0.030031,0.015102,1.098371,47.684055,0.641077,-7.286025,0.807283,-10.502676,1.095520,-18.077942,2.234513,-6.202827,292,IX,25,1
0.513390,2.160540,2.193800,0.033578,0.015796,1.246913,51.271065,0.640047,-7.327106,0.805292,-10.520876,1.093056,-17.918673,2.237723,-6.287988,293,IX,25,1
0.516020,1.709520,2.467420,0.037731,0.016440,1.149322,48.974190,0.645416,-7.284364,0.812926,-10.503339,1.091177,-18.188303,2.431304,-6.748915,294,IX,25,1
0.533560,1.709520,2.477940,0.037571,0.016476,1.069923,46.934756,0.661663,-7.127011,0.827424,-10.328837,1.108954,-18.063248,2.449492,-6.723274,295,IX,25,1
0.536140,1.709520,2.475820,0.037603,0.017020,1.022423,45.635224,0.663680,-7.145017,0.830398,-10.152884,1.111310,-18.036294,2.445441,-6.757340,296,IX,25,1
0.535220,2.160540,2.192800,0.033594,0.016001,1.190491,49.970083,0.663884,-7.118247,0.828553,-10.193534,1.108653,-17.768019,2.452212,-6.847319,297,IX,25,1
0.531790,2.160540,2.175120,0.033867,0.015334,1.148020,48.942026,0.659500,-7.157188,0.824432,-10.278520,1.106134,-17.833935,2.455311,-6.873665,298,IX,25,1
0.535050,2.160540,2.209600,0.033338,0.015679,1.173933,49.574396,0.662779,-7.093345,0.828608,-10.272442,1.106290,-17.843658,2.470129,-6.777593,299,IX,25,1
0.535590,2.160540,2.183920,0.033730,0.015289,1.180283,49.726921,0.661460,-7.040588,0.826223,-10.234705,1.107536,-17.795694,2.469592,-6.817325,300,IX,25,1
0.532480,2.160540,2.208220,0.033359,0.017484,1.211280,50.457841,0.662873,-7.013293,0.828227,-10.261766,1.108722,-17.714429,2.474352,-6.755215,301,IX,25,1
0.537250,2.160540,2.177920,0.033823,0.015628,1.044118,46.236409,0.665610,-7.054523,0.831629,-10.134580,1.113855,-17.872402,2.475613,-6.802894,302,IX,25,1
0.537450,1.709520,2.482400,0.037504,0.015709,1.080602,47.218512,0.663120,-7.034910,0.829922,-10.171586,1.109280,-17.911515,2.474238,-6.657179,303,IX,25,1
0.537690,2.160540,2.200260,0.033480,0.016036,1.204829,50.307558,0.665753,-6.931840,0.832848,-10.196757,1.110561,-17.751513,2.487355,-6.765240,304,IX,25,1
0.532680,1.709520,2.483700,0.037484,0.015331,1.057364,46.597128,0.661120,-7.013561,0.826321,-10.274136,1.103357,-18.042674,2.481535,-6.722942,305,IX,25,1
0.524660,1.709520,2.489680,0.037394,0.016606,1.021640,45.613292,0.653846,-7.195966,0.819161,-10.322211,1.099994,-18.126004,2.475911,-6.797627,306,IX,25,1
0.529900,1.709520,2.466480,0.037746,0.014867,1.147795,48.936464,0.657712,-7.182101,0.823220,-10.334036,1.098601,-18.000973,2.485787,-6.706228,307,IX,25,1
0.530910,2.160540,2.170840,0.033934,0.015084,1.063810,46.770948,0.657280,-7.141453,0.826111,-10.368852,1.105183,-18.007364,2.485563,-6.815435,308,IX,25,1
0.528260,2.160540,2.190360,0.033631,0.016695,1.188324,49.918669,0.657985,-7.156957,0.824685,-10.230355,1.104331,-17.876421,2.490126,-6.799809,309,IX,25,1
0.530220,1.709520,2.470880,0.037679,0.015266,1.152802,49.059937,0.658685,-7.199996,0.824821,-10.366018,1.100392,-17.994530,2.499419,-6.716771,310,IX,25,1
0.530310,1.709520,2.483640,0.037485,0.015598,1.086860,47.383418,0.659205,-7.173698,0.826434,-10.254478,1.100723,-18.039992,2.506325,-6.724209,311,IX,25,1
0.532110,2.160540,2.197340,0.033524,0.016594,1.193786,50.048064,0.663703,-7.116879,0.828141,-10.223121,1.099692,-17.851447,2.507209,-6.815707,312,IX,25,1
0.532900,2.160540,2.165920,0.034011,0.015789,1.122487,48.302830,0.663167,-7.073043,0.827561,-10.196414,1.102857,-17.914826,2.507946,-6.888390,313,IX,25,1
0.533210,2.160540,2.162700,0.034061,0.014971,1.107515,47.920415,0.662957,-7.069705,0.828198,-10.185884,1.102533,-17.904690,2.516452,-6.901225,314,IX,25,1
0.534120,2.160540,2.163360,0.034051,0.014122,1.109968,47.983466,0.661949,-7.071904,0.825408,-10.201902,1.105557,-17.872567,2.519863,-6.879026,315,IX,25,1
0.531690,2.160540,2.185780,0.033702,0.014683,1.160184,49.240881,0.661116,-7.072353,0.827063,-10.235317,1.104954,-17.880414,2.528201,-6.826969,316,IX,25,1
0.532240,2.160540,2.185040,0.033713,0.015178,1.171347,49.512027,0.660771,-7.130600,0.827146,-10.301059,1.104735,-17.859453,2.529321,-6.837632,317,IX,25,1
0.530430,2.160540,2.169480,0.033955,0.014667,1.046712,46.307418,0.659387,-7.161661,0.826193,-10.302964,1.105298,-17.985916,2.528645,-6.849011,318,IX,25,1
0.528490,1.709520,2.490240,0.037386,0.014941,1.084736,47.327559,0.657330,-7.253419,0.825440,-10.319202,1.104076,-18.025741,2.531475,-6.849462,319,IX,25,1
0.529970,1.709520,2.449160,0.038013,0.014819,1.186091,49.865570,0.657412,-7.232236,0.822467,-10.244834,1.095945,-17.908442,2.516561,-6.795007,320,IX,25,1
0.529930,1.709520,2.468540,0.037714,0.014598,1.169172,49.459423,0.657196,-7.270705,0.824054,-10.279480,1.097544,-17.980301,2.542255,-6.752798,321,IX,25,1
0.526560,1.709520,2.467600,0.037729,0.016585,1.160730,49.254220,0.656116,-7.287374,0.821993,-10.250324,1.095083,-18.005435,2.483749,-6.521364,322,IX,25,1
0.527330,1.709520,2.478000,0.037570,0.014885,1.110887,48.007046,0.653986,-7.210271,0.820068,-10.319297,1.095852,-18.082240,2.480775,-6.500152,323,IX,25,1
0.528160,1.709520,2.502020,0.037210,0.015047,1.039087,46.098166,0.655128,-7.204030,0.821104,-10.383854,1.097945,-18.155301,2.556063,-6.770365,324,IX,25,1
0.524770,2.160540,2.190220,0.033633,0.014772,1.172646,49.543366,0.655830,-7.119637,0.822395,-10.373045,1.097557,-17.951140,2.549748,-6.817512,325,IX,25,1
0.522980,1.709520,2.463380,0.037793,0.014926,1.191368,49.990868,0.651380,-7.124559,0.816341,-10.360319,1.091684,-18.002754,2.489146,-6.525170,326,IX,25,1
0.525390,1.709520,2.489000,0.037404,0.014387,1.074347,47.052656,0.653014,-7.155658,0.819703,-10.338149,1.094725,-18.203142,2.501011,-6.549482,327,IX,25,1
0.521050,2.160540,2.173440,0.033893,0.015264,1.109155,47.962590,0.648991,-7.272242,0.814454,-10.325878,1.094213,-18.008611,2.493758,-6.639269,328,IX,25,1
0.524860,1.709520,2.472920,0.037647,0.015017,1.069839,46.932494,0.651993,-7.061564,0.816819,-10.245997,1.088832,-18.214764,2.494866,-6.588879,329,IX,25,1
0.529590,2.160540,2.150900,0.034248,0.013563,1.108729,47.951636,0.657066,-7.086223,0.820492,-10.199024,1.095449,-17.987914,2.572902,-6.966927,330,IX,25,1
0.528150,1.709520,2.497920,0.037271,0.014232,1.017903,45.508319,0.657473,-7.199846,0.822932,-10.280383,1.100005,-18.143568,2.591717,-6.885861,331,IX,25,1
0.527320,1.709520,2.458780,0.037864,0.014029,1.177203,49.653063,0.655296,-7.132030,0.821081,-10.264197,1.094036,-17.997910,2.583522,-6.892706,332,IX,25,1
0.522820,1.709520,2.494620,0.037320,0.014281,1.075116,47.073115,0.650424,-7.123049,0.816568,-10.343431,1.092006,-18.210975,2.517762,-6.556664,333,IX,25,1
0.524180,1.709520,2.492460,0.037352,0.014642,1.079873,47.199243,0.651881,-7.181156,0.815514,-10.314286,1.090617,-18.230375,2.524626,-6.576237,334,IX,25,1
0.523770,1.709520,2.459760,0.037849,0.013638,1.195288,50.083515,0.650824,-7.204931,0.815715,-10.327820,1.089527,-17.985844,2.531565,-6.643019,335,IX,25,1
0.525820,1.709520,2.497460,0.037278,0.013551,1.074775,47.064048,0.654337,-7.296957,0.820267,-10.301869,1.092101,-18.248648,2.579280,-6.746331,336,IX,25,1
0.525390,2.160540,2.153660,0.034204,0.013863,1.082157,47.259593,0.653371,-7.165634,0.818162,-10.321523,1.095092,-18.134352,2.583005,-6.915379,337,IX,25,1
0.522750,2.160540,2.175460,0.033862,0.014560,1.181773,49.762555,0.653068,-7.260139,0.816967,-10.341905,1.089871,-17.991229,2.549739,-6.743194,338,IX,25,1
0.523880,2.160540,2.173700,0.033889,0.013411,1.195535,50.089353,0.652339,-7.149693,0.816033,-10.359225,1.087389,-18.046217,2.549526,-6.736089,339,IX,25,1
0.522860,1.709520,2.482560,0.037501,0.013697,1.082388,47.265679,0.651242,-7.157363,0.815856,-10.272816,1.084892,-18.262122,2.547961,-6.652805,340,IX,25,1
0.523960,1.709520,2.457040,0.037891,0.014057,1.174795,49.595150,0.651407,-7.028030,0.816913,-10.308344,1.089792,-18.092740,2.608458,-6.925175,341,IX,25,1
0.522640,1.709520,2.483960,0.037480,0.015043,1.031384,45.885137,0.650319,-7.237600,0.813903,-10.341385,1.088898,-18.220243,2.557312,-6.754471,342,IX,25,1
0.520560,1.709520,2.491880,0.037361,0.013188,1.074593,47.059207,0.648308,-7.332135,0.812879,-10.278194,1.085870,-18.322107,2.557526,-6.662125,343,IX,25,1
0.518690,2.160540,2.169280,0.033958,0.014274,1.246055,51.251815,0.647482,-7.180790,0.812384,-10.377830,1.087376,-18.016623,2.565012,-6.776961,344,IX,25,1
0.519150,2.160540,2.178280,0.033818,0.014797,1.197476,50.135093,0.648601,-7.293256,0.811636,-10.362683,1.086083,-18.059582,2.557876,-6.737004,345,IX,25,1
0.525880,1.709520,2.469520,0.037699,0.013383,1.088362,47.422826,0.653458,-7.127817,0.815278,-10.175853,1.081479,-18.235952,2.604573,-6.879726,346,IX,25,1
0.524040,1.709520,2.484020,0.037479,0.013489,1.027183,45.768242,0.651178,-7.173345,0.814656,-10.226144,1.088938,-18.180078,2.571112,-6.775931,347,IX,25,1
0.523530,1.709520,2.485360,0.037459,0.013478,1.082180,47.260185,0.650104,-7.305773,0.814421,-10.285619,1.085282,-18.246919,2.575159,-6.684517,348,IX,25,1
0.522500,1.709520,2.472760,0.037650,0.013407,1.144725,48.860435,0.650261,-7.152490,0.814242,-10.297682,1.084390,-18.150503,2.583489,-6.692645,349,IX,25,1
0.298200,14.068130,0.855080,0.013231,0.011952,1.274904,51.890335,0.409578,-10.052759,0.546629,-11.953973,0.799527,-12.948528,1.024207,-8.624444,1,IX,35,1
0.298560,14.068130,0.868780,0.013022,0.012093,1.141583,48.782388,0.412324,-10.138253,0.549354,-11.971765,0.804921,-12.687703,1.020012,-8.164528,2,IX,35,1
0.300810,14.068130,0.869100,0.013017,0.011801,1.614488,58.226274,0.414320,-10.084286,0.552385,-12.066414,0.807299,-12.524100,1.018431,-7.618286,3,IX,35,1
0.299190,14.068130,0.876460,0.012908,0.011400,1.579821,57.666887,0.413488,-10.241954,0.552114,-11.972879,0.807787,-12.464982,1.018526,-7.578208,4,IX,35,1
0.295230,14.068130,0.881520,0.012834,0.012234,1.261744,51.601275,0.412592,-10.288797,0.549769,-12.016593,0.805587,-12.512542,1.015348,-7.448870,5,IX,35,1
0.295570,14.068130,0.875620,0.012920,0.012207,1.179908,49.717944,0.409511,-10.223034,0.549423,-12.024389,0.805343,-12.505536,1.018894,-7.380721,6,IX,35,1
0.293540,14.068130,0.877400,0.012894,0.012340,1.155998,49.138446,0.408808,-10.176031,0.547631,-12.045335,0.804154,-12.594307,1.013269,-7.366124,7,IX,35,1
0.294180,14.068130,0.876760,0.012903,0.011348,1.158090,49.189688,0.409353,-10.244208,0.546620,-12.046513,0.805124,-12.604590,1.015213,-7.346837,8,IX,35,1
0.294790,14.068130,0.874680,0.012934,0.010997,1.434562,55.120542,0.407983,-10.101942,0.545461,-11.919461,0.802465,-12.516358,1.011905,-7.478113,9,IX,35,1
0.292920,14.068130,0.874360,0.012939,0.011396,1.405676,54.571905,0.406957,-10.268768,0.545036,-12.027960,0.801137,-12.546037,1.012968,-7.460095,10,IX,35,1
0.292510,14.068130,0.872180,0.012971,0.011965,1.451970,55.444053,0.406729,-10.092761,0.543269,-12.136524,0.799124,-12.536709,1.011394,-7.465266,11,IX,35,1
0.291880,14.068130,0.875940,0.012915,0.011735,1.173605,49.566487,0.407441,-10.320681,0.544293,-12.172386,0.802332,-12.791832,1.014602,-7.401010,12,IX,35,1
0.291220,14.068130,0.875520,0.012922,0.011820,1.093092,47.546591,0.406033,-10.268101,0.543086,-12.166737,0.802128,-12.831770,1.015793,-7.520503,13,IX,35,1
0.289400,14.068130,0.878960,0.012871,0.012671,1.120262,48.246363,0.405725,-10.328843,0.543534,-12.157942,0.801826,-12.828148,1.014247,-7.581455,14,IX,35,1
0.289740,14.068130,0.874680,0.012934,0.012496,1.122574,48.305029,0.405017,-10.082993,0.541468,-12.114789,0.799367,-12.848284,1.011843,-7.365407,15,IX,35,1
0.289890,14.068130,0.874100,0.012943,0.012430,1.349114,53.453148,0.404375,-10.151372,0.539976,-12.151784,0.798658,-12.756377,1.013594,-7.358610,16,IX,35,1
0.288750,14.068130,0.873460,0.012952,0.012717,1.103916,47.827640,0.403542,-10.244669,0.540337,-12.233149,0.799907,-12.952899,1.017132,-7.364246,17,IX,35,1
0.289810,14.068130,0.875680,0.012919,0.011697,1.168496,49.443066,0.404297,-10.336224,0.541266,-12.175148,0.801968,-13.024503,1.019725,-7.411215,18,IX,35,1
0.289300,14.068130,0.880020,0.012856,0.011797,1.111544,48.023897,0.404446,-10.244281,0.541375,-12.195177,0.802122,-13.050121,1.022822,-7.536193,19,IX,35,1
0.289580,14.068130,0.873120,0.012957,0.011789,1.155747,49.132295,0.403983,-10.310238,0.540445,-12.258910,0.798666,-12.978661,1.021299,-7.394584,20,IX,35,1
0.289280,14.068130,0.871860,0.012976,0.012680,1.174170,49.580115,0.403327,-10.129174,0.540581,-12.233661,0.798681,-13.059083,1.020732,-7.663001,21,IX,35,1
0.289000,14.068130,0.870280,0.012999,0.012085,1.395961,54.383986,0.403407,-10.220744,0.538459,-12.230305,0.799640,-13.045314,1.021052,-7.471812,22,IX,35,1
0.288930,11.144800,0.948240,0.015060,0.010980,1.095172,47.600828,0.403572,-10.312932,0.540719,-12.358871,0.801437,-13.268370,1.023331,-7.532255,23,IX,35,1
0.288330,14.068130,0.875600,0.012920,0.011999,1.352117,53.514068,0.404440,-10.237391,0.539717,-12.305989,0.801512,-13.204637,1.027211,-7.441881,24,IX,35,1
0.288490,11.144800,0.945280,0.015107,0.011020,1.090986,47.491555,0.402931,-10.214844,0.539106,-12.216718,0.800058,-13.287893,1.022597,-7.500446,25,IX,35,1
0.289760,14.068130,0.870500,0.012996,0.011557,1.321099,52.876262,0.402751,-10.204876,0.539572,-12.220505,0.799936,-13.218946,1.023698,-7.468447,26,IX,35,1
0.288710,14.068130,0.870640,0.012994,0.012289,1.189055,49.936028,0.403778,-10.152310,0.537399,-12.199314,0.800158,-13.208876,1.027254,-7.643607,27,IX,35,1
0.287660,14.068130,0.872520,0.012966,0.012017,1.172485,49.539482,0.403353,-10.162745,0.538989,-12.272781,0.801450,-13.352229,1.030964,-7.735583,28,IX,35,1
0.288510,11.144800,0.947440,0.015073,0.011981,1.201427,50.227916,0.401815,-10.104763,0.539129,-12.269094,0.801586,-13.434666,1.034588,-7.586241,29,IX,35,1
0.289040,11.144800,0.947600,0.015070,0.011048,1.177853,49.668675,0.404261,-9.951765,0.539556,-12.348243,0.802931,-13.508126,1.031372,-7.422273,30,IX,35,1
0.289830,14.068130,0.869580,0.013010,0.010932,1.051113,46.427485,0.403122,-10.246640,0.539444,-12.259237,0.801802,-13.456333,1.032840,-7.249981,31,IX,35,1
0.288000,11.144800,0.949440,0.015041,0.012281,1.148215,48.946832,0.403997,-10.197884,0.539284,-12.336515,0.802728,-13.609671,1.033829,-7.365160,32,IX,35,1
0.289100,11.144800,0.946480,0.015088,0.011549,1.103909,47.827466,0.403033,-9.991236,0.538736,-12.146479,0.802828,-13.616108,1.033292,-7.371341,33,IX,35,1
0.287540,11.144800,0.952160,0.014998,0.012147,1.364410,53.761657,0.404540,-10.096590,0.540358,-12.378261,0.803582,-13.579696,1.038947,-7.433143,34,IX,35,1
0.289680,11.144800,0.951100,0.015015,0.010023,1.279506,51.990533,0.403502,-10.108740,0.539761,-12.334445,0.805755,-13.691606,1.040488,-7.450091,35,IX,35,1
0.290050,11.144800,0.951560,0.015008,0.010774,1.283559,52.078417,0.402653,-10.186099,0.541675,-12.321448,0.806588,-13.720080,1.042725,-7.426131,36,IX,35,1
0.289840,11.144800,0.950620,0.015022,0.011003,1.328806,53.036524,0.404733,-10.171220,0.539179,-12.346985,0.806488,-13.689842,1.043910,-7.466611,37,IX,35,1
0.289000,11.144800,0.950160,0.015030,0.011597,1.072708,47.009051,0.403718,-10.121082,0.540876,-12.276267,0.805630,-13.832327,1.043603,-7.348524,38,IX,35,1
0.290040,11.144800,0.953020,0.014985,0.011181,1.325999,52.978297,0.403935,-10.101927,0.540161,-12.249955,0.807371,-13.788587,1.047453,-7.437472,39,IX,35,1
0.290350,11.144800,0.950580,0.015023,0.010888,1.335124,53.167006,0.404163,-10.165506,0.541247,-12.364559,0.808042,-13.866091,1.049985,-7.372767,40,IX,35,1
0.290590,11.144800,0.952880,0.014987,0.011472,1.177092,49.650392,0.404615,-10.000298,0.541236,-12.210801,0.809206,-13.994882,1.050362,-7.420910,41,IX,35,1
0.290200,11.144800,0.950760,0.015020,0.012046,1.326288,52.984290,0.405155,-10.119611,0.540287,-12.305092,0.806304,-13.792143,1.048189,-7.375020,42,IX,35,1
0.291080,11.144800,0.948480,0.015056,0.011287,1.352939,53.530731,0.406019,-10.075164,0.539708,-12.179933,0.807041,-13.831096,1.050130,-7.454053,43,IX,35,1
0.291610,11.144800,0.948680,0.015053,0.010934,1.322318,52.901687,0.405684,-9.935413,0.540069,-12.192323,0.807413,-13.938420,1.050595,-7.488772,44,IX,35,1
0.291230,11.144800,0.951620,0.015007,0.010691,1.128680,48.459352,0.406581,-9.923302,0.540997,-12.259379,0.810295,-14.063602,1.053581,-7.382274,45,IX,35,1
0.291390,11.144800,0.952200,0.014998,0.011402,1.285662,52.123889,0.406586,-9.845646,0.540295,-12.322896,0.810179,-14.060001,1.058427,-7.355624,46,IX,35,1
0.290680,11.144800,0.954980,0.014954,0.012024,1.193477,50.040753,0.405762,-9.959046,0.541830,-12.253690,0.811985,-14.168140,1.062844,-7.435626,47,IX,35,1
0.290070,11.144800,0.953320,0.014980,0.012376,1.092733,47.537220,0.406145,-10.142898,0.540891,-12.236091,0.810189,-14.143676,1.055692,-7.523543,48,IX,35,1
0.291180,11.144800,0.950480,0.015025,0.011547,1.162340,49.293494,0.405772,-9.842256,0.540635,-12.182341,0.809150,-14.132469,1.057268,-7.256993,49,IX,35,1
0.291420,11.144800,0.952780,0.014988,0.010817,1.293452,52.291490,0.407961,-10.061029,0.540703,-12.357964,0.810875,-14.147936,1.061150,-7.403643,50,IX,35,1
0.291520,11.144800,0.955120,0.014952,0.011632,1.158078,49.189405,0.406812,-9.981784,0.542039,-12.305283,0.812106,-14.222657,1.067257,-7.256277,51,IX,35,1
0.291980,11.144800,0.955040,0.014953,0.010764,1.262384,51.615436,0.405704,-10.053463,0.541705,-12.354014,0.813026,-14.245458,1.068783,-7.171879,52,IX,35,1
0.291420,11.144800,0.956960,0.014923,0.011037,1.106159,47.885508,0.407548,-10.028331,0.542732,-12.382133,0.814070,-14.377247,1.068101,-7.150411,53,IX,35,1
0.294020,11.144800,0.943780,0.015131,0.009861,1.019499,45.553187,0.406428,-9.799824,0.540786,-12.109946,0.811904,-14.388457,1.064363,-7.285324,54,IX,35,1
0.291490,11.144800,0.952180,0.014998,0.012186,1.238411,51.079592,0.407114,-9.991455,0.541856,-12.315076,0.811658,-14.295097,1.069332,-7.213223,55,IX,35,1
0.292380,11.144800,0.951440,0.015010,0.010809,1.144982,48.866822,0.409094,-9.889346,0.541660,-12.357758,0.812617,-14.435718,1.070887,-7.163678,56,IX,35,1
0.292350,11.144800,0.952060,0.015000,0.010492,1.079317,47.184539,0.407716,-9.995019,0.542864,-12.309947,0.814301,-14.530943,1.075584,-7.122276,57,IX,35,1
0.292070,11.144800,0.958500,0.014899,0.011313,1.126228,48.397499,0.406798,-10.149913,0.543382,-12.238785,0.816821,-14.529641,1.076849,-7.249110,58,IX,35,1
0.291850,11.144800,0.956220,0.014934,0.010857,1.141802,48.787848,0.406561,-9.938625,0.540711,-12.359577,0.815061,-14.460767,1.073608,-7.314063,59,IX,35,1
0.292710,11.144800,0.953800,0.014972,0.011892,1.194465,50.064098,0.408782,-9.890455,0.541409,-12.329076,0.815388,-14.509259,1.075571,-7.326849,60,IX,35,1
0.294210,11.144800,0.952960,0.014986,0.010878,1.116565,48.152240,0.407722,-9.809854,0.542766,-12.256810,0.816347,-14.610974,1.074934,-7.296217,61,IX,35,1
0.292450,11.144800,0.956480,0.014930,0.011160,1.008277,45.236142,0.409019,-9.922597,0.543089,-12.270306,0.817348,-14.750395,1.079695,-7.220026,62,IX,35,1
0.293880,11.144800,0.955060,0.014953,0.010407,1.161864,49.281884,0.409256,-9.846206,0.544301,-12.217908,0.818275,-14.662577,1.083976,-7.237938,63,IX,35,1
0.293260,11.144800,0.958660,0.014896,0.010227,1.109036,47.959516,0.408679,-9.938017,0.544211,-12.255557,0.819995,-14.866376,1.086317,-7.327115,64,IX,35,1
0.294060,11.144800,0.953720,0.014974,0.009886,1.240562,51.128200,0.408404,-9.768306,0.543209,-12.280221,0.817106,-14.696245,1.084787,-7.232088,65,IX,35,1
0.294880,11.144800,0.953180,0.014982,0.010184,1.220073,50.661167,0.410418,-9.663471,0.543066,-12.265325,0.817709,-14.682059,1.085874,-7.256370,66,IX,35,1
0.294200,11.144800,0.949780,0.015036,0.010629,1.003279,45.093793,0.410843,-9.755331,0.543574,-12.231269,0.817038,-14.862326,1.083916,-7.255934,67,IX,35,1
0.293890,11.144800,0.956820,0.014925,0.010512,1.209205,50.409602,0.409290,-9.752415,0.544696,-12.253558,0.819491,-14.837790,1.092403,-7.192193,68,IX,35,1
0.294690,11.144800,0.957900,0.014908,0.009795,1.177988,49.671905,0.409643,-9.884068,0.543626,-12.173119,0.821022,-14.882461,1.093154,-7.207984,69,IX,35,1
0.293940,8.817720,1.044080,0.017287,0.010650,1.133720,48.586037,0.409608,-9.861092,0.544560,-12.263077,0.820895,-14.888611,1.094814,-7.103126,70,IX,35,1
0.294150,11.144800,0.958880,0.014893,0.010957,1.189331,49.942570,0.410104,-9.797879,0.545275,-12.215826,0.820845,-14.966140,1.096452,-7.044040,71,IX,35,1
0.295720,11.144800,0.958140,0.014905,0.009105,1.058129,46.617799,0.409280,-9.727146,0.545184,-12.402397,0.821092,-14.982214,1.092754,-7.106171,72,IX,35,1
0.294490,8.817720,1.042720,0.017310,0.010707,1.099367,47.709896,0.409190,-9.759555,0.544016,-12.185145,0.821065,-14.937907,1.098055,-7.074622,73,IX,35,1
0.294130,11.144800,0.956280,0.014934,0.010483,1.149883,48.988024,0.411137,-9.752526,0.545744,-12.246928,0.821030,-15.102124,1.100878,-7.007664,74,IX,35,1
0.295590,11.144800,0.962020,0.014844,0.009832,1.173114,49.554664,0.410172,-9.776320,0.545404,-12.340695,0.823693,-15.058936,1.102105,-7.244301,75,IX,35,1
0.295080,11.144800,0.957820,0.014910,0.010227,1.155409,49.123990,0.410882,-9.784391,0.546103,-12.214952,0.823055,-15.154893,1.104570,-6.994168,76,IX,35,1
0.294900,11.144800,0.958840,0.014894,0.011293,1.136035,48.644007,0.410294,-9.940939,0.545081,-12.254101,0.823005,-15.122877,1.103195,-7.224870,77,IX,35,1
0.294830,8.817720,1.045540,0.017263,0.010338,0.967978,44.067790,0.411681,-9.815744,0.545492,-12.285420,0.822161,-15.224225,1.101529,-7.116750,78,IX,35,1
0.294750,8.817720,1.046000,0.017256,0.010452,1.195476,50.087949,0.412665,-9.738202,0.545125,-12.292862,0.823358,-15.156727,1.109357,-7.075676,79,IX,35,1
0.294950,11.144800,0.961860,0.014847,0.010097,1.096898,47.645757,0.411009,-9.736285,0.545339,-12.312964,0.825026,-15.314807,1.109486,-7.151754,80,IX,35,1
0.293870,8.817720,1.050280,0.017185,0.011328,0.956635,43.730364,0.411778,-9.776781,0.545398,-12.337242,0.823563,-15.380775,1.109031,-7.075210,81,IX,35,1
0.295240,11.144800,0.958340,0.014901,0.010219,1.165152,49.361915,0.411529,-9.733865,0.545713,-12.218304,0.823180,-15.309430,1.108906,-7.185158,82,IX,35,1
0.295600,11.144800,0.952260,0.014997,0.010000,1.080329,47.211301,0.410664,-9.880258,0.544948,-12.196516,0.822040,-15.333045,1.106754,-7.226172,83,IX,35,1
0.294860,8.817720,1.042400,0.017315,0.009559,1.071808,46.985066,0.411690,-9.752152,0.544101,-12.269399,0.822055,-15.345408,1.109331,-7.091671,84,IX,35,1
0.296430,8.817720,1.045780,0.017259,0.009149,1.151066,49.017191,0.411276,-9.695883,0.545606,-12.239047,0.824236,-15.397612,1.114856,-7.182956,85,IX,35,1
0.296060,8.817720,1.046180,0.017253,0.010351,1.131453,48.529135,0.411796,-9.762506,0.545802,-12.267549,0.825712,-15.455451,1.117952,-7.150333,86,IX,35,1
0.297280,8.817720,1.042580,0.017312,0.008866,1.099685,47.718152,0.412090,-9.695035,0.547051,-12.290363,0.824046,-15.518783,1.118602,-6.949372,87,IX,35,1
0.296070,11.144800,0.954480,0.014962,0.009684,1.100028,47.727050,0.411386,-9.611861,0.546461,-12.273353,0.824225,-15.466194,1.115258,-7.221443,88,IX,35,1
0.296270,8.817720,1.042300,0.017317,0.010766,1.098351,47.683516,0.413597,-9.679945,0.545510,-12.183645,0.822883,-15.489978,1.116209,-7.004748,89,IX,35,1
0.295150,8.817720,1.044220,0.017285,0.010993,1.185873,49.860384,0.413996,-9.808069,0.545492,-12.193059,0.823163,-15.440755,1.118836,-7.129967,90,IX,35,1
0.296810,8.817720,1.046180,0.017253,0.010207,0.992024,44.770584,0.412572,-9.606895,0.546635,-12.194437,0.826184,-15.607621,1.119907,-7.157507,91,IX,35,1
0.297440,8.817720,1.046500,0.017247,0.010018,0.975814,44.298689,0.413506,-9.756887,0.547363,-12.283478,0.826707,-15.655846,1.121898,-7.165687,92,IX,35,1
0.297070,8.817720,1.047060,0.017238,0.009415,1.141664,48.784423,0.414066,-9.527889,0.546516,-12.245217,0.826847,-15.644441,1.127069,-7.114494,93,IX,35,1
0.297660,8.817720,1.038820,0.017375,0.009567,1.135766,48.637263,0.411433,-9.655118,0.545664,-12.222156,0.823837,-15.548708,1.123542,-7.008659,94,IX,35,1
0.298630,8.817720,1.036360,0.017416,0.009202,1.173836,49.572066,0.412224,-9.729930,0.544988,-12.140834,0.824075,-15.622575,1.126049,-7.069390,95,IX,35,1
0.296860,11.144800,0.955220,0.014950,0.010742,1.038217,46.074186,0.413591,-9.541310,0.546230,-12.203729,0.826405,-15.737617,1.123678,-7.214377,96,IX,35,1
0.298080,8.817720,1.045640,0.017262,0.008478,1.029992,45.846459,0.415167,-9.613272,0.546833,-12.287468,0.827649,-15.840466,1.130510,-7.153005,97,IX,35,1
0.297000,8.817720,1.048700,0.017211,0.010063,1.093222,47.549986,0.413709,-9.715879,0.546981,-12.301802,0.828191,-15.904871,1.132521,-7.157072,98,IX,35,1
0.298780,8.817720,1.044560,0.017279,0.008804,0.944643,43.369443,0.414835,-9.787286,0.546566,-12.207786,0.827440,-15.927504,1.133118,-7.044461,99,IX,35,1
0.298710,8.817720,1.039860,0.017358,0.008756,1.133476,48.579912,0.414595,-9.577136,0.546635,-12.167128,0.826455,-15.864326,1.133724,-7.133354,100,IX,35,1
0.298340,8.817720,1.041280,0.017334,0.008961,1.128214,48.447612,0.412987,-9.588287,0.545541,-12.272430,0.825903,-15.888875,1.134429,-6.972224,101,IX,35,1
0.296400,8.817720,1.048460,0.017215,0.010060,1.018627,45.528692,0.413957,-9.588910,0.544986,-12.235214,0.826502,-15.881704,1.132750,-7.187836,102,IX,35,1
0.297930,8.817720,1.048660,0.017212,0.009368,0.932587,43.002194,0.414255,-9.579527,0.546933,-12.283266,0.829117,-16.019144,1.137157,-7.066972,103,IX,35,1
0.298640,8.817720,1.043160,0.017303,0.008910,0.975524,44.290159,0.414022,-9.533337,0.546532,-12.329491,0.828120,-16.050020,1.139029,-6.964194,104,IX,35,1
0.296790,8.817720,1.049720,0.017195,0.009575,1.114557,48.100992,0.414267,-9.813718,0.547048,-12.325965,0.829227,-16.086374,1.145800,-7.088042,105,IX,35,1
0.298430,8.817720,1.043240,0.017301,0.009222,1.116557,48.152041,0.413691,-9.659272,0.546233,-12.267138,0.826781,-15.993726,1.141106,-6.939309,106,IX,35,1
0.299480,8.817720,1.039220,0.017368,0.009110,1.109156,47.962612,0.413707,-9.489809,0.545896,-12.280181,0.826280,-16.017831,1.140270,-7.036210,107,IX,35,1
0.297060,8.817720,1.043840,0.017291,0.010466,0.962913,43.917587,0.413191,-9.573306,0.545612,-12.238571,0.825958,-16.157046,1.139061,-7.030924,108,IX,35,1
0.298460,8.817720,1.044020,0.017288,0.008501,1.037216,46.046581,0.414811,-9.600443,0.547080,-12.211487,0.828593,-16.272184,1.146709,-6.994181,109,IX,35,1
0.297500,8.817720,1.049780,0.017194,0.009373,0.960395,43.842622,0.414086,-9.537352,0.546439,-12.246971,0.829847,-16.210719,1.147686,-7.094983,110,IX,35,1
0.297050,8.817720,1.046340,0.017250,0.009529,1.115780,48.132222,0.413773,-9.613201,0.547822,-12.370913,0.828776,-16.265379,1.153255,-6.886410,111,IX,35,1
0.297440,8.817720,1.050640,0.017179,0.009027,0.962068,43.892471,0.414130,-9.636119,0.546797,-12.312238,0.830644,-16.325600,1.150723,-7.091591,112,IX,35,1
0.296060,8.817720,1.052580,0.017148,0.010651,1.042129,46.181830,0.415219,-9.628906,0.547909,-12.364048,0.830876,-16.230671,1.154263,-7.100248,113,IX,35,1
0.296680,8.817720,1.048920,0.017208,0.009397,1.063233,46.755432,0.414373,-9.574238,0.546486,-12.237317,0.829105,-16.348485,1.155523,-6.867153,114,IX,35,1
0.297670,8.817720,1.050420,0.017183,0.009584,1.194356,50.061519,0.414303,-9.572385,0.546895,-12.255158,0.830956,-16.316651,1.158657,-7.071483,115,IX,35,1
0.296790,8.817720,1.055320,0.017103,0.008949,1.051800,46.446176,0.413563,-9.563408,0.547578,-12.244241,0.832549,-16.373477,1.160132,-7.092510,116,IX,35,1
0.298470,8.817720,1.050220,0.017186,0.008366,1.131953,48.541681,0.414285,-9.695580,0.548143,-12.252580,0.831207,-16.388484,1.164067,-6.963560,117,IX,35,1
0.297080,8.817720,1.051860,0.017160,0.008405,1.111384,48.019788,0.414936,-9.656740,0.546721,-12.354424,0.831347,-16.434310,1.162791,-7.024579,118,IX,35,1
0.298020,8.817720,1.047560,0.017230,0.008876,0.931610,42.972238,0.413900,-9.654782,0.546407,-12.247620,0.829791,-16.541174,1.157923,-6.982052,119,IX,35,1
0.297450,8.817720,1.049120,0.017204,0.009614,1.074894,47.067225,0.414441,-9.613954,0.548021,-12.251237,0.831002,-16.469555,1.162866,-6.936298,120,IX,35,1
0.299130,8.817720,1.047880,0.017225,0.008135,1.123683,48.333144,0.415409,-9.672086,0.547736,-12.220712,0.832383,-16.451703,1.168225,-6.982751,121,IX,35,1
0.299030,6.975450,1.148780,0.019861,0.009241,1.127574,48.431468,0.415982,-9.638217,0.547180,-12.155709,0.831346,-16.447522,1.170509,-6.970972,122,IX,35,1
0.298240,8.817720,1.047460,0.017232,0.009208,1.040557,46.138626,0.415608,-9.499133,0.546664,-12.192367,0.831566,-16.517368,1.163447,-7.107038,123,IX,35,1
0.296990,8.817720,1.045560,0.017263,0.009770,1.080512,47.216149,0.415296,-9.420226,0.545401,-12.202312,0.828030,-16.495307,1.164920,-6.899433,124,IX,35,1
0.298920,8.817720,1.044640,0.017278,0.008561,1.080372,47.212440,0.415557,-9.515215,0.545865,-12.072379,0.829295,-16.545723,1.164412,-7.119117,125,IX,35,1
0.297620,6.975450,1.144040,0.019944,0.010674,1.124501,48.353850,0.414668,-9.436413,0.545224,-12.332219,0.829437,-16.580374,1.167439,-7.068337,126,IX,35,1
0.299440,8.817720,1.049060,0.017205,0.008183,1.057686,46.605831,0.414895,-9.615626,0.547454,-12.288312,0.832826,-16.759026,1.171020,-7.019341,127,IX,35,1
0.299370,8.817720,1.047640,0.017229,0.008302,1.130832,48.513513,0.416651,-9.656586,0.548403,-12.200589,0.832593,-16.629859,1.176978,-6.960046,128,IX,35,1
0.299100,6.975450,1.148020,0.019875,0.008445,1.181926,49.766221,0.414946,-9.676911,0.548671,-12.150777,0.832937,-16.670731,1.178008,-7.039869,129,IX,35,1
0.299380,8.817720,1.042000,0.017322,0.008303,1.183847,49.812085,0.416126,-9.483786,0.546109,-12.122324,0.829693,-16.630037,1.171662,-7.080142,130,IX,35,1
0.297960,8.817720,1.046020,0.017255,0.008487,1.065707,46.821875,0.415582,-9.657855,0.545631,-12.086423,0.829493,-16.763952,1.168353,-7.090100,131,IX,35,1
0.296990,6.975450,1.147900,0.019877,0.009389,1.133851,48.589326,0.414962,-9.345509,0.545559,-12.079084,0.829041,-16.634806,1.173945,-7.014517,132,IX,35,1
0.297780,6.975450,1.150500,0.019832,0.008791,1.116869,48.160007,0.416056,-9.436252,0.547354,-12.274263,0.832842,-16.789615,1.182007,-7.022466,133,IX,35,1
0.298360,8.817720,1.045200,0.017269,0.008486,1.096142,47.626098,0.414753,-9.382802,0.546969,-12.189340,0.831263,-16.849932,1.182731,-6.929593,134,IX,35,1
0.299830,8.817720,1.047580,0.017230,0.006871,1.071934,46.988416,0.416275,-9.552429,0.548513,-12.277459,0.831965,-16.928672,1.184718,-6.823734,135,IX,35,1
0.299930,8.817720,1.040660,0.017344,0.008194,1.027395,45.774155,0.415963,-9.485307,0.546033,-12.134188,0.828970,-16.830621,1.177318,-6.932648,136,IX,35,1
0.298130,6.975450,1.142880,0.019964,0.009168,1.084938,47.332879,0.415604,-9.378187,0.546492,-12.050881,0.829594,-16.814509,1.178919,-7.122816,137,IX,35,1
0.299100,8.817720,1.037360,0.017399,0.008562,1.036695,46.032170,0.415382,-9.433803,0.545486,-12.148695,0.827478,-16.964681,1.178655,-6.902207,138,IX,35,1
0.300350,8.817720,1.043080,0.017304,0.007341,1.034006,45.957832,0.416697,-9.533672,0.546784,-12.235178,0.831747,-17.040360,1.186740,-6.857290,139,IX,35,1
0.299050,8.817720,1.046700,0.017244,0.008178,1.022535,45.638352,0.416138,-9.514313,0.547515,-12.231911,0.833047,-17.082103,1.187891,-6.869549,140,IX,35,1
0.300210,8.817720,1.048380,0.017217,0.007447,0.942132,43.293323,0.416956,-9.441320,0.546911,-12.219132,0.834004,-17.062171,1.188578,-7.033213,141,IX,35,1
0.299700,8.817720,1.041060,0.017338,0.007950,1.153184,49.069350,0.416223,-9.426413,0.546180,-12.235589,0.830698,-16.995433,1.186221,-7.032651,142,IX,35,1
0.298670,6.975450,1.146720,0.019897,0.008819,1.130991,48.517512,0.414311,-9.334627,0.545427,-12.175183,0.828857,-16.965567,1.186971,-7.042248,143,IX,35,1
0.298750,8.817720,1.040620,0.017345,0.008033,1.079656,47.193499,0.415986,-9.420122,0.544603,-12.126345,0.829270,-17.066844,1.188011,-6.899234,144,IX,35,1
0.300220,6.975450,1.154980,0.019755,0.008177,1.125578,48.381073,0.416821,-9.429943,0.547717,-12.180569,0.832146,-17.110080,1.196901,-6.922854,145,IX,35,1
0.299960,8.817720,1.044100,0.017287,0.008108,1.019673,45.558096,0.416342,-9.442288,0.547059,-12.163722,0.832673,-17.265947,1.194419,-6.888313,146,IX,35,1
0.298330,6.975450,1.153640,0.019778,0.009071,1.104536,47.843641,0.416534,-9.556232,0.549399,-12.116019,0.833803,-17.148444,1.200079,-7.021419,147,IX,35,1
0.299430,8.817720,1.040660,0.017344,0.008452,1.138333,48.701426,0.415346,-9.383087,0.545944,-12.202293,0.831644,-17.199289,1.190654,-7.117622,148,IX,35,1
0.299330,6.975450,1.140740,0.020001,0.008152,1.045814,46.282864,0.416555,-9.374218,0.545260,-12.121270,0.831174,-17.162411,1.192935,-7.124551,149,IX,35,1
0.299510,6.975450,1.143000,0.019962,0.008815,1.063307,46.757402,0.416569,-9.277749,0.546554,-12.092958,0.830383,-17.143095,1.192594,-7.117874,150,IX,35,1
0.300810,8.817720,1.046460,0.017248,0.007810,1.040559,46.138686,0.417872,-9.327767,0.546953,-12.265488,0.834456,-17.249248,1.199304,-7.079424,151,IX,35,1
0.300470,6.975450,1.145380,0.019920,0.007692,1.105435,47.866845,0.418064,-9.426723,0.547918,-12.020523,0.833329,-17.238819,1.203015,-7.055771,152,IX,35,1
0.301360,6.975450,1.144620,0.019934,0.008474,1.039674,46.114330,0.418952,-9.476137,0.547688,-12.084498,0.833669,-17.277068,1.203270,-7.078525,153,IX,35,1
0.299530,8.817720,1.043220,0.017302,0.008192,1.076468,47.109012,0.418116,-9.381146,0.547287,-12.173532,0.832122,-17.333687,1.203787,-6.861776,154,IX,35,1
0.299920,6.975450,1.145880,0.019912,0.008224,1.118081,48.190883,0.417097,-9.336928,0.548735,-12.050283,0.831381,-17.197867,1.201518,-7.057475,155,IX,35,1
0.300910,6.975450,1.149420,0.019850,0.008737,1.125352,48.375355,0.418978,-9.443312,0.548487,-12.161715,0.832225,-17.301321,1.208120,-6.974048,156,IX,35,1
0.301810,8.817720,1.040280,0.017351,0.006785,1.034040,45.958760,0.418817,-9.177335,0.549727,-12.230462,0.832850,-17.470629,1.208812,-6.841602,157,IX,35,1
0.301830,8.817720,1.043660,0.017294,0.008024,1.012726,45.362257,0.419244,-9.547406,0.550158,-12.122025,0.835174,-17.557557,1.209662,-6.907372,158,IX,35,1
0.301700,6.975450,1.152700,0.019794,0.007547,1.178612,49.686875,0.420312,-9.363908,0.550969,-12.147946,0.836344,-17.436757,1.214963,-7.008556,159,IX,35,1
0.302330,6.975450,1.156260,0.019733,0.007218,1.131547,48.531485,0.420551,-9.434725,0.550695,-12.146990,0.833822,-17.423655,1.214986,-6.957325,160,IX,35,1
0.302480,8.817720,1.040200,0.017352,0.007801,1.022638,45.641240,0.419563,-9.384601,0.550918,-12.064725,0.834552,-17.508217,1.213191,-6.846824,161,IX,35,1
0.301790,8.817720,1.041100,0.017337,0.007962,1.032993,45.929750,0.420663,-9.552625,0.550019,-12.109734,0.834087,-17.588050,1.216059,-6.826159,162,IX,35,1
0.302910,6.975450,1.147920,0.019876,0.008913,1.047590,46.331414,0.419854,-9.417768,0.551766,-12.171383,0.837548,-17.487819,1.220067,-7.028196,163,IX,35,1
0.302740,6.975450,1.150520,0.019831,0.007383,1.062265,46.729372,0.421321,-9.362207,0.552028,-12.134643,0.839515,-17.552224,1.221706,-7.024486,164,IX,35,1
0.303050,8.817720,1.043440,0.017298,0.007459,1.023901,45.676591,0.420482,-9.298820,0.549987,-12.108366,0.836234,-17.652159,1.222285,-6.829233,165,IX,35,1
0.302660,8.817720,1.043160,0.017303,0.007980,0.942796,43.313461,0.419674,-9.369487,0.549886,-12.102926,0.835903,-17.622074,1.214999,-7.043962,166,IX,35,1
0.301540,6.975450,1.143580,0.019952,0.008527,1.063627,46.766014,0.418513,-9.468941,0.549282,-12.051890,0.834463,-17.540199,1.217362,-7.083424,167,IX,35,1
0.302570,6.975450,1.145940,0.019911,0.007635,1.037657,46.058723,0.420281,-9.407693,0.549305,-12.115902,0.835792,-17.548049,1.218757,-7.096408,168,IX,35,1
0.302750,8.817720,1.045540,0.017263,0.007929,0.929454,42.906061,0.422296,-9.556002,0.551180,-12.030334,0.836655,-17.690838,1.222201,-6.984286,169,IX,35,1
0.301960,6.975450,1.152520,0.019797,0.007622,1.077150,47.127112,0.422306,-9.456124,0.552235,-12.138923,0.838375,-17.663421,1.227970,-7.023797,170,IX,35,1
0.303180,8.817720,1.045720,0.017260,0.007781,0.927832,42.856158,0.421649,-9.420159,0.552359,-12.155876,0.838395,-17.790782,1.226824,-6.964573,171,IX,35,1
0.303870,6.975450,1.144280,0.019940,0.006220,1.044013,46.233528,0.420632,-9.438534,0.549667,-11.987902,0.837105,-17.598610,1.224911,-7.060907,172,IX,35,1
0.302670,8.817720,1.038620,0.017378,0.007481,1.061243,46.701862,0.421226,-9.362229,0.550234,-12.032406,0.834042,-17.680423,1.228008,-6.861274,173,IX,35,1
0.303710,6.975450,1.151640,0.019812,0.007705,1.108892,47.955813,0.421117,-9.319695,0.551020,-12.136775,0.835723,-17.682986,1.230052,-6.917251,174,IX,35,1
0.303940,8.817720,1.040080,0.017354,0.007604,0.998032,44.943575,0.422258,-9.307497,0.552242,-12.078707,0.836606,-17.830108,1.230042,-6.888377,175,IX,35,1
0.303600,6.975450,1.146680,0.019898,0.006643,0.994367,44.838175,0.422830,-9.502582,0.552644,-12.168569,0.838536,-17.824864,1.234275,-7.046804,176,IX,35,1
0.304340,8.817720,1.042460,0.017314,0.006640,0.981464,44.464022,0.423160,-9.422128,0.553251,-12.076876,0.838293,-17.902938,1.235727,-6.871870,177,IX,35,1
0.304460,6.975450,1.151380,0.019817,0.007323,1.129773,48.486873,0.422319,-9.283986,0.551294,-12.055701,0.837317,-17.703414,1.236144,-6.962250,178,IX,35,1
0.305330,6.975450,1.141820,0.019983,0.006461,1.102072,47.779968,0.421808,-9.268111,0.551584,-12.060507,0.836057,-17.731508,1.234945,-7.044407,179,IX,35,1
0.304030,8.817720,1.040260,0.017351,0.007479,0.941108,43.262211,0.422155,-9.340712,0.550775,-12.080696,0.835976,-17.935985,1.231384,-6.938201,180,IX,35,1
0.303490,6.975450,1.149960,0.019841,0.007121,1.096211,47.627894,0.422922,-9.208715,0.552718,-12.082227,0.839498,-17.879038,1.240908,-7.016409,181,IX,35,1
0.303970,8.817720,1.042220,0.017318,0.006507,1.000465,45.013321,0.423092,-9.463006,0.553447,-12.037944,0.838623,-18.010876,1.241305,-6.883213,182,IX,35,1
0.304040,6.975450,1.153120,0.019787,0.008373,1.109268,47.965478,0.422076,-9.335604,0.552304,-12.019848,0.839535,-17.936384,1.245708,-6.971106,183,IX,35,1
0.302900,6.975450,1.153100,0.019787,0.007313,1.085116,47.337555,0.421737,-9.264994,0.552400,-11.994393,0.838401,-17.874202,1.241348,-7.015133,184,IX,35,1
0.303610,6.975450,1.158220,0.019700,0.006961,1.058444,46.626331,0.422427,-9.325765,0.552376,-12.077878,0.836153,-17.921735,1.241867,-6.841539,185,IX,35,1
0.303880,6.975450,1.146580,0.019900,0.007436,0.994883,44.853028,0.422430,-9.277788,0.550661,-12.051216,0.838564,-17.905614,1.239279,-7.060689,186,IX,35,1
0.304790,6.975450,1.152160,0.019803,0.007137,1.125576,48.381011,0.423656,-9.309499,0.552069,-12.013775,0.838547,-17.918377,1.247593,-6.943008,187,IX,35,1
0.303490,6.975450,1.154180,0.019769,0.006739,1.151838,49.036222,0.423962,-9.322446,0.552939,-11.978491,0.840592,-17.967180,1.250335,-7.020190,188,IX,35,1
0.303480,6.975450,1.162160,0.019633,0.007123,1.123775,48.335471,0.421712,-9.407502,0.552649,-12.092934,0.838864,-17.997601,1.254247,-6.887827,189,IX,35,1
0.306090,6.975450,1.154860,0.019757,0.005831,1.132000,48.542881,0.422263,-9.268064,0.552121,-12.101259,0.839654,-17.995285,1.255939,-6.955376,190,IX,35,1
0.305480,6.975450,1.144860,0.019929,0.006796,1.121930,48.288692,0.423148,-9.242911,0.552627,-12.005753,0.839021,-17.986151,1.248823,-7.062546,191,IX,35,1
0.304580,6.975450,1.146760,0.019896,0.006725,1.142888,48.814844,0.423312,-9.223472,0.552622,-12.080779,0.839261,-18.038738,1.249682,-7.055038,192,IX,35,1
0.303960,8.817720,1.037740,0.017393,0.006662,1.007186,45.205139,0.422509,-9.154425,0.551340,-12.084236,0.837130,-18.148840,1.247424,-6.887255,193,IX,35,1
0.304230,8.817720,1.042080,0.017321,0.007063,0.958977,43.800331,0.423875,-9.283495,0.553466,-12.115248,0.839330,-18.190742,1.255323,-6.897279,194,IX,35,1
0.305050,6.975450,1.160060,0.019668,0.006788,1.129436,48.478408,0.423594,-9.168244,0.553905,-12.076582,0.839417,-18.115900,1.262416,-6.932064,195,IX,35,1
0.303690,5.517300,1.262140,0.022855,0.005544,0.998212,44.948721,0.422398,-9.266546,0.552815,-12.041014,0.839001,-18.217459,1.256952,-6.827436,196,IX,35,1
0.304210,6.975450,1.161640,0.019642,0.006637,1.024496,45.693234,0.422586,-9.311425,0.552487,-12.118133,0.838260,-18.295368,1.260391,-6.803627,197,IX,35,1
0.304640,5.517300,1.260720,0.022881,0.006056,0.995658,44.875341,0.422791,-9.204548,0.553148,-12.033597,0.839983,-18.356048,1.259566,-6.885502,198,IX,35,1
0.303010,6.975450,1.145260,0.019922,0.006700,0.999449,44.984199,0.422238,-9.325160,0.552095,-12.047645,0.839367,-18.195956,1.255469,-6.989953,199,IX,35,1
0.303870,5.517300,1.267800,0.022753,0.006641,0.957271,43.749374,0.422601,-9.285207,0.552911,-11.980671,0.841174,-18.296199,1.261793,-6.979674,200,IX,35,1
0.304810,5.517300,1.267420,0.022760,0.005615,0.934179,43.050959,0.423923,-9.316773,0.553468,-11.994586,0.842382,-18.443596,1.265429,-6.919309,201,IX,35,1
0.304650,6.975450,1.161620,0.019642,0.006731,1.102483,47.790616,0.424658,-9.368313,0.553832,-12.124074,0.839657,-18.242145,1.270462,-6.831932,202,IX,35,1
0.303720,6.975450,1.161260,0.019648,0.006302,1.130361,48.501663,0.424241,-9.238220,0.553805,-12.100179,0.840404,-18.236139,1.272657,-6.921207,203,IX,35,1
0.303290,6.975450,1.153000,0.019789,0.007226,1.033294,45.938109,0.424547,-9.241976,0.553499,-12.037264,0.841701,-18.409478,1.267824,-6.987750,204,IX,35,1
0.304060,6.975450,1.156440,0.019730,0.007040,1.110378,47.993972,0.424541,-9.132296,0.553658,-12.064836,0.840948,-18.285581,1.272759,-7.002468,205,IX,35,1
0.304170,6.975450,1.165580,0.019575,0.006424,1.061361,46.705045,0.425053,-9.237839,0.554194,-12.065586,0.840049,-18.413757,1.275724,-6.786567,206,IX,35,1
0.304270,6.975450,1.161780,0.019639,0.006418,1.018260,45.518377,0.424800,-9.279809,0.555000,-12.084127,0.839599,-18.443200,1.273693,-6.809692,207,IX,35,1
0.304050,6.975450,1.154540,0.019762,0.006150,1.088221,47.419131,0.424793,-9.424828,0.554320,-11.971318,0.841631,-18.320669,1.277173,-7.004943,208,IX,35,1
0.305690,6.975450,1.145660,0.019916,0.005643,1.042118,46.181533,0.424785,-9.240735,0.552306,-11.943878,0.840965,-18.410602,1.272007,-7.053219,209,IX,35,1
0.305080,5.517300,1.261000,0.022876,0.006659,0.936717,43.128498,0.423734,-9.155922,0.552138,-11.960740,0.839653,-18.483197,1.267482,-6.965309,210,IX,35,1
0.305310,6.975450,1.156560,0.019728,0.006841,1.033669,45.948500,0.424699,-9.155183,0.553812,-12.054599,0.836528,-18.461041,1.269670,-6.841005,211,IX,35,1
0.304750,6.975450,1.146940,0.019893,0.007468,1.051717,46.443940,0.424032,-9.010196,0.553471,-12.182829,0.841315,-18.490383,1.274842,-7.050523,212,IX,35,1
0.305230,5.517300,1.264760,0.022808,0.006670,0.955017,43.681922,0.425638,-9.269990,0.554616,-12.043598,0.840614,-18.531656,1.277883,-6.928052,213,IX,35,1
0.305300,6.975450,1.160720,0.019657,0.006389,1.040975,46.150113,0.425233,-9.284698,0.553666,-12.023629,0.840348,-18.495107,1.281944,-6.837985,214,IX,35,1
0.305740,6.975450,1.153100,0.019787,0.006180,1.097979,47.673853,0.425660,-9.089879,0.554783,-12.048183,0.842421,-18.413693,1.284309,-7.046695,215,IX,35,1
0.305520,6.975450,1.153940,0.019773,0.005967,1.114565,48.101204,0.424725,-9.161770,0.553563,-12.013227,0.840428,-18.390651,1.282973,-7.010390,216,IX,35,1
0.305980,6.975450,1.151320,0.019818,0.005551,1.112967,48.060323,0.425630,-9.278914,0.553941,-12.026675,0.841269,-18.447504,1.283981,-7.048205,217,IX,35,1
0.305930,6.975450,1.155240,0.019750,0.006253,1.125023,48.367050,0.425035,-9.323323,0.554265,-11.996304,0.840948,-18.427114,1.286291,-7.001318,218,IX,35,1
0.305090,6.975450,1.164140,0.019599,0.006826,1.038981,46.095252,0.426057,-9.139315,0.554740,-12.056674,0.840738,-18.613904,1.290725,-6.845981,219,IX,35,1
0.306900,5.517300,1.268200,0.022746,0.006185,0.941907,43.286471,0.425780,-9.245558,0.556509,-12.022461,0.842696,-18.694671,1.290143,-7.051270,220,IX,35,1
0.307510,6.975450,1.144440,0.019937,0.005224,1.001436,45.041104,0.426098,-9.263389,0.557115,-11.950966,0.844023,-18.654081,1.293670,-7.085786,221,IX,35,1
0.307670,6.975450,1.149900,0.019842,0.005817,1.100996,47.752129,0.426552,-9.251308,0.555808,-12.002016,0.841775,-18.484236,1.292194,-7.063665,222,IX,35,1
0.307020,6.975450,1.146020,0.019909,0.006139,1.097157,47.652496,0.427837,-9.262069,0.554639,-11.963480,0.841615,-18.539806,1.292412,-7.091719,223,IX,35,1
0.306990,6.975450,1.153780,0.019775,0.005960,1.122169,48.294765,0.427434,-9.114912,0.556120,-11.839411,0.840900,-18.525366,1.294336,-7.048639,224,IX,35,1
0.307250,6.975450,1.162660,0.019624,0.005720,1.108402,47.943240,0.429417,-9.025650,0.557913,-11.931718,0.842319,-18.545636,1.302797,-6.937179,225,IX,35,1
0.307760,6.975450,1.152200,0.019803,0.005833,1.077343,47.132221,0.429727,-9.303382,0.558542,-12.008525,0.843808,-18.647190,1.301702,-7.118313,226,IX,35,1
0.308410,5.517300,1.273280,0.022655,0.005329,1.018525,45.525812,0.429944,-9.227903,0.557816,-11.924743,0.844917,-18.805812,1.300919,-7.051078,227,IX,35,1
0.309920,6.975450,1.148440,0.019867,0.005543,1.108187,47.937695,0.429359,-9.070729,0.558243,-11.954309,0.842505,-18.591931,1.300758,-7.069698,228,IX,35,1
0.308450,5.517300,1.266680,0.022773,0.006785,0.932957,43.013530,0.429583,-9.100695,0.557136,-11.850722,0.842614,-18.737935,1.295741,-7.093703,229,IX,35,1
0.310080,5.517300,1.261060,0.022875,0.004621,0.935610,43.094705,0.428530,-8.920643,0.558077,-11.912191,0.842697,-18.736542,1.297218,-7.072143,230,IX,35,1
0.311060,6.975450,1.145460,0.019919,0.005761,1.012047,45.343039,0.430002,-9.100678,0.558935,-11.981545,0.845574,-18.726645,1.308553,-7.151553,231,IX,35,1
0.308880,6.975450,1.148360,0.019869,0.005141,1.067525,46.870594,0.432676,-9.212653,0.559886,-11.921387,0.846209,-18.665706,1.312063,-7.128813,232,IX,35,1
0.310980,6.975450,1.153980,0.019772,0.004113,1.108490,47.945494,0.431231,-9.215058,0.561348,-11.920526,0.845111,-18.651848,1.315196,-7.074558,233,IX,35,1
0.310840,6.975450,1.158040,0.019703,0.004839,1.057353,46.596839,0.432382,-8.942104,0.560323,-11.835956,0.842709,-18.698999,1.309729,-6.949488,234,IX,35,1
0.312220,6.975450,1.143120,0.019960,0.003834,1.096004,47.622497,0.431794,-9.038282,0.559079,-11.922519,0.844115,-18.707222,1.310536,-7.146725,235,IX,35,1
0.311170,5.517300,1.255520,0.022976,0.005569,1.036939,46.038912,0.431799,-8.970181,0.559192,-11.872615,0.842273,-18.866608,1.309430,-6.985504,236,IX,35,1
0.312570,5.517300,1.257440,0.022941,0.004376,1.003998,45.114295,0.430793,-9.119811,0.560785,-11.876262,0.843134,-18.867167,1.311908,-6.990600,237,IX,35,1
0.311180,6.975450,1.146640,0.019899,0.005439,1.050838,46.420017,0.431661,-8.998508,0.562058,-11.962365,0.847097,-18.836930,1.319548,-7.203057,238,IX,35,1
0.311070,6.975450,1.153960,0.019772,0.005991,1.105639,47.872105,0.432664,-9.073368,0.561417,-11.916688,0.845607,-18.774130,1.322399,-7.140966,239,IX,35,1
0.313060,6.975450,1.150420,0.019833,0.004498,1.168302,49.438361,0.433075,-8.957648,0.561567,-11.926802,0.847067,-18.832259,1.323603,-7.159194,240,IX,35,1
0.310950,5.517300,1.268920,0.022733,0.004973,0.939261,43.206031,0.433127,-9.103905,0.560452,-11.846201,0.846700,-18.831257,1.317942,-7.176244,241,IX,35,1
0.313690,5.517300,1.255100,0.022983,0.004575,1.020142,45.571267,0.432558,-8.831503,0.560269,-11.853981,0.843219,-18.847077,1.317946,-7.014321,242,IX,35,1
0.311450,6.975450,1.155420,0.019747,0.005931,1.114217,48.092299,0.432942,-9.079594,0.561589,-11.861186,0.844923,-18.795895,1.326327,-7.076142,243,IX,35,1
0.311890,5.517300,1.263100,0.022838,0.004854,1.026383,45.745938,0.432876,-8.912016,0.561398,-11.877544,0.845164,-18.989314,1.325082,-7.018719,244,IX,35,1
0.310770,6.975450,1.151940,0.019807,0.005645,1.064120,46.779267,0.433893,-9.223702,0.561306,-11.833673,0.847260,-18.811735,1.328524,-7.228403,245,IX,35,1
0.312050,5.517300,1.277640,0.022578,0.005074,0.979318,44.401330,0.433765,-9.060028,0.561715,-11.935887,0.848325,-18.922407,1.329018,-7.245644,246,IX,35,1
0.312700,6.975450,1.150620,0.019830,0.004847,1.100275,47.733436,0.433112,-9.076982,0.562626,-11.863801,0.846564,-18.815194,1.333074,-7.228247,247,IX,35,1
0.312400,5.517300,1.273800,0.022646,0.004927,1.078004,47.149748,0.432735,-9.108391,0.562123,-11.815141,0.846921,-18.926149,1.328420,-7.275869,248,IX,35,1
0.312680,6.975450,1.145720,0.019915,0.004537,1.072440,47.001902,0.433467,-9.052963,0.562309,-11.748983,0.847293,-18.821593,1.331810,-7.278317,249,IX,35,1
0.312130,5.517300,1.267760,0.022754,0.005042,0.932247,42.991797,0.434013,-9.100890,0.562715,-11.804725,0.847300,-19.015190,1.332263,-7.213679,250,IX,35,1
0.312790,5.517300,1.260740,0.022881,0.004285,1.037387,46.051278,0.433738,-8.973109,0.563707,-11.821825,0.846352,-18.975682,1.337599,-7.058570,251,IX,35,1
0.311700,6.975450,1.151960,0.019807,0.004371,1.101453,47.763942,0.434036,-9.086186,0.563130,-11.832541,0.846560,-18.889748,1.340695,-7.250991,252,IX,35,1
0.310940,5.517300,1.261840,0.022861,0.004198,0.962079,43.892794,0.434684,-9.014583,0.562030,-11.892060,0.844590,-18.993147,1.330740,-7.202620,253,IX,35,1
0.311000,5.517300,1.261200,0.022872,0.005108,1.044635,46.250590,0.434168,-9.043531,0.561409,-11.793210,0.843372,-19.024098,1.332039,-7.135053,254,IX,35,1
0.311220,5.517300,1.270920,0.022697,0.004348,0.950829,43.556161,0.433831,-9.121483,0.562623,-11.868250,0.844932,-19.021407,1.333491,-7.308486,255,IX,35,1
0.313020,5.517300,1.261880,0.022860,0.004329,1.014850,45.422276,0.434656,-9.044885,0.562782,-11.807582,0.846005,-19.061852,1.339417,-7.175479,256,IX,35,1
0.313810,5.517300,1.259840,0.022897,0.003800,1.043126,46.209199,0.434213,-9.149425,0.562640,-11.717103,0.846577,-19.067682,1.346513,-7.145138,257,IX,35,1
0.312480,6.975450,1.159560,0.019677,0.003686,1.089023,47.440152,0.434115,-9.029625,0.564517,-11.794864,0.845851,-19.102170,1.350596,-7.150272,258,IX,35,1
0.311770,5.517300,1.264080,0.022820,0.004514,1.035497,45.999069,0.434148,-9.142172,0.562332,-11.770787,0.845280,-19.101649,1.344609,-7.170256,259,IX,35,1
0.312260,5.517300,1.264520,0.022812,0.003780,0.943630,43.338760,0.433673,-8.952455,0.561347,-11.751030,0.845511,-19.134017,1.341948,-7.294041,260,IX,35,1
0.313220,5.517300,1.255340,0.022979,0.003283,1.053732,46.498705,0.433488,-9.037834,0.560638,-11.887405,0.843062,-19.125188,1.347145,-7.208599,261,IX,35,1
0.312250,5.517300,1.261960,0.022859,0.004209,1.040972,46.150038,0.434290,-8.903946,0.561450,-11.792032,0.843331,-19.085599,1.347074,-7.269384,262,IX,35,1
0.313070,6.975450,1.153080,0.019787,0.002879,1.137157,48.672041,0.433676,-9.101399,0.562689,-11.775224,0.844854,-19.015048,1.355007,-7.326369,263,IX,35,1
0.312910,5.517300,1.260380,0.022887,0.004436,1.075560,47.084903,0.434740,-9.101918,0.562951,-11.841317,0.845025,-19.175366,1.357694,-7.231477,264,IX,35,1
0.312380,5.517300,1.275760,0.022611,0.004064,0.982050,44.481115,0.434164,-9.138980,0.562561,-11.841774,0.847561,-19.164522,1.357651,-7.455437,265,IX,35,1
0.312010,6.975450,1.141940,0.019980,0.004278,1.116778,48.157685,0.433858,-8.939809,0.562153,-11.766365,0.845649,-19.037292,1.356688,-7.506429,266,IX,35,1
0.312780,5.517300,1.258020,0.022930,0.003008,1.094461,47.582321,0.434220,-9.017984,0.562918,-11.757416,0.843182,-19.081566,1.358366,-7.301553,267,IX,35,1
0.312170,5.517300,1.263000,0.022840,0.004674,1.034096,45.960324,0.434470,-9.004139,0.563406,-11.699111,0.844343,-19.245788,1.358656,-7.367554,268,IX,35,1
0.311920,6.975450,1.152360,0.019800,0.003175,1.168310,49.438559,0.436920,-9.066987,0.563722,-11.715747,0.846492,-19.075291,1.368587,-7.476538,269,IX,35,1
0.312210,5.517300,1.263480,0.022831,0.004138,1.017590,45.499504,0.434532,-9.055945,0.564582,-11.764732,0.844802,-19.207048,1.367143,-7.391495,270,IX,35,1
0.314100,5.517300,1.259420,0.022905,0.003446,1.052194,46.456902,0.435808,-9.110650,0.563761,-11.797433,0.845928,-19.316223,1.371979,-7.407508,271,IX,35,1
0.314130,6.975450,1.153460,0.019781,0.003107,1.138962,48.717103,0.436508,-9.056417,0.563992,-11.764418,0.844000,-19.135084,1.371436,-7.417652,272,IX,35,1
0.312800,5.517300,1.262340,0.022852,0.004285,1.041847,46.174097,0.436131,-9.053237,0.564714,-11.741237,0.843356,-19.343669,1.369950,-7.471681,273,IX,35,1
0.313250,5.517300,1.259940,0.022895,0.003004,1.007807,45.222775,0.436522,-8.962194,0.565416,-11.867687,0.844041,-19.269640,1.374730,-7.474195,274,IX,35,1
0.313470,5.517300,1.261320,0.022870,0.003736,1.102036,47.779050,0.437181,-9.055185,0.565160,-11.762382,0.843543,-19.331515,1.378812,-7.479614,275,IX,35,1
0.313950,6.975450,1.148540,0.019866,0.004283,1.189742,49.952339,0.436821,-8.929266,0.565345,-11.753003,0.846255,-19.200564,1.383941,-7.531732,276,IX,35,1
0.314510,4.369410,1.394140,0.026127,0.002893,1.181617,49.758838,0.438829,-8.983755,0.567023,-11.793203,0.847410,-19.286637,1.388917,-7.640086,277,IX,35,1
0.314990,4.369410,1.394220,0.026126,0.003684,1.207916,50.379596,0.438238,-8.974271,0.565771,-11.747456,0.848425,-19.225269,1.388567,-7.663104,278,IX,35,1
0.313950,5.517300,1.274660,0.022631,0.002944,1.106902,47.904646,0.438102,-8.960995,0.565747,-11.746174,0.847801,-19.288576,1.385323,-7.696875,279,IX,35,1
0.316150,4.369410,1.398420,0.026047,0.003006,1.196184,50.104645,0.438480,-8.900484,0.565755,-11.787285,0.846151,-19.337075,1.391906,-7.614381,280,IX,35,1
0.317420,5.517300,1.261180,0.022873,0.001506,1.020553,45.582785,0.439898,-9.025887,0.567152,-11.855486,0.848790,-19.518584,1.392383,-7.673945,281,IX,35,1
0.316750,4.369410,1.389860,0.026208,0.002680,1.205801,50.330271,0.439110,-8.983236,0.568417,-11.716364,0.848513,-19.348583,1.400909,-7.812027,282,IX,35,1
0.316070,4.369410,1.391120,0.026184,0.002279,1.108572,47.947589,0.440096,-9.144258,0.568656,-11.718189,0.849142,-19.380395,1.404785,-7.936880,283,IX,35,1
0.315720,5.517300,1.259440,0.022904,0.001951,1.113676,48.078477,0.439685,-9.027008,0.569731,-11.794757,0.846452,-19.546599,1.408512,-7.751641,284,IX,35,1
0.317120,4.369410,1.387060,0.026260,0.001480,1.248789,51.313097,0.440204,-8.872796,0.568983,-11.693532,0.849966,-19.421954,1.410410,-7.893008,285,IX,35,1
0.315080,4.369410,1.407240,0.025884,0.002059,1.197797,50.142632,0.440368,-9.004941,0.568825,-11.679153,0.845914,-19.494540,1.412243,-7.841845,286,IX,35,1
0.316620,5.517300,1.276140,0.022605,0.000996,1.285123,52.112237,0.441436,-9.058143,0.569200,-11.753456,0.850126,-19.425780,1.417235,-7.965393,287,IX,35,1
0.315650,5.517300,1.260760,0.022880,0.001807,1.171369,49.512545,0.440196,-8.985995,0.571333,-11.826351,0.847626,-19.564044,1.423202,-7.931102,288,IX,35,1
0.318010,4.369410,1.394660,0.026117,0.002241,1.410699,54.668375,0.441623,-8.877092,0.571366,-11.627017,0.850062,-19.541165,1.430634,-8.056177,289,IX,35,1
0.317550,5.517300,1.257240,0.022944,0.002714,1.167483,49.418514,0.441708,-8.960333,0.570561,-11.706702,0.848419,-19.669404,1.436300,-8.074653,290,IX,35,1
0.316370,4.369410,1.410200,0.025830,0.001357,1.454427,55.489305,0.442976,-8.895396,0.572809,-11.730131,0.849872,-19.583182,1.446187,-8.146518,291,IX,35,1
0.316600,4.369410,1.404440,0.025935,0.001772,1.131686,48.534996,0.443223,-8.942168,0.571072,-11.757863,0.850035,-19.536054,1.452378,-8.338883,292,IX,35,1
0.318100,5.517300,1.257000,0.022949,0.001701,1.188036,49.911830,0.442729,-8.939872,0.571899,-11.744657,0.849185,-19.708090,1.448401,-8.288315,293,IX,35,1
0.317460,5.517300,1.276260,0.022602,0.002111,1.475016,55.864357,0.443996,-9.003422,0.573126,-11.714232,0.852743,-19.696311,1.456524,-8.218922,294,IX,35,1
0.327090,4.369410,1.431760,0.025441,0.000000,2.742841,69.968879,0.453968,-9.097840,0.591910,-11.972532,0.873030,-19.718179,1.573179,-9.614112,295,IX,35,1
0.322640,4.369410,1.396900,0.026075,0.001349,1.741918,60.140740,0.448518,-8.890115,0.578725,-11.712033,0.856816,-19.711168,1.488857,-8.429256,296,IX,35,1
0.322270,4.369410,1.397340,0.026067,0.003405,1.738897,60.097777,0.446959,-8.884615,0.577559,-11.619643,0.852442,-19.688660,1.485706,-8.502780,297,IX,35,1
0.333780,3.456860,1.606920,0.028651,0.000000,3.454561,73.855729,0.463533,-9.114951,0.600673,-11.983565,0.885398,-19.997479,1.629176,-9.515646,298,IX,35,1
0.337420,4.369410,1.448360,0.025149,0.000000,3.355280,73.403957,0.467191,-8.956988,0.608156,-11.960424,0.894255,-19.756482,1.649800,-9.874659,299,IX,35,1
0.342900,3.456860,1.658260,0.027764,0.000000,1.636309,58.569576,0.476569,-9.119688,0.622026,-12.101922,0.913099,-20.001848,1.739709,-9.870766,300,IX,35,1
0.343090,2.735470,1.843860,0.031554,0.000000,4.823656,78.287827,0.478146,-9.114590,0.627459,-12.255098,0.922051,-20.008882,1.759722,-9.974031,301,IX,35,1
0.333990,3.456860,1.629820,0.028249,0.000000,1.393003,54.326437,0.466538,-9.126915,0.610184,-12.226144,0.891662,-20.264929,1.716643,-10.698516,302,IX,35,1
0.333560,2.735470,1.783440,0.032623,0.000000,3.696662,74.862962,0.463141,-9.171379,0.605983,-12.096400,0.885354,-20.261805,1.723927,-9.695944,303,IX,35,1
0.330120,3.456860,1.593560,0.028891,0.000000,1.615182,58.237302,0.461175,-9.023034,0.602271,-11.950837,0.874579,-20.402658,1.723037,-10.213089,304,IX,35,1
0.331270,3.456860,1.581820,0.029106,0.000000,1.227494,50.831408,0.460342,-8.953090,0.599665,-11.834035,0.866244,-20.558678,1.713512,-10.091008,305,IX,35,1
0.326490,2.735470,1.743920,0.033363,0.000000,0.944523,43.365804,0.456621,-8.929401,0.592335,-11.662761,0.861171,-20.412675,1.730139,-10.119493,306,IX,35,1
0.328880,3.456860,1.556740,0.029575,0.000000,1.242668,51.175674,0.459240,-8.902881,0.594671,-11.801311,0.856675,-20.571386,1.764160,-9.424924,307,IX,35,1
0.325820,3.456860,1.556660,0.029576,0.000000,1.214306,50.528011,0.455643,-9.015844,0.590739,-11.667677,0.850298,-20.721236,1.711292,-9.313828,308,IX,35,1
0.323770,2.735470,1.735640,0.033522,0.000000,1.943678,62.774706,0.456956,-9.020157,0.589146,-11.539169,0.851892,-20.535683,1.726251,-8.984426,309,IX,35,1
0.322420,2.735470,1.729360,0.033644,0.000000,1.767032,60.493584,0.453883,-8.823716,0.586106,-11.510808,0.842932,-20.491388,1.721428,-8.989298,310,IX,35,1
0.324560,2.735470,1.722620,0.033775,0.000000,1.716704,59.778711,0.455777,-8.800496,0.587667,-11.474459,0.841146,-20.470242,1.734198,-8.938972,311,IX,35,1
0.323480,2.735470,1.728260,0.033665,0.000000,1.565348,57.428115,0.456003,-8.835920,0.587017,-11.533877,0.844443,-20.501525,1.738234,-8.699829,312,IX,35,1
0.323230,3.456860,1.530060,0.030091,0.000000,1.135883,48.640208,0.457092,-8.991238,0.587795,-11.520333,0.839898,-20.739223,1.751999,-8.453074,313,IX,35,1
0.323940,3.456860,1.520000,0.030290,0.000000,1.223343,50.736318,0.456873,-8.868138,0.586973,-11.432288,0.839174,-20.632507,1.754144,-8.391537,314,IX,35,1
0.322310,2.735470,1.727960,0.033671,0.000000,1.202672,50.257085,0.456768,-8.914738,0.586201,-11.379455,0.841071,-20.535945,1.760680,-8.388764,315,IX,35,1
0.321640,3.456860,1.531340,0.030065,0.000000,1.061025,46.695967,0.456022,-8.975729,0.587939,-11.388090,0.838306,-20.728156,1.767031,-8.181347,316,IX,35,1
0.321780,2.735470,1.722520,0.033777,0.000000,1.173322,49.559684,0.455799,-8.786761,0.587170,-11.325550,0.839588,-20.601795,1.772880,-8.387502,317,IX,35,1
0.323220,2.160540,1.901920,0.038732,0.000000,1.187591,49.901260,0.458467,-8.968320,0.589712,-11.371837,0.836874,-20.595451,1.786548,-8.284389,318,IX,35,1
0.324270,2.160540,1.897940,0.038813,0.000000,1.168214,49.436233,0.460291,-8.802429,0.588811,-11.239782,0.837319,-20.532488,1.793802,-8.259629,319,IX,35,1
0.324100,2.160540,1.907980,0.038609,0.000000,1.111819,48.030921,0.460236,-8.992233,0.590611,-11.306394,0.837390,-20.582011,1.801263,-8.177284,320,IX,35,1
0.323320,2.160540,1.904420,0.038681,0.000000,1.128920,48.465407,0.458005,-8.887717,0.588777,-11.332479,0.836920,-20.585429,1.805213,-8.151139,321,IX,35,1
0.321750,2.160540,1.905100,0.038667,0.000000,1.144374,48.851733,0.458494,-8.961696,0.590314,-11.236239,0.837953,-20.519134,1.814706,-8.172812,322,IX,35,1
0.322320,2.735470,1.700300,0.034219,0.000000,0.946604,43.428746,0.459010,-8.968574,0.590171,-11.217443,0.836661,-20.779641,1.814277,-8.157897,323,IX,35,1
0.323100,2.160540,1.889640,0.038983,0.000000,1.107291,47.914654,0.459724,-8.806791,0.588678,-11.176095,0.835281,-20.602163,1.825125,-8.258133,324,IX,35,1
0.323020,2.735470,1.687580,0.034477,0.000000,0.938908,43.195297,0.458519,-8.818340,0.588120,-11.206421,0.834842,-20.824566,1.829181,-8.163841,325,IX,35,1
0.320890,2.735470,1.696880,0.034288,0.000000,0.952398,43.603331,0.457890,-9.027281,0.588617,-11.189528,0.834544,-20.721234,1.835042,-8.199189,326,IX,35,1
0.282710,3.456860,2.347440,0.019613,0.007241,1.154123,49.092422,0.466930,-16.776038,0.756609,-18.865181,1.197237,-17.518648,1.961504,-4.599204,1,IX,25,4
0.286040,3.456860,2.358380,0.019522,0.005581,1.211111,50.453906,0.471251,-16.824288,0.763029,-18.830261,1.207839,-17.282458,1.954299,-4.687994,2,IX,25,4
0.287680,4.369410,2.221040,0.016400,0.005558,1.507589,56.443261,0.474844,-16.710082,0.769501,-18.783036,1.218130,-17.146851,1.952307,-4.739095,3,IX,25,4
0.285560,4.369410,2.226340,0.016361,0.007018,1.538124,56.970383,0.474928,-16.831450,0.769699,-18.767197,1.222151,-17.163639,1.946957,-4.740839,4,IX,25,4
0.286220,3.456860,2.367620,0.019446,0.006580,1.166964,49.405929,0.474561,-16.752914,0.769453,-18.692848,1.213116,-17.169296,1.934872,-4.689590,5,IX,25,4
0.287830,4.369410,2.202420,0.016539,0.006395,1.479636,55.947531,0.473255,-16.608351,0.767655,-18.680796,1.213853,-17.119631,1.927372,-4.761122,6,IX,25,4
0.288150,3.456860,2.370000,0.019426,0.005845,1.162654,49.301136,0.475287,-16.687265,0.767137,-18.722397,1.212866,-17.292937,1.929722,-4.800555,7,IX,25,4
0.287910,4.369410,2.227620,0.016351,0.005475,1.143818,48.837943,0.474903,-16.770691,0.770020,-18.730410,1.219421,-17.154154,1.952486,-4.864920,8,IX,25,4
0.288690,3.456860,2.379100,0.019352,0.005731,1.177498,49.660142,0.475444,-16.792900,0.769973,-18.821575,1.218364,-17.308980,1.956052,-4.721814,9,IX,25,4
0.289620,4.369410,2.238120,0.016275,0.006025,1.174010,49.576264,0.475940,-16.642742,0.771678,-18.783125,1.222735,-17.245470,1.964988,-4.829256,10,IX,25,4
0.287140,3.456860,2.375180,0.019384,0.006310,1.061894,46.719383,0.473578,-16.651089,0.766032,-18.603737,1.210375,-17.390550,1.935152,-4.902799,11,IX,25,4
0.287110,4.369410,2.198240,0.016570,0.006028,1.094445,47.581903,0.473752,-16.583203,0.764453,-18.572080,1.208691,-17.214945,1.937521,-4.958362,12,IX,25,4
0.287170,4.369410,2.217260,0.016428,0.007378,1.153415,49.075028,0.473502,-16.636251,0.766498,-18.643991,1.212024,-17.243914,1.950254,-4.902056,13,IX,25,4
0.287500,4.369410,2.207380,0.016501,0.006818,1.516475,56.598185,0.473878,-16.877863,0.765534,-18.590623,1.209525,-17.318285,1.947158,-4.822797,14,IX,25,4
0.289770,4.369410,2.194140,0.016601,0.005891,1.447736,55.365855,0.473650,-16.698170,0.764170,-18.657106,1.211168,-17.367856,1.948206,-4.830429,15,IX,25,4
0.289530,4.369410,2.193980,0.016602,0.005743,1.373139,53.935707,0.473064,-16.556925,0.764559,-18.597219,1.210619,-17.492286,1.953370,-4.827086,16,IX,25,4
0.287560,3.456860,2.325120,0.019801,0.006604,1.298737,52.404486,0.470383,-16.597330,0.760149,-18.470941,1.192319,-17.359458,1.925107,-4.863650,17,IX,25,4
0.287860,3.456860,2.324840,0.019804,0.007678,1.296722,52.361480,0.469735,-16.564068,0.757152,-18.482187,1.192154,-17.474686,1.932280,-4.869761,18,IX,25,4
0.286450,4.369410,2.184300,0.016676,0.008008,1.109451,47.970198,0.470924,-16.587461,0.759674,-18.495140,1.199282,-17.475458,1.951310,-5.001963,19,IX,25,4
0.285850,4.369410,2.180720,0.016703,0.007548,1.334923,53.162873,0.471414,-16.656069,0.759157,-18.554364,1.202372,-17.557347,1.950064,-4.857973,20,IX,25,4
0.287160,4.369410,2.179780,0.016710,0.007323,1.485132,56.046014,0.471671,-16.656235,0.760755,-18.514555,1.200410,-17.516892,1.954476,-4.887715,21,IX,25,4
0.288160,4.369410,2.166640,0.016812,0.007252,1.490259,56.137427,0.470179,-16.518736,0.755994,-18.455889,1.191521,-17.440769,1.942942,-4.912683,22,IX,25,4
0.288360,3.456860,2.327880,0.019778,0.007405,1.186690,49.879822,0.468464,-16.492617,0.753042,-18.361131,1.185624,-17.651674,1.935777,-4.856352,23,IX,25,4
0.288080,3.456860,2.309660,0.019934,0.006762,1.171696,49.520457,0.468991,-16.392665,0.751598,-18.319885,1.179894,-17.588476,1.935145,-4.876774,24,IX,25,4
0.289400,3.456860,2.321500,0.019832,0.006764,1.146374,48.901309,0.468747,-16.471759,0.752343,-18.400712,1.184098,-17.682625,1.944388,-4.960835,25,IX,25,4
0.289500,4.369410,2.156540,0.016890,0.006226,1.490706,56.145387,0.467554,-16.361967,0.752697,-18.442667,1.183408,-17.524254,1.944670,-4.935746,26,IX,25,4
0.287350,3.456860,2.312980,0.019905,0.007464,1.217463,50.601003,0.468011,-16.465450,0.752069,-18.379382,1.180234,-17.670519,1.938753,-4.954778,27,IX,25,4
0.287690,3.456860,2.313560,0.019900,0.008448,1.043928,46.231196,0.468119,-16.380186,0.749002,-18.244056,1.178739,-17.744796,1.936478,-5.095972,28,IX,25,4
0.288320,3.456860,2.290640,0.020099,0.007079,1.140224,48.748577,0.466524,-16.320201,0.747674,-18.248768,1.171875,-17.698359,1.929541,-4.969936,29,IX,25,4
0.286440,3.456860,2.328740,0.019770,0.007922,1.038385,46.078820,0.468761,-16.336777,0.752403,-18.392461,1.182729,-17.797646,1.951683,-5.090334,30,IX,25,4
0.289350,3.456860,2.315780,0.019881,0.006167,1.256246,51.479413,0.468446,-16.404050,0.752665,-18.366709,1.181675,-17.785019,1.962289,-4.952860,31,IX,25,4
0.290850,3.456860,2.344520,0.019637,0.006407,1.060963,46.694314,0.469994,-16.364277,0.754443,-18.410232,1.192981,-17.913573,1.981763,-5.090654,32,IX,25,4
0.288800,4.369410,2.190740,0.016627,0.008547,1.201694,50.234182,0.470371,-16.551287,0.754697,-18.509935,1.191163,-17.880414,1.994185,-4.962959,33,IX,25,4
0.287550,3.456860,2.296760,0.020046,0.007529,1.180657,49.735868,0.465746,-16.462614,0.747671,-18.289578,1.172289,-17.817916,1.957967,-4.966147,34,IX,25,4
0.288110,4.369410,2.144840,0.016983,0.007458,1.386368,54.196740,0.466273,-16.328230,0.745879,-18.284289,1.171210,-17.814297,1.953101,-4.992533,35,IX,25,4
0.288050,4.369410,2.153320,0.016916,0.008171,1.166299,49.389773,0.466306,-16.281548,0.749497,-18.362802,1.180528,-17.854576,1.980864,-5.097825,36,IX,25,4
0.288170,4.369410,2.147080,0.016965,0.008108,1.471743,55.805212,0.467173,-16.260685,0.749459,-18.314805,1.183475,-17.892595,1.977818,-5.005123,37,IX,25,4
0.288490,3.456860,2.326660,0.019788,0.007365,1.108800,47.953470,0.467387,-16.317515,0.748694,-18.345907,1.180578,-18.127386,1.980041,-5.049636,38,IX,25,4
0.287780,3.456860,2.306960,0.019957,0.007575,1.151150,49.019263,0.466728,-16.213606,0.747328,-18.213248,1.172536,-18.036537,1.967809,-5.046256,39,IX,25,4
0.288340,3.456860,2.274480,0.020242,0.008435,1.356135,53.595315,0.465040,-16.218819,0.742190,-18.267892,1.165500,-17.869462,1.958341,-5.034271,40,IX,25,4
0.289370,4.369410,2.105000,0.017304,0.008384,1.314993,52.748443,0.463974,-16.158712,0.742045,-18.108529,1.166057,-17.979335,1.958347,-5.063395,41,IX,25,4
0.288270,3.456860,2.295000,0.020061,0.008673,1.199345,50.179045,0.464811,-16.300114,0.744809,-18.252964,1.167865,-18.081539,1.973712,-5.043876,42,IX,25,4
0.289010,4.369410,2.131620,0.017088,0.007910,1.449743,55.402955,0.465605,-16.105578,0.745873,-18.263307,1.167577,-17.946746,1.976608,-5.051854,43,IX,25,4
0.288380,3.456860,2.309680,0.019934,0.007985,1.036439,46.025113,0.463899,-16.159653,0.744470,-18.175942,1.168680,-18.137757,1.974913,-5.177720,44,IX,25,4
0.288230,3.456860,2.266280,0.020315,0.007471,1.344018,53.349369,0.464172,-16.148860,0.739871,-18.104388,1.158442,-18.027879,1.960284,-5.068243,45,IX,25,4
0.287790,3.456860,2.235180,0.020598,0.007879,1.355672,53.585977,0.461064,-16.053369,0.734718,-17.972040,1.144498,-17.935514,1.934153,-5.118530,46,IX,25,4
0.288030,4.369410,2.069340,0.017602,0.007690,1.092278,47.525336,0.461418,-16.003454,0.734696,-17.982504,1.148523,-18.002090,1.939786,-5.272010,47,IX,25,4
0.287160,3.456860,2.257780,0.020392,0.008549,1.112895,48.058488,0.462327,-16.008438,0.734071,-17.927612,1.146606,-18.168146,1.943941,-5.161853,48,IX,25,4
0.287460,4.369410,2.073560,0.017566,0.007970,1.127734,48.435509,0.460708,-16.049023,0.734302,-18.018074,1.147103,-18.038863,1.946335,-5.268666,49,IX,25,4
0.287600,3.456860,2.238560,0.020567,0.008287,1.168968,49.454485,0.461118,-15.928655,0.732640,-18.017579,1.141658,-18.075677,1.947047,-5.117538,50,IX,25,4
0.288760,3.456860,2.230480,0.020641,0.007752,1.174786,49.594937,0.459802,-15.951023,0.731791,-17.870100,1.138890,-18.124559,1.944437,-5.132184,51,IX,25,4
0.288460,3.456860,2.219800,0.020741,0.007795,1.319779,52.848699,0.459291,-16.020879,0.731285,-17.868099,1.137762,-18.072116,1.938643,-5.144812,52,IX,25,4
0.287820,2.735470,2.409820,0.024144,0.008144,1.077888,47.146686,0.460206,-16.105002,0.731603,-17.945444,1.141775,-18.115171,1.945610,-5.309544,53,IX,25,4
0.286800,3.456860,2.255860,0.020409,0.008952,1.058862,46.637615,0.461100,-15.912543,0.731222,-17.927358,1.142968,-18.280712,1.948250,-5.251615,54,IX,25,4
0.287340,3.456860,2.253420,0.020431,0.008678,1.143299,48.825062,0.459419,-15.975245,0.731477,-17.914697,1.140256,-18.313554,1.952552,-5.124646,55,IX,25,4
0.289880,2.735470,2.412580,0.024116,0.007840,1.085564,47.349346,0.460398,-15.811792,0.731320,-17.831071,1.142818,-18.215032,1.953723,-5.317454,56,IX,25,4
0.287290,3.456860,2.236920,0.020582,0.008360,1.139506,48.730670,0.459370,-15.750793,0.729301,-17.795252,1.134296,-18.248434,1.945203,-5.140149,57,IX,25,4
0.289370,3.456860,2.213080,0.020804,0.007591,1.289904,52.215316,0.458866,-15.886346,0.729074,-17.854466,1.133267,-18.172870,1.945883,-5.179476,58,IX,25,4
0.288090,3.456860,2.234940,0.020600,0.008561,1.168458,49.442140,0.459726,-15.806728,0.729362,-17.873093,1.135355,-18.338689,1.955573,-5.181831,59,IX,25,4
0.288450,3.456860,2.239180,0.020561,0.009356,1.149321,48.974158,0.460141,-15.897606,0.729065,-17.934042,1.137770,-18.347076,1.962220,-5.131152,60,IX,25,4
0.290880,3.456860,2.223780,0.020704,0.007832,1.273522,51.860150,0.460368,-15.864361,0.729468,-17.849929,1.135810,-18.267723,1.961749,-5.169322,61,IX,25,4
0.290370,3.456860,2.233820,0.020611,0.008113,1.129175,48.471816,0.457855,-15.900238,0.728413,-17.795989,1.135721,-18.412777,1.957587,-5.152352,62,IX,25,4
0.290680,2.735470,2.412880,0.024113,0.007633,1.267161,51.720704,0.460733,-15.946823,0.730272,-17.879923,1.140854,-18.328248,1.966688,-5.215154,63,IX,25,4
0.290380,3.456860,2.245300,0.020505,0.007381,1.190411,49.968185,0.461121,-15.874519,0.728824,-17.868666,1.138190,-18.368997,1.964656,-5.182764,64,IX,25,4
0.289100,4.369410,2.087480,0.017449,0.008963,1.431373,55.060703,0.461525,-15.901978,0.734719,-18.043209,1.148409,-18.364266,1.996050,-5.197608,65,IX,25,4
0.289780,4.369410,2.102840,0.017322,0.008511,1.418661,54.820381,0.461817,-15.992190,0.736441,-18.032983,1.154263,-18.410159,2.007595,-5.172387,66,IX,25,4
0.289570,3.456860,2.270660,0.020276,0.008761,1.389625,54.260509,0.462947,-15.940762,0.738389,-18.030899,1.156338,-18.405192,2.018441,-5.144371,67,IX,25,4
0.290810,2.735470,2.442300,0.023823,0.008540,1.072559,47.005064,0.463018,-15.882076,0.733372,-17.969651,1.150577,-18.464102,2.000172,-5.326055,68,IX,25,4
0.289590,2.735470,2.407460,0.024167,0.008606,1.321962,52.894274,0.459386,-15.878165,0.726060,-17.745984,1.133201,-18.392945,1.963477,-5.256315,69,IX,25,4
0.288180,4.369410,2.062760,0.017658,0.009233,1.143561,48.831557,0.460881,-15.908155,0.729861,-17.944026,1.140111,-18.392405,1.987768,-5.344841,70,IX,25,4
0.290000,2.735470,2.472920,0.023528,0.008501,1.320242,52.858371,0.463153,-15.944399,0.736881,-18.108754,1.157530,-18.574781,2.027159,-5.191400,71,IX,25,4
0.289190,4.369410,2.107840,0.017281,0.009347,1.157037,49.163910,0.462768,-16.015813,0.736469,-18.076037,1.157244,-18.521455,2.034020,-5.274623,72,IX,25,4
0.289900,4.369410,2.114320,0.017228,0.008170,1.405550,54.569473,0.461710,-15.873549,0.737196,-18.106181,1.154637,-18.574425,2.032072,-5.169109,73,IX,25,4
0.291090,3.456860,2.237120,0.020580,0.007474,1.145043,48.868325,0.459943,-15.724368,0.729040,-17.860070,1.135467,-18.581739,1.993201,-5.170374,74,IX,25,4
0.290400,3.456860,2.215800,0.020778,0.007922,1.136291,48.650406,0.457452,-15.802895,0.723754,-17.807829,1.126035,-18.622215,1.964975,-5.263670,75,IX,25,4
0.290350,3.456860,2.200180,0.020926,0.008353,1.360934,53.691943,0.457412,-15.643321,0.722371,-17.692516,1.124613,-18.517684,1.971000,-5.256345,76,IX,25,4
0.291610,3.456860,2.267900,0.020301,0.008877,1.066200,46.835102,0.461253,-15.919695,0.730702,-17.947944,1.145988,-18.776057,2.019488,-5.262830,77,IX,25,4
0.291440,2.735470,2.458360,0.023667,0.008307,1.122992,48.315626,0.460758,-15.821768,0.732661,-17.934637,1.148956,-18.607022,2.028087,-5.325017,78,IX,25,4
0.289950,2.735470,2.470100,0.023554,0.008562,1.405158,54.561922,0.460990,-15.893143,0.734178,-17.952415,1.150881,-18.640554,2.032149,-5.226247,79,IX,25,4
0.290960,2.735470,2.404460,0.024198,0.008394,1.203405,50.274250,0.458624,-15.849913,0.725741,-17.736834,1.132240,-18.651454,1.985997,-5.254742,80,IX,25,4
0.292640,4.369410,2.039060,0.017864,0.007235,1.401791,54.496964,0.457467,-15.709867,0.722685,-17.716920,1.127585,-18.537909,1.982383,-5.290082,81,IX,25,4
0.371810,6.975450,1.334100,0.017102,0.010479,1.165989,49.382266,0.499618,-10.268843,0.683077,-12.728557,0.990913,-14.803210,1.382279,-5.101510,1,IX,25,5
0.384320,6.975450,1.340380,0.017022,0.009650,1.213536,50.510170,0.513525,-10.181838,0.700167,-12.515480,1.011975,-14.387601,1.385383,-5.247980,2,IX,25,5
0.393230,8.817720,1.248640,0.014455,0.008934,1.194520,50.065395,0.523831,-10.142972,0.710726,-12.366321,1.023162,-14.213359,1.387910,-5.225406,3,IX,25,5
0.393760,8.817720,1.255280,0.014379,0.010730,1.381135,54.093868,0.526075,-10.061177,0.711165,-12.452092,1.026383,-13.984956,1.385490,-5.282848,4,IX,25,5
0.394220,8.817720,1.260740,0.014317,0.009958,1.150159,48.994841,0.526961,-10.076083,0.715122,-12.359428,1.030470,-14.006126,1.384288,-5.203083,5,IX,25,5
0.396510,8.817720,1.263780,0.014282,0.009184,1.267462,51.727334,0.528205,-10.088064,0.717070,-12.412233,1.032970,-13.946714,1.381721,-5.241821,6,IX,25,5
0.398310,8.817720,1.262140,0.014301,0.009648,1.190860,49.978845,0.530489,-10.082460,0.718205,-12.323842,1.033949,-13.850643,1.381039,-5.370276,7,IX,25,5
0.398290,8.817720,1.269180,0.014221,0.009931,1.591707,57.860655,0.531300,-10.127502,0.719638,-12.358150,1.037865,-13.798603,1.383312,-5.321217,8,IX,25,5
0.400290,8.817720,1.259980,0.014325,0.010374,1.258295,51.524918,0.532502,-9.987139,0.719489,-12.273468,1.034406,-13.783330,1.375670,-5.249874,9,IX,25,5
0.403140,8.817720,1.251940,0.014417,0.009403,1.096724,47.641235,0.535045,-9.966424,0.720646,-12.179275,1.033190,-13.668720,1.378498,-5.285649,10,IX,25,5
0.404140,8.817720,1.253500,0.014399,0.009766,1.582890,57.717106,0.537119,-9.853188,0.721644,-12.211657,1.035577,-13.591174,1.373932,-5.335315,11,IX,25,5
0.404190,8.817720,1.268540,0.014229,0.008865,1.500879,56.325419,0.535515,-9.895975,0.724343,-12.331224,1.042077,-13.767586,1.384924,-5.284487,12,IX,25,5
0.403780,8.817720,1.266240,0.014254,0.009075,1.533366,56.889213,0.535984,-9.963708,0.723157,-12.256979,1.041505,-13.681201,1.385719,-5.318298,13,IX,25,5
0.403130,8.817720,1.271860,0.014191,0.009992,1.597608,57.956078,0.535968,-9.849734,0.724700,-12.313487,1.043318,-13.720784,1.389163,-5.299906,14,IX,25,5
0.408410,8.817720,1.252860,0.014407,0.009505,1.165316,49.365905,0.538453,-9.682600,0.722907,-12.071046,1.038382,-13.660549,1.379402,-5.404624,15,IX,25,5
0.408080,8.817720,1.253120,0.014404,0.009605,1.105556,47.869969,0.537379,-9.807361,0.722546,-12.105487,1.038855,-13.686679,1.386966,-5.259329,16,IX,25,5
0.406370,8.817720,1.264440,0.014275,0.009741,1.119668,48.231260,0.540072,-9.751414,0.725141,-12.271313,1.042252,-13.751864,1.384109,-5.425342,17,IX,25,5
0.414320,8.817720,1.259220,0.014334,0.006696,1.256535,51.485849,0.544035,-9.737592,0.730151,-12.158793,1.048088,-13.698713,1.396750,-5.326346,18,IX,25,5
0.412290,8.817720,1.265220,0.014266,0.007628,1.562964,57.388484,0.541926,-9.864535,0.728559,-12.233029,1.049710,-13.676743,1.399148,-5.293389,19,IX,25,5
0.413870,8.817720,1.266580,0.014251,0.007055,1.578179,57.639947,0.543411,-9.822014,0.732574,-12.114368,1.051339,-13.710807,1.401978,-5.274730,20,IX,25,5
0.415540,8.817720,1.256680,0.014363,0.007871,1.581023,57.686565,0.545341,-9.556957,0.731828,-12.017134,1.047760,-13.579977,1.393849,-5.320680,21,IX,25,5
0.417140,8.817720,1.253700,0.014397,0.007589,1.064449,46.788118,0.546789,-9.584920,0.731528,-11.958578,1.047940,-13.642751,1.401521,-5.375329,22,IX,25,5
0.416930,8.817720,1.254640,0.014386,0.008553,1.530377,56.838052,0.547014,-9.559793,0.730605,-12.014922,1.048236,-13.640562,1.391692,-5.310149,23,IX,25,5
0.418390,8.817720,1.266500,0.014251,0.007353,1.244699,51.221353,0.549069,-9.671037,0.735306,-12.089014,1.055929,-13.820011,1.409073,-5.185638,24,IX,25,5
0.418740,8.817720,1.265580,0.014262,0.007676,1.141975,48.792153,0.550221,-9.647425,0.736515,-12.080886,1.055649,-13.875985,1.414898,-5.156882,25,IX,25,5
0.417680,8.817720,1.266420,0.014252,0.007249,1.534044,56.900803,0.547505,-9.654672,0.735839,-12.089241,1.055822,-13.772385,1.409522,-5.292375,26,IX,25,5
0.420720,8.817720,1.246920,0.014475,0.007289,1.011784,45.335601,0.549488,-9.462304,0.731047,-11.994681,1.048241,-13.849746,1.397357,-5.529950,27,IX,25,5
0.420170,8.817720,1.246760,0.014477,0.007082,1.038589,46.084444,0.548846,-9.594819,0.731079,-11.912966,1.048393,-13.633739,1.403606,-5.459191,28,IX,25,5
0.421440,8.817720,1.247440,0.014469,0.007688,1.114627,48.102768,0.548080,-9.447714,0.731816,-11.915487,1.048963,-13.802554,1.399996,-5.437357,29,IX,25,5
0.421650,8.817720,1.260360,0.014321,0.006763,1.341727,53.302547,0.552096,-9.479540,0.737034,-12.042538,1.055967,-13.780179,1.412576,-5.308816,30,IX,25,5
0.421820,8.817720,1.262640,0.014295,0.008487,1.197444,50.134329,0.552240,-9.462148,0.738106,-12.043510,1.058159,-13.833946,1.414664,-5.348424,31,IX,25,5
0.423170,6.975450,1.365000,0.016715,0.008458,1.548019,57.138075,0.552884,-9.478737,0.739974,-12.032094,1.060003,-13.746948,1.417528,-5.296815,32,IX,25,5
0.424160,8.817720,1.259980,0.014325,0.008292,1.326028,52.978881,0.554544,-9.508500,0.739625,-11.963863,1.059789,-13.757804,1.416525,-5.309058,33,IX,25,5
0.424790,8.817720,1.260560,0.014319,0.008508,1.209455,50.415422,0.554151,-9.569036,0.739438,-12.026953,1.059749,-13.829307,1.420781,-5.333292,34,IX,25,5
0.425510,8.817720,1.264960,0.014269,0.008210,1.477695,55.912622,0.555219,-9.491409,0.740790,-11.894384,1.063282,-13.865859,1.423123,-5.261291,35,IX,25,5
0.426550,8.817720,1.261960,0.014303,0.008104,1.159526,49.224813,0.554229,-9.457913,0.739937,-11.972723,1.061636,-13.883246,1.422223,-5.351103,36,IX,25,5
0.427640,8.817720,1.258080,0.014347,0.007406,1.124782,48.360942,0.556652,-9.452275,0.740397,-11.895717,1.061078,-13.952058,1.428399,-5.157834,37,IX,25,5
0.429040,8.817720,1.257700,0.014351,0.006877,1.569632,57.499115,0.556122,-9.384929,0.740535,-11.907908,1.063280,-13.900118,1.425995,-5.291650,38,IX,25,5
0.427760,8.817720,1.254840,0.014384,0.008750,1.477153,55.902869,0.555383,-9.336319,0.739933,-11.942113,1.060425,-13.855684,1.423752,-5.303953,39,IX,25,5
0.428960,8.817720,1.256180,0.014369,0.007674,1.571107,57.523496,0.557571,-9.393134,0.740789,-11.928939,1.061350,-13.754734,1.424498,-5.296653,40,IX,25,5
0.428510,8.817720,1.261500,0.014308,0.007948,1.368660,53.846583,0.557758,-9.317451,0.739462,-11.905922,1.062547,-13.920530,1.425600,-5.229115,41,IX,25,5
0.429430,8.817720,1.251940,0.014417,0.007436,1.057974,46.613614,0.557520,-9.208920,0.740314,-11.926061,1.060879,-13.927911,1.421387,-5.451763,42,IX,25,5
0.429740,8.817720,1.257380,0.014355,0.007730,1.207252,50.364120,0.558365,-9.202295,0.741765,-11.822224,1.063473,-13.986779,1.431738,-5.191308,43,IX,25,5
0.430880,8.817720,1.242000,0.014533,0.007814,1.188529,49.923547,0.559363,-9.168143,0.740460,-11.799230,1.056655,-13.845917,1.416719,-5.397849,44,IX,25,5
0.432830,8.817720,1.243000,0.014521,0.006970,1.547535,57.129899,0.559666,-9.230620,0.739925,-11.767875,1.059031,-13.801648,1.417632,-5.347283,45,IX,25,5
0.433490,8.817720,1.236660,0.014595,0.007351,1.222683,50.721166,0.560893,-9.265115,0.741844,-11.653164,1.056554,-13.821119,1.414885,-5.387461,46,IX,25,5
0.431920,8.817720,1.261780,0.014305,0.008141,1.515169,56.575496,0.560301,-9.237335,0.745398,-11.822081,1.067733,-13.917952,1.434366,-5.268733,47,IX,25,5
0.431930,8.817720,1.257100,0.014358,0.008778,1.116670,48.154934,0.561897,-9.178494,0.743990,-11.796085,1.064957,-13.975301,1.437891,-5.183799,48,IX,25,5
0.432940,8.817720,1.257360,0.014355,0.007262,1.569137,57.490923,0.560418,-9.204154,0.743849,-11.833560,1.066690,-13.962261,1.434727,-5.302604,49,IX,25,5
0.434050,8.817720,1.240560,0.014549,0.007407,1.074923,47.067993,0.560172,-9.058773,0.740678,-11.668776,1.059242,-13.960430,1.420731,-5.476145,50,IX,25,5
0.434170,8.817720,1.239240,0.014565,0.007901,1.379381,54.059285,0.560880,-9.047330,0.742405,-11.670411,1.059209,-13.870919,1.422741,-5.358410,51,IX,25,5
0.437370,6.975450,1.337240,0.017062,0.006135,1.002049,45.058639,0.562205,-9.087070,0.740386,-11.637922,1.059176,-13.843895,1.430980,-5.494646,52,IX,25,5
0.433490,6.975450,1.359400,0.016784,0.009249,1.014849,45.422251,0.562137,-9.270339,0.744942,-11.775463,1.067530,-13.962186,1.446818,-5.477551,53,IX,25,5
0.436450,6.975450,1.360000,0.016777,0.007980,1.545689,57.098714,0.564515,-9.033138,0.746959,-11.825345,1.068194,-13.941232,1.441205,-5.311913,54,IX,25,5
0.436400,8.817720,1.259540,0.014330,0.007927,1.449342,55.395559,0.564244,-9.111454,0.748375,-11.831519,1.071055,-14.091562,1.443458,-5.267794,55,IX,25,5
0.438800,8.817720,1.238000,0.014580,0.007381,1.324932,52.956110,0.564331,-9.083179,0.744576,-11.594880,1.063007,-13.972647,1.429989,-5.290280,56,IX,25,5
0.439700,6.975450,1.343720,0.016980,0.008241,1.043832,46.228576,0.564982,-9.009695,0.744145,-11.604068,1.062319,-13.921671,1.441124,-5.414986,57,IX,25,5
0.438970,6.975450,1.338720,0.017043,0.008339,1.541676,57.030748,0.565168,-8.891375,0.743874,-11.642086,1.062968,-13.885634,1.431833,-5.367380,58,IX,25,5
0.438740,6.975450,1.352740,0.016867,0.008119,1.549292,57.159540,0.567773,-9.056424,0.748522,-11.620453,1.072343,-14.024877,1.446594,-5.308570,59,IX,25,5
0.440550,8.817720,1.249520,0.014445,0.007617,1.149384,48.975701,0.567158,-9.079236,0.748597,-11.662912,1.070744,-14.137666,1.446459,-5.381099,60,IX,25,5
0.440490,8.817720,1.248300,0.014459,0.007795,1.140131,48.746264,0.567793,-9.163197,0.748952,-11.661708,1.069648,-14.108341,1.444479,-5.393778,61,IX,25,5
0.439880,8.817720,1.233360,0.014634,0.008660,1.375040,53.973416,0.566980,-8.902363,0.744690,-11.595369,1.061422,-13.935602,1.433594,-5.374620,62,IX,25,5
0.441580,8.817720,1.232160,0.014649,0.007302,1.231127,50.914290,0.566729,-8.946514,0.745770,-11.609938,1.062634,-13.993476,1.434558,-5.397380,63,IX,25,5
0.439940,8.817720,1.239900,0.014557,0.008420,1.459410,55.580735,0.567110,-8.904935,0.746163,-11.455423,1.063728,-14.018924,1.434524,-5.348376,64,IX,25,5
0.442050,8.817720,1.249260,0.014448,0.007584,1.108414,47.943536,0.570389,-9.048087,0.750066,-11.698834,1.071947,-14.157993,1.454216,-5.194166,65,IX,25,5
0.440310,8.817720,1.253440,0.014400,0.009608,1.062535,46.736634,0.570648,-8.920702,0.751087,-11.657960,1.071498,-14.114010,1.448570,-5.441475,66,IX,25,5
0.443740,6.975450,1.352280,0.016873,0.007076,1.496017,56.239588,0.569691,-9.033200,0.751664,-11.665811,1.073601,-14.096652,1.451252,-5.328306,67,IX,25,5
0.443070,8.817720,1.236620,0.014596,0.007686,1.175343,49.608350,0.568622,-8.937179,0.747899,-11.489888,1.066649,-14.112386,1.441842,-5.243254,68,IX,25,5
0.442750,6.975450,1.341960,0.017002,0.009173,1.550903,57.186662,0.569821,-8.914881,0.746482,-11.542515,1.067165,-13.980912,1.440325,-5.363886,69,IX,25,5
0.441460,8.817720,1.237240,0.014588,0.008384,1.187638,49.902373,0.568978,-8.885529,0.747700,-11.549984,1.064877,-14.035836,1.439980,-5.424611,70,IX,25,5
0.444170,6.975450,1.351940,0.016877,0.007097,1.518013,56.624868,0.571185,-9.047015,0.751528,-11.616690,1.071756,-14.142294,1.453878,-5.336166,71,IX,25,5
0.444300,8.817720,1.239360,0.014564,0.008082,1.244935,51.226668,0.570999,-9.005873,0.749772,-11.533542,1.070215,-14.083290,1.448405,-5.379086,72,IX,25,5
0.445140,8.817720,1.241860,0.014534,0.007350,1.096131,47.625812,0.570571,-8.878496,0.751126,-11.616990,1.071908,-14.261302,1.459045,-5.221957,73,IX,25,5
0.444910,6.975450,1.352240,0.016873,0.007675,1.464278,55.669641,0.571295,-8.948961,0.752302,-11.655452,1.072759,-14.126267,1.455187,-5.345046,74,IX,25,5
0.444130,6.975450,1.348760,0.016917,0.007828,1.554559,57.248066,0.572325,-8.922291,0.750295,-11.542650,1.072780,-14.110068,1.452819,-5.353701,75,IX,25,5
0.445110,6.975450,1.343580,0.016982,0.007550,1.570875,57.519657,0.572305,-8.920633,0.751554,-11.533894,1.073013,-14.131591,1.453639,-5.352423,76,IX,25,5
0.443340,8.817720,1.248000,0.014463,0.008301,1.208993,50.404671,0.571914,-8.893923,0.751024,-11.638292,1.072818,-14.209697,1.457112,-5.242982,77,IX,25,5
0.443900,8.817720,1.237160,0.014589,0.007812,1.046257,46.295001,0.571458,-8.874540,0.748273,-11.513843,1.067325,-14.097774,1.453791,-5.285270,78,IX,25,5
0.444470,8.817720,1.247560,0.014468,0.008261,1.218399,50.622597,0.572828,-8.917603,0.751833,-11.580155,1.073585,-14.274131,1.459347,-5.257933,79,IX,25,5
0.444190,8.817720,1.241160,0.014542,0.007754,1.271055,51.806171,0.571984,-8.822682,0.749532,-11.584556,1.071525,-14.187124,1.455152,-5.357832,80,IX,25,5
0.445530,8.817720,1.242780,0.014523,0.008457,1.371681,53.906735,0.571097,-8.922370,0.751160,-11.507078,1.072651,-14.242834,1.454099,-5.303450,81,IX,25,5
0.445330,6.975450,1.349540,0.016907,0.007638,1.025810,45.729949,0.571095,-8.917196,0.748241,-11.547738,1.068684,-14.095477,1.457966,-5.431555,82,IX,25,5
0.443920,8.817720,1.246140,0.014484,0.008591,1.235724,51.018752,0.570824,-8.792106,0.749989,-11.483746,1.072318,-14.319564,1.459042,-5.249046,83,IX,25,5
0.445850,8.817720,1.240900,0.014545,0.006759,1.208847,50.401281,0.571586,-8.939021,0.749773,-11.602114,1.071751,-14.242923,1.457675,-5.392127,84,IX,25,5
0.443650,8.817720,1.241700,0.014536,0.007656,1.201240,50.223539,0.570929,-8.812853,0.748755,-11.539566,1.070146,-14.332220,1.454493,-5.262429,85,IX,25,5
0.446890,6.975450,1.342700,0.016993,0.008518,1.426313,54.965375,0.573379,-8.840315,0.749634,-11.499277,1.067941,-14.162183,1.452505,-5.400653,86,IX,25,5
0.446650,8.817720,1.232360,0.014646,0.008211,1.119782,48.234163,0.574142,-8.582171,0.750530,-11.499506,1.067675,-14.301773,1.456791,-5.287925,87,IX,25,5
0.447190,6.975450,1.341100,0.017013,0.008571,1.532439,56.873369,0.575715,-8.726750,0.749506,-11.357383,1.068671,-14.205677,1.452988,-5.403417,88,IX,25,5
0.446630,8.817720,1.238640,0.014572,0.007590,1.059340,46.650525,0.572755,-8.767963,0.750688,-11.512023,1.072236,-14.277495,1.469101,-5.323991,89,IX,25,5
0.446020,6.975450,1.347820,0.016928,0.008354,1.538556,56.977734,0.572321,-8.786598,0.749750,-11.481795,1.073200,-14.307154,1.461558,-5.367198,90,IX,25,5
0.445740,6.975450,1.344860,0.016966,0.008121,1.398977,54.442510,0.572346,-8.754713,0.749353,-11.523666,1.069138,-14.194790,1.455495,-5.376441,91,IX,25,5
0.448950,8.817720,1.222640,0.014763,0.008280,1.052545,46.466449,0.572534,-8.750258,0.747565,-11.343130,1.065936,-14.195260,1.455472,-5.390133,92,IX,25,5
0.449100,6.975450,1.325880,0.017209,0.008523,1.478221,55.922084,0.574752,-8.643444,0.749151,-11.351827,1.069046,-14.226524,1.452125,-5.424797,93,IX,25,5
0.450240,8.817720,1.222900,0.014760,0.007825,1.117893,48.186095,0.575889,-8.627116,0.749572,-11.315492,1.067460,-14.335702,1.456290,-5.304832,94,IX,25,5
0.448820,6.975450,1.341240,0.017011,0.007141,1.544361,57.076249,0.573641,-8.693439,0.751491,-11.447600,1.072801,-14.309997,1.466025,-5.384090,95,IX,25,5
0.448780,6.975450,1.340860,0.017016,0.007832,1.472180,55.813116,0.572825,-8.804876,0.750148,-11.423395,1.070235,-14.276641,1.463145,-5.381498,96,IX,25,5
0.448440,8.817720,1.238300,0.014576,0.008034,1.372442,53.921872,0.574299,-8.696485,0.750383,-11.446050,1.072268,-14.358002,1.464410,-5.340273,97,IX,25,5
0.450100,6.975450,1.333880,0.017105,0.009213,1.530484,56.839871,0.576406,-8.674126,0.749602,-11.266516,1.068669,-14.236288,1.456512,-5.429733,98,IX,25,5
0.452380,6.975450,1.326220,0.017204,0.007813,1.500168,56.312897,0.576438,-8.575850,0.749079,-11.281697,1.068337,-14.238633,1.456342,-5.428261,99,IX,25,5
0.451590,6.975450,1.323600,0.017238,0.008322,1.537923,56.966968,0.576847,-8.637614,0.749195,-11.247573,1.067845,-14.201576,1.453975,-5.428731,100,IX,25,5
0.450890,8.817720,1.232000,0.014651,0.007605,0.926737,42.822419,0.575219,-8.637387,0.751661,-11.339741,1.072690,-14.442310,1.464868,-5.602733,101,IX,25,5
0.449980,8.817720,1.235300,0.014611,0.008494,1.102140,47.781741,0.577009,-8.721190,0.753089,-11.337871,1.073437,-14.518458,1.476497,-5.260750,102,IX,25,5
0.452180,8.817720,1.232980,0.014639,0.007385,1.287216,52.157423,0.577347,-8.703457,0.753097,-11.360953,1.075338,-14.513406,1.474256,-5.322081,103,IX,25,5
0.452360,8.817720,1.228660,0.014690,0.008051,0.953448,43.634859,0.577258,-8.625558,0.751723,-11.294140,1.072892,-14.413946,1.466107,-5.685749,104,IX,25,5
0.453030,8.817720,1.222720,0.014762,0.007805,1.083352,47.291113,0.576660,-8.548529,0.750274,-11.262915,1.069346,-14.358366,1.467214,-5.316510,105,IX,25,5
0.454100,8.817720,1.216440,0.014838,0.007717,1.180107,49.722703,0.576896,-8.570353,0.749462,-11.228320,1.067371,-14.387353,1.458276,-5.306947,106,IX,25,5
0.454120,6.975450,1.328760,0.017171,0.007765,1.478882,55.933973,0.578069,-8.659437,0.752832,-11.319403,1.073809,-14.448652,1.475211,-5.430581,107,IX,25,5
0.453170,6.975450,1.337920,0.017054,0.008217,1.393675,54.339528,0.579325,-8.692287,0.754219,-11.387757,1.077039,-14.500469,1.480018,-5.364348,108,IX,25,5
0.455550,8.817720,1.231480,0.014657,0.007883,0.972680,44.206558,0.580786,-8.528413,0.755301,-11.322159,1.077748,-14.518811,1.479158,-5.629451,109,IX,25,5
0.455900,8.817720,1.228020,0.014698,0.007876,1.154132,49.092638,0.582628,-8.624647,0.756814,-11.262645,1.075989,-14.485122,1.479671,-5.446883,110,IX,25,5
0.458150,6.975450,1.321340,0.017268,0.007404,1.493773,56.199846,0.581871,-8.496397,0.753903,-11.156358,1.073351,-14.337955,1.470969,-5.449773,111,IX,25,5
0.457860,8.817720,1.217080,0.014830,0.007147,1.196270,50.106686,0.581965,-8.536232,0.754232,-11.141916,1.072895,-14.449729,1.471919,-5.344554,112,IX,25,5
0.456870,8.817720,1.215480,0.014850,0.007460,1.216517,50.579150,0.580757,-8.560975,0.753417,-11.110076,1.071197,-14.397943,1.470378,-5.464350,113,IX,25,5
0.456140,6.975450,1.341920,0.017003,0.008233,1.472227,55.813961,0.583432,-8.485385,0.757017,-11.364282,1.078784,-14.511923,1.490862,-5.420824,114,IX,25,5
0.456780,8.817720,1.230240,0.014671,0.008545,1.074216,47.049194,0.583200,-8.591234,0.757795,-11.210959,1.078775,-14.522292,1.491220,-5.313897,115,IX,25,5
0.457670,8.817720,1.222760,0.014761,0.008118,1.061037,46.696308,0.582691,-8.423241,0.757048,-11.180558,1.075281,-14.470266,1.488603,-5.323080,116,IX,25,5
0.457850,8.817720,1.231280,0.014659,0.008591,1.255365,51.459829,0.585531,-8.509861,0.758753,-11.171849,1.080664,-14.591069,1.490885,-5.343636,117,IX,25,5
0.460350,6.975450,1.332860,0.017118,0.008019,1.507451,56.440847,0.583156,-8.529924,0.759381,-11.199208,1.081292,-14.480733,1.491874,-5.428317,118,IX,25,5
0.460030,6.975450,1.343080,0.016988,0.007650,1.050703,46.416342,0.585262,-8.404025,0.759286,-11.209176,1.080567,-14.520073,1.500430,-5.428296,119,IX,25,5
0.458960,8.817720,1.232100,0.014649,0.008224,1.104624,47.845928,0.585343,-8.399990,0.758993,-11.234924,1.080937,-14.634677,1.496807,-5.307362,120,IX,25,5
0.460170,8.817720,1.231360,0.014658,0.008224,1.165641,49.373797,0.585299,-8.560433,0.758835,-11.227175,1.082323,-14.675584,1.496194,-5.332850,121,IX,25,5
0.460430,8.817720,1.231180,0.014660,0.007989,1.188701,49.927618,0.585404,-8.540452,0.759310,-11.249781,1.081625,-14.677129,1.496684,-5.360822,122,IX,25,5
0.461280,6.975450,1.345380,0.016959,0.007778,1.174526,49.588688,0.585898,-8.478503,0.759435,-11.233414,1.080515,-14.595712,1.495806,-5.472973,123,IX,25,5
0.459610,6.975450,1.335840,0.017080,0.008506,1.486450,56.069554,0.586389,-8.445860,0.759003,-11.243761,1.080132,-14.557401,1.492864,-5.464817,124,IX,25,5
0.459110,6.975450,1.334900,0.017092,0.009066,1.467679,55.731516,0.585389,-8.503439,0.757606,-11.129381,1.079794,-14.572259,1.492527,-5.451089,125,IX,25,5
0.460900,6.975450,1.332960,0.017117,0.007495,1.221579,50.695802,0.585550,-8.475305,0.758192,-11.174622,1.080426,-14.684526,1.497734,-5.393687,126,IX,25,5
0.459170,6.975450,1.336800,0.017068,0.008371,1.488486,56.105864,0.584591,-8.373402,0.757628,-11.138644,1.079675,-14.608561,1.498821,-5.452668,127,IX,25,5
0.461660,6.975450,1.339240,0.017037,0.006984,1.299781,52.426742,0.585368,-8.419885,0.759108,-11.244631,1.078624,-14.646196,1.497897,-5.462671,128,IX,25,5
0.460890,6.975450,1.322220,0.017256,0.007767,1.477180,55.903350,0.584167,-8.349510,0.756180,-11.134883,1.074226,-14.494322,1.485687,-5.486010,129,IX,25,5
0.461840,6.975450,1.314280,0.017360,0.007711,1.456169,55.521312,0.584372,-8.281711,0.754960,-11.054608,1.073718,-14.539966,1.483449,-5.490906,130,IX,25,5
0.462580,6.975450,1.316780,0.017327,0.008143,1.473144,55.830544,0.585866,-8.405877,0.754956,-11.091765,1.073125,-14.550616,1.486774,-5.511975,131,IX,25,5
0.462000,6.975450,1.339920,0.017028,0.007747,1.292019,52.260768,0.585985,-8.480551,0.758946,-11.127717,1.077259,-14.679024,1.500204,-5.469048,132,IX,25,5
0.462120,8.817720,1.220000,0.014795,0.007597,0.953146,43.625792,0.587696,-8.454229,0.758451,-11.222788,1.079876,-14.844461,1.504960,-5.682113,133,IX,25,5
0.461610,6.975450,1.337180,0.017063,0.008297,1.352750,53.526903,0.587525,-8.312322,0.759649,-11.125560,1.078202,-14.716615,1.504274,-5.482551,134,IX,25,5
0.462520,8.817720,1.204220,0.014988,0.008008,1.125493,48.378926,0.586844,-8.187744,0.756701,-10.993438,1.072070,-14.662969,1.486357,-5.565820,135,IX,25,5
0.463190,8.817720,1.205740,0.014970,0.007908,1.278234,51.962886,0.587484,-8.304185,0.755559,-11.010163,1.073213,-14.638829,1.486049,-5.473434,136,IX,25,5
0.463770,6.975450,1.315380,0.017346,0.008485,1.463615,55.657559,0.587143,-8.270883,0.756783,-10.952840,1.073062,-14.581322,1.491295,-5.527684,137,IX,25,5
0.463470,6.975450,1.334860,0.017093,0.008417,1.387705,54.222943,0.587031,-8.358803,0.760470,-11.130294,1.079120,-14.720392,1.507393,-5.492240,138,IX,25,5
0.463560,6.975450,1.320360,0.017280,0.008423,1.327253,53.004315,0.588357,-8.349075,0.761691,-11.046473,1.080457,-14.802061,1.507908,-5.465442,139,IX,25,5
0.463900,6.975450,1.327660,0.017185,0.008342,1.498938,56.291207,0.588757,-8.385923,0.761633,-11.070066,1.080650,-14.741070,1.510542,-5.513938,140,IX,25,5
0.463980,6.975450,1.311700,0.017395,0.008009,1.455224,55.503952,0.587436,-8.265775,0.757691,-10.899628,1.074034,-14.600630,1.491183,-5.533422,141,IX,25,5
0.465090,6.975450,1.309260,0.017427,0.008229,1.436493,55.156688,0.587998,-8.291887,0.757457,-11.047300,1.074254,-14.684892,1.493926,-5.534531,142,IX,25,5
0.464650,6.975450,1.309760,0.017420,0.009152,1.497668,56.268780,0.588373,-8.240511,0.755939,-10.944538,1.072945,-14.718043,1.492768,-5.556746,143,IX,25,5
0.464320,8.817720,1.215640,0.014848,0.008996,1.183708,49.808787,0.589823,-8.181508,0.759658,-11.096235,1.078533,-14.860680,1.511378,-5.441518,144,IX,25,5
0.466180,6.975450,1.325960,0.017207,0.007994,1.445506,55.324539,0.589014,-8.225951,0.760233,-11.081828,1.081373,-14.807122,1.514154,-5.520542,145,IX,25,5
0.467620,6.975450,1.319740,0.017289,0.007624,1.415040,54.751381,0.590705,-8.334852,0.761365,-10.967459,1.081237,-14.825574,1.515746,-5.537080,146,IX,25,5
0.466750,8.817720,1.210260,0.014914,0.007914,1.105117,47.858634,0.591230,-8.253982,0.761239,-10.997600,1.079466,-14.892705,1.514832,-5.438323,147,IX,25,5
0.467170,8.817720,1.201800,0.015019,0.007867,0.949998,43.531133,0.589759,-8.238251,0.757657,-11.002497,1.074410,-14.755782,1.499231,-5.764864,148,IX,25,5
0.467440,6.975450,1.307760,0.017447,0.006439,1.420203,54.849682,0.590169,-8.208549,0.757425,-10.943196,1.073112,-14.613960,1.496232,-5.587646,149,IX,25,5
0.465300,6.975450,1.314980,0.017351,0.008374,1.422466,54.892605,0.589393,-8.282612,0.757412,-10.870079,1.074434,-14.691268,1.502727,-5.580895,150,IX,25,5
0.466450,6.975450,1.323020,0.017246,0.008439,1.249909,51.338152,0.591764,-8.222184,0.761142,-11.004951,1.082770,-14.895988,1.517925,-5.522293,151,IX,25,5
0.467270,8.817720,1.210700,0.014908,0.007478,1.087464,47.399263,0.590761,-8.175591,0.761831,-10.974202,1.080295,-14.948283,1.520463,-5.450250,152,IX,25,5
0.466120,6.975450,1.322580,0.017251,0.008743,1.231280,50.917779,0.591820,-8.208573,0.761250,-10.939035,1.081375,-14.862299,1.515269,-5.523770,153,IX,25,5
0.468520,6.975450,1.303800,0.017500,0.007688,1.424853,54.937792,0.590329,-8.050464,0.757580,-10.925806,1.073784,-14.609292,1.497845,-5.603778,154,IX,25,5
0.466770,8.817720,1.189600,0.015173,0.007879,1.280815,52.018958,0.588016,-7.977802,0.753437,-10.803917,1.068040,-14.607613,1.479748,-5.617631,155,IX,25,5
0.466760,6.975450,1.304280,0.017494,0.009059,1.206349,50.343062,0.590188,-8.147900,0.757171,-10.701447,1.074304,-14.731917,1.498287,-5.555257,156,IX,25,5
0.467930,6.975450,1.319980,0.017285,0.008004,1.397945,54.422512,0.591311,-8.225316,0.761146,-10.947421,1.082524,-14.833466,1.519676,-5.583839,157,IX,25,5
0.468240,5.517300,1.426120,0.020227,0.008018,1.207799,50.376861,0.591735,-8.242725,0.759992,-10.895901,1.078540,-14.825106,1.507116,-5.550902,158,IX,25,5
0.468700,8.817720,1.202460,0.015010,0.008221,1.073233,47.023010,0.591409,-8.119717,0.760592,-10.911750,1.077707,-14.807883,1.508818,-5.635114,159,IX,25,5
0.469180,6.975450,1.310200,0.017414,0.008393,1.399893,54.460252,0.591767,-8.130392,0.758614,-10.906537,1.076719,-14.717130,1.508533,-5.613190,160,IX,25,5
0.469390,8.817720,1.180140,0.015294,0.007980,1.099721,47.719086,0.589787,-7.924290,0.753748,-10.639124,1.065058,-14.642679,1.484193,-5.581678,161,IX,25,5
0.468800,6.975450,1.295280,0.017615,0.008565,1.365207,53.777613,0.592089,-7.972901,0.757445,-10.789918,1.071771,-14.759617,1.501535,-5.643019,162,IX,25,5
0.470290,6.975450,1.309720,0.017421,0.006148,1.398847,54.439988,0.592993,-8.027029,0.760834,-10.882122,1.076917,-14.761537,1.513854,-5.633865,163,IX,25,5
0.470560,6.975450,1.308100,0.017442,0.006721,1.378550,54.042873,0.592138,-8.082564,0.760844,-10.939302,1.077923,-14.809337,1.514456,-5.633583,164,IX,25,5
0.468150,6.975450,1.296120,0.017604,0.008025,1.187730,49.904558,0.591065,-8.073474,0.757418,-10.826770,1.072542,-14.676410,1.500301,-5.609885,165,IX,25,5
0.470480,8.817720,1.196960,0.015079,0.007304,1.119414,48.224797,0.592942,-8.112817,0.759846,-10.819629,1.075816,-14.837182,1.511936,-5.570798,166,IX,25,5
0.468860,6.975450,1.308220,0.017441,0.007626,1.386863,54.206440,0.593273,-8.110764,0.758960,-10.800806,1.074655,-14.718721,1.510067,-5.656565,167,IX,25,5
0.470190,6.975450,1.302920,0.017512,0.007080,1.013530,45.384993,0.592669,-8.031705,0.760763,-10.851376,1.075416,-14.755320,1.515163,-5.834909,168,IX,25,5
0.469950,6.975450,1.311560,0.017396,0.007595,1.368888,53.851135,0.592539,-8.152078,0.759788,-10.926585,1.077612,-14.776183,1.519360,-5.648490,169,IX,25,5
0.470780,6.975450,1.314800,0.017354,0.007342,1.331115,53.084291,0.593130,-8.109441,0.759647,-10.854230,1.074754,-14.749532,1.515746,-5.639267,170,IX,25,5
0.472120,6.975450,1.310920,0.017405,0.006978,1.062725,46.741767,0.594961,-8.048920,0.760934,-10.791475,1.073984,-14.768578,1.520546,-5.629940,171,IX,25,5
0.471400,6.975450,1.305400,0.017479,0.008870,1.392288,54.312507,0.592723,-8.059907,0.759776,-10.782687,1.075425,-14.872503,1.521890,-5.673058,172,IX,25,5
0.473070,6.975450,1.307800,0.017446,0.008227,1.383865,54.147596,0.597014,-7.948026,0.763191,-10.795838,1.078924,-14.749777,1.520084,-5.670489,173,IX,25,5
0.474040,6.975450,1.307640,0.017449,0.007402,1.285358,52.117316,0.595879,-7.927595,0.760310,-10.672971,1.074000,-14.760227,1.515161,-5.651423,174,IX,25,5
0.473600,6.975450,1.308580,0.017436,0.007637,1.373397,53.940837,0.596696,-8.120792,0.762837,-10.720849,1.079598,-14.850669,1.529194,-5.663673,175,IX,25,5
0.474680,6.975450,1.317180,0.017322,0.006524,1.055407,46.544131,0.595620,-8.109742,0.764273,-10.880873,1.080873,-14.877655,1.534148,-5.567331,176,IX,25,5
0.474760,6.975450,1.316040,0.017337,0.006906,1.326248,52.983448,0.596503,-8.033986,0.764175,-10.842741,1.081065,-14.804955,1.532469,-5.644486,177,IX,25,5
0.473630,6.975450,1.314420,0.017359,0.008257,1.361487,53.703044,0.597100,-7.985040,0.765124,-10.833223,1.082220,-14.828966,1.533826,-5.682253,178,IX,25,5
0.475120,6.975450,1.299180,0.017562,0.006614,1.345741,53.384510,0.595537,-8.009114,0.760974,-10.737310,1.076590,-14.792099,1.518403,-5.714512,179,IX,25,5
0.474210,6.975450,1.303060,0.017510,0.006843,1.330634,53.074362,0.595668,-7.930886,0.761604,-10.686244,1.076009,-14.783895,1.520677,-5.692678,180,IX,25,5
0.473580,8.817720,1.186900,0.015207,0.007083,1.114725,48.105286,0.596371,-8.007669,0.761739,-10.713314,1.074202,-14.842775,1.520179,-5.703287,181,IX,25,5
0.475120,6.975450,1.307440,0.017451,0.006124,1.323110,52.918197,0.597606,-8.026930,0.765312,-10.778681,1.082423,-14.906958,1.534598,-5.697094,182,IX,25,5
0.474060,6.975450,1.309460,0.017424,0.006432,1.325748,52.973063,0.597699,-7.986249,0.765181,-10.793436,1.082728,-14.877215,1.537280,-5.711612,183,IX,25,5
0.475040,5.517300,1.431380,0.020153,0.006675,0.966019,44.009796,0.598010,-8.028909,0.765995,-10.858657,1.083562,-14.971020,1.538654,-5.888799,184,IX,25,5
0.473930,6.975450,1.305180,0.017481,0.006516,1.317200,52.794741,0.597935,-7.959966,0.764018,-10.686960,1.076689,-14.828174,1.527527,-5.722735,185,IX,25,5
0.473590,6.975450,1.306240,0.017467,0.007152,1.261757,51.601579,0.597286,-7.907417,0.761639,-10.677632,1.072889,-14.785415,1.523151,-5.722814,186,IX,25,5
0.474630,6.975450,1.312880,0.017379,0.008645,1.190854,49.978694,0.599365,-7.921376,0.764766,-10.727184,1.076046,-14.822281,1.528895,-5.711746,187,IX,25,5
0.476990,5.517300,1.419400,0.020323,0.007150,1.068152,46.887394,0.601205,-7.900157,0.767686,-10.760359,1.083358,-15.015634,1.544157,-5.670483,188,IX,25,5
0.475620,6.975450,1.319720,0.017289,0.007572,1.235885,51.022399,0.600355,-7.945186,0.767855,-10.734134,1.080770,-14.931663,1.547259,-5.697960,189,IX,25,5
0.475570,6.975450,1.319180,0.017296,0.006874,1.117464,48.175158,0.602062,-7.976140,0.768486,-10.759875,1.081940,-15.067192,1.549644,-5.705986,190,IX,25,5
0.478270,6.975450,1.308280,0.017440,0.007108,1.160895,49.258247,0.600645,-7.964527,0.764585,-10.671069,1.077632,-14.952719,1.540980,-5.744613,191,IX,25,5
0.476430,6.975450,1.295300,0.017615,0.007653,1.300827,52.449007,0.599908,-8.044339,0.763272,-10.637089,1.075403,-14.892007,1.534962,-5.787254,192,IX,25,5
0.477530,6.975450,1.296580,0.017597,0.007617,1.307607,52.592844,0.600070,-7.839637,0.763451,-10.657594,1.076502,-14.980261,1.542112,-5.792672,193,IX,25,5
0.476200,5.517300,1.410180,0.020456,0.007421,1.058286,46.622063,0.601527,-7.873119,0.765489,-10.649585,1.079254,-15.196277,1.554598,-5.759419,194,IX,25,5
0.479210,6.975450,1.300140,0.017549,0.005477,1.294054,52.304393,0.600529,-8.069833,0.765992,-10.772760,1.081097,-15.127916,1.559913,-5.800506,195,IX,25,5
0.477550,6.975450,1.308260,0.017440,0.007140,1.280587,52.014014,0.601770,-7.988336,0.765843,-10.750515,1.079247,-15.105943,1.563740,-5.787577,196,IX,25,5
0.481250,6.975450,1.296280,0.017601,0.006284,1.147953,48.940368,0.604412,-7.757614,0.767661,-10.622918,1.080705,-15.242777,1.591450,-5.876652,197,IX,25,5
0.480920,5.517300,1.399540,0.020611,0.006780,1.067077,46.858596,0.604624,-7.792127,0.766735,-10.510338,1.074049,-15.485954,1.596262,-5.807675,198,IX,25,5
0.481530,5.517300,1.400200,0.020602,0.006823,0.942362,43.300292,0.603854,-7.700676,0.767710,-10.479663,1.073045,-15.624802,1.601334,-5.956836,199,IX,25,5
0.485800,6.975450,1.275540,0.017888,0.005494,1.088204,47.418684,0.607382,-7.726774,0.769544,-10.557984,1.075251,-15.665121,1.628235,-6.014572,200,IX,25,5
0.481740,5.517300,1.405580,0.020523,0.007932,1.057301,46.595416,0.606581,-7.841850,0.770499,-10.569218,1.076474,-15.978455,1.658913,-5.838590,201,IX,25,5
0.482860,4.369410,1.555260,0.023420,0.006903,1.103982,47.829342,0.607495,-7.851037,0.772027,-10.563309,1.075270,-16.056135,1.680531,-5.913420,202,IX,25,5
0.482180,5.517300,1.402280,0.020571,0.007449,1.035744,46.005897,0.606378,-7.916734,0.770827,-10.627266,1.075655,-16.388164,1.690320,-5.854777,203,IX,25,5
0.480180,4.369410,1.561280,0.023330,0.006171,1.114867,48.108908,0.603592,-7.801357,0.769355,-10.612828,1.070801,-16.399236,1.701069,-5.861314,204,IX,25,5
0.480790,4.369410,1.555980,0.023410,0.005667,1.091943,47.516579,0.601958,-7.893659,0.767451,-10.670628,1.067307,-16.468172,1.708268,-5.918213,205,IX,25,5
0.478530,4.369410,1.552860,0.023457,0.007061,1.182960,49.790934,0.603106,-7.793248,0.768194,-10.703147,1.068949,-16.496116,1.724766,-5.969189,206,IX,25,5
0.477240,4.369410,1.555000,0.023424,0.006301,1.202258,50.247397,0.602319,-7.858469,0.766314,-10.681723,1.069445,-16.605827,1.732737,-5.983007,207,IX,25,5
0.480110,4.369410,1.539740,0.023656,0.005936,1.156991,49.162794,0.602966,-7.901380,0.769013,-10.710814,1.071457,-16.743611,1.740397,-6.026371,208,IX,25,5
0.477920,4.369410,1.551080,0.023484,0.006008,1.086547,47.375188,0.601766,-7.875895,0.767200,-10.686218,1.069612,-16.818206,1.753272,-6.097142,209,IX,25,5
0.477190,3.456860,1.707400,0.026965,0.006626,1.048876,46.366537,0.602180,-7.967430,0.766144,-10.701831,1.064701,-17.012283,1.758064,-5.930313,210,IX,25,5
0.476940,4.369410,1.546320,0.023556,0.006561,1.186617,49.878101,0.601847,-7.953991,0.765772,-10.650719,1.064953,-16.861441,1.766037,-6.050312,211,IX,25,5
0.475520,4.369410,1.540800,0.023640,0.006593,1.088658,47.430602,0.600518,-7.920768,0.765087,-10.646407,1.064084,-16.922768,1.771659,-6.118238,212,IX,25,5
0.474330,3.456860,1.700160,0.027080,0.006442,1.094031,47.571109,0.600855,-7.949424,0.765564,-10.660600,1.060139,-17.077971,1.787430,-5.981661,213,IX,25,5
0.477470,3.456860,1.700900,0.027068,0.005220,1.096270,47.629424,0.600687,-7.870874,0.766084,-10.602785,1.060884,-17.145284,1.788262,-5.955209,214,IX,25,5
0.478620,3.456860,1.703780,0.027022,0.005346,1.067710,46.875568,0.601883,-7.892544,0.764879,-10.647719,1.061044,-17.241587,1.797137,-5.976216,215,IX,25,5
0.477320,3.456860,1.720640,0.026758,0.005549,1.015415,45.438229,0.602718,-7.862263,0.767024,-10.639739,1.061970,-17.281583,1.803386,-6.025840,216,IX,25,5
0.478450,3.456860,1.688680,0.027264,0.006557,1.050106,46.400067,0.602478,-7.837770,0.762463,-10.532471,1.053625,-17.231221,1.792411,-6.024105,217,IX,25,5
0.479100,3.456860,1.686920,0.027293,0.006308,1.019266,45.546650,0.601028,-7.695294,0.761861,-10.445274,1.051314,-17.300748,1.799300,-6.039493,218,IX,25,5
0.478460,4.369410,1.521740,0.023936,0.007089,1.173590,49.566131,0.603408,-7.749174,0.762003,-10.513852,1.052647,-17.158760,1.807867,-6.134324,219,IX,25,5
0.477610,3.456860,1.683100,0.027354,0.006248,1.084646,47.325191,0.601868,-7.725829,0.762504,-10.544097,1.050221,-17.289130,1.814444,-6.059813,220,IX,25,5
0.474170,3.456860,1.692720,0.027199,0.007137,1.151381,49.024960,0.600640,-7.823731,0.763451,-10.612848,1.052667,-17.339582,1.835428,-6.061150,221,IX,25,5
0.475530,4.369410,1.535740,0.023718,0.006217,1.162840,49.305661,0.600554,-7.846627,0.761825,-10.590269,1.051787,-17.329350,1.842870,-6.103328,222,IX,25,5
0.474900,4.369410,1.534260,0.023741,0.005804,1.166509,49.394886,0.600262,-7.801276,0.761996,-10.660066,1.050683,-17.307494,1.845914,-6.117883,223,IX,25,5
0.475320,3.456860,1.689440,0.027252,0.005546,1.041577,46.166683,0.599789,-7.774962,0.760945,-10.475380,1.047175,-17.482228,1.839964,-6.065601,224,IX,25,5
0.476400,3.456860,1.684360,0.027334,0.005555,1.033920,45.955446,0.600393,-7.735719,0.761644,-10.426780,1.045577,-17.614410,1.848401,-6.098606,225,IX,25,5
0.475830,3.456860,1.671720,0.027541,0.006018,1.138227,48.698773,0.601350,-7.606930,0.760826,-10.457785,1.043970,-17.372589,1.852701,-6.143991,226,IX,25,5
0.475880,3.456860,1.677880,0.027440,0.005528,1.069889,46.933839,0.600749,-7.774881,0.761038,-10.489031,1.043770,-17.493572,1.864978,-6.119309,227,IX,25,5
0.473870,2.735470,1.875760,0.031018,0.006851,0.997460,44.927142,0.600004,-7.753607,0.762210,-10.565066,1.051479,-17.596150,1.874350,-6.199550,228,IX,25,5
0.475250,2.735470,1.875260,0.031026,0.005779,1.022271,45.630964,0.601891,-7.777676,0.762682,-10.500109,1.051117,-17.629489,1.883421,-6.230199,229,IX,25,5
0.477090,3.456860,1.681960,0.027373,0.005234,1.117530,48.176851,0.602550,-7.756508,0.763337,-10.641538,1.047609,-17.546121,1.892788,-6.140329,230,IX,25,5
0.476430,2.735470,1.870100,0.031112,0.004567,0.989611,44.700818,0.603056,-7.838161,0.763034,-10.496433,1.050641,-17.694692,1.889933,-6.243115,231,IX,25,5
0.477640,2.735470,1.859460,0.031290,0.005490,1.004208,45.120296,0.601846,-7.800777,0.760386,-10.387022,1.045701,-17.644990,1.886551,-6.291497,232,IX,25,5
0.476160,2.735470,1.864180,0.031210,0.005757,1.039773,46.117064,0.601880,-7.789951,0.760472,-10.442004,1.043917,-17.584092,1.889949,-6.320911,233,IX,25,5
0.477030,3.456860,1.663060,0.027684,0.006523,1.122650,48.306965,0.601906,-7.776785,0.761567,-10.375532,1.040510,-17.572826,1.904430,-6.228666,234,IX,25,5
0.475790,2.735470,1.882500,0.030907,0.005707,1.023340,45.660901,0.602379,-7.699490,0.763288,-10.465172,1.049416,-17.697208,1.923709,-6.318521,235,IX,25,5
0.471000,2.735470,1.892400,0.030745,0.007736,1.054603,46.522330,0.601650,-7.806580,0.761417,-10.544380,1.046319,-17.688342,1.924655,-6.340997,236,IX,25,5
0.475070,3.456860,1.691480,0.027219,0.005608,1.022939,45.649674,0.602191,-7.837723,0.762129,-10.524708,1.041961,-17.866534,1.931819,-6.189599,237,IX,25,5
0.474320,2.735470,1.887660,0.030822,0.004706,1.081814,47.250526,0.603104,-7.744055,0.761395,-10.499573,1.044091,-17.653065,1.939222,-6.354624,238,IX,25,5
0.476150,2.735470,1.859740,0.031285,0.004871,0.988264,44.661799,0.602084,-7.736192,0.760105,-10.457254,1.040304,-17.774354,1.929136,-6.370823,239,IX,25,5
0.475650,3.456860,1.653560,0.027843,0.005699,1.113380,48.070896,0.601016,-7.551386,0.760023,-10.361745,1.035340,-17.657714,1.938678,-6.299738,240,IX,25,5
0.476540,2.735470,1.865500,0.031188,0.005287,1.176749,49.642142,0.602008,-7.703533,0.761037,-10.314758,1.035393,-17.670848,1.946665,-6.358513,241,IX,25,5
0.476350,2.735470,1.862120,0.031245,0.005391,0.966754,44.031552,0.601742,-7.716027,0.759729,-10.381290,1.038977,-17.789010,1.956990,-6.397963,242,IX,25,5
0.472810,2.735470,1.886140,0.030847,0.005597,1.090265,47.472694,0.602214,-7.731983,0.760966,-10.446920,1.038285,-17.733174,1.970020,-6.408264,243,IX,25,5
0.475490,2.735470,1.872800,0.031067,0.004943,0.993114,44.802037,0.601692,-7.764869,0.760190,-10.449318,1.039832,-17.831584,1.973885,-6.433399,244,IX,25,5
0.475700,3.456860,1.662040,0.027701,0.004888,1.117047,48.164541,0.600894,-7.770189,0.759557,-10.462808,1.035188,-17.866076,1.982363,-6.314098,245,IX,25,5
0.476930,2.735470,1.865120,0.031195,0.004372,1.009109,45.259769,0.600860,-7.705294,0.759663,-10.449376,1.037318,-17.753957,1.975454,-6.484278,246,IX,25,5
0.474700,2.735470,1.868180,0.031144,0.005745,1.081555,47.243693,0.602041,-7.714768,0.759784,-10.314340,1.033035,-17.725927,1.982495,-6.476490,247,IX,25,5
0.475900,2.160540,2.055040,0.035846,0.004821,1.103664,47.821120,0.602122,-7.645631,0.758483,-10.234558,1.029577,-17.758538,1.987354,-6.439387,248,IX,25,5
0.477170,2.735470,1.837580,0.031662,0.003384,0.964577,43.967016,0.602927,-7.695612,0.758612,-10.352422,1.032627,-18.007406,1.991568,-6.441940,249,IX,25,5
0.476190,2.735470,1.851800,0.031419,0.004640,1.014058,45.399907,0.603788,-7.740249,0.762450,-10.391479,1.035511,-17.973785,2.014029,-6.389414,250,IX,25,5
0.479100,2.160540,2.100160,0.035076,0.003911,1.042916,46.203444,0.606191,-7.789846,0.767321,-10.365067,1.034080,-18.049665,2.112099,-6.446637,251,IX,25,5
0.475930,2.160540,2.103600,0.035018,0.005607,1.105373,47.865230,0.608549,-7.675432,0.767802,-10.392050,1.035946,-17.871159,2.121294,-6.530456,252,IX,25,5
0.481160,2.735470,1.862540,0.031238,0.003487,0.959863,43.826780,0.608645,-7.748219,0.769306,-10.375121,1.040197,-18.066235,2.125455,-6.599110,253,IX,25,5
0.479490,2.160540,2.084080,0.035346,0.004151,1.052335,46.460746,0.608704,-7.704655,0.768063,-10.352316,1.039371,-17.894902,2.128658,-6.620275,254,IX,25,5
0.478780,2.735470,1.849540,0.031458,0.003446,1.008749,45.249547,0.607297,-7.744270,0.767606,-10.377565,1.035198,-18.099913,2.124719,-6.460827,255,IX,25,5
0.480650,2.160540,2.078600,0.035439,0.003949,1.158520,49.200213,0.607738,-7.806061,0.767428,-10.316752,1.034718,-17.868881,2.135783,-6.640530,256,IX,25,5
0.479040,2.160540,2.097360,0.035122,0.002495,1.041750,46.171427,0.607338,-7.721190,0.766919,-10.385255,1.032104,-18.053116,2.138228,-6.505999,257,IX,25,5
0.477710,2.160540,2.075720,0.035489,0.003089,0.975005,44.274915,0.607023,-7.709893,0.768319,-10.410632,1.036807,-17.972595,2.148619,-6.694044,258,IX,25,5
0.478060,2.735470,1.868940,0.031131,0.003159,0.959898,43.827823,0.607606,-7.883601,0.766916,-10.430831,1.037565,-18.074531,2.149649,-6.688524,259,IX,25,5
0.479610,2.160540,2.081000,0.035399,0.002116,1.001678,45.048031,0.607056,-7.856050,0.768193,-10.391033,1.037789,-17.956191,2.162970,-6.719293,260,IX,25,5
0.479610,2.160540,2.098940,0.035096,0.002987,1.089773,47.459809,0.607880,-7.906591,0.768847,-10.385197,1.035344,-17.914711,2.171877,-6.642394,261,IX,25,5
0.480800,2.735470,1.855880,0.031350,0.003247,0.942665,43.309483,0.609594,-7.750559,0.771165,-10.422729,1.040138,-18.082195,2.176766,-6.727804,262,IX,25,5
0.480350,2.160540,2.107800,0.034948,0.003366,1.061415,46.706493,0.608625,-7.820019,0.770681,-10.379691,1.035596,-18.028111,2.193411,-6.609597,263,IX,25,5
0.480770,2.160540,2.077320,0.035461,0.002260,0.997518,44.928805,0.610848,-7.778955,0.771693,-10.427213,1.037764,-17.924659,2.196879,-6.808183,264,IX,25,5
0.479540,2.160540,2.082180,0.035379,0.003575,1.037364,46.050665,0.609519,-7.757473,0.770802,-10.308300,1.034296,-17.907023,2.204410,-6.818010,265,IX,25,5
0.478950,1.709520,2.338700,0.039808,0.004138,1.016470,45.467974,0.608439,-7.726074,0.771017,-10.353219,1.033527,-18.107486,2.212253,-6.668217,266,IX,25,5
0.480920,2.160540,2.085880,0.035316,0.002448,0.993008,44.799005,0.609795,-7.739892,0.770432,-10.373324,1.034778,-17.862148,2.233832,-6.839640,267,IX,25,5
0.478680,2.160540,2.070420,0.035579,0.003237,0.949561,43.517971,0.609128,-7.833966,0.769272,-10.400185,1.035546,-18.000782,2.238357,-6.908219,268,IX,25,5
0.479810,1.709520,2.346080,0.039683,0.001932,1.024983,45.706835,0.609908,-7.674327,0.771583,-10.446077,1.032583,-18.104059,2.255307,-6.735848,269,IX,25,5
0.478270,2.160540,2.071320,0.035564,0.003030,0.930645,42.942636,0.609638,-7.856341,0.771074,-10.404066,1.035223,-18.008405,2.269158,-6.959122,270,IX,25,5
0.479360,2.160540,2.072740,0.035540,0.002840,1.000935,45.026785,0.610970,-7.887678,0.771908,-10.385300,1.033544,-17.941874,2.286522,-7.001003,271,IX,25,5
0.480010,1.709520,2.333600,0.039895,0.003373,0.965208,43.985740,0.609913,-7.651028,0.769543,-10.287926,1.028836,-18.070392,2.280221,-6.968637,272,IX,25,5
0.483110,1.709520,2.325540,0.040033,0.001730,0.924405,42.750437,0.613604,-7.642365,0.772454,-10.301825,1.030573,-17.947495,2.292409,-7.068792,273,IX,25,5
0.483310,1.709520,2.329300,0.039969,0.002582,0.938887,43.194653,0.614169,-7.616513,0.770230,-10.229063,1.027197,-17.975442,2.310817,-7.073385,274,IX,25,5
0.482700,2.160540,2.044940,0.036023,0.003119,0.970519,44.142863,0.613562,-7.538099,0.772269,-10.137188,1.028118,-17.741474,2.335963,-7.178389,275,IX,25,5
0.482470,2.160540,2.060020,0.035759,0.001384,1.015388,45.437462,0.613960,-7.724367,0.772918,-10.095835,1.027683,-17.702927,2.362675,-7.167065,276,IX,25,5
0.484670,1.709520,2.320120,0.040127,0.001992,1.034015,45.958075,0.614152,-7.741955,0.777323,-10.292300,1.031773,-17.789650,2.399451,-7.109508,277,IX,25,5
0.486840,1.353520,2.627060,0.044760,0.002340,0.923703,42.728742,0.619363,-7.650585,0.782463,-10.306265,1.035656,-17.958038,2.472744,-7.386819,278,IX,25,5
0.489080,1.709520,2.312480,0.040259,0.001228,0.954570,43.668530,0.620392,-7.661173,0.783409,-10.326279,1.034977,-17.663881,2.526346,-7.543650,279,IX,25,5
0.486390,1.709520,2.311600,0.040275,0.000638,0.970971,44.156193,0.617418,-7.673683,0.779671,-10.318293,1.033098,-17.654633,2.557063,-7.596732,280,IX,25,5
0.489330,1.353520,2.641480,0.044515,0.001628,0.888879,41.633236,0.620503,-7.691362,0.781191,-10.228256,1.032721,-17.771812,2.573107,-7.759241,281,IX,25,5
0.492050,1.709520,2.286840,0.040711,0.000793,0.977238,44.340437,0.622048,-7.746820,0.784794,-10.239382,1.031269,-17.654258,2.629562,-7.775523,282,IX,25,5
0.489520,1.353520,2.656660,0.044261,0.001700,0.901647,42.039310,0.622535,-7.651441,0.783897,-10.279529,1.034926,-17.628536,2.673061,-8.021329,283,IX,25,5
0.491320,1.353520,2.670800,0.044026,0.001813,0.869991,41.022968,0.625419,-7.744547,0.788045,-10.319259,1.039593,-17.674225,2.744542,-8.186551,284,IX,25,5
0.493270,1.070790,3.016220,0.049278,0.000559,0.940958,43.257664,0.627484,-7.635011,0.790936,-10.227778,1.040231,-17.551286,2.816775,-8.281493,285,IX,25,5
0.496090,1.070790,3.073080,0.048366,0.000000,0.902527,42.067107,0.633021,-7.722225,0.800543,-10.400328,1.052424,-17.591280,2.975064,-8.640376,286,IX,25,5
0.500960,1.070790,3.098340,0.047972,0.000000,0.864515,40.843914,0.638627,-7.835790,0.809346,-10.538251,1.064358,-17.512944,3.105875,-8.988572,287,IX,25,5
0.501940,1.070790,3.130740,0.047475,0.000000,0.850579,40.383792,0.639773,-7.881131,0.814475,-10.567203,1.072045,-17.542818,3.236925,-9.332182,288,IX,25,5
0.502540,1.070790,3.136820,0.047383,0.000000,0.818548,39.301974,0.645028,-7.952486,0.820221,-10.582871,1.077409,-17.494485,3.421847,-9.847617,289,IX,25,5
0.510160,1.070790,3.174260,0.046825,0.000000,0.819528,39.335588,0.656433,-8.045972,0.837137,-10.603504,1.094563,-17.389035,3.744688,-10.579387,290,IX,25,5
0.514760,1.070790,3.140900,0.047322,0.000000,0.733062,36.243723,0.664583,-7.995845,0.843714,-10.529224,1.103012,-17.292292,4.014659,-11.478948,291,IX,25,5
0.511220,1.070790,3.120320,0.047634,0.000000,0.708053,35.300515,0.670807,-8.066382,0.853317,-10.577153,1.109035,-17.120107,4.376812,-12.474819,292,IX,25,5
0.514410,1.070790,3.054820,0.048655,0.000000,0.659797,33.416689,0.679776,-8.142334,0.862337,-10.406206,1.118370,-16.962951,4.755631,-13.624297,293,IX,25,5
0.518240,1.070790,2.999020,0.049561,0.000000,0.567343,29.568124,0.690841,-8.125092,0.876862,-10.346138,1.131738,-16.741046,5.195696,-15.163846,294,IX,25,5
0.523550,1.070790,2.945000,0.050470,0.000000,0.495837,26.373913,0.707503,-8.373333,0.897225,-10.415543,1.157177,-16.487376,5.807270,-16.953684,295,IX,25,5
0.529230,1.070790,2.867320,0.051837,0.000000,0.409162,22.252518,0.726428,-8.464580,0.919152,-10.256183,1.175865,-16.203771,6.424394,-19.019670,296,IX,25,5
0.537370,1.070790,2.691000,0.055233,0.000000,0.320098,17.749775,0.747473,-8.597630,0.943438,-10.110596,1.199390,-15.952175,7.151241,-21.112361,297,IX,25,5
0.544010,1.070790,2.608620,0.056978,0.000000,0.214322,12.096768,0.769181,-8.681288,0.970760,-9.972519,1.226502,-15.572163,8.009226,-23.995442,298,IX,25,5
0.552150,1.070790,2.685420,0.055348,0.000000,0.080849,4.622244,0.797671,-8.841262,1.005926,-9.819194,1.264030,-15.175302,8.991535,-27.894307,299,IX,25,5
0.560170,1.070790,2.640240,0.056295,0.000000,0.012401,0.710476,0.826547,-8.938498,1.041581,-9.689619,1.297903,-14.768593,10.010653,-31.860074,300,IX,25,5
0.570050,1.070790,2.593420,0.057312,0.000000,0.009455,0.541709,0.862305,-9.134490,1.079872,-9.496478,1.340301,-14.338533,11.146424,-36.260145,301,IX,25,5
0.580250,1.070790,2.608360,0.056983,0.000000,0.068173,3.900006,0.906246,-9.462238,1.140951,-9.470395,1.409021,-13.875494,12.316903,-41.349502,302,IX,25,5
0.589220,1.070790,2.670720,0.055653,0.000000,0.126290,7.197757,0.962012,-9.728166,1.209162,-9.311743,1.485683,-13.375294,13.154213,-46.345987,303,IX,25,5
0.597430,1.070790,2.785280,0.053364,0.000000,0.300062,16.702507,1.021397,-10.249736,1.285755,-9.260548,1.570000,-12.930836,13.390973,-50.243777,304,IX,25,5
0.602180,1.070790,3.047620,0.048770,0.000000,0.460372,24.720040,1.104926,-10.834971,1.394681,-9.250136,1.699461,-12.344441,13.610226,-51.185468,305,IX,25,5
0.607140,1.070790,3.589740,0.041405,0.000000,0.455709,24.499177,1.220815,-11.835190,1.553869,-9.352557,1.890715,-11.810140,13.773487,-49.990612,306,IX,25,5
0.610290,1.070790,4.190560,0.035469,0.000000,0.515596,27.275441,1.346637,-13.076771,1.731294,-9.491331,2.108986,-11.500040,13.471704,-50.155596,307,IX,25,5
0.611860,1.070790,4.843180,0.030689,0.000000,0.496862,26.421038,1.468343,-14.176245,1.908348,-9.664422,2.329114,-11.427498,13.760175,-46.001359,308,IX,25,5
0.616610,1.070790,5.574960,0.026661,0.000000,0.487970,26.011003,1.602621,-15.400263,2.106923,-9.802181,2.572139,-11.373055,13.897316,-42.845276,309,IX,25,5
0.619860,1.070790,6.254300,0.023765,0.000000,0.455473,24.487967,1.717061,-16.361759,2.287321,-9.993424,2.793738,-11.270275,14.229906,-41.524646,310,IX,25,5
0.629130,1.070790,6.946360,0.021397,0.000000,0.410612,22.323628,1.872292,-17.669343,2.532035,-10.294600,3.097992,-11.169767,14.044887,-37.161852,311,IX,25,5
0.649970,1.070790,8.466200,0.017556,0.000000,0.651328,33.077337,2.103116,-18.958027,2.880455,-10.538719,3.570007,-11.402021,11.943641,-27.496298,312,IX,25,5
0.667730,1.070790,8.645680,0.017192,0.000000,1.028383,45.801686,2.163404,-19.246955,2.978950,-10.560010,3.667113,-10.955999,11.956204,-28.963336,313,IX,25,5
0.676190,1.070790,8.800540,0.016889,0.000000,0.529751,27.912458,2.213802,-19.511988,3.058821,-10.537932,3.751558,-10.900360,12.117640,-29.143854,314,IX,25,5
0.692120,1.070790,9.022760,0.016473,0.000000,0.191589,10.845836,2.267375,-19.594048,3.135395,-10.450082,3.829902,-10.610293,12.569469,-24.641998,315,IX,25,5
0.704140,1.070790,9.111580,0.016313,0.000000,1.082023,47.256040,2.313645,-19.938980,3.226810,-10.569661,3.925752,-10.308369,12.994297,-27.197834,316,IX,25,5
0.729240,1.070790,9.156400,0.016233,0.000000,0.993127,44.802421,2.373727,-20.041405,3.320382,-10.573515,4.022124,-10.141562,13.382131,-28.527377,317,IX,25,5
0.797140,1.070790,9.710620,0.015306,0.000000,0.326881,18.101604,2.450515,-19.688754,3.436232,-10.645174,4.210244,-10.303678,12.026538,-23.600028,318,IX,25,5
0.838590,1.070790,9.993480,0.014873,0.000000,0.717136,35.645672,2.492522,-20.159705,3.564021,-11.122483,4.375907,-10.243359,13.836935,-25.179537,319,IX,25,5
0.810240,1.070790,9.764460,0.015222,0.000000,0.302747,16.843544,2.441507,-21.171042,3.605677,-11.838756,4.442767,-10.088687,14.676190,-31.503537,320,IX,25,5
0.808480,1.070790,9.920180,0.014983,0.000000,0.227356,12.808809,2.407897,-21.587909,3.625235,-12.293846,4.497384,-9.882588,15.048045,-33.726920,321,IX,25,5
0.817730,1.070790,10.096880,0.014721,0.000000,0.237279,13.348235,2.436318,-21.794722,3.702664,-12.637799,4.625768,-10.018770,15.319652,-32.247373,322,IX,25,5
0.848850,1.070790,10.235720,0.014521,0.000000,0.242919,13.653747,2.453003,-21.631898,3.734524,-12.768801,4.679817,-10.075987,16.755358,-35.539464,323,IX,25,5
0.892110,1.070790,10.462660,0.014206,0.000000,0.250876,14.083467,2.516339,-21.285092,3.810206,-12.807046,4.798681,-10.218213,17.389482,-35.750492,324,IX,25,5
0.915490,1.070790,10.332740,0.014385,0.000000,0.478564,25.574100,2.506636,-21.053310,3.803961,-12.849941,4.797256,-10.220937,17.767826,-37.110427,325,IX,25,5
0.971060,1.070790,9.905940,0.015004,0.000000,0.243694,13.695672,2.516834,-20.495732,3.788789,-12.841384,4.801166,-10.063859,18.588279,-38.724579,326,IX,25,5
1.091720,1.070790,9.782200,0.015194,0.000000,0.391319,21.371348,2.599411,-19.417635,3.904939,-12.699872,4.904848,-9.676404,18.493639,-39.861395,327,IX,25,5
12.052220,1923.153700,24.776640,0.000003,0.000000,0.392665,21.438220,29.362958,-15.911933,37.888736,-7.975343,44.606963,-7.860544,64.674905,-8.672285,328,IX,25,5
11.090350,1.070790,66.365740,0.002240,0.000000,0.792830,38.408451,23.238142,-11.436640,27.638859,-7.833007,34.400018,-11.298758,64.866615,-17.913160,329,IX,25,5
12.232820,1.070790,102.709420,0.001447,0.000000,0.975657,44.294064,30.515289,-15.881735,39.788846,-10.081683,50.573667,-12.275106,105.255770,-30.496912,330,IX,25,5
13.655870,1.070790,102.326360,0.001453,0.000000,0.909401,42.283429,36.599287,-16.562448,45.830829,-7.473931,54.171373,-9.338787,101.518110,-26.237472,331,IX,25,5
13.485640,1.070790,102.958940,0.001444,0.000000,1.103517,47.817334,34.942490,-16.917993,44.450725,-7.712771,52.418019,-9.936217,107.638936,-31.592605,332,IX,25,5
0.500190,14.068130,0.878140,0.012883,0.009463,1.001320,45.037782,0.610973,-7.039623,0.752659,-8.876945,1.002485,-9.679283,1.208709,-5.290478,1,IX,35,2
0.502540,14.068130,0.893300,0.012664,0.010178,0.898846,41.950655,0.615926,-7.072331,0.758942,-8.946777,1.013017,-9.691580,1.217665,-5.311077,2,IX,35,2
0.503860,14.068130,0.904680,0.012505,0.009324,1.087104,47.389806,0.618017,-7.012605,0.763129,-9.017035,1.019072,-9.541249,1.228650,-5.266752,3,IX,35,2
0.501790,14.068130,0.914220,0.012375,0.009284,1.094956,47.595200,0.616999,-7.231674,0.762615,-8.979833,1.020398,-9.587992,1.231084,-5.215921,4,IX,35,2
0.500100,14.068130,0.916940,0.012338,0.010100,0.982881,44.505344,0.615916,-7.299470,0.762163,-9.115062,1.021697,-9.597048,1.226848,-5.260714,5,IX,35,2
0.499450,14.068130,0.918420,0.012318,0.009453,0.913363,42.407424,0.615219,-7.283628,0.762818,-9.140289,1.022203,-9.607564,1.227434,-5.339146,6,IX,35,2
0.496800,14.068130,0.923940,0.012244,0.010714,1.128296,48.449686,0.613396,-7.251934,0.760021,-9.123730,1.021264,-9.545905,1.229073,-5.383397,7,IX,35,2
0.497190,14.068130,0.918420,0.012318,0.008941,0.979497,44.406566,0.613822,-7.352917,0.760589,-9.243634,1.021030,-9.672086,1.226460,-5.442573,8,IX,35,2
0.498100,14.068130,0.914860,0.012366,0.009818,1.180305,49.727440,0.615384,-7.189318,0.761044,-9.090034,1.018709,-9.493481,1.226310,-5.408222,9,IX,35,2
0.497670,14.068130,0.916160,0.012348,0.009911,0.955395,43.693225,0.615181,-7.117840,0.760322,-9.016524,1.018016,-9.548257,1.222812,-5.378803,10,IX,35,2
0.497220,14.068130,0.915700,0.012355,0.009233,0.968391,44.080005,0.612236,-7.135963,0.758297,-9.206833,1.017445,-9.592744,1.222076,-5.435537,11,IX,35,2
0.494980,14.068130,0.918580,0.012316,0.008998,1.225442,50.784456,0.610837,-7.211558,0.756879,-9.167003,1.019446,-9.693426,1.229512,-5.451548,12,IX,35,2
0.492630,14.068130,0.920240,0.012294,0.009299,1.003950,45.112939,0.608814,-7.326962,0.755687,-9.224874,1.017406,-9.787495,1.226765,-5.518059,13,IX,35,2
0.490130,14.068130,0.917600,0.012329,0.009868,1.227400,50.829257,0.606705,-7.291406,0.751987,-9.176771,1.012210,-9.729973,1.221889,-5.547868,14,IX,35,2
0.491680,14.068130,0.913700,0.012382,0.008950,1.238669,51.085441,0.606774,-7.356735,0.752020,-9.165348,1.013362,-9.736394,1.223917,-5.543170,15,IX,35,2
0.489500,14.068130,0.913820,0.012380,0.009169,0.980285,44.429604,0.607212,-7.267561,0.750135,-9.147811,1.011451,-9.865623,1.221274,-5.590836,16,IX,35,2
0.487130,17.796130,0.854320,0.010468,0.009237,1.107623,47.923191,0.604517,-7.337848,0.751296,-9.228210,1.013341,-9.906440,1.225422,-5.510180,17,IX,35,2
0.484760,14.068130,0.923500,0.012250,0.009461,1.113488,48.073669,0.602996,-7.373527,0.749717,-9.281003,1.011857,-9.967879,1.226422,-5.524778,18,IX,35,2
0.481620,14.068130,0.929620,0.012170,0.009576,1.303397,52.503637,0.597560,-7.440497,0.745818,-9.325095,1.011177,-9.996165,1.226678,-5.617454,19,IX,35,2
0.482760,14.068130,0.916160,0.012348,0.008963,1.036569,46.028695,0.599687,-7.323793,0.744084,-9.385833,1.006186,-9.998792,1.218926,-5.581209,20,IX,35,2
0.482980,14.068130,0.917420,0.012331,0.008830,0.961594,43.878362,0.600086,-7.441465,0.743742,-9.295115,1.006592,-9.986136,1.218997,-5.707191,21,IX,35,2
0.481210,14.068130,0.916220,0.012348,0.008528,1.128554,48.456188,0.597576,-7.435822,0.742744,-9.305935,1.004878,-10.036737,1.219632,-5.640177,22,IX,35,2
0.478510,14.068130,0.917280,0.012333,0.008732,1.216625,50.581635,0.593566,-7.464404,0.739964,-9.428552,1.005030,-10.130298,1.224261,-5.596260,23,IX,35,2
0.475460,14.068130,0.922900,0.012258,0.009655,0.967943,44.066771,0.593361,-7.466478,0.738680,-9.472093,1.004191,-10.213285,1.224041,-5.832438,24,IX,35,2
0.474790,14.068130,0.917840,0.012326,0.009217,1.014916,45.424128,0.591644,-7.424764,0.735228,-9.336108,1.000209,-10.176876,1.220348,-5.822562,25,IX,35,2
0.476530,14.068130,0.913660,0.012382,0.008820,1.285756,52.125912,0.592065,-7.416908,0.735140,-9.336413,1.000098,-10.200480,1.219480,-5.665230,26,IX,35,2
0.475780,11.144800,0.988580,0.014446,0.009569,1.273863,51.867604,0.592997,-7.429687,0.735621,-9.307969,1.001135,-10.211137,1.219141,-5.707273,27,IX,35,2
0.475730,14.068130,0.917100,0.012336,0.008485,1.271156,51.808376,0.592165,-7.365727,0.735557,-9.383490,1.001693,-10.243385,1.222844,-5.695779,28,IX,35,2
0.473420,14.068130,0.920140,0.012295,0.008438,1.185303,49.846799,0.590301,-7.447795,0.734451,-9.470579,1.000824,-10.381973,1.222814,-5.675245,29,IX,35,2
0.470700,14.068130,0.923260,0.012253,0.009739,0.939992,43.228302,0.588939,-7.527505,0.733745,-9.467020,1.000641,-10.405673,1.222300,-5.856837,30,IX,35,2
0.468410,14.068130,0.923700,0.012248,0.009922,1.308491,52.611525,0.587510,-7.573177,0.732983,-9.480918,1.000034,-10.422952,1.223850,-5.677894,31,IX,35,2
0.468660,14.068130,0.921780,0.012273,0.009118,1.235005,51.002452,0.585827,-7.522545,0.730862,-9.527059,0.998024,-10.453254,1.223027,-5.676444,32,IX,35,2
0.467170,14.068130,0.921440,0.012278,0.009277,1.035975,46.012296,0.586241,-7.452375,0.730737,-9.556138,0.996798,-10.606816,1.222693,-5.616503,33,IX,35,2
0.467520,14.068130,0.922060,0.012269,0.008918,1.291641,52.252647,0.585103,-7.583823,0.729319,-9.547952,0.996643,-10.601124,1.222010,-5.742452,34,IX,35,2
0.466550,14.068130,0.921080,0.012282,0.008622,1.229843,50.885033,0.584349,-7.532112,0.727582,-9.500655,0.996064,-10.618671,1.223001,-5.747119,35,IX,35,2
0.465720,14.068130,0.919880,0.012299,0.008380,1.172357,49.536400,0.583066,-7.532092,0.724856,-9.550086,0.995225,-10.692585,1.222312,-5.713737,36,IX,35,2
0.467610,14.068130,0.913280,0.012387,0.007602,0.974826,44.269667,0.583129,-7.459681,0.727617,-9.505083,0.994987,-10.680968,1.221567,-5.827784,37,IX,35,2
0.468630,11.144800,0.986340,0.014478,0.009253,1.042128,46.181811,0.587082,-7.601213,0.729219,-9.547726,0.996065,-10.679145,1.224201,-5.749464,38,IX,35,2
0.470210,14.068130,0.917120,0.012336,0.008268,1.022248,45.630320,0.586174,-7.490185,0.730042,-9.477374,0.998731,-10.669293,1.230598,-5.617708,39,IX,35,2
0.469090,14.068130,0.919120,0.012309,0.009338,1.265908,51.693133,0.586695,-7.381102,0.729845,-9.461123,0.998411,-10.644811,1.229363,-5.710819,40,IX,35,2
0.471480,14.068130,0.916660,0.012342,0.007826,1.135896,48.640525,0.587547,-7.555178,0.730671,-9.469636,0.999961,-10.689016,1.231272,-5.712655,41,IX,35,2
0.473280,14.068130,0.912880,0.012393,0.009711,0.998651,44.961317,0.591304,-7.332073,0.733638,-9.352857,1.000215,-10.644603,1.228312,-5.772714,42,IX,35,2
0.480220,14.068130,0.907420,0.012467,0.007686,1.025658,45.725706,0.596626,-7.249532,0.736839,-9.297528,1.004116,-10.543389,1.238097,-5.673714,43,IX,35,2
0.483150,14.068130,0.910260,0.012428,0.009494,1.216893,50.587824,0.599239,-7.102690,0.741152,-9.278010,1.007825,-10.524389,1.238794,-5.676337,44,IX,35,2
0.483880,14.068130,0.910860,0.012420,0.009113,0.964881,43.976028,0.601011,-7.304117,0.742426,-9.273270,1.011600,-10.704297,1.243902,-5.791755,45,IX,35,2
0.483290,14.068130,0.914300,0.012374,0.008703,1.335714,53.179150,0.599919,-7.325959,0.741502,-9.308952,1.011387,-10.669865,1.247195,-5.712200,46,IX,35,2
0.482760,14.068130,0.912180,0.012402,0.007552,1.342282,53.313896,0.598081,-7.335578,0.740466,-9.226341,1.011131,-10.698199,1.247873,-5.698028,47,IX,35,2
0.483160,14.068130,0.906680,0.012478,0.008435,1.102426,47.789124,0.599085,-7.201213,0.741058,-9.269311,1.008113,-10.701691,1.241610,-5.719029,48,IX,35,2
0.482950,14.068130,0.911480,0.012412,0.009998,0.959262,43.808860,0.600902,-7.164400,0.742834,-9.210881,1.009156,-10.658348,1.242224,-5.790075,49,IX,35,2
0.483880,14.068130,0.907880,0.012461,0.008200,1.100033,47.727165,0.600962,-7.170012,0.742021,-9.303573,1.009395,-10.748570,1.245942,-5.678614,50,IX,35,2
0.482550,14.068130,0.913520,0.012384,0.008508,1.299653,52.424021,0.598406,-7.234153,0.740560,-9.304432,1.010945,-10.806023,1.249966,-5.694878,51,IX,35,2
0.480460,14.068130,0.910860,0.012420,0.007912,0.997518,44.928796,0.597976,-7.220482,0.737968,-9.382524,1.009530,-10.919003,1.248263,-5.770043,52,IX,35,2
0.482140,14.068130,0.908000,0.012459,0.007646,1.324492,52.946952,0.597046,-7.150939,0.737941,-9.274645,1.009099,-10.820548,1.247849,-5.738906,53,IX,35,2
0.481600,11.144800,0.982120,0.014541,0.008351,1.295404,52.333307,0.596315,-7.138464,0.737280,-9.241859,1.007433,-10.864283,1.246585,-5.756957,54,IX,35,2
0.481430,14.068130,0.907180,0.012471,0.009139,1.337921,53.224516,0.597660,-7.101180,0.737601,-9.227135,1.007676,-10.857085,1.248590,-5.750822,55,IX,35,2
0.478730,14.068130,0.912180,0.012402,0.008573,0.933313,43.024446,0.595335,-7.263763,0.738117,-9.383918,1.008813,-10.966260,1.250282,-5.899060,56,IX,35,2
0.476180,11.144800,0.991360,0.014405,0.009120,1.332190,53.106504,0.594323,-7.306289,0.735228,-9.375259,1.007329,-10.987115,1.250783,-5.754901,57,IX,35,2
0.475920,11.144800,0.989160,0.014437,0.007194,1.159061,49.213449,0.592487,-7.330066,0.734501,-9.402712,1.007834,-11.142448,1.251437,-5.709211,58,IX,35,2
0.475630,11.144800,0.982800,0.014531,0.008758,1.019522,45.553851,0.594073,-7.314952,0.733237,-9.313210,1.003120,-11.015065,1.252437,-5.847734,59,IX,35,2
0.476990,11.144800,0.983900,0.014514,0.008230,1.308993,52.622135,0.594269,-7.302166,0.734774,-9.382961,1.004350,-11.016429,1.248472,-5.787606,60,IX,35,2
0.477070,11.144800,0.985760,0.014487,0.009421,1.320291,52.859386,0.595165,-7.189305,0.734766,-9.281784,1.006027,-11.044920,1.250166,-5.766368,61,IX,35,2
0.478040,14.068130,0.911380,0.012413,0.009065,1.230502,50.900052,0.595194,-7.151201,0.735747,-9.385241,1.007857,-11.105338,1.253733,-5.759306,62,IX,35,2
0.477710,11.144800,0.984820,0.014501,0.008256,1.020915,45.592955,0.595397,-7.237647,0.734430,-9.358160,1.007626,-11.210557,1.256944,-5.642114,63,IX,35,2
0.475890,11.144800,0.982800,0.014531,0.008218,1.022847,45.647088,0.594114,-7.177170,0.734004,-9.384324,1.005164,-11.191170,1.253833,-5.792461,64,IX,35,2
0.478300,11.144800,0.984580,0.014504,0.008926,1.328325,53.026558,0.595381,-7.170714,0.734664,-9.268351,1.006482,-11.087108,1.253411,-5.801233,65,IX,35,2
0.479700,11.144800,0.980780,0.014560,0.008233,1.148982,48.965789,0.596134,-7.135867,0.735323,-9.307443,1.007225,-11.142611,1.253469,-5.764649,66,IX,35,2
0.479920,11.144800,0.983380,0.014522,0.008317,0.987056,44.626780,0.596181,-7.195944,0.736376,-9.237618,1.008860,-11.210999,1.255953,-5.824413,67,IX,35,2
0.476090,11.144800,0.985180,0.014495,0.008969,0.951307,43.570542,0.595212,-7.334097,0.735381,-9.289259,1.007370,-11.350400,1.257226,-5.903653,68,IX,35,2
0.477060,11.144800,0.992100,0.014394,0.008562,1.343887,53.346688,0.594027,-7.146829,0.733674,-9.276547,1.009544,-11.279181,1.261351,-5.768851,69,IX,35,2
0.477810,11.144800,0.982940,0.014529,0.007417,1.335010,53.164665,0.593516,-7.207187,0.733142,-9.273420,1.007791,-11.300148,1.261225,-5.780110,70,IX,35,2
0.476910,11.144800,0.982540,0.014534,0.008177,0.962919,43.917762,0.593350,-7.306941,0.731998,-9.341568,1.006100,-11.358174,1.257640,-5.884728,71,IX,35,2
0.478620,11.144800,0.983560,0.014519,0.007171,1.302853,52.492096,0.594968,-7.123351,0.732878,-9.308188,1.007250,-11.308890,1.260939,-5.762833,72,IX,35,2
0.478170,11.144800,0.984220,0.014510,0.008337,1.014027,45.399032,0.595112,-7.262537,0.734037,-9.301830,1.008016,-11.368123,1.267782,-5.775508,73,IX,35,2
0.477390,11.144800,0.984080,0.014512,0.007404,1.069750,46.930110,0.594981,-7.265044,0.732574,-9.421861,1.008082,-11.469735,1.263897,-5.699411,74,IX,35,2
0.476720,11.144800,0.983920,0.014514,0.007598,1.327847,53.016640,0.595880,-7.138988,0.733491,-9.321693,1.007236,-11.389415,1.265409,-5.776703,75,IX,35,2
0.477910,11.144800,0.984400,0.014507,0.008435,1.069666,46.927873,0.595268,-7.220632,0.734696,-9.347385,1.008695,-11.490887,1.265126,-5.699666,76,IX,35,2
0.479960,11.144800,0.977700,0.014606,0.008479,1.018251,45.518116,0.595985,-7.144975,0.736310,-9.246586,1.007925,-11.442478,1.264903,-5.818083,77,IX,35,2
0.481220,11.144800,0.983940,0.014514,0.008248,1.337154,53.208760,0.599166,-7.229760,0.735880,-9.296662,1.011905,-11.426466,1.269373,-5.779849,78,IX,35,2
0.479690,11.144800,0.986720,0.014473,0.007989,1.007744,45.221006,0.597848,-7.193851,0.736551,-9.314952,1.011260,-11.503989,1.275463,-5.782825,79,IX,35,2
0.479500,11.144800,0.987420,0.014463,0.007731,1.276748,51.930539,0.596390,-7.170773,0.736622,-9.339406,1.012354,-11.582030,1.271515,-5.777744,80,IX,35,2
0.480630,11.144800,0.977780,0.014605,0.006917,1.093641,47.560915,0.596497,-7.205337,0.735634,-9.247439,1.008957,-11.529533,1.266761,-5.722304,81,IX,35,2
0.480630,11.144800,0.980180,0.014569,0.007650,1.005053,45.144386,0.597310,-6.983780,0.735901,-9.268552,1.009781,-11.511215,1.267877,-5.825331,82,IX,35,2
0.483620,11.144800,0.980140,0.014570,0.007187,1.334372,53.151518,0.600231,-7.028665,0.737996,-9.243127,1.011809,-11.448678,1.272139,-5.772686,83,IX,35,2
0.484110,11.144800,0.978600,0.014593,0.007319,0.906284,42.185510,0.600898,-7.115805,0.737652,-9.230903,1.012692,-11.556758,1.275115,-6.001570,84,IX,35,2
0.479410,11.144800,0.985740,0.014487,0.008257,1.225503,50.785851,0.598340,-7.131988,0.736730,-9.241607,1.011593,-11.603380,1.276037,-5.748558,85,IX,35,2
0.479690,11.144800,0.987720,0.014458,0.007789,1.274382,51.878926,0.597878,-7.164047,0.737060,-9.270610,1.013343,-11.650355,1.276535,-5.774169,86,IX,35,2
0.482520,11.144800,0.979200,0.014584,0.007245,1.341969,53.307493,0.599311,-7.164594,0.737236,-9.182598,1.011290,-11.535032,1.273139,-5.800418,87,IX,35,2
0.485740,11.144800,0.973520,0.014669,0.006493,1.233271,50.963076,0.602133,-7.020450,0.738611,-9.192840,1.011808,-11.576142,1.276572,-5.772086,88,IX,35,2
0.490360,11.144800,0.973180,0.014674,0.007562,1.155837,49.134487,0.604559,-7.017253,0.741170,-9.099148,1.016610,-11.553874,1.279838,-5.757905,89,IX,35,2
0.485620,11.144800,0.981720,0.014547,0.008011,0.908750,42.262986,0.604756,-6.926266,0.742737,-9.159910,1.016289,-11.669889,1.280658,-5.929551,90,IX,35,2
0.485370,11.144800,0.979180,0.014584,0.007851,1.115092,48.114652,0.602596,-7.110242,0.740554,-9.244946,1.015199,-11.667518,1.282462,-5.757914,91,IX,35,2
0.482320,11.144800,0.983960,0.014513,0.008597,1.110097,47.986767,0.600667,-7.035641,0.738417,-9.198363,1.015309,-11.749875,1.282615,-5.723125,92,IX,35,2
0.486160,11.144800,0.975600,0.014638,0.007591,0.924717,42.760079,0.602868,-7.019061,0.739879,-9.115057,1.014074,-11.676618,1.280211,-5.912838,93,IX,35,2
0.487080,11.144800,0.978760,0.014591,0.008071,1.340722,53.281957,0.603882,-7.031826,0.740405,-9.087699,1.015937,-11.615745,1.283174,-5.805423,94,IX,35,2
0.488410,11.144800,0.975860,0.014634,0.008070,1.262038,51.607786,0.606317,-6.880617,0.742311,-9.119663,1.016235,-11.616049,1.284160,-5.777882,95,IX,35,2
0.483960,11.144800,0.986340,0.014478,0.006975,1.331259,53.087280,0.601312,-7.077628,0.738313,-9.225894,1.017453,-11.760928,1.288685,-5.779937,96,IX,35,2
0.483130,11.144800,0.983880,0.014515,0.008317,1.337432,53.214473,0.599620,-7.092167,0.738341,-9.199948,1.015459,-11.824380,1.287857,-5.784855,97,IX,35,2
0.480390,11.144800,0.988400,0.014448,0.007395,1.340097,53.269162,0.599992,-7.051354,0.736635,-9.318709,1.015263,-11.850291,1.288384,-5.780447,98,IX,35,2
0.484490,11.144800,0.977840,0.014604,0.006691,0.964058,43.951625,0.599736,-7.077054,0.737283,-9.252821,1.014238,-11.849245,1.283839,-5.883932,99,IX,35,2
0.484730,11.144800,0.976940,0.014618,0.007329,1.308576,52.613316,0.600306,-6.919352,0.737995,-9.250852,1.013353,-11.808271,1.285475,-5.801193,100,IX,35,2
0.480310,11.144800,0.982740,0.014531,0.008129,1.328085,53.021564,0.599019,-7.073883,0.736259,-9.220179,1.012433,-11.811788,1.285162,-5.812813,101,IX,35,2
0.478610,11.144800,0.981740,0.014546,0.006993,0.974058,44.247080,0.596487,-7.062836,0.733245,-9.319309,1.011540,-12.027638,1.286323,-5.884019,102,IX,35,2
0.474850,11.144800,0.986440,0.014477,0.007043,1.221590,50.696074,0.593278,-7.116638,0.732533,-9.341499,1.010492,-12.103171,1.286563,-5.783673,103,IX,35,2
0.473940,11.144800,0.986760,0.014472,0.006614,0.911729,42.356352,0.591283,-7.154459,0.730509,-9.293433,1.009736,-12.153578,1.284814,-5.989140,104,IX,35,2
0.478180,11.144800,0.976620,0.014623,0.006467,1.212809,50.493330,0.594979,-7.094130,0.731243,-9.325074,1.008101,-11.998941,1.284457,-5.821101,105,IX,35,2
0.478120,11.144800,0.979600,0.014578,0.007817,0.948977,43.500366,0.595499,-7.092207,0.731717,-9.227731,1.008370,-11.973252,1.289360,-6.045051,106,IX,35,2
0.476490,11.144800,0.979720,0.014576,0.006938,1.309898,52.641236,0.592881,-7.112243,0.730111,-9.341816,1.007086,-12.008519,1.287026,-5.843032,107,IX,35,2
0.474590,11.144800,0.983920,0.014514,0.007317,1.325631,52.970642,0.591881,-7.214225,0.729779,-9.310025,1.008771,-12.109059,1.289157,-5.815394,108,IX,35,2
0.472760,11.144800,0.983060,0.014527,0.007200,1.088183,47.418131,0.591110,-7.209359,0.728764,-9.411120,1.006707,-12.201161,1.288410,-5.837872,109,IX,35,2
0.472330,11.144800,0.982160,0.014540,0.006532,1.290963,52.238075,0.590437,-7.258374,0.727801,-9.350920,1.005835,-12.172510,1.288982,-5.826845,110,IX,35,2
0.472650,11.144800,0.981540,0.014549,0.006303,1.356735,53.607417,0.590167,-7.242855,0.727279,-9.373545,1.006126,-12.278597,1.288996,-5.835728,111,IX,35,2
0.470270,11.144800,0.982780,0.014531,0.007180,1.065692,46.821472,0.587801,-7.207480,0.725632,-9.323251,1.006037,-12.362363,1.289213,-5.739743,112,IX,35,2
0.470810,11.144800,0.986340,0.014478,0.006548,1.348871,53.448207,0.589502,-7.192161,0.725401,-9.397419,1.006985,-12.360258,1.289911,-5.847488,113,IX,35,2
0.471830,11.144800,0.986640,0.014474,0.006360,1.342621,53.320814,0.588676,-7.296874,0.726764,-9.437190,1.007713,-12.345364,1.292371,-5.834694,114,IX,35,2
0.470130,11.144800,0.985680,0.014488,0.006747,0.994163,44.832293,0.588331,-7.183927,0.726145,-9.376847,1.005247,-12.334973,1.295815,-5.817822,115,IX,35,2
0.470070,11.144800,0.986400,0.014478,0.006614,1.348541,53.441498,0.588250,-7.298716,0.726745,-9.497213,1.006316,-12.380494,1.291207,-5.848020,116,IX,35,2
0.470800,11.144800,0.983980,0.014513,0.007444,1.311445,52.673834,0.589581,-7.275442,0.724980,-9.377393,1.005837,-12.336826,1.291838,-5.842656,117,IX,35,2
0.471180,8.817720,1.064480,0.016956,0.006684,1.124835,48.362281,0.589407,-7.187237,0.724783,-9.412693,1.004091,-12.360818,1.291294,-5.852018,118,IX,35,2
0.468830,11.144800,0.985080,0.014497,0.007325,0.960869,43.856758,0.588414,-7.201424,0.727191,-9.447932,1.005466,-12.459145,1.289792,-5.957383,119,IX,35,2
0.469430,11.144800,0.987160,0.014466,0.007392,1.173324,49.559720,0.589831,-7.150347,0.726428,-9.434763,1.007011,-12.478208,1.293954,-5.804480,120,IX,35,2
0.469020,11.144800,0.987200,0.014466,0.006519,1.294921,52.322964,0.587649,-7.263379,0.725229,-9.412435,1.005707,-12.497687,1.293022,-5.836351,121,IX,35,2
0.473460,11.144800,0.981040,0.014557,0.007119,1.279110,51.981929,0.591410,-7.038796,0.726253,-9.307325,1.006268,-12.351313,1.293696,-5.846566,122,IX,35,2
0.475560,11.144800,0.975120,0.014645,0.007503,0.994059,44.829291,0.593157,-7.100916,0.728304,-9.206125,1.007171,-12.411292,1.298605,-5.739525,123,IX,35,2
0.478600,11.144800,0.976100,0.014630,0.005984,0.969030,44.098886,0.593482,-7.073487,0.728688,-9.310535,1.009108,-12.332372,1.302666,-5.984890,124,IX,35,2
0.474740,8.817720,1.066880,0.016918,0.006319,1.094890,47.593496,0.593670,-7.183718,0.729796,-9.209733,1.009167,-12.481294,1.299179,-5.835760,125,IX,35,2
0.474180,11.144800,0.984220,0.014510,0.006821,1.355661,53.585754,0.592708,-7.234822,0.729947,-9.264118,1.010319,-12.493120,1.301129,-5.846013,126,IX,35,2
0.471690,11.144800,0.985800,0.014486,0.006765,1.198269,50.153750,0.591468,-7.121387,0.728641,-9.311286,1.008728,-12.511069,1.300739,-5.829246,127,IX,35,2
0.476120,11.144800,0.977020,0.014617,0.007186,1.309783,52.638804,0.592892,-6.972604,0.729295,-9.328196,1.007716,-12.409525,1.298825,-5.849418,128,IX,35,2
0.477220,11.144800,0.973900,0.014663,0.006969,1.302075,52.475559,0.594213,-7.052624,0.729301,-9.207028,1.007846,-12.354325,1.299788,-5.860078,129,IX,35,2
0.478850,8.817720,1.057980,0.017060,0.007017,0.984150,44.542310,0.596250,-7.164194,0.730831,-9.184729,1.008745,-12.383007,1.306724,-5.865980,130,IX,35,2
0.475320,11.144800,0.982140,0.014540,0.007045,1.013144,45.374079,0.595467,-7.161349,0.730905,-9.270287,1.010611,-12.552423,1.302835,-5.884475,131,IX,35,2
0.473510,11.144800,0.986880,0.014470,0.006879,0.890818,41.695209,0.593554,-7.127580,0.729095,-9.318976,1.011949,-12.635608,1.309058,-6.084411,132,IX,35,2
0.472820,11.144800,0.985740,0.014487,0.005947,0.992653,44.788738,0.591078,-7.239386,0.726687,-9.353159,1.009928,-12.617674,1.313516,-5.896700,133,IX,35,2
0.475630,11.144800,0.980580,0.014563,0.007213,1.327622,53.011978,0.593926,-7.047583,0.728777,-9.301182,1.009129,-12.452556,1.301735,-5.883565,134,IX,35,2
0.479810,8.817720,1.060560,0.017019,0.006737,0.959342,43.811224,0.598187,-6.986639,0.731053,-9.202957,1.009993,-12.514815,1.302194,-5.968166,135,IX,35,2
0.478790,8.817720,1.063040,0.016979,0.007382,0.994810,44.850935,0.597995,-7.054073,0.731365,-9.233243,1.009942,-12.496248,1.307283,-5.738185,136,IX,35,2
0.477970,8.817720,1.064760,0.016952,0.005898,1.337814,53.222323,0.593657,-7.054953,0.729239,-9.258993,1.010216,-12.533354,1.309075,-5.843970,137,IX,35,2
0.475710,11.144800,0.982320,0.014538,0.006297,1.252298,51.391506,0.594149,-7.017298,0.729546,-9.290483,1.012283,-12.707057,1.310817,-5.818461,138,IX,35,2
0.473330,8.817720,1.066960,0.016917,0.007397,1.182835,49.787936,0.593120,-7.078171,0.726170,-9.252735,1.007788,-12.618414,1.303464,-5.842111,139,IX,35,2
0.479340,8.817720,1.062740,0.016984,0.006718,1.031220,45.880575,0.597803,-6.976147,0.731855,-9.192186,1.010926,-12.631356,1.308838,-5.740898,140,IX,35,2
0.480920,8.817720,1.061500,0.017004,0.006407,1.196298,50.107344,0.599055,-6.791324,0.733480,-9.136531,1.012314,-12.550687,1.310262,-5.848064,141,IX,35,2
0.480260,8.817720,1.064000,0.016964,0.006599,0.922454,42.690107,0.598799,-6.968023,0.733102,-9.208543,1.013036,-12.709790,1.312295,-5.990386,142,IX,35,2
0.477990,8.817720,1.065440,0.016941,0.006754,0.979343,44.402066,0.595828,-7.052170,0.730119,-9.186933,1.011168,-12.679605,1.320070,-5.886759,143,IX,35,2
0.478340,8.817720,1.065900,0.016934,0.005254,1.086708,47.379421,0.596182,-7.004345,0.730899,-9.265427,1.012295,-12.712592,1.314449,-5.861321,144,IX,35,2
0.479220,8.817720,1.062800,0.016983,0.005927,1.209928,50.426413,0.597824,-6.919013,0.731848,-9.265272,1.010730,-12.638373,1.310613,-5.844984,145,IX,35,2
0.486050,8.817720,1.058860,0.017046,0.005991,1.317271,52.796212,0.603081,-6.892216,0.736988,-9.088748,1.016029,-12.518258,1.316337,-5.840296,146,IX,35,2
0.497520,8.817720,1.055560,0.017099,0.006572,1.252351,51.392703,0.614733,-6.663376,0.748438,-8.965192,1.025502,-12.430107,1.327467,-5.796110,147,IX,35,2
0.503850,11.144800,0.971840,0.014694,0.006766,0.969459,44.111574,0.622345,-6.810618,0.755188,-8.970802,1.035012,-12.440876,1.338309,-5.852054,148,IX,35,2
0.500470,8.817720,1.066260,0.016928,0.006175,1.323948,52.935640,0.618441,-6.704242,0.752429,-8.858971,1.034953,-12.445035,1.339456,-5.771426,149,IX,35,2
0.499450,8.817720,1.064440,0.016957,0.005778,1.137015,48.668502,0.619069,-6.753149,0.751667,-8.968590,1.032494,-12.486881,1.337995,-5.751670,150,IX,35,2
0.499630,8.817720,1.065560,0.016939,0.006394,1.238357,51.078381,0.617436,-6.820188,0.753056,-8.988349,1.032977,-12.514754,1.340413,-5.757874,151,IX,35,2
0.507800,8.817720,1.057200,0.017073,0.006525,1.009181,45.261816,0.625864,-6.653174,0.757019,-8.793615,1.036704,-12.468741,1.342089,-5.654192,152,IX,35,2
0.510410,11.144800,0.969660,0.014727,0.006626,0.881014,41.380497,0.627994,-6.617383,0.760219,-8.752765,1.040336,-12.426963,1.345599,-5.986746,153,IX,35,2
0.501450,8.817720,1.066800,0.016919,0.006918,1.000948,45.027152,0.620441,-6.697218,0.755114,-8.924698,1.035370,-12.600424,1.345741,-5.633178,154,IX,35,2
0.498700,8.817720,1.069260,0.016880,0.006437,1.354763,53.567618,0.617832,-6.810353,0.752783,-8.956062,1.034341,-12.607207,1.342757,-5.769647,155,IX,35,2
0.498560,8.817720,1.061940,0.016997,0.006195,0.960077,43.833146,0.615945,-6.657561,0.749731,-8.915739,1.030837,-12.691540,1.338107,-5.854717,156,IX,35,2
0.496430,8.817720,1.066580,0.016923,0.007186,1.336278,53.190753,0.615475,-6.819781,0.748572,-8.972079,1.030723,-12.643898,1.342128,-5.766477,157,IX,35,2
0.496340,8.817720,1.063460,0.016972,0.005508,1.001703,45.048732,0.615153,-6.700565,0.748583,-8.979242,1.028649,-12.706020,1.338326,-5.850092,158,IX,35,2
0.494760,8.817720,1.064640,0.016954,0.006997,1.297371,52.375346,0.612851,-6.758759,0.746113,-9.096385,1.027803,-12.686377,1.339336,-5.780215,159,IX,35,2
0.492750,8.817720,1.063740,0.016968,0.006047,1.081119,47.232188,0.611583,-6.908563,0.743446,-9.099357,1.025866,-12.830422,1.337611,-5.810901,160,IX,35,2
0.488670,8.817720,1.067300,0.016911,0.006258,1.360256,53.678314,0.607317,-6.893311,0.741735,-9.151264,1.023686,-12.832558,1.337332,-5.789402,161,IX,35,2
0.486830,8.817720,1.068960,0.016885,0.006302,0.886215,41.547839,0.606311,-6.902303,0.740033,-9.181096,1.022922,-12.950613,1.334916,-6.001659,162,IX,35,2
0.492100,11.144800,0.971080,0.014706,0.005412,1.150078,48.992842,0.610271,-6.808583,0.743762,-9.014569,1.025172,-12.893749,1.337032,-5.758786,163,IX,35,2
0.494040,8.817720,1.062100,0.016994,0.006732,1.334184,53.147650,0.612598,-6.768382,0.744174,-8.967301,1.025559,-12.691779,1.337125,-5.812891,164,IX,35,2
0.493080,8.817720,1.060160,0.017025,0.006091,1.116333,48.146330,0.610403,-6.690822,0.744276,-9.018487,1.024090,-12.790359,1.337177,-5.819401,165,IX,35,2
0.490090,8.817720,1.066800,0.016919,0.005792,1.189451,49.945440,0.607638,-6.833825,0.742322,-9.089276,1.024522,-12.905645,1.337988,-5.772081,166,IX,35,2
0.486580,8.817720,1.068040,0.016900,0.006170,1.303912,52.514582,0.606324,-6.866967,0.739871,-9.131563,1.022429,-12.825834,1.337261,-5.807206,167,IX,35,2
0.484500,8.817720,1.067840,0.016903,0.006473,1.250291,51.346693,0.603422,-6.832132,0.737225,-9.154073,1.019937,-12.955205,1.335417,-5.807523,168,IX,35,2
0.487660,8.817720,1.058700,0.017049,0.006232,1.008774,45.250256,0.605375,-6.833832,0.736775,-9.112219,1.018183,-12.955666,1.332556,-5.882308,169,IX,35,2
0.487610,8.817720,1.061120,0.017010,0.006293,0.963812,43.944293,0.607258,-6.853355,0.738729,-9.080681,1.018692,-12.987280,1.334008,-5.942251,170,IX,35,2
0.488460,8.817720,1.057460,0.017069,0.006612,1.005584,45.159511,0.605104,-6.816663,0.737446,-9.034807,1.019010,-12.951865,1.334121,-5.884512,171,IX,35,2
0.486380,8.817720,1.063720,0.016968,0.005758,1.267690,51.732333,0.603877,-6.792071,0.739278,-9.061122,1.019657,-12.985832,1.340383,-5.812198,172,IX,35,2
0.483890,8.817720,1.067300,0.016911,0.005841,1.170379,49.488632,0.602826,-6.929778,0.736374,-9.044572,1.019521,-13.149706,1.339385,-5.775794,173,IX,35,2
0.481830,8.817720,1.068980,0.016885,0.006372,0.980167,44.426149,0.601329,-6.903312,0.736301,-9.145826,1.018028,-13.120837,1.344668,-5.754055,174,IX,35,2
0.484680,8.817720,1.058180,0.017057,0.005499,1.010565,45.301058,0.601155,-6.969057,0.733282,-9.063805,1.015143,-13.042648,1.330427,-5.931048,175,IX,35,2
0.489550,11.144800,0.967160,0.014766,0.005299,1.343381,53.336354,0.607045,-6.779033,0.738463,-9.024611,1.020638,-12.949043,1.340248,-5.845498,176,IX,35,2
0.490620,6.975450,1.150520,0.019831,0.006126,1.282250,52.050067,0.606426,-6.820373,0.737529,-9.098663,1.017861,-12.934096,1.338590,-5.841871,177,IX,35,2
0.482770,8.817720,1.072900,0.016823,0.007097,1.339716,53.261351,0.603544,-6.897036,0.737006,-9.107177,1.021054,-13.094133,1.342159,-5.843187,178,IX,35,2
0.482750,8.817720,1.063560,0.016971,0.005659,1.087885,47.410313,0.602426,-6.894124,0.735105,-9.047431,1.017201,-13.183213,1.340754,-5.837902,179,IX,35,2
0.480820,8.817720,1.068260,0.016896,0.006875,1.325825,52.974673,0.600875,-6.921927,0.732938,-9.161236,1.016664,-13.129875,1.341852,-5.842481,180,IX,35,2
0.481740,8.817720,1.060660,0.017017,0.005914,1.334034,53.144544,0.601251,-6.867428,0.733768,-9.196646,1.015225,-13.123303,1.336587,-5.860939,181,IX,35,2
0.481630,8.817720,1.064620,0.016954,0.007131,0.888363,41.616707,0.602305,-6.824962,0.733833,-9.065793,1.015483,-13.189872,1.335551,-6.062605,182,IX,35,2
0.484060,8.817720,1.053720,0.017129,0.005504,0.983251,44.516121,0.601075,-6.846898,0.733806,-9.126431,1.012860,-13.171689,1.338897,-5.786385,183,IX,35,2
0.480340,8.817720,1.065460,0.016941,0.005732,1.360054,53.674260,0.599321,-6.992172,0.732323,-9.173014,1.015755,-13.233720,1.341578,-5.851407,184,IX,35,2
0.480600,8.817720,1.061960,0.016996,0.005332,0.989547,44.698966,0.597957,-6.995708,0.730325,-9.206984,1.013790,-13.294739,1.340783,-5.895064,185,IX,35,2
0.477620,8.817720,1.068880,0.016886,0.006099,1.348871,53.448209,0.597813,-6.996938,0.729124,-9.264681,1.014362,-13.288753,1.341519,-5.870678,186,IX,35,2
0.480060,8.817720,1.060360,0.017022,0.005081,0.987084,44.627584,0.598585,-6.914876,0.729868,-9.092678,1.011358,-13.289955,1.335442,-5.957748,187,IX,35,2
0.481190,8.817720,1.058220,0.017056,0.005508,0.982575,44.496435,0.600274,-6.758854,0.731507,-9.068256,1.012697,-13.319004,1.337175,-5.948348,188,IX,35,2
0.482810,8.817720,1.060580,0.017018,0.004140,1.338177,53.229774,0.600755,-6.880060,0.731746,-9.098252,1.014705,-13.228945,1.339603,-5.886480,189,IX,35,2
0.478460,8.817720,1.064300,0.016959,0.005983,1.334797,53.160263,0.597793,-6.885434,0.728975,-9.099977,1.012564,-13.320803,1.340288,-5.876011,190,IX,35,2
0.474510,8.817720,1.069320,0.016879,0.006635,0.976972,44.332635,0.596000,-6.923487,0.729867,-9.158606,1.012160,-13.409952,1.348910,-5.905303,191,IX,35,2
0.474130,8.817720,1.069100,0.016883,0.005705,0.988251,44.661422,0.595122,-6.960821,0.727817,-9.275801,1.011038,-13.503262,1.339799,-5.924740,192,IX,35,2
0.474430,8.817720,1.066060,0.016931,0.004984,1.334224,53.148470,0.594288,-7.024838,0.727263,-9.254538,1.009830,-13.425316,1.340312,-5.877598,193,IX,35,2
0.473940,8.817720,1.065160,0.016945,0.005839,1.291420,52.247893,0.592118,-6.988118,0.725595,-9.178983,1.009347,-13.459908,1.337642,-5.885815,194,IX,35,2
0.472760,8.817720,1.062960,0.016980,0.005798,1.125013,48.366788,0.592961,-7.070889,0.725441,-9.289820,1.007751,-13.491611,1.339286,-5.882128,195,IX,35,2
0.471980,8.817720,1.068220,0.016897,0.005473,0.983648,44.527688,0.592755,-7.046332,0.724376,-9.320297,1.008074,-13.627996,1.339981,-5.950301,196,IX,35,2
0.470770,8.817720,1.067640,0.016906,0.006498,1.300607,52.444329,0.590381,-7.006114,0.723141,-9.264957,1.007136,-13.463861,1.340813,-5.863681,197,IX,35,2
0.469760,8.817720,1.074440,0.016799,0.006488,1.322787,52.911455,0.590643,-7.099148,0.722997,-9.309023,1.008892,-13.517987,1.342689,-5.875119,198,IX,35,2
0.470300,8.817720,1.069260,0.016880,0.005181,1.329096,53.042524,0.590379,-7.028546,0.723292,-9.266013,1.008539,-13.569358,1.342894,-5.880655,199,IX,35,2
0.471520,8.817720,1.063000,0.016980,0.005647,0.982744,44.501357,0.588655,-7.095418,0.721899,-9.287925,1.006226,-13.570274,1.348282,-5.887220,200,IX,35,2
0.470620,8.817720,1.065760,0.016936,0.004735,0.913921,42.424836,0.589449,-6.976254,0.721979,-9.270925,1.006190,-13.700711,1.339992,-6.037625,201,IX,35,2
0.469030,8.817720,1.071740,0.016841,0.005850,1.089973,47.465054,0.590056,-7.172525,0.722689,-9.316624,1.006907,-13.681559,1.341572,-5.807738,202,IX,35,2
0.468470,8.817720,1.069560,0.016876,0.005935,0.988002,44.654203,0.589252,-6.966203,0.721213,-9.355179,1.006244,-13.717670,1.340815,-5.933996,203,IX,35,2
0.467840,8.817720,1.074140,0.016804,0.005423,1.291543,52.250544,0.590116,-6.905610,0.721118,-9.349729,1.007210,-13.674008,1.342166,-5.894486,204,IX,35,2
0.468640,8.817720,1.065900,0.016934,0.006663,1.324196,52.940802,0.589783,-6.952548,0.718746,-9.259243,1.004101,-13.558605,1.336511,-5.942703,205,IX,35,2
0.475160,8.817720,1.063060,0.016979,0.005980,1.220792,50.677716,0.593334,-6.824806,0.726925,-9.161825,1.008388,-13.533416,1.341067,-5.893534,206,IX,35,2
0.478080,8.817720,1.057740,0.017064,0.006238,1.221313,50.689689,0.597265,-6.856824,0.727918,-9.117504,1.009207,-13.461967,1.344904,-5.875745,207,IX,35,2
0.476870,8.817720,1.065660,0.016937,0.004539,1.045343,46.269985,0.595667,-7.051559,0.726989,-9.208264,1.011313,-13.661131,1.348827,-5.784636,208,IX,35,2
0.475840,8.817720,1.065460,0.016941,0.004846,1.265165,51.676787,0.595291,-6.947869,0.726618,-9.190731,1.011322,-13.570400,1.347657,-5.869630,209,IX,35,2
0.474640,6.975450,1.165260,0.019581,0.005123,1.290484,52.227790,0.593264,-6.821681,0.726744,-9.299807,1.011088,-13.605887,1.351251,-5.862034,210,IX,35,2
0.478300,8.817720,1.062140,0.016993,0.005727,1.183767,49.810193,0.596111,-6.938035,0.727723,-9.139073,1.011784,-13.553620,1.347461,-5.854073,211,IX,35,2
0.478650,8.817720,1.061760,0.017000,0.005447,1.321726,52.889343,0.598272,-6.825572,0.727518,-9.206355,1.012150,-13.497747,1.350438,-5.899132,212,IX,35,2
0.481320,8.817720,1.054780,0.017112,0.004142,1.145445,48.878299,0.597365,-6.907521,0.727267,-9.170807,1.011546,-13.561957,1.351051,-5.857071,213,IX,35,2
0.476300,8.817720,1.068380,0.016894,0.005440,0.883805,41.470397,0.596948,-6.961989,0.728031,-9.190595,1.013595,-13.744641,1.352058,-6.048969,214,IX,35,2
0.473630,8.817720,1.068180,0.016897,0.006806,0.974836,44.269963,0.595205,-6.810225,0.726624,-9.298533,1.010686,-13.757651,1.351512,-5.941617,215,IX,35,2
0.475730,8.817720,1.068420,0.016894,0.004817,1.217542,50.602816,0.596128,-6.892768,0.726570,-9.189216,1.012921,-13.764492,1.354779,-5.867056,216,IX,35,2
0.484050,8.817720,1.062460,0.016988,0.005738,0.903739,42.105337,0.604413,-6.807433,0.734783,-9.047557,1.019167,-13.546641,1.362106,-6.062833,217,IX,35,2
0.490630,8.817720,1.058100,0.017058,0.004803,1.122120,48.293515,0.607678,-6.673203,0.738584,-8.968548,1.021857,-13.548224,1.362852,-5.780546,218,IX,35,2
0.501630,8.817720,1.058860,0.017046,0.004683,1.220877,50.679670,0.619184,-6.671868,0.749337,-8.773903,1.033220,-13.341283,1.372951,-5.774138,219,IX,35,2
0.498860,8.817720,1.060220,0.017024,0.005741,1.004191,45.119812,0.618482,-6.641198,0.751182,-8.879763,1.031530,-13.440061,1.374454,-5.808879,220,IX,35,2
0.497710,6.975450,1.164780,0.019589,0.004975,1.296427,52.355167,0.617318,-6.562839,0.748530,-8.901453,1.030939,-13.464839,1.378882,-5.773452,221,IX,35,2
0.494040,8.817720,1.064200,0.016961,0.005827,1.274703,51.885938,0.615110,-6.666148,0.744316,-8.955096,1.029005,-13.514306,1.377129,-5.785387,222,IX,35,2
0.500420,8.817720,1.060860,0.017014,0.004754,0.881118,41.383862,0.619350,-6.554598,0.749288,-8.866997,1.032781,-13.460466,1.379665,-6.016213,223,IX,35,2
0.504070,8.817720,1.059240,0.017040,0.004597,0.905052,42.146729,0.623279,-6.586522,0.751972,-8.800875,1.035395,-13.517572,1.381766,-5.937246,224,IX,35,2
0.510010,8.817720,1.056580,0.017083,0.005496,0.914810,42.452590,0.628952,-6.470899,0.757335,-8.678640,1.039782,-13.312553,1.384208,-5.906890,225,IX,35,2
0.508820,8.817720,1.060800,0.017015,0.004852,1.226569,50.810257,0.628131,-6.508929,0.758216,-8.801264,1.040894,-13.347634,1.392150,-5.734224,226,IX,35,2
0.504300,8.817720,1.067240,0.016912,0.005384,1.186143,49.866809,0.624949,-6.447201,0.755717,-8.905146,1.040671,-13.473547,1.388367,-5.732893,227,IX,35,2
0.503230,6.975450,1.165560,0.019576,0.005111,1.295833,52.342483,0.623287,-6.647862,0.752948,-8.866543,1.037590,-13.442778,1.390525,-5.760849,228,IX,35,2
0.508800,6.975450,1.162300,0.019630,0.004865,1.237933,51.068786,0.627377,-6.454780,0.757720,-8.696273,1.040164,-13.334276,1.390655,-5.750606,229,IX,35,2
0.506880,8.817720,1.057380,0.017070,0.006602,0.979223,44.398549,0.627623,-6.520260,0.756595,-8.763638,1.038404,-13.432630,1.390909,-5.652455,230,IX,35,2
0.515820,8.817720,1.057040,0.017075,0.005168,0.878699,41.305740,0.633660,-6.429201,0.763081,-8.700115,1.046972,-13.355610,1.394912,-5.914986,231,IX,35,2
0.515880,6.975450,1.158740,0.019691,0.004707,1.297860,52.385784,0.633862,-6.449345,0.763468,-8.691616,1.048294,-13.332983,1.400051,-5.726693,232,IX,35,2
0.512040,6.975450,1.156760,0.019724,0.005177,1.186867,49.884047,0.631412,-6.584160,0.760924,-8.749557,1.046029,-13.497335,1.399042,-5.708165,233,IX,35,2
0.510930,8.817720,1.062180,0.016993,0.004470,1.011411,45.325030,0.628835,-6.597388,0.759463,-8.718159,1.043854,-13.536403,1.397970,-5.613894,234,IX,35,2
0.507850,8.817720,1.065900,0.016934,0.004955,1.089443,47.451177,0.628591,-6.516140,0.757435,-8.822269,1.042510,-13.582348,1.395208,-5.687517,235,IX,35,2
0.514880,6.975450,1.156080,0.019736,0.005506,1.286572,52.143527,0.632680,-6.282907,0.760829,-8.698642,1.046180,-13.344844,1.399692,-5.724998,236,IX,35,2
0.513390,6.975450,1.159000,0.019686,0.004618,1.264397,51.659843,0.633376,-6.611395,0.762070,-8.677398,1.046636,-13.442854,1.400282,-5.756676,237,IX,35,2
0.511270,8.817720,1.058980,0.017044,0.004713,1.092426,47.529211,0.631213,-6.463882,0.760443,-8.769075,1.043308,-13.438760,1.398870,-5.709112,238,IX,35,2
0.511310,8.817720,1.060140,0.017026,0.004729,1.108347,47.941819,0.629809,-6.443712,0.760068,-8.782750,1.043657,-13.588761,1.400167,-5.687117,239,IX,35,2
0.507980,6.975450,1.163920,0.019603,0.004742,1.250653,51.354785,0.626563,-6.578837,0.755864,-8.797335,1.039928,-13.452529,1.392148,-5.679317,240,IX,35,2
0.505550,6.975450,1.171180,0.019482,0.005948,1.212680,50.490341,0.626686,-6.556790,0.756592,-8.816717,1.041504,-13.618023,1.401675,-5.721681,241,IX,35,2
0.505330,8.817720,1.059420,0.017037,0.005817,0.910829,42.328162,0.625333,-6.526358,0.754862,-8.782877,1.038468,-13.718548,1.393993,-5.858023,242,IX,35,2
0.506370,8.817720,1.057400,0.017070,0.004781,1.109989,47.983996,0.625654,-6.559777,0.756377,-8.773833,1.038127,-13.524827,1.394746,-5.737417,243,IX,35,2
0.506720,6.975450,1.161580,0.019643,0.005269,0.933988,43.045110,0.627991,-6.524659,0.757569,-8.724796,1.041399,-13.583344,1.403340,-5.918814,244,IX,35,2
0.505210,6.975450,1.162760,0.019623,0.005483,1.260644,51.576963,0.624700,-6.468997,0.755204,-8.822527,1.040976,-13.585316,1.398531,-5.760059,245,IX,35,2
0.504270,6.975450,1.169700,0.019506,0.004581,1.204105,50.290638,0.624157,-6.558444,0.755106,-8.968738,1.038863,-13.662043,1.400958,-5.705469,246,IX,35,2
0.506140,8.817720,1.058860,0.017046,0.006481,1.176505,49.636290,0.625735,-6.471024,0.755340,-8.791846,1.038206,-13.617603,1.397208,-5.719198,247,IX,35,2
0.514870,6.975450,1.153780,0.019775,0.004280,1.267157,51.720626,0.633186,-6.546107,0.762667,-8.723318,1.045311,-13.496432,1.402181,-5.755845,248,IX,35,2
0.516330,8.817720,1.053960,0.017125,0.003733,0.952439,43.604552,0.636171,-6.467513,0.763782,-8.718907,1.045025,-13.514196,1.402833,-5.802136,249,IX,35,2
0.515910,8.817720,1.055260,0.017104,0.004974,1.053121,46.482088,0.636487,-6.307599,0.763723,-8.683332,1.046714,-13.537936,1.407991,-5.703322,250,IX,35,2
0.512390,8.817720,1.057200,0.017073,0.003931,1.168520,49.443639,0.630868,-6.437395,0.760202,-8.717080,1.044010,-13.540201,1.404788,-5.659504,251,IX,35,2
0.511430,6.975450,1.156040,0.019737,0.004510,0.920654,42.634351,0.629646,-6.459727,0.758331,-8.827082,1.044836,-13.648863,1.407870,-5.927803,252,IX,35,2
0.509320,8.817720,1.061000,0.017012,0.004232,0.943176,43.325000,0.628304,-6.465410,0.757392,-8.818271,1.042802,-13.703381,1.403298,-5.771266,253,IX,35,2
0.513960,8.817720,1.054860,0.017111,0.005451,1.160852,49.257189,0.632812,-6.364589,0.762439,-8.720666,1.044566,-13.499849,1.404764,-5.690487,254,IX,35,2
0.516580,6.975450,1.158180,0.019700,0.004793,1.267654,51.731538,0.636338,-6.397139,0.765801,-8.722250,1.049576,-13.585815,1.410523,-5.735594,255,IX,35,2
0.518780,6.975450,1.156640,0.019726,0.005021,1.259807,51.558430,0.638662,-6.278707,0.766122,-8.680760,1.049801,-13.498648,1.410084,-5.721879,256,IX,35,2
0.515560,6.975450,1.168620,0.019524,0.005781,1.249382,51.326379,0.637406,-6.396793,0.766312,-8.688491,1.050961,-13.554191,1.416756,-5.716080,257,IX,35,2
0.517090,8.817720,1.056900,0.017078,0.005133,1.042708,46.197733,0.637038,-6.426235,0.766933,-8.726129,1.049412,-13.607333,1.416425,-5.697806,258,IX,35,2
0.517270,8.817720,1.064980,0.016948,0.004171,0.998395,44.953986,0.637749,-6.434861,0.766493,-8.748794,1.051434,-13.585409,1.417379,-5.706343,259,IX,35,2
0.521770,8.817720,1.058980,0.017044,0.004385,0.885177,41.514520,0.641466,-6.344452,0.769070,-8.565552,1.052906,-13.625212,1.416820,-5.894359,260,IX,35,2
0.523300,8.817720,1.056200,0.017089,0.005087,1.162380,49.294462,0.641872,-6.305153,0.769951,-8.589526,1.054672,-13.527084,1.415596,-5.681511,261,IX,35,2
0.527370,6.975450,1.156880,0.019722,0.004516,1.270550,51.795099,0.645785,-6.152837,0.774248,-8.536872,1.057115,-13.471480,1.422013,-5.693353,262,IX,35,2
0.525220,6.975450,1.160800,0.019656,0.003989,1.265654,51.687539,0.644172,-6.305762,0.772695,-8.628299,1.056940,-13.528768,1.427803,-5.686803,263,IX,35,2
0.523280,8.817720,1.056340,0.017087,0.003350,1.044397,46.244069,0.642400,-6.369391,0.771623,-8.562049,1.054040,-13.595458,1.426268,-5.660763,264,IX,35,2
0.521770,6.975450,1.161400,0.019646,0.004527,1.172489,49.539596,0.640992,-6.329300,0.771201,-8.606801,1.056948,-13.630975,1.428986,-5.697843,265,IX,35,2
0.524720,8.817720,1.055660,0.017098,0.005551,0.970557,44.143977,0.643655,-6.259041,0.772275,-8.591044,1.055379,-13.635666,1.426753,-5.567879,266,IX,35,2
0.525150,8.817720,1.059400,0.017037,0.004248,0.975597,44.292298,0.645268,-6.282790,0.772969,-8.518866,1.057612,-13.571516,1.426825,-5.582425,267,IX,35,2
0.525040,6.975450,1.166740,0.019556,0.004747,1.157202,49.167954,0.645344,-6.259194,0.774570,-8.564320,1.056204,-13.594276,1.429051,-5.673257,268,IX,35,2
0.527640,8.817720,1.055840,0.017095,0.005339,1.096842,47.644320,0.647512,-6.312941,0.775777,-8.554278,1.057950,-13.600771,1.431348,-5.672328,269,IX,35,2
0.525280,6.975450,1.160960,0.019653,0.004116,0.952250,43.598886,0.645081,-6.310905,0.773605,-8.541616,1.058456,-13.630843,1.436892,-5.852849,270,IX,35,2
0.524320,6.975450,1.164580,0.019592,0.003598,1.255403,51.460692,0.644393,-6.280790,0.774203,-8.587894,1.057824,-13.645872,1.436521,-5.701678,271,IX,35,2
0.525590,6.975450,1.168280,0.019530,0.004895,0.992614,44.787628,0.645527,-6.242363,0.774360,-8.534384,1.055762,-13.576895,1.434731,-5.669040,272,IX,35,2
0.523430,6.975450,1.157320,0.019715,0.005016,1.163622,49.324721,0.643262,-6.273440,0.772313,-8.599950,1.056481,-13.603305,1.428718,-5.725885,273,IX,35,2
0.522670,6.975450,1.166480,0.019560,0.004844,1.246443,51.260524,0.643199,-6.331543,0.771946,-8.537637,1.054476,-13.615148,1.429738,-5.709917,274,IX,35,2
0.524070,6.975450,1.160000,0.019669,0.004280,1.253006,51.407299,0.643340,-6.241206,0.772635,-8.609633,1.055695,-13.678306,1.432883,-5.718942,275,IX,35,2
0.524670,8.817720,1.055700,0.017097,0.003930,1.029260,45.826094,0.644885,-6.304558,0.773645,-8.616043,1.055594,-13.763274,1.436210,-5.703534,276,IX,35,2
0.523750,8.817720,1.059860,0.017030,0.004011,1.057819,46.609423,0.643972,-6.293607,0.773897,-8.612518,1.056856,-13.805201,1.436761,-5.687712,277,IX,35,2
0.523560,6.975450,1.163460,0.019611,0.004115,1.202825,50.260676,0.645484,-6.291134,0.773504,-8.548229,1.058775,-13.777431,1.440274,-5.739913,278,IX,35,2
0.525190,8.817720,1.059900,0.017029,0.003657,1.053867,46.502361,0.644741,-6.269329,0.774636,-8.542438,1.058566,-13.754652,1.436774,-5.684764,279,IX,35,2
0.525940,8.817720,1.054880,0.017110,0.004937,1.070224,46.942791,0.647799,-6.220810,0.774643,-8.472772,1.057384,-13.748659,1.437952,-5.688531,280,IX,35,2
0.527440,8.817720,1.058920,0.017045,0.004885,0.981923,44.477416,0.648141,-6.231718,0.776958,-8.544206,1.060874,-13.805405,1.443883,-5.608764,281,IX,35,2
0.525680,8.817720,1.064000,0.016964,0.003671,0.889419,41.650504,0.648172,-6.271704,0.777726,-8.528097,1.061303,-13.813197,1.444724,-5.885511,282,IX,35,2
0.524970,6.975450,1.166000,0.019568,0.004284,1.261502,51.595938,0.646477,-6.266722,0.776145,-8.530943,1.060162,-13.762332,1.446355,-5.744279,283,IX,35,2
0.527940,6.975450,1.159040,0.019686,0.004155,1.153428,49.075337,0.646757,-6.234982,0.776625,-8.542117,1.061774,-13.800296,1.448790,-5.724144,284,IX,35,2
0.527200,6.975450,1.170760,0.019489,0.003484,1.137749,48.686830,0.646416,-6.207669,0.777307,-8.530103,1.059466,-13.729403,1.448009,-5.706698,285,IX,35,2
0.528950,6.975450,1.161980,0.019636,0.002320,1.253375,51.415521,0.648313,-6.315571,0.776677,-8.480900,1.061493,-13.728885,1.444848,-5.734032,286,IX,35,2
0.529020,8.817720,1.055580,0.017099,0.003317,0.975387,44.286154,0.649657,-6.314733,0.777704,-8.541760,1.060325,-13.856858,1.448560,-5.634043,287,IX,35,2
0.527030,6.975450,1.172920,0.019453,0.003998,1.162357,49.293898,0.648324,-6.346712,0.777385,-8.656752,1.059943,-13.792044,1.452086,-5.698866,288,IX,35,2
0.527260,8.817720,1.062000,0.016996,0.003261,0.961844,43.885807,0.649673,-6.299791,0.776943,-8.528293,1.062002,-13.863060,1.452023,-5.768073,289,IX,35,2
0.529140,8.817720,1.054200,0.017121,0.003793,0.970369,44.138422,0.649832,-6.317631,0.776769,-8.490111,1.060209,-13.725382,1.451149,-5.653952,290,IX,35,2
0.529700,8.817720,1.052700,0.017146,0.003600,0.965021,43.980183,0.649575,-6.349628,0.778105,-8.482590,1.059333,-13.796058,1.445567,-5.787820,291,IX,35,2
0.529360,6.975450,1.167100,0.019550,0.004271,1.132732,48.561259,0.650044,-6.274011,0.776464,-8.489179,1.058348,-13.766747,1.446187,-5.714334,292,IX,35,2
0.533000,8.817720,1.051940,0.017158,0.003808,0.887979,41.604398,0.652453,-6.204521,0.778736,-8.440799,1.062552,-13.811647,1.448917,-5.880557,293,IX,35,2
0.532080,6.975450,1.164400,0.019595,0.003426,0.982964,44.507766,0.652387,-6.169581,0.781394,-8.499592,1.063828,-13.740331,1.462871,-5.794573,294,IX,35,2
0.529040,8.817720,1.060480,0.017020,0.004331,0.942020,43.289904,0.651495,-6.268411,0.779186,-8.504518,1.063143,-13.963279,1.456738,-5.783306,295,IX,35,2
0.532190,8.817720,1.054300,0.017120,0.003752,0.930069,42.924930,0.652727,-6.373417,0.780471,-8.515472,1.063644,-13.945762,1.459012,-5.812720,296,IX,35,2
0.532820,8.817720,1.051700,0.017162,0.004269,0.886953,41.571509,0.652325,-6.132089,0.778492,-8.377122,1.061530,-13.885592,1.452011,-5.898300,297,IX,35,2
0.535260,6.975450,1.157100,0.019719,0.003727,1.252730,51.401148,0.652707,-6.175056,0.782977,-8.444889,1.065456,-13.742473,1.459354,-5.769627,298,IX,35,2
0.535500,6.975450,1.156260,0.019733,0.005489,1.163391,49.319079,0.654902,-6.033537,0.782140,-8.381768,1.065344,-13.746865,1.455671,-5.743841,299,IX,35,2
0.537860,8.817720,1.051140,0.017171,0.003648,1.000710,45.020324,0.656475,-6.181482,0.784224,-8.435745,1.066412,-13.827977,1.464824,-5.742822,300,IX,35,2
0.537570,6.975450,1.159700,0.019674,0.004067,1.135873,48.639954,0.657748,-6.280744,0.785361,-8.458701,1.070752,-13.851440,1.470036,-5.728813,301,IX,35,2
0.537840,6.975450,1.164880,0.019587,0.003807,1.263024,51.629558,0.658769,-6.136481,0.786866,-8.414857,1.071272,-13.823502,1.473105,-5.739672,302,IX,35,2
0.537870,6.975450,1.164220,0.019598,0.004789,1.242670,51.175706,0.657360,-6.156204,0.785529,-8.334803,1.066859,-13.718433,1.465227,-5.734974,303,IX,35,2
0.539870,8.817720,1.051280,0.017169,0.003689,0.894122,41.800609,0.658028,-6.206849,0.784606,-8.357937,1.069716,-13.795176,1.464471,-5.940050,304,IX,35,2
0.539460,8.817720,1.052880,0.017143,0.003552,0.970158,44.132212,0.659554,-6.200549,0.787757,-8.382146,1.069444,-13.886592,1.470190,-5.764260,305,IX,35,2
0.542180,6.975450,1.154780,0.019758,0.003438,1.173828,49.571861,0.662630,-6.133422,0.790604,-8.355736,1.074524,-13.791696,1.476356,-5.725197,306,IX,35,2
0.542780,6.975450,1.157260,0.019716,0.003378,0.902373,42.062254,0.663060,-6.180673,0.791420,-8.387652,1.074631,-13.821551,1.479905,-5.924539,307,IX,35,2
0.544130,8.817720,1.056280,0.017088,0.003990,1.045393,46.271338,0.664476,-6.126862,0.793232,-8.330275,1.075974,-13.862215,1.481265,-5.664014,308,IX,35,2
0.544000,6.975450,1.157240,0.019716,0.003123,0.951288,43.569978,0.663476,-6.153098,0.791330,-8.326051,1.074992,-13.765796,1.485170,-5.905158,309,IX,35,2
0.544150,6.975450,1.157000,0.019720,0.004510,0.896235,41.867797,0.664549,-6.029476,0.791533,-8.345630,1.075713,-13.807853,1.478533,-5.939813,310,IX,35,2
0.546840,6.975450,1.160220,0.019666,0.002466,1.268729,51.755161,0.667363,-6.010622,0.794788,-8.321198,1.076700,-13.696254,1.479672,-5.743274,311,IX,35,2
0.549760,8.817720,1.049980,0.017190,0.002755,0.932581,43.002016,0.669452,-6.044182,0.797444,-8.310207,1.078592,-13.762439,1.480145,-5.773616,312,IX,35,2
0.551860,6.975450,1.163140,0.019616,0.003265,1.228770,50.860539,0.672169,-6.037571,0.799404,-8.263635,1.081153,-13.678429,1.489187,-5.702125,313,IX,35,2
0.551190,6.975450,1.168300,0.019530,0.003254,1.045776,46.281821,0.672559,-5.914742,0.799752,-8.230698,1.081186,-13.718320,1.488902,-5.700224,314,IX,35,2
0.551340,8.817720,1.052580,0.017148,0.003448,0.974608,44.263257,0.671402,-6.039263,0.799975,-8.251680,1.081060,-13.857491,1.493634,-5.601356,315,IX,35,2
0.550250,8.817720,1.047100,0.017238,0.003683,1.106882,47.904119,0.671725,-6.001252,0.799617,-8.269306,1.078810,-13.718569,1.486045,-5.707386,316,IX,35,2
0.551290,8.817720,1.050860,0.017176,0.003683,0.987077,44.627390,0.672540,-5.940944,0.800528,-8.215284,1.080781,-13.771710,1.487420,-5.743651,317,IX,35,2
0.551830,8.817720,1.051460,0.017166,0.004027,0.910674,42.323323,0.674025,-5.958357,0.801455,-8.268600,1.081856,-13.819540,1.489085,-5.823948,318,IX,35,2
0.311340,3.456860,2.323920,0.019811,0.004927,1.155223,49.119430,0.500745,-15.444334,0.786068,-17.651244,1.206408,-17.264314,2.000709,-4.585190,1,IX,25,7
0.314550,4.369410,2.180400,0.016706,0.005575,1.572947,57.553875,0.504768,-15.561512,0.791101,-17.549221,1.214804,-16.802829,1.942717,-4.557138,2,IX,25,7
0.317370,4.369410,2.188640,0.016643,0.003584,1.487916,56.095711,0.507076,-15.692895,0.797820,-17.383956,1.223556,-16.640258,1.922499,-4.510494,3,IX,25,7
0.318000,5.517300,2.046380,0.014096,0.004171,1.057672,46.605465,0.509738,-15.783535,0.797855,-17.419374,1.227039,-16.723556,1.914093,-4.656889,4,IX,25,7
0.318450,4.369410,2.187640,0.016650,0.004157,1.522501,56.702531,0.510474,-15.649309,0.800766,-17.400092,1.228408,-16.525915,1.910894,-4.501942,5,IX,25,7
0.317800,4.369410,2.191080,0.016624,0.004974,1.509550,56.477550,0.510303,-15.696229,0.800027,-17.371085,1.228595,-16.497616,1.908388,-4.516252,6,IX,25,7
0.316190,4.369410,2.207580,0.016500,0.004677,1.266311,51.702010,0.509407,-15.713710,0.800290,-17.398790,1.227254,-16.610870,1.902413,-4.501506,7,IX,25,7
0.317400,5.517300,2.038480,0.014151,0.005093,1.166601,49.397116,0.509885,-15.655582,0.800226,-17.354399,1.227427,-16.676263,1.902660,-4.546046,8,IX,25,7
0.318090,5.517300,2.032580,0.014192,0.005355,1.189699,49.951314,0.508881,-15.468573,0.799629,-17.411355,1.227164,-16.637303,1.903650,-4.458001,9,IX,25,7
0.318810,4.369410,2.197000,0.016579,0.004645,1.301877,52.471344,0.511470,-15.566895,0.801020,-17.296548,1.224785,-16.575892,1.897170,-4.518313,10,IX,25,7
0.320580,4.369410,2.187380,0.016652,0.003826,1.477767,55.913925,0.512361,-15.553901,0.803167,-17.273698,1.230427,-16.542544,1.903727,-4.542639,11,IX,25,7
0.320890,5.517300,2.030340,0.014208,0.005535,1.230435,50.898522,0.511811,-15.578058,0.803042,-17.412254,1.228872,-16.663158,1.904984,-4.536261,12,IX,25,7
0.319350,5.517300,2.030260,0.014208,0.005491,1.185208,49.844539,0.512888,-15.575392,0.800182,-17.355198,1.225049,-16.662694,1.891899,-4.542924,13,IX,25,7
0.320780,5.517300,2.047160,0.014091,0.004176,1.298323,52.395656,0.512020,-15.816670,0.801845,-17.277623,1.227758,-16.691744,1.897461,-4.555435,14,IX,25,7
0.320670,5.517300,2.034940,0.014176,0.005486,1.211863,50.471385,0.512804,-15.524528,0.800027,-17.264677,1.226741,-16.718264,1.896129,-4.533095,15,IX,25,7
0.320800,4.369410,2.194800,0.016596,0.004782,1.228005,50.843087,0.512591,-15.572912,0.801109,-17.231787,1.224400,-16.627599,1.904728,-4.547324,16,IX,25,7
0.321070,5.517300,2.023400,0.014256,0.005996,1.217144,50.593628,0.512903,-15.634073,0.801408,-17.333636,1.227458,-16.714633,1.901894,-4.561385,17,IX,25,7
0.321820,4.369410,2.170740,0.016780,0.005635,1.195809,50.095803,0.512561,-15.419649,0.800888,-17.201316,1.227251,-16.595240,1.901902,-4.698405,18,IX,25,7
0.323200,4.369410,2.161120,0.016855,0.005046,1.310677,52.657664,0.512272,-15.609030,0.799656,-17.262788,1.225691,-16.605415,1.893662,-4.593851,19,IX,25,7
0.320710,5.517300,2.015920,0.014309,0.005344,1.169261,49.461588,0.511553,-15.508766,0.799039,-17.149953,1.220005,-16.686740,1.891104,-4.544428,20,IX,25,7
0.320390,3.456860,2.321240,0.019834,0.005602,1.196427,50.110378,0.512672,-15.435359,0.798960,-17.261229,1.219327,-16.695238,1.892897,-4.610466,21,IX,25,7
0.322170,5.517300,2.026880,0.014232,0.005377,1.279959,52.000377,0.512056,-15.487273,0.798589,-17.217406,1.220829,-16.641270,1.892046,-4.613120,22,IX,25,7
0.322600,5.517300,2.015540,0.014312,0.005434,1.160649,49.252236,0.511562,-15.359230,0.799169,-17.190592,1.222605,-16.721997,1.894649,-4.571344,23,IX,25,7
0.322690,5.517300,2.010740,0.014346,0.004764,1.115600,48.127624,0.512559,-15.423512,0.798460,-17.157928,1.219054,-16.688478,1.892386,-4.667584,24,IX,25,7
0.321840,4.369410,2.163160,0.016839,0.005401,1.462412,55.635613,0.511343,-15.633430,0.797748,-17.184918,1.218431,-16.517337,1.889638,-4.639662,25,IX,25,7
0.323340,4.369410,2.165700,0.016819,0.004810,1.193482,50.040871,0.510614,-15.401122,0.797930,-17.214629,1.215790,-16.632990,1.889512,-4.580979,26,IX,25,7
0.323360,4.369410,2.161440,0.016852,0.004642,1.341636,53.300672,0.512440,-15.396941,0.796835,-17.098635,1.214035,-16.576466,1.882095,-4.628718,27,IX,25,7
0.324200,4.369410,2.130480,0.017097,0.005134,1.329302,53.046781,0.511024,-15.339236,0.795282,-17.020495,1.214108,-16.506908,1.873619,-4.666919,28,IX,25,7
0.323730,4.369410,2.145380,0.016978,0.004812,1.152278,49.047048,0.512389,-15.357807,0.798281,-17.150322,1.218204,-16.476846,1.881368,-4.790233,29,IX,25,7
0.324170,4.369410,2.160620,0.016859,0.004372,1.238809,51.088591,0.511535,-15.511484,0.797803,-17.125106,1.213499,-16.450073,1.881092,-4.652147,30,IX,25,7
0.323520,4.369410,2.147920,0.016958,0.005275,1.226961,50.819206,0.511763,-15.417361,0.796520,-17.068985,1.211948,-16.446546,1.875503,-4.739118,31,IX,25,7
0.323960,5.517300,1.996580,0.014448,0.004601,1.101638,47.768742,0.511141,-15.358159,0.796538,-17.066876,1.213046,-16.581789,1.869346,-4.732799,32,IX,25,7
0.323940,4.369410,2.131360,0.017090,0.004904,1.384157,54.153352,0.510393,-15.435811,0.795539,-17.042823,1.213175,-16.402200,1.866004,-4.692757,33,IX,25,7
0.323480,4.369410,2.130880,0.017094,0.005292,1.458832,55.570147,0.509507,-15.451616,0.794924,-16.927643,1.209479,-16.390117,1.862776,-4.705963,34,IX,25,7
0.324510,4.369410,2.141740,0.017007,0.005013,1.223556,50.741212,0.511517,-15.359927,0.794773,-17.002890,1.209125,-16.395096,1.866513,-4.719439,35,IX,25,7
0.324120,4.369410,2.145420,0.016978,0.005056,1.193045,50.030548,0.512100,-15.236406,0.795729,-17.004856,1.207086,-16.485851,1.866058,-4.640768,36,IX,25,7
0.323790,4.369410,2.140680,0.017016,0.005766,1.197415,50.133660,0.509228,-15.508561,0.794111,-17.032091,1.205715,-16.431475,1.859073,-4.642265,37,IX,25,7
0.322430,4.369410,2.126440,0.017129,0.006154,1.140515,48.755821,0.509778,-15.387072,0.794173,-16.990554,1.209147,-16.403784,1.861583,-4.841165,38,IX,25,7
0.323990,5.517300,1.977540,0.014587,0.005061,1.186092,49.865605,0.509535,-15.289240,0.793061,-16.926556,1.204875,-16.472716,1.852918,-4.668482,39,IX,25,7
0.322550,5.517300,1.978520,0.014580,0.005900,1.152288,49.047295,0.509474,-15.208739,0.793003,-16.924628,1.203689,-16.506438,1.854790,-4.753183,40,IX,25,7
0.325450,5.517300,1.990820,0.014490,0.005727,1.324868,52.954779,0.510767,-15.235784,0.793200,-16.960294,1.207790,-16.440673,1.856713,-4.721504,41,IX,25,7
0.325170,4.369410,2.135120,0.017060,0.005898,1.329642,53.053822,0.512223,-15.303955,0.794590,-16.918455,1.205141,-16.384873,1.859483,-4.716120,42,IX,25,7
0.323110,5.517300,1.993720,0.014469,0.006137,1.086767,47.380962,0.510475,-15.408920,0.793877,-16.891164,1.206180,-16.383056,1.853733,-4.880679,43,IX,25,7
0.325530,4.369410,2.117800,0.017199,0.004738,1.211679,50.467117,0.509988,-15.288987,0.791951,-16.788932,1.200728,-16.317794,1.856291,-4.795583,44,IX,25,7
0.325090,5.517300,1.966060,0.014672,0.005386,1.211891,50.472016,0.510535,-15.315338,0.791803,-16.942403,1.201335,-16.507465,1.850224,-4.700007,45,IX,25,7
0.323690,5.517300,1.957380,0.014737,0.006054,1.196545,50.113169,0.509897,-15.180908,0.790464,-16.817327,1.196973,-16.411035,1.845344,-4.767321,46,IX,25,7
0.325560,4.369410,2.113360,0.017235,0.005659,1.459810,55.588048,0.509514,-15.248749,0.791319,-16.876393,1.199259,-16.347752,1.854938,-4.764776,47,IX,25,7
0.324390,4.369410,2.110900,0.017256,0.005461,1.154026,49.090026,0.511667,-15.308058,0.792200,-16.846152,1.203391,-16.395426,1.862366,-4.900915,48,IX,25,7
0.326050,5.517300,1.955340,0.014753,0.005404,1.140731,48.761196,0.510268,-15.259755,0.791281,-16.821272,1.198716,-16.574889,1.856546,-4.791294,49,IX,25,7
0.324260,4.369410,2.103360,0.017317,0.006787,1.159101,49.214414,0.509487,-15.106526,0.789970,-16.793299,1.199231,-16.370056,1.857169,-4.909656,50,IX,25,7
0.327180,5.517300,1.967400,0.014662,0.004710,1.315534,52.759798,0.510404,-15.138891,0.789519,-16.798346,1.199286,-16.505762,1.854841,-4.780880,51,IX,25,7
0.322950,4.369410,2.117480,0.017202,0.005688,1.193024,50.030050,0.508711,-15.256990,0.788831,-16.768481,1.194595,-16.480364,1.855596,-4.753911,52,IX,25,7
0.326050,5.517300,1.950200,0.014792,0.005598,1.193226,50.034826,0.511095,-15.069508,0.790369,-16.717570,1.197623,-16.568103,1.861268,-4.803326,53,IX,25,7
0.326800,5.517300,1.966620,0.014668,0.004944,1.250585,51.353269,0.511605,-15.166352,0.789923,-16.827864,1.200009,-16.605565,1.863923,-4.772001,54,IX,25,7
0.323960,5.517300,1.954720,0.014757,0.006852,1.124095,48.343552,0.509592,-15.068217,0.788922,-16.812958,1.194733,-16.635053,1.861676,-4.850891,55,IX,25,7
0.324100,4.369410,2.096280,0.017376,0.006422,1.143073,48.819431,0.509135,-15.028405,0.788161,-16.841779,1.196453,-16.504413,1.866161,-4.956578,56,IX,25,7
0.325050,5.517300,1.952800,0.014772,0.006158,1.183589,49.805937,0.509243,-15.093969,0.787247,-16.754228,1.192152,-16.606641,1.860712,-4.766327,57,IX,25,7
0.323770,5.517300,1.942860,0.014847,0.006168,1.112436,48.046738,0.508093,-15.081582,0.786017,-16.757086,1.189794,-16.624847,1.855519,-4.867578,58,IX,25,7
0.324060,3.456860,2.246420,0.020495,0.006337,1.204140,50.291446,0.509591,-15.032948,0.787066,-16.729965,1.189470,-16.630031,1.862060,-4.831853,59,IX,25,7
0.325070,4.369410,2.105800,0.017297,0.005267,1.206545,50.347635,0.509013,-14.998824,0.788313,-16.726027,1.192117,-16.477490,1.869449,-4.880090,60,IX,25,7
0.326040,4.369410,2.095120,0.017386,0.005261,1.403934,54.538337,0.509647,-15.044956,0.785375,-16.732775,1.187230,-16.456645,1.858594,-4.842409,61,IX,25,7
0.324900,4.369410,2.094580,0.017390,0.005949,1.402430,54.509304,0.509120,-15.040305,0.784319,-16.664024,1.185120,-16.516711,1.859988,-4.855688,62,IX,25,7
0.323940,4.369410,2.093460,0.017399,0.006702,1.323356,52.923316,0.507588,-15.061305,0.782632,-16.641527,1.182576,-16.582191,1.858867,-4.854115,63,IX,25,7
0.324430,5.517300,1.940180,0.014868,0.005807,1.307537,52.591353,0.506447,-15.056504,0.781599,-16.598441,1.182895,-16.619727,1.855325,-4.892856,64,IX,25,7
0.323400,4.369410,2.077520,0.017533,0.006764,1.135801,48.638162,0.507945,-14.950638,0.783059,-16.589462,1.185389,-16.618709,1.868270,-5.022555,65,IX,25,7
0.324910,3.456860,2.229340,0.020652,0.006248,1.178106,49.674736,0.507096,-15.043604,0.782980,-16.586943,1.182183,-16.727542,1.862481,-4.898318,66,IX,25,7
0.320360,4.369410,2.099200,0.017352,0.006014,1.341033,53.288325,0.503523,-15.243962,0.779614,-16.819492,1.179887,-16.692514,1.867236,-4.881477,67,IX,25,7
0.320150,5.517300,1.929740,0.014948,0.005714,1.173119,49.554785,0.502997,-15.182621,0.778449,-16.717406,1.179159,-16.853829,1.865754,-4.858481,68,IX,25,7
0.317780,4.369410,2.087640,0.017448,0.006744,1.448436,55.378807,0.503462,-15.200273,0.777503,-16.766090,1.177251,-16.697065,1.867665,-4.927200,69,IX,25,7
0.319550,4.369410,2.071580,0.017583,0.004941,1.120934,48.263427,0.502450,-15.153930,0.777405,-16.737163,1.177469,-16.840527,1.868712,-5.080513,70,IX,25,7
0.319480,4.369410,2.082960,0.017487,0.006399,1.430037,55.035566,0.502572,-15.073834,0.776857,-16.619655,1.175160,-16.791575,1.867569,-4.928921,71,IX,25,7
0.318340,4.369410,2.066960,0.017622,0.006067,1.272096,51.828970,0.502346,-15.172999,0.776522,-16.693223,1.177080,-16.836846,1.866231,-4.927118,72,IX,25,7
0.319590,4.369410,2.065680,0.017633,0.005215,1.104242,47.836046,0.501830,-15.133405,0.776590,-16.694785,1.177714,-16.843542,1.873363,-5.098324,73,IX,25,7
0.318710,4.369410,2.088080,0.017444,0.005764,1.204636,50.303039,0.503323,-15.148902,0.775376,-16.662258,1.171997,-16.857539,1.877431,-4.945469,74,IX,25,7
0.319360,5.517300,1.920160,0.015023,0.005225,1.080241,47.208961,0.501502,-15.043589,0.775234,-16.698200,1.173220,-17.002801,1.871718,-5.031825,75,IX,25,7
0.318440,5.517300,1.929080,0.014954,0.006656,1.056140,46.564002,0.501953,-15.201928,0.775287,-16.653888,1.172723,-16.956485,1.874007,-5.091526,76,IX,25,7
0.320880,3.456860,2.222400,0.020716,0.005321,1.074051,47.044791,0.500300,-15.185801,0.774712,-16.622222,1.170997,-16.986788,1.871468,-5.044090,77,IX,25,7
0.319870,3.456860,2.221620,0.020724,0.006913,1.204323,50.295727,0.502968,-15.176182,0.775702,-16.615898,1.171493,-16.984207,1.879966,-4.963835,78,IX,25,7
0.320230,4.369410,2.076880,0.017538,0.005878,1.388744,54.243275,0.500696,-15.114057,0.775658,-16.627629,1.170658,-16.920642,1.882753,-4.979778,79,IX,25,7
0.319720,3.456860,2.232320,0.020624,0.006771,1.161486,49.272675,0.501331,-15.012903,0.775024,-16.688622,1.171449,-17.088758,1.881856,-4.936529,80,IX,25,7
0.319430,5.517300,1.922060,0.015008,0.006026,1.221529,50.694659,0.501740,-15.108574,0.774352,-16.593323,1.170898,-17.060453,1.882676,-4.970301,81,IX,25,7
0.319550,4.369410,2.073620,0.017566,0.005403,1.181292,49.751055,0.501490,-15.129938,0.772892,-16.654979,1.165407,-17.009912,1.886914,-4.986972,82,IX,25,7
0.319720,4.369410,2.068180,0.017612,0.005833,1.339677,53.260545,0.501072,-15.078260,0.772183,-16.563486,1.164253,-16.991422,1.884311,-5.003305,83,IX,25,7
0.320860,3.456860,2.231640,0.020631,0.005946,1.077689,47.141395,0.502826,-15.053563,0.774584,-16.554824,1.169972,-17.153406,1.890685,-5.081053,84,IX,25,7
0.320880,4.369410,2.033580,0.017912,0.005599,1.518588,56.634833,0.497612,-15.070159,0.768411,-16.617552,1.159444,-16.842700,1.887194,-5.077244,85,IX,25,7
0.321270,3.456860,2.207400,0.020857,0.005468,1.060977,46.694696,0.499642,-14.968267,0.769847,-16.571957,1.159323,-17.207338,1.897561,-5.103570,86,IX,25,7
0.320020,4.369410,2.031660,0.017929,0.006007,1.374124,53.955257,0.497269,-14.995430,0.768664,-16.525755,1.159667,-17.032719,1.901110,-5.068779,87,IX,25,7
0.319230,4.369410,2.027160,0.017968,0.006717,1.294594,52.315961,0.497218,-14.956127,0.766837,-16.565426,1.157946,-17.133167,1.904072,-5.069409,88,IX,25,7
0.321400,3.456860,2.200480,0.020923,0.005456,1.170300,49.486716,0.497288,-14.951769,0.767575,-16.540097,1.156566,-17.280691,1.904702,-5.035335,89,IX,25,7
0.320510,3.456860,2.201440,0.020914,0.006020,1.131539,48.531283,0.499545,-14.863823,0.771103,-16.613313,1.159221,-17.140771,1.926808,-5.026281,90,IX,25,7
0.320510,3.456860,2.196580,0.020960,0.006527,1.109937,47.982665,0.499618,-14.981667,0.771178,-16.579881,1.158050,-17.162069,1.952846,-5.062971,91,IX,25,7
0.320700,2.735470,2.369960,0.024550,0.006151,1.268551,51.751256,0.498725,-14.973107,0.771071,-16.673428,1.162142,-17.247561,1.974682,-5.128466,92,IX,25,7
0.321760,3.456860,2.193600,0.020988,0.006031,1.237476,51.058447,0.499442,-14.869354,0.772051,-16.685717,1.158075,-17.243018,2.002416,-5.167040,93,IX,25,7
0.321020,3.456860,2.247560,0.020485,0.006305,1.101782,47.772478,0.503014,-15.042844,0.783191,-16.853289,1.175604,-17.645438,2.140916,-5.247541,94,IX,25,7
0.322950,2.735470,2.398780,0.024255,0.006646,1.036345,46.022517,0.504042,-15.010077,0.778766,-16.819233,1.167941,-17.757557,2.137132,-5.364013,95,IX,25,7
0.326790,2.735470,2.442520,0.023820,0.005052,1.048950,46.368563,0.507878,-15.049061,0.789421,-16.993914,1.183118,-17.992999,2.275819,-5.476115,96,IX,25,7
0.325010,2.735470,2.451160,0.023736,0.005980,1.001595,45.045646,0.508542,-14.950761,0.791025,-17.024306,1.185783,-18.163577,2.348950,-5.638418,97,IX,25,7
0.329020,2.160540,2.714360,0.027139,0.005152,1.153607,49.079741,0.512596,-15.127078,0.795289,-17.032291,1.193045,-18.030577,2.430816,-5.770082,98,IX,25,7
0.330260,1.709520,2.946500,0.031597,0.004551,1.114642,48.103168,0.514953,-15.165684,0.800179,-17.051011,1.194668,-18.176241,2.472904,-5.822453,99,IX,25,7
0.326820,2.160540,2.708500,0.027197,0.005052,1.038011,46.068505,0.511831,-15.029124,0.795972,-17.015333,1.196079,-18.305032,2.499840,-5.965949,100,IX,25,7
0.326350,2.160540,2.727140,0.027012,0.004600,1.099476,47.712711,0.510806,-15.097484,0.792799,-16.994663,1.184421,-18.371398,2.480619,-5.887800,101,IX,25,7
0.325650,1.709520,2.983980,0.031200,0.006503,0.995779,44.878835,0.508781,-15.058015,0.788243,-16.971086,1.182657,-18.669834,2.493305,-5.908973,102,IX,25,7
0.326750,1.709520,2.973580,0.031309,0.004874,1.024246,45.686255,0.506718,-15.095040,0.786364,-16.986365,1.177804,-18.676748,2.504365,-5.899661,103,IX,25,7
0.322440,2.160540,2.719740,0.027085,0.005678,1.037409,46.051884,0.506159,-15.083749,0.787343,-17.017188,1.179147,-18.557657,2.509594,-6.037703,104,IX,25,7
0.326530,1.709520,2.986800,0.031170,0.004772,0.989787,44.705908,0.508585,-15.017967,0.785277,-16.885728,1.177580,-18.817185,2.513021,-5.950171,105,IX,25,7
0.323120,2.160540,2.700720,0.027276,0.005118,0.931361,42.964608,0.506622,-14.925202,0.785087,-16.860807,1.176250,-18.806024,2.504418,-6.053139,106,IX,25,7
0.327250,1.709520,2.951520,0.031543,0.004825,1.140467,48.754617,0.506882,-15.009179,0.783769,-16.825227,1.171096,-18.668666,2.507725,-6.018499,107,IX,25,7
0.326160,2.160540,2.687360,0.027411,0.005845,0.928579,42.879128,0.508565,-14.959019,0.782554,-16.762271,1.174145,-18.770664,2.503487,-6.121382,108,IX,25,7
0.327710,2.160540,2.682460,0.027462,0.004666,1.057516,46.601229,0.508709,-14.957040,0.783258,-16.805850,1.173349,-18.753783,2.505999,-6.094172,109,IX,25,7
0.325810,2.160540,2.706200,0.027221,0.004650,1.212404,50.483933,0.508857,-14.966718,0.784717,-16.764703,1.171570,-18.637738,2.508686,-6.099619,110,IX,25,7
0.324670,2.160540,2.690200,0.027383,0.005127,0.997569,44.930285,0.507334,-14.980868,0.784154,-16.742040,1.171898,-18.842094,2.504571,-6.092894,111,IX,25,7
0.325310,1.709520,2.968920,0.031358,0.005748,0.974497,44.259991,0.507303,-14.920426,0.781954,-16.746736,1.168599,-18.859534,2.506111,-6.056202,112,IX,25,7
0.324800,2.160540,2.680900,0.027477,0.005759,1.024307,45.687955,0.507421,-14.865993,0.782793,-16.768662,1.169881,-18.808797,2.503973,-6.139456,113,IX,25,7
0.327650,2.160540,2.686580,0.027419,0.005716,1.002985,45.085400,0.506846,-14.889122,0.782838,-16.701593,1.169251,-18.735623,2.508443,-6.207347,114,IX,25,7
0.327010,1.709520,2.959660,0.031456,0.006072,0.937639,43.156623,0.507829,-14.965462,0.782178,-16.693500,1.168261,-18.935312,2.504824,-6.166067,115,IX,25,7
0.326270,1.709520,2.934860,0.031722,0.005282,1.041100,46.153564,0.508142,-14.862565,0.782550,-16.696700,1.165052,-18.763512,2.511928,-6.139446,116,IX,25,7
0.326370,2.160540,2.672240,0.027567,0.005141,0.947953,43.469485,0.509098,-14.845391,0.782188,-16.709315,1.168296,-18.759662,2.509447,-6.269766,117,IX,25,7
0.328120,2.160540,2.688800,0.027397,0.004184,1.034187,45.962822,0.509295,-14.885735,0.781837,-16.647879,1.163667,-18.733781,2.513930,-6.218749,118,IX,25,7
0.327630,1.709520,2.945580,0.031606,0.005482,1.015507,45.440814,0.507919,-14.847640,0.782881,-16.671386,1.161322,-18.880594,2.512704,-6.117709,119,IX,25,7
0.327870,1.709520,2.922660,0.031854,0.005833,1.150100,48.993380,0.509093,-14.800021,0.781122,-16.634538,1.158246,-18.820477,2.507734,-6.193260,120,IX,25,7
0.328580,1.709520,2.945960,0.031602,0.005133,1.000887,45.025399,0.507808,-14.767133,0.781745,-16.622438,1.162452,-18.971348,2.511992,-6.172240,121,IX,25,7
0.327880,2.160540,2.658220,0.027712,0.004893,0.929059,42.893906,0.508482,-14.873997,0.780799,-16.638766,1.161906,-18.857297,2.512000,-6.329665,122,IX,25,7
0.327900,2.160540,2.687060,0.027415,0.004960,1.033272,45.937491,0.509111,-14.841341,0.779884,-16.605964,1.159418,-18.766666,2.516104,-6.254444,123,IX,25,7
0.326940,2.160540,2.671960,0.027569,0.004758,0.998012,44.942991,0.508536,-14.842565,0.778753,-16.586104,1.158508,-18.742605,2.514673,-6.321506,124,IX,25,7
0.328410,1.709520,2.927220,0.031805,0.005122,1.000862,45.024695,0.508864,-14.890143,0.778591,-16.540357,1.154566,-18.951558,2.517301,-6.202849,125,IX,25,7
0.325880,2.160540,2.651060,0.027787,0.006050,0.904458,42.128007,0.507198,-14.828972,0.777604,-16.580258,1.157802,-18.959630,2.513334,-6.370033,126,IX,25,7
0.325290,1.709520,2.920900,0.031873,0.006219,1.027715,45.783085,0.507591,-14.820479,0.778263,-16.574119,1.155147,-18.883359,2.527130,-6.282764,127,IX,25,7
0.326650,2.160540,2.666400,0.027627,0.005532,1.227549,50.832653,0.504643,-14.782416,0.776731,-16.496358,1.154473,-18.798043,2.520116,-6.319754,128,IX,25,7
0.324480,1.709520,2.918680,0.031898,0.005977,1.025022,45.707922,0.506221,-14.768409,0.776675,-16.540457,1.152394,-18.878137,2.527405,-6.285872,129,IX,25,7
0.325090,2.160540,2.681240,0.027474,0.005405,1.015691,45.446006,0.504301,-14.810381,0.776860,-16.539059,1.152600,-18.831726,2.530623,-6.338874,130,IX,25,7
0.323910,2.160540,2.669940,0.027590,0.004821,1.003431,45.098119,0.505237,-14.744797,0.774699,-16.492727,1.151078,-18.803104,2.527236,-6.388352,131,IX,25,7
0.323880,1.709520,2.933480,0.031737,0.005979,0.892355,41.744289,0.504318,-14.653139,0.774182,-16.507254,1.151567,-18.986866,2.517852,-6.412063,132,IX,25,7
0.325660,1.709520,2.920320,0.031880,0.005264,1.011003,45.313486,0.504711,-14.674008,0.774646,-16.523599,1.147297,-18.965125,2.528816,-6.288221,133,IX,25,7
0.325490,1.709520,2.932280,0.031750,0.005362,1.006777,45.193479,0.506102,-14.633794,0.774142,-16.508054,1.149296,-19.078797,2.526562,-6.326338,134,IX,25,7
0.326140,2.160540,2.644600,0.027855,0.005261,0.920620,42.633286,0.505489,-14.656736,0.773511,-16.456171,1.149303,-18.905461,2.530877,-6.484893,135,IX,25,7
0.326720,1.709520,2.927100,0.031806,0.004896,0.980005,44.421421,0.504804,-14.694446,0.772522,-16.469174,1.146133,-19.059941,2.532006,-6.300504,136,IX,25,7
0.326350,1.709520,2.925600,0.031822,0.005577,1.030067,45.848526,0.504633,-14.732513,0.771433,-16.446332,1.148652,-19.092239,2.532529,-6.359841,137,IX,25,7
0.324280,2.160540,2.640560,0.027897,0.006069,0.929442,42.905680,0.505936,-14.765338,0.772811,-16.536918,1.148786,-18.921677,2.540763,-6.529616,138,IX,25,7
0.326040,1.709520,2.917880,0.031906,0.004984,0.985219,44.573397,0.504884,-14.668252,0.771506,-16.469846,1.141520,-19.137938,2.533709,-6.331955,139,IX,25,7
0.327540,1.709520,2.917040,0.031916,0.005356,0.983741,44.530418,0.505452,-14.661264,0.771326,-16.417031,1.142363,-19.069527,2.532050,-6.408704,140,IX,25,7
0.308410,6.975450,1.877180,0.012155,0.005789,1.057755,46.607687,0.494066,-15.646725,0.775260,-17.633752,1.202645,-15.240663,1.692734,-4.686998,1,IX,25,6
0.309730,8.817720,1.769940,0.010198,0.005924,1.192662,50.021492,0.497207,-15.674914,0.780255,-17.516392,1.206877,-15.107995,1.674231,-4.351610,2,IX,25,6
0.309750,6.975450,1.901520,0.011999,0.005964,1.521249,56.680889,0.498262,-15.797358,0.780163,-17.517265,1.211187,-14.899251,1.665485,-4.407961,3,IX,25,6
0.310490,8.817720,1.779580,0.010143,0.005392,1.185159,49.843365,0.498898,-15.749250,0.782893,-17.420421,1.211339,-14.940658,1.663621,-4.322789,4,IX,25,6
0.311180,6.975450,1.888720,0.012080,0.006293,1.137802,48.688164,0.499787,-15.659187,0.781690,-17.357027,1.209910,-14.794104,1.657457,-4.543636,5,IX,25,6
0.312310,8.817720,1.780300,0.010138,0.005462,1.273403,51.857553,0.499996,-15.755629,0.783378,-17.379210,1.212960,-14.919168,1.654302,-4.364783,6,IX,25,6
0.311880,8.817720,1.774720,0.010170,0.006132,1.135404,48.628214,0.500349,-15.705480,0.783976,-17.353897,1.210126,-14.910715,1.652864,-4.490125,7,IX,25,6
0.312360,8.817720,1.778860,0.010147,0.005847,1.066934,46.854764,0.499842,-15.731260,0.783502,-17.348101,1.211314,-14.933151,1.656302,-4.566084,8,IX,25,6
0.312560,8.817720,1.771880,0.010187,0.005718,1.094799,47.591112,0.499801,-15.785879,0.783438,-17.334079,1.210640,-14.848291,1.656248,-4.601294,9,IX,25,6
0.311320,8.817720,1.768900,0.010204,0.006240,1.217260,50.596308,0.499060,-15.685909,0.780939,-17.292989,1.207501,-14.838430,1.656433,-4.412798,10,IX,25,6
0.311800,8.817720,1.762740,0.010239,0.005735,1.173807,49.571376,0.497997,-15.522288,0.779630,-17.247161,1.203289,-14.894999,1.645482,-4.500147,11,IX,25,6
0.312860,6.975450,1.868740,0.012210,0.005730,1.521315,56.682046,0.498485,-15.568805,0.778572,-17.259908,1.203045,-14.803668,1.642656,-4.472066,12,IX,25,6
0.312310,6.975450,1.871500,0.012192,0.006257,1.568944,57.487731,0.498533,-15.509558,0.779512,-17.254141,1.203603,-14.871828,1.648864,-4.478084,13,IX,25,6
0.313930,8.817720,1.756840,0.010274,0.005807,1.094979,47.595821,0.497860,-15.711811,0.779048,-17.217654,1.203549,-15.019287,1.648896,-4.583295,14,IX,25,6
0.312890,8.817720,1.750220,0.010313,0.005444,1.339282,53.252457,0.497204,-15.524890,0.776848,-17.266485,1.199300,-14.955958,1.646965,-4.470860,15,IX,25,6
0.311030,8.817720,1.746460,0.010335,0.007701,1.202699,50.257724,0.497429,-15.590085,0.774985,-17.095919,1.194202,-14.974903,1.639743,-4.435953,16,IX,25,6
0.312170,8.817720,1.739280,0.010378,0.006578,1.421293,54.870362,0.496919,-15.498993,0.774555,-17.150811,1.193511,-14.911148,1.642520,-4.496788,17,IX,25,6
0.314490,6.975450,1.869940,0.012202,0.007097,1.368279,53.838987,0.499550,-15.446933,0.776857,-17.174024,1.197554,-14.994755,1.649564,-4.482524,18,IX,25,6
0.314750,6.975450,1.856220,0.012292,0.005445,1.519872,56.657072,0.498421,-15.403313,0.776217,-17.124738,1.197033,-14.979788,1.648696,-4.516119,19,IX,25,6
0.313320,6.975450,1.863060,0.012247,0.007296,1.479457,55.944309,0.497388,-15.445790,0.774957,-17.184398,1.193960,-14.989421,1.648143,-4.515635,20,IX,25,6
0.314250,6.975450,1.850580,0.012329,0.007235,1.513271,56.542473,0.497321,-15.301725,0.776141,-17.075793,1.193930,-15.014923,1.648236,-4.530042,21,IX,25,6
0.314520,8.817720,1.731020,0.010427,0.006299,1.177928,49.670455,0.498829,-15.443619,0.773362,-17.097750,1.190723,-15.127033,1.646297,-4.564536,22,IX,25,6
0.314030,6.975450,1.843880,0.012374,0.006647,1.502405,56.352278,0.495991,-15.472281,0.771212,-17.086462,1.188179,-15.030871,1.643434,-4.547730,23,IX,25,6
0.313840,6.975450,1.842820,0.012381,0.006455,1.237035,51.048470,0.496884,-15.419414,0.771080,-17.011883,1.186163,-15.037903,1.646403,-4.591252,24,IX,25,6
0.314970,6.975450,1.832180,0.012453,0.006109,1.380977,54.090756,0.496171,-15.374551,0.769637,-17.068571,1.180493,-15.056579,1.635638,-4.558630,25,IX,25,6
0.314710,8.817720,1.715860,0.010519,0.006141,1.332727,53.117589,0.495395,-15.246629,0.769898,-16.978683,1.183671,-15.139506,1.636824,-4.557985,26,IX,25,6
0.315650,6.975450,1.820080,0.012536,0.006516,1.482749,56.003364,0.495648,-15.344244,0.768314,-16.971604,1.180699,-15.064729,1.637547,-4.593988,27,IX,25,6
0.314180,6.975450,1.828880,0.012476,0.006510,1.221471,50.693318,0.494758,-15.355840,0.767715,-16.910633,1.177538,-15.146237,1.643464,-4.567387,28,IX,25,6
0.315450,6.975450,1.818180,0.012549,0.005803,1.455062,55.500966,0.495320,-15.219130,0.768090,-16.994382,1.181174,-15.196710,1.642318,-4.593693,29,IX,25,6
0.316480,6.975450,1.822620,0.012518,0.005805,1.453801,55.477787,0.494974,-15.333158,0.766448,-16.862867,1.178287,-15.197809,1.643718,-4.590024,30,IX,25,6
0.315120,6.975450,1.819240,0.012542,0.006319,1.468119,55.739507,0.493736,-15.204819,0.766016,-16.825155,1.176326,-15.192340,1.640500,-4.596460,31,IX,25,6
0.312920,6.975450,1.818980,0.012544,0.007162,1.228736,50.859764,0.493986,-15.302159,0.765958,-16.897836,1.176229,-15.264154,1.647483,-4.699047,32,IX,25,6
0.313650,6.975450,1.820020,0.012536,0.007410,1.218955,50.635407,0.494764,-15.129594,0.765619,-16.902034,1.171792,-15.291240,1.643301,-4.560548,33,IX,25,6
0.314920,6.975450,1.810060,0.012605,0.006342,1.505297,56.403088,0.494105,-15.325118,0.765757,-16.865325,1.174907,-15.279947,1.643874,-4.639456,34,IX,25,6
0.313790,6.975450,1.808620,0.012615,0.007075,1.485062,56.044755,0.493413,-15.138407,0.764838,-16.835338,1.170472,-15.263141,1.640047,-4.629937,35,IX,25,6
0.313700,6.975450,1.811160,0.012598,0.007209,1.230776,50.906295,0.494881,-15.160211,0.763596,-16.814358,1.168437,-15.295623,1.644558,-4.640220,36,IX,25,6
0.314910,8.817720,1.680440,0.010741,0.006519,1.203585,50.278452,0.493464,-15.158702,0.762461,-16.784473,1.167381,-15.459938,1.639871,-4.586304,37,IX,25,6
0.314760,8.817720,1.670140,0.010807,0.007028,1.253503,51.418388,0.492688,-15.068128,0.759940,-16.789937,1.161826,-15.397258,1.632459,-4.657579,38,IX,25,6
0.314570,6.975450,1.793960,0.012718,0.006635,1.468293,55.742676,0.493553,-15.090985,0.760835,-16.740351,1.167635,-15.361775,1.639171,-4.676905,39,IX,25,6
0.313730,6.975450,1.784440,0.012786,0.007293,1.337622,53.218378,0.490819,-15.042946,0.759349,-16.765885,1.165645,-15.394286,1.633946,-4.694130,40,IX,25,6
0.314500,6.975450,1.781020,0.012811,0.007226,1.490309,56.138314,0.492117,-15.137674,0.758080,-16.711862,1.160973,-15.382412,1.635286,-4.702279,41,IX,25,6
0.315740,6.975450,1.779140,0.012824,0.007142,1.476953,55.899256,0.491027,-15.159180,0.758444,-16.800553,1.160941,-15.388420,1.639038,-4.701241,42,IX,25,6
0.316360,5.517300,1.899380,0.015187,0.006702,1.075012,47.070350,0.492105,-14.983899,0.759117,-16.677810,1.159716,-15.560560,1.638791,-4.812471,43,IX,25,6
0.315930,8.817720,1.656380,0.010897,0.006589,1.251396,51.371395,0.491164,-15.038641,0.757737,-16.709264,1.157009,-15.551383,1.636620,-4.681105,44,IX,25,6
0.315030,6.975450,1.787040,0.012768,0.007759,1.250144,51.343411,0.491333,-14.986399,0.757233,-16.663766,1.157090,-15.505968,1.635998,-4.678164,45,IX,25,6
0.315700,5.517300,1.891680,0.015249,0.006635,1.086200,47.366058,0.491584,-15.029037,0.754569,-16.572737,1.154623,-15.557101,1.633895,-4.841106,46,IX,25,6
0.315930,6.975450,1.756660,0.012989,0.007132,1.353834,53.548824,0.490853,-14.970484,0.754763,-16.638061,1.153241,-15.572423,1.632419,-4.730493,47,IX,25,6
0.316680,5.517300,1.880860,0.015337,0.006805,1.221418,50.692116,0.491045,-14.859581,0.755402,-16.575020,1.152349,-15.601718,1.634832,-4.681055,48,IX,25,6
0.315750,6.975450,1.770840,0.012885,0.007587,1.230037,50.889444,0.490793,-14.959793,0.754279,-16.616359,1.151621,-15.586411,1.641223,-4.699805,49,IX,25,6
0.315450,6.975450,1.759120,0.012970,0.007209,1.448048,55.371638,0.491007,-15.038436,0.753932,-16.615087,1.151930,-15.604653,1.636816,-4.765092,50,IX,25,6
0.315110,6.975450,1.768280,0.012903,0.007629,1.213459,50.508379,0.490160,-14.933188,0.753226,-16.521395,1.148720,-15.613578,1.639459,-4.701589,51,IX,25,6
0.317020,6.975450,1.753480,0.013012,0.006095,1.218356,50.621601,0.490074,-14.797305,0.752170,-16.540275,1.150309,-15.510358,1.636186,-4.864825,52,IX,25,6
0.314820,6.975450,1.745180,0.013074,0.007694,1.102420,47.788973,0.491135,-14.782919,0.751692,-16.496265,1.146876,-15.689831,1.633690,-4.912564,53,IX,25,6
0.315040,8.817720,1.631920,0.011060,0.008227,1.132479,48.554896,0.489457,-14.858557,0.750974,-16.482360,1.143891,-15.736781,1.629516,-4.803381,54,IX,25,6
0.316100,5.517300,1.874100,0.015392,0.006915,1.280115,52.003765,0.488978,-14.718013,0.751970,-16.483108,1.144877,-15.788214,1.636475,-4.758366,55,IX,25,6
0.316890,5.517300,1.859780,0.015511,0.006488,1.117042,48.164411,0.489231,-14.813690,0.750310,-16.433544,1.143074,-15.850220,1.635122,-4.832562,56,IX,25,6
0.315640,8.817720,1.622580,0.011124,0.007351,1.203338,50.272685,0.488719,-14.783809,0.748955,-16.512484,1.140501,-15.727788,1.632668,-4.784153,57,IX,25,6
0.314360,6.975450,1.750420,0.013035,0.007935,1.443754,55.292026,0.488829,-14.825266,0.748009,-16.424520,1.141681,-15.743959,1.637911,-4.784567,58,IX,25,6
0.316710,6.975450,1.733120,0.013165,0.007482,1.415294,54.756227,0.488115,-14.776335,0.746201,-16.451302,1.141340,-15.719017,1.632561,-4.819356,59,IX,25,6
0.316790,6.975450,1.735620,0.013146,0.007071,1.440902,55.238983,0.487872,-14.744217,0.747814,-16.409408,1.139107,-15.679428,1.632708,-4.810988,60,IX,25,6
0.314600,5.517300,1.849800,0.015594,0.008223,1.188792,49.929790,0.487807,-14.692967,0.746744,-16.464121,1.136810,-15.825431,1.632320,-4.808581,61,IX,25,6
0.315280,6.975450,1.728080,0.013203,0.007806,1.399238,54.447572,0.487527,-14.779513,0.747005,-16.372583,1.137612,-15.790575,1.632577,-4.840572,62,IX,25,6
0.315720,6.975450,1.731440,0.013178,0.006764,1.472624,55.821145,0.487878,-14.878922,0.746335,-16.400097,1.136783,-15.802661,1.637317,-4.849002,63,IX,25,6
0.315620,6.975450,1.729160,0.013195,0.007399,1.437595,55.177289,0.486306,-14.732546,0.744975,-16.387507,1.133174,-15.818799,1.633205,-4.826857,64,IX,25,6
0.316070,6.975450,1.731800,0.013175,0.007355,1.247292,51.279563,0.486664,-14.647595,0.744041,-16.313058,1.129892,-15.858689,1.629239,-4.820923,65,IX,25,6
0.315880,6.975450,1.730340,0.013186,0.007900,1.340872,53.285034,0.488718,-14.537427,0.744021,-16.354235,1.129964,-15.810263,1.632773,-4.824110,66,IX,25,6
0.318400,6.975450,1.723660,0.013237,0.007058,1.439685,55.216304,0.489128,-14.775902,0.745760,-16.311719,1.134015,-15.811168,1.638707,-4.843515,67,IX,25,6
0.316890,6.975450,1.722940,0.013243,0.007720,1.443732,55.291623,0.488632,-14.553366,0.744548,-16.262426,1.130377,-15.833243,1.635321,-4.848410,68,IX,25,6
0.317230,5.517300,1.839420,0.015682,0.007792,1.099814,47.721478,0.488843,-14.705845,0.743753,-16.327296,1.131590,-15.990071,1.636489,-4.925902,69,IX,25,6
0.317180,5.517300,1.840720,0.015671,0.007769,1.100558,47.740773,0.488151,-14.769352,0.743273,-16.291933,1.131221,-16.107299,1.640070,-4.944684,70,IX,25,6
0.317050,5.517300,1.834280,0.015726,0.007982,1.208482,50.392784,0.487257,-14.545493,0.743052,-16.238778,1.128876,-16.064041,1.635295,-4.822740,71,IX,25,6
0.318730,6.975450,1.711180,0.013334,0.006686,1.429079,55.017548,0.487386,-14.500991,0.742160,-16.187718,1.125222,-15.885997,1.634791,-4.857654,72,IX,25,6
0.318040,6.975450,1.701820,0.013407,0.007903,1.170137,49.482764,0.487259,-14.408148,0.741256,-16.210045,1.124709,-15.907481,1.634266,-4.997034,73,IX,25,6
0.316920,5.517300,1.819700,0.015852,0.007675,1.167761,49.425244,0.487313,-14.603090,0.740442,-16.225699,1.121835,-16.047700,1.630772,-4.897018,74,IX,25,6
0.316220,5.517300,1.837200,0.015701,0.008369,1.107203,47.912389,0.486735,-14.368533,0.739310,-16.270375,1.125230,-15.993093,1.635032,-5.029968,75,IX,25,6
0.318060,5.517300,1.821960,0.015833,0.007670,1.136128,48.646318,0.487129,-14.723655,0.740141,-16.188237,1.123318,-16.149616,1.633896,-4.936254,76,IX,25,6
0.316780,5.517300,1.818800,0.015860,0.008322,1.181613,49.758737,0.486653,-14.418097,0.740685,-16.144747,1.123073,-16.097776,1.635475,-4.839610,77,IX,25,6
0.318930,6.975450,1.698180,0.013436,0.007739,1.442130,55.261832,0.486424,-14.412088,0.741016,-16.128260,1.125135,-15.994981,1.638498,-4.916663,78,IX,25,6
0.317740,5.517300,1.820520,0.015845,0.008327,1.190126,49.961435,0.486403,-14.407050,0.740998,-16.181254,1.123459,-16.135921,1.638961,-4.861268,79,IX,25,6
0.318550,6.975450,1.702580,0.013401,0.007695,1.428813,55.012524,0.486779,-14.524501,0.739560,-16.194525,1.121463,-16.055478,1.640453,-4.897663,80,IX,25,6
0.318840,6.975450,1.689160,0.013508,0.007654,1.145615,48.882511,0.486334,-14.521371,0.739861,-16.190040,1.122952,-16.073601,1.640533,-5.051154,81,IX,25,6
0.317400,6.975450,1.704180,0.013389,0.008630,1.244345,51.213398,0.486684,-14.491490,0.738126,-16.151127,1.118952,-16.113963,1.638990,-4.894279,82,IX,25,6
0.320340,6.975450,1.693260,0.013475,0.007591,1.227359,50.828305,0.487616,-14.309344,0.739458,-16.078242,1.119703,-16.028946,1.642925,-4.995845,83,IX,25,6
0.320810,5.517300,1.809540,0.015941,0.007606,1.257030,51.496842,0.488181,-14.404639,0.740157,-16.020530,1.121228,-16.212307,1.644828,-4.866436,84,IX,25,6
0.319580,5.517300,1.814540,0.015897,0.008026,1.083829,47.303660,0.487169,-14.358015,0.738562,-16.113831,1.119239,-16.213917,1.637839,-5.030508,85,IX,25,6
0.320290,5.517300,1.807420,0.015960,0.007700,1.195557,50.089877,0.486043,-14.232032,0.737510,-16.089865,1.117158,-16.226628,1.635841,-4.889061,86,IX,25,6
0.319680,6.975450,1.692180,0.013483,0.007815,1.417459,54.797502,0.486161,-14.563160,0.736904,-16.047179,1.115580,-16.126230,1.639162,-4.926664,87,IX,25,6
0.320170,5.517300,1.801760,0.016010,0.007797,1.164609,49.348714,0.486037,-14.368297,0.736884,-16.089644,1.115740,-16.256831,1.641316,-4.866672,88,IX,25,6
0.320020,5.517300,1.806520,0.015968,0.008035,1.177795,49.667280,0.486287,-14.390271,0.735051,-16.066367,1.115023,-16.262490,1.636460,-4.899007,89,IX,25,6
0.320710,5.517300,1.797700,0.016046,0.008566,1.156637,49.154106,0.487673,-14.367763,0.736530,-15.926198,1.114947,-16.274353,1.639069,-4.872495,90,IX,25,6
0.320430,6.975450,1.674220,0.013628,0.007597,1.172002,49.527843,0.485864,-14.382084,0.736454,-15.944557,1.115376,-16.144460,1.642694,-5.082248,91,IX,25,6
0.319910,6.975450,1.687560,0.013520,0.008133,1.225008,50.774499,0.485778,-14.235696,0.736339,-16.059378,1.112235,-16.211740,1.642701,-4.942286,92,IX,25,6
0.319260,6.975450,1.679260,0.013587,0.008621,1.188729,49.928301,0.486162,-14.252940,0.735213,-15.953879,1.113401,-16.184721,1.643606,-5.067574,93,IX,25,6
0.319350,6.975450,1.676720,0.013608,0.008712,1.437396,55.173559,0.486516,-14.347360,0.735062,-16.084817,1.114215,-16.192398,1.640778,-4.985125,94,IX,25,6
0.320800,5.517300,1.794340,0.016076,0.008225,1.179142,49.699585,0.485619,-14.383668,0.734217,-15.951718,1.112153,-16.290178,1.635541,-4.932832,95,IX,25,6
0.320630,5.517300,1.792040,0.016097,0.007319,1.152688,49.057135,0.486443,-14.155363,0.734586,-15.950662,1.110165,-16.311740,1.636740,-4.917484,96,IX,25,6
0.320440,5.517300,1.799540,0.016030,0.007921,1.196922,50.122042,0.485912,-14.393379,0.735058,-15.966950,1.112840,-16.362021,1.637652,-4.965086,97,IX,25,6
0.320380,6.975450,1.680480,0.013577,0.008502,1.434035,55.110670,0.487286,-14.203482,0.734816,-16.007403,1.113324,-16.221449,1.643007,-4.982518,98,IX,25,6
0.320900,5.517300,1.798440,0.016040,0.007907,1.078390,47.159972,0.485735,-14.219904,0.733542,-15.950109,1.112123,-16.263754,1.634860,-5.131852,99,IX,25,6
0.320960,5.517300,1.785720,0.016154,0.008575,1.170040,49.480434,0.485535,-14.161091,0.733744,-15.979203,1.108771,-16.265190,1.636061,-4.927094,100,IX,25,6
0.321120,5.517300,1.783340,0.016176,0.008291,1.154929,49.112206,0.486421,-14.241892,0.733721,-15.921531,1.108720,-16.315307,1.634057,-4.932024,101,IX,25,6
0.321740,6.975450,1.671840,0.013648,0.008431,1.202254,50.247301,0.485209,-14.200159,0.734486,-15.922114,1.108367,-16.207051,1.638745,-5.011232,102,IX,25,6
0.321590,6.975450,1.661800,0.013730,0.008305,1.415282,54.756007,0.485084,-14.186338,0.733383,-15.979011,1.110282,-16.221556,1.635890,-5.031175,103,IX,25,6
0.321660,6.975450,1.656780,0.013772,0.008592,1.344240,53.353895,0.486573,-14.222368,0.733779,-15.907872,1.110020,-16.250445,1.633211,-5.033675,104,IX,25,6
0.322310,5.517300,1.776100,0.016241,0.006661,1.148610,48.956607,0.486362,-14.137503,0.732534,-15.923476,1.107251,-16.318094,1.631927,-5.040239,105,IX,25,6
0.321390,5.517300,1.777800,0.016226,0.008505,1.180476,49.731539,0.484838,-14.138638,0.732417,-15.821875,1.104930,-16.248976,1.629001,-5.022986,106,IX,25,6
0.322920,5.517300,1.772680,0.016273,0.008266,1.150038,48.991841,0.486225,-14.094373,0.733657,-15.812089,1.105631,-16.302358,1.628850,-4.957282,107,IX,25,6
0.324020,5.517300,1.774340,0.016258,0.007807,1.178733,49.689779,0.487836,-14.034709,0.733034,-15.768568,1.106461,-16.235738,1.629167,-5.035042,108,IX,25,6
0.323260,6.975450,1.657060,0.013769,0.008318,1.431879,55.070211,0.487365,-14.005129,0.732931,-15.851613,1.107705,-16.104168,1.627691,-5.052131,109,IX,25,6
0.324230,6.975450,1.661500,0.013732,0.007542,1.211584,50.464904,0.486280,-14.071550,0.734107,-15.888151,1.106911,-16.069204,1.632735,-5.113950,110,IX,25,6
0.322010,6.975450,1.658940,0.013754,0.008558,1.446528,55.343490,0.486563,-14.197283,0.733147,-15.838111,1.107717,-16.120022,1.628745,-5.055823,111,IX,25,6
0.323340,6.975450,1.657000,0.013770,0.008440,1.212732,50.491541,0.485548,-13.986940,0.732146,-15.754381,1.104231,-16.153071,1.627923,-5.089850,112,IX,25,6
0.323210,5.517300,1.765660,0.016338,0.008602,1.183703,49.808664,0.486048,-14.126502,0.731398,-15.788820,1.102449,-16.167402,1.620321,-5.059830,113,IX,25,6
0.323680,6.975450,1.656860,0.013771,0.008297,1.392393,54.314553,0.487127,-14.012156,0.731965,-15.751357,1.101676,-16.052134,1.618359,-5.050018,114,IX,25,6
0.322960,6.975450,1.656060,0.013778,0.008864,1.450329,55.413777,0.486986,-14.098325,0.732150,-15.745953,1.103545,-16.059748,1.619436,-5.077326,115,IX,25,6
0.323440,5.517300,1.773520,0.016265,0.007765,1.070558,46.951702,0.486489,-13.860065,0.732142,-15.771993,1.103061,-16.161566,1.615403,-5.168202,116,IX,25,6
0.321960,6.975450,1.655900,0.013779,0.009112,1.181521,49.756544,0.486502,-13.940855,0.731312,-15.759940,1.100276,-16.132687,1.618317,-5.041209,117,IX,25,6
0.323970,5.517300,1.762060,0.016371,0.008052,1.135438,48.629075,0.487603,-14.108001,0.730331,-15.680448,1.099536,-16.170832,1.613085,-5.114820,118,IX,25,6
0.323510,6.975450,1.637360,0.013935,0.008585,1.386107,54.191631,0.486684,-14.130202,0.730260,-15.670522,1.100725,-16.082681,1.609776,-5.112025,119,IX,25,6
0.323480,5.517300,1.764340,0.016350,0.008848,1.074292,47.051211,0.486016,-13.959592,0.729901,-15.600000,1.099069,-16.068214,1.608231,-5.232204,120,IX,25,6
0.323150,5.517300,1.765920,0.016335,0.009826,1.214726,50.537722,0.486369,-13.972267,0.728856,-15.659663,1.099674,-16.152572,1.608203,-5.075016,121,IX,25,6
0.324180,5.517300,1.761660,0.016375,0.008038,1.072423,47.001434,0.486558,-13.890737,0.728151,-15.652169,1.098176,-16.145772,1.607289,-5.238830,122,IX,25,6
0.325550,5.517300,1.751080,0.016474,0.008034,1.176598,49.638536,0.486204,-13.896804,0.728464,-15.645632,1.096720,-16.176456,1.605157,-5.077718,123,IX,25,6
0.324070,5.517300,1.747860,0.016504,0.008448,1.160093,49.238659,0.487239,-13.861860,0.728177,-15.534440,1.094872,-16.120035,1.604582,-5.142147,124,IX,25,6
0.324430,5.517300,1.745260,0.016528,0.008900,1.144843,48.863373,0.486914,-13.893561,0.728853,-15.582824,1.093552,-16.124006,1.604696,-5.161413,125,IX,25,6
0.325970,5.517300,1.754940,0.016437,0.007940,1.338354,53.233404,0.487395,-13.891139,0.727293,-15.493793,1.095174,-16.071248,1.603518,-5.166101,126,IX,25,6
0.326870,5.517300,1.744080,0.016540,0.008050,1.084416,47.319131,0.486655,-13.808847,0.728178,-15.579898,1.093401,-16.168250,1.603251,-5.249760,127,IX,25,6
0.324990,6.975450,1.615640,0.014122,0.008812,1.129593,48.482357,0.486155,-13.763718,0.727565,-15.485529,1.093397,-16.055001,1.603453,-5.316569,128,IX,25,6
0.324910,6.975450,1.630060,0.013997,0.008956,1.275724,51.908221,0.486868,-13.660725,0.726774,-15.516493,1.089991,-16.066896,1.600599,-5.158892,129,IX,25,6
0.325900,5.517300,1.740640,0.016572,0.008112,1.067698,46.875238,0.485471,-13.881292,0.726774,-15.539406,1.090731,-16.124965,1.597244,-5.299675,130,IX,25,6
0.325420,5.517300,1.740660,0.016572,0.008671,1.078438,47.161254,0.487107,-13.714094,0.723924,-15.449257,1.088034,-16.127873,1.595220,-5.339817,131,IX,25,6
0.326950,5.517300,1.724320,0.016729,0.008003,1.166573,49.396433,0.486492,-13.717504,0.725143,-15.444056,1.086247,-16.125603,1.595508,-5.121793,132,IX,25,6
0.325830,6.975450,1.595480,0.014301,0.008603,1.292351,52.267875,0.485487,-13.621361,0.722742,-15.312274,1.082295,-16.003655,1.582820,-5.226375,133,IX,25,6
0.326780,6.975450,1.616500,0.014115,0.008377,1.206899,50.355877,0.487076,-13.814918,0.726694,-15.449738,1.086732,-16.052351,1.606697,-5.217422,134,IX,25,6
0.327150,6.975450,1.617080,0.014110,0.007593,1.431354,55.060346,0.487810,-13.710145,0.725764,-15.359774,1.087411,-16.061255,1.603263,-5.199951,135,IX,25,6
0.326030,6.975450,1.618560,0.014097,0.008001,1.229844,50.885058,0.486076,-13.577251,0.724329,-15.386915,1.084213,-16.136349,1.599387,-5.200156,136,IX,25,6
0.325720,5.517300,1.718140,0.016789,0.008316,1.159300,49.219288,0.486035,-13.590046,0.723172,-15.308520,1.082518,-16.171772,1.601322,-5.146233,137,IX,25,6
0.325670,5.517300,1.733640,0.016639,0.008397,1.078460,47.161838,0.486840,-13.794568,0.722861,-15.291452,1.084121,-16.142788,1.596846,-5.385661,138,IX,25,6
0.326060,5.517300,1.725220,0.016720,0.008992,1.069398,46.920717,0.486555,-13.604139,0.723783,-15.382735,1.083125,-16.286915,1.597290,-5.352893,139,IX,25,6
0.327330,5.517300,1.715960,0.016811,0.007748,1.148750,48.960065,0.486547,-13.679957,0.723658,-15.320474,1.081465,-16.233094,1.600265,-5.168583,140,IX,25,6
0.326800,5.517300,1.728700,0.016687,0.007653,1.100791,47.746800,0.485858,-13.751938,0.722968,-15.266259,1.081408,-16.127658,1.599424,-5.417494,141,IX,25,6
0.325940,5.517300,1.711940,0.016850,0.008467,1.154917,49.111931,0.487088,-13.611829,0.720815,-15.241797,1.079371,-16.199998,1.598726,-5.188136,142,IX,25,6
0.326690,5.517300,1.717700,0.016794,0.008283,1.069999,46.936786,0.487528,-13.566890,0.722421,-15.207811,1.079901,-16.278428,1.596992,-5.400489,143,IX,25,6
0.328560,5.517300,1.711620,0.016853,0.007659,1.269779,51.778210,0.487273,-13.611510,0.721320,-15.186796,1.077864,-16.172332,1.591810,-5.293229,144,IX,25,6
0.328290,6.975450,1.577280,0.014466,0.008064,1.356939,53.611535,0.486723,-13.479636,0.721316,-15.164840,1.076801,-16.157274,1.594403,-5.317586,145,IX,25,6
0.328330,5.517300,1.701480,0.016954,0.008433,1.096502,47.635472,0.487150,-13.559716,0.721004,-15.197808,1.075858,-16.295693,1.596679,-5.366252,146,IX,25,6
0.326060,5.517300,1.706860,0.016900,0.009364,1.068013,46.883669,0.486790,-13.617154,0.719996,-15.252230,1.075301,-16.290076,1.597242,-5.407487,147,IX,25,6
0.327260,5.517300,1.704000,0.016929,0.008520,1.157217,49.168317,0.485761,-13.493429,0.720935,-15.204281,1.074773,-16.295225,1.599704,-5.274519,148,IX,25,6
0.327070,6.975450,1.575520,0.014482,0.008317,1.338904,53.244694,0.486761,-13.577119,0.720321,-15.150554,1.074806,-16.237033,1.602434,-5.344605,149,IX,25,6
0.327320,6.975450,1.579560,0.014445,0.008585,1.343662,53.342102,0.486073,-13.544230,0.717782,-15.037242,1.067961,-16.212927,1.595093,-5.324005,150,IX,25,6
0.328470,5.517300,1.676220,0.017209,0.009399,1.276238,51.919414,0.485773,-13.342529,0.718271,-15.020033,1.063979,-16.261583,1.601242,-5.388372,151,IX,25,6
0.329460,6.975450,1.562920,0.014599,0.008396,1.172569,49.541510,0.488090,-13.427751,0.717763,-15.035768,1.063456,-16.197971,1.607123,-5.424508,152,IX,25,6
0.327870,5.517300,1.694240,0.017026,0.008344,1.076331,47.105390,0.486589,-13.428258,0.718206,-15.026189,1.069243,-16.402435,1.606233,-5.480938,153,IX,25,6
0.328700,5.517300,1.687280,0.017096,0.008345,1.339118,53.249095,0.485719,-13.387536,0.716155,-15.082686,1.065141,-16.311931,1.610334,-5.425438,154,IX,25,6
0.328490,5.517300,1.674780,0.017224,0.007726,1.170263,49.485813,0.486038,-13.480381,0.716120,-15.041976,1.063996,-16.466365,1.609647,-5.350886,155,IX,25,6
0.329730,5.517300,1.659660,0.017381,0.007668,1.145903,48.889625,0.484218,-13.369419,0.714394,-14.959638,1.057929,-16.404041,1.613644,-5.371467,156,IX,25,6
0.328770,5.517300,1.681580,0.017154,0.009477,1.214523,50.533029,0.486824,-13.172370,0.716981,-14.968403,1.064431,-16.418983,1.621325,-5.413964,157,IX,25,6
0.329500,5.517300,1.680540,0.017165,0.009048,1.203669,50.280436,0.487962,-13.314004,0.717780,-14.955279,1.063210,-16.514057,1.627414,-5.423819,158,IX,25,6
0.328660,4.369410,1.810380,0.020120,0.008814,1.186117,49.866185,0.487635,-13.364178,0.716502,-15.098085,1.062918,-16.406841,1.639770,-5.525867,159,IX,25,6
0.330000,4.369410,1.806440,0.020164,0.008828,1.394844,54.362278,0.486900,-13.247495,0.716127,-14.985160,1.061087,-16.416173,1.642747,-5.449069,160,IX,25,6
0.328830,4.369410,1.813240,0.020088,0.008698,1.324592,52.949031,0.487984,-13.174589,0.715273,-14.989883,1.059093,-16.571987,1.650681,-5.430771,161,IX,25,6
0.328950,4.369410,1.807300,0.020154,0.009182,1.180434,49.730534,0.486350,-13.253548,0.713551,-14.954011,1.056093,-16.573484,1.650276,-5.451657,162,IX,25,6
0.329080,4.369410,1.804800,0.020182,0.008961,1.270865,51.802011,0.486581,-13.242334,0.714796,-14.934842,1.055957,-16.668594,1.652952,-5.459185,163,IX,25,6
0.330650,4.369410,1.787480,0.020378,0.008109,1.336186,53.188869,0.486946,-13.238918,0.714210,-14.888477,1.057305,-16.672412,1.658397,-5.525563,164,IX,25,6
0.329050,4.369410,1.789840,0.020351,0.009097,1.343931,53.347578,0.486930,-13.213214,0.713949,-14.885297,1.055639,-16.700226,1.663362,-5.537839,165,IX,25,6
0.331000,5.517300,1.651040,0.017472,0.008371,1.107637,47.923564,0.487127,-13.093992,0.713572,-14.971388,1.054698,-16.872530,1.666063,-5.468925,166,IX,25,6
0.330250,5.517300,1.648740,0.017496,0.008987,1.098331,47.683013,0.485698,-13.223787,0.712361,-14.856779,1.052791,-16.927420,1.670022,-5.474421,167,IX,25,6
0.330290,4.369410,1.781500,0.020446,0.008039,1.330278,53.066981,0.485045,-13.159048,0.712187,-14.921462,1.050920,-16.812490,1.673766,-5.564270,168,IX,25,6
0.330940,4.369410,1.795000,0.020292,0.007851,1.237978,51.069807,0.484239,-13.067826,0.712910,-14.893817,1.048664,-16.913619,1.679902,-5.505076,169,IX,25,6
0.331740,4.369410,1.774620,0.020525,0.008066,1.290601,52.230295,0.485794,-13.035351,0.712119,-14.881779,1.051619,-16.953513,1.688065,-5.590993,170,IX,25,6
0.330340,5.517300,1.654180,0.017439,0.008750,1.143543,48.831108,0.486591,-13.112569,0.711599,-14.773439,1.051677,-17.114090,1.693188,-5.577536,171,IX,25,6
0.329370,3.456860,1.932300,0.023827,0.008815,1.100395,47.736548,0.485285,-13.160404,0.712671,-14.867673,1.048262,-17.222775,1.696827,-5.560580,172,IX,25,6
0.329560,4.369410,1.787500,0.020378,0.008593,1.305469,52.547591,0.485865,-13.072806,0.711235,-14.860263,1.046276,-17.000123,1.703839,-5.588634,173,IX,25,6
0.330930,4.369410,1.769020,0.020590,0.008122,1.150963,49.014660,0.485803,-13.062694,0.709571,-14.831191,1.046620,-17.165517,1.704097,-5.621416,174,IX,25,6
0.331520,3.456860,1.925960,0.023905,0.008515,1.084955,47.333328,0.486095,-13.008324,0.709252,-14.754302,1.043430,-17.336585,1.708502,-5.610684,175,IX,25,6
0.332230,3.456860,1.925600,0.023910,0.007765,1.058746,46.634475,0.484945,-12.902553,0.709221,-14.745969,1.044345,-17.333709,1.712928,-5.661578,176,IX,25,6
0.331160,4.369410,1.769160,0.020589,0.008877,1.261807,51.602680,0.486200,-12.804296,0.710135,-14.723523,1.044027,-17.230114,1.720400,-5.664942,177,IX,25,6
0.333450,3.456860,1.927160,0.023890,0.007345,1.077736,47.142652,0.486991,-13.119846,0.708450,-14.763587,1.042385,-17.421510,1.724780,-5.599190,178,IX,25,6
0.333390,4.369410,1.773060,0.020543,0.008693,1.285315,52.116399,0.486726,-12.952171,0.709043,-14.679299,1.039851,-17.266672,1.732130,-5.649335,179,IX,25,6
0.333630,3.456860,1.923460,0.023936,0.009019,1.103814,47.824995,0.486478,-12.655826,0.708008,-14.718216,1.041486,-17.479014,1.732783,-5.677048,180,IX,25,6
0.332950,4.369410,1.765940,0.020626,0.009510,1.194295,50.060098,0.486692,-12.758578,0.707682,-14.667360,1.037557,-17.326727,1.738350,-5.719096,181,IX,25,6
0.334650,3.456860,1.921500,0.023961,0.008414,1.056668,46.578287,0.487568,-12.865494,0.708462,-14.702820,1.038474,-17.646581,1.745707,-5.689847,182,IX,25,6
0.334980,4.369410,1.758480,0.020714,0.007982,1.271114,51.807474,0.488774,-12.917849,0.708786,-14.708246,1.038969,-17.468948,1.758880,-5.707953,183,IX,25,6
0.333620,3.456860,1.925760,0.023908,0.008632,1.059253,46.648184,0.486813,-12.669691,0.709192,-14.673241,1.038168,-17.718183,1.761604,-5.700024,184,IX,25,6
0.333770,3.456860,1.921260,0.023964,0.007978,1.070202,46.942196,0.486736,-12.907929,0.707682,-14.636333,1.036145,-17.748726,1.765771,-5.674182,185,IX,25,6
0.334130,4.369410,1.765880,0.020627,0.008391,1.200693,50.210693,0.488062,-12.686745,0.707494,-14.567124,1.034073,-17.527012,1.774781,-5.707032,186,IX,25,6
0.333720,4.369410,1.762280,0.020669,0.009240,1.252854,51.403907,0.487513,-12.641496,0.707577,-14.623027,1.033940,-17.616811,1.777186,-5.709259,187,IX,25,6
0.336030,3.456860,1.920440,0.023974,0.008546,1.057325,46.596063,0.488266,-12.640546,0.707541,-14.556793,1.033480,-17.829208,1.777483,-5.718164,188,IX,25,6
0.333760,3.456860,1.917680,0.024008,0.009564,1.081407,47.239778,0.487821,-12.625561,0.706529,-14.484684,1.032542,-17.862757,1.776505,-5.770199,189,IX,25,6
0.334740,3.456860,1.906420,0.024150,0.008278,1.072530,47.004299,0.487888,-12.757814,0.705831,-14.474363,1.029154,-17.878608,1.784220,-5.691712,190,IX,25,6
0.335330,3.456860,1.896900,0.024271,0.008517,1.206590,50.348683,0.488755,-12.628779,0.706681,-14.539486,1.029453,-17.808491,1.799315,-5.708332,191,IX,25,6
0.336230,3.456860,1.912620,0.024072,0.008047,1.076973,47.122426,0.488926,-12.594390,0.706633,-14.525541,1.031343,-17.916677,1.798138,-5.820955,192,IX,25,6
0.337600,4.369410,1.742760,0.020901,0.007666,1.213179,50.501894,0.487945,-12.479614,0.705638,-14.534553,1.027026,-17.771620,1.802663,-5.758654,193,IX,25,6
0.336390,3.456860,1.913920,0.024056,0.008536,1.043168,46.210356,0.488478,-12.583001,0.705906,-14.437022,1.028218,-18.010775,1.804134,-5.753911,194,IX,25,6
0.335580,4.369410,1.743400,0.020893,0.008684,1.214678,50.536620,0.489616,-12.621888,0.705949,-14.408272,1.026279,-17.915921,1.814444,-5.804406,195,IX,25,6
0.338630,2.735470,2.074560,0.028045,0.007693,1.126519,48.404851,0.490255,-12.594152,0.704299,-14.458840,1.028977,-18.049210,1.817718,-5.824156,196,IX,25,6
0.336920,4.369410,1.729400,0.021062,0.008049,1.191676,49.998155,0.487651,-12.716036,0.704212,-14.416655,1.026087,-17.962349,1.819595,-5.855630,197,IX,25,6
0.335230,2.735470,2.076500,0.028019,0.009151,1.114377,48.096380,0.487119,-12.570786,0.704484,-14.409313,1.026150,-18.096475,1.820736,-5.845771,198,IX,25,6
0.335290,3.456860,1.904520,0.024174,0.009047,1.032782,45.923914,0.487577,-12.545193,0.702729,-14.441876,1.021159,-18.206389,1.818113,-5.780480,199,IX,25,6
0.337640,4.369410,1.719820,0.021179,0.008236,1.205454,50.322150,0.489116,-12.383066,0.703154,-14.393726,1.024292,-18.052314,1.832235,-5.863066,200,IX,25,6
0.335510,3.456860,1.884540,0.024431,0.009566,1.179910,49.717979,0.488492,-12.493255,0.704591,-14.354568,1.019262,-18.141312,1.835898,-5.759936,201,IX,25,6
0.338700,3.456860,1.908540,0.024123,0.008000,1.024332,45.688650,0.488492,-12.351543,0.704410,-14.356651,1.023168,-18.314890,1.839241,-5.807769,202,IX,25,6
0.339500,3.456860,1.878700,0.024506,0.007635,1.198580,50.161058,0.490127,-12.468374,0.703889,-14.435638,1.021286,-18.103883,1.847406,-5.799027,203,IX,25,6
0.337350,2.735470,2.076080,0.028025,0.008871,1.123894,48.338464,0.489489,-12.460745,0.703658,-14.318488,1.022294,-18.218645,1.847149,-5.876968,204,IX,25,6
0.338050,3.456860,1.876260,0.024538,0.008554,1.216170,50.571138,0.489649,-12.448948,0.703245,-14.185921,1.017710,-18.109723,1.847547,-5.879928,205,IX,25,6
0.338310,3.456860,1.894120,0.024307,0.008840,1.041062,46.152520,0.489368,-12.352911,0.702653,-14.233098,1.016349,-18.401511,1.843073,-5.824677,206,IX,25,6
0.339360,3.456860,1.874900,0.024556,0.007966,1.062112,46.725265,0.489332,-12.281822,0.700784,-14.189199,1.011808,-18.346934,1.840709,-5.789470,207,IX,25,6
0.339330,3.456860,1.894140,0.024307,0.007703,1.053042,46.479943,0.489469,-12.443743,0.703287,-14.159800,1.017716,-18.450459,1.859880,-5.829897,208,IX,25,6
0.338390,3.456860,1.893980,0.024309,0.008513,1.032896,45.927070,0.490733,-12.249246,0.702372,-14.242627,1.015935,-18.542147,1.864972,-5.820863,209,IX,25,6
0.338360,2.735470,2.072480,0.028074,0.008854,1.195166,50.080656,0.488794,-12.333250,0.702495,-14.224160,1.017059,-18.326256,1.867488,-5.921020,210,IX,25,6
0.337810,3.456860,1.882840,0.024453,0.008879,1.077324,47.131738,0.490735,-12.242423,0.701053,-14.170133,1.011370,-18.487907,1.865052,-5.804299,211,IX,25,6
0.339150,3.456860,1.870880,0.024609,0.008386,1.152148,49.043846,0.490621,-12.272070,0.700921,-14.202710,1.011379,-18.344304,1.871608,-5.805550,212,IX,25,6
0.384700,35.931340,0.855320,0.005179,0.013475,1.535070,56.918328,0.512503,-10.532285,0.707323,-12.530830,0.966877,-7.379474,1.119769,-6.140810,1,V,25,1
0.388860,35.931340,0.858280,0.005161,0.012871,1.215774,50.561974,0.516208,-10.467534,0.714546,-12.566747,0.976388,-7.359506,1.130879,-6.276755,2,V,25,1
0.390380,35.931340,0.859960,0.005151,0.013036,1.304557,52.528256,0.519262,-10.397832,0.716777,-12.598964,0.979280,-7.458806,1.138329,-6.123238,3,V,25,1
0.391940,35.931340,0.868100,0.005102,0.012779,1.567499,57.463795,0.521941,-10.435510,0.720289,-12.564021,0.985684,-7.464324,1.142232,-6.167721,4,V,25,1
0.392250,35.931340,0.869160,0.005096,0.013467,1.189038,49.935624,0.522582,-10.568089,0.721090,-12.599899,0.987770,-7.481634,1.145563,-6.304170,5,V,25,1
0.392520,35.931340,0.870920,0.005086,0.013853,1.569217,57.492245,0.523676,-10.547672,0.722602,-12.600498,0.989256,-7.527299,1.148001,-6.170139,6,V,25,1
0.391640,35.931340,0.870940,0.005086,0.014136,1.272352,51.834555,0.523784,-10.368108,0.722467,-12.620310,0.990325,-7.481531,1.150753,-6.102437,7,V,25,1
0.393510,35.931340,0.867000,0.005109,0.013981,1.444843,55.312240,0.522067,-10.556115,0.722406,-12.532955,0.991395,-7.547705,1.148221,-6.164781,8,V,25,1
0.396170,35.931340,0.858220,0.005161,0.011910,1.186864,49.883964,0.523009,-10.459476,0.719777,-12.499901,0.986946,-7.459665,1.143542,-6.327117,9,V,25,1
0.396910,35.931340,0.855320,0.005179,0.012274,1.269343,51.768638,0.523549,-10.352970,0.719753,-12.398718,0.984486,-7.418562,1.142752,-6.292086,10,V,25,1
0.396410,35.931340,0.858000,0.005162,0.014068,1.247926,51.293782,0.525023,-10.152838,0.721469,-12.438091,0.986220,-7.464817,1.143969,-6.088780,11,V,25,1
0.402470,35.931340,0.865020,0.005121,0.013696,1.557003,57.289014,0.531893,-10.235816,0.730083,-12.366919,0.998909,-7.525290,1.158179,-6.147743,12,V,25,1
0.403890,28.409090,0.926980,0.006044,0.012435,1.551742,57.200771,0.531347,-10.255806,0.729484,-12.326388,1.000210,-7.535665,1.159996,-6.145073,13,V,25,1
0.406120,28.409090,0.929160,0.006029,0.012948,1.267327,51.724370,0.533685,-10.220984,0.732226,-12.445087,1.003243,-7.560403,1.166098,-6.177007,14,V,25,1
0.408380,35.931340,0.852620,0.005195,0.012164,1.437524,55.175963,0.535561,-10.129479,0.728979,-12.319405,0.997183,-7.426483,1.154368,-6.119030,15,V,25,1
0.409930,35.931340,0.845120,0.005241,0.011698,1.205774,50.329636,0.536095,-9.961027,0.731004,-12.248657,0.997687,-7.510832,1.157689,-6.297949,16,V,25,1
0.322640,35.931340,0.852720,0.005194,0.018411,1.255984,51.473607,0.452167,-11.545094,0.647243,-13.829335,0.914984,-8.170360,1.076012,-6.693442,17,V,25,1
0.336050,35.931340,0.858900,0.005157,0.016660,1.221851,50.702064,0.464505,-11.474716,0.659762,-13.683161,0.931286,-8.190590,1.090604,-6.538905,18,V,25,1
0.338150,35.931340,0.854880,0.005181,0.016111,1.244733,51.222112,0.466729,-11.426352,0.663489,-13.681400,0.934516,-8.253580,1.097252,-6.435805,19,V,25,1
0.338470,35.931340,0.859980,0.005151,0.017418,1.251749,51.379275,0.467769,-11.374563,0.663661,-13.605256,0.937129,-8.250987,1.100588,-6.626590,20,V,25,1
0.340790,28.409090,0.908900,0.006164,0.016799,1.263033,51.629756,0.466834,-11.206825,0.660801,-13.498749,0.929196,-8.117887,1.091751,-6.572750,21,V,25,1
0.341640,35.931340,0.843980,0.005248,0.017072,1.230472,50.899363,0.468644,-11.285757,0.661946,-13.499248,0.930736,-8.152569,1.092592,-6.678169,22,V,25,1
0.342790,28.409090,0.914980,0.006123,0.016608,1.193922,50.051284,0.469000,-11.305802,0.664638,-13.517285,0.935761,-8.191743,1.098026,-6.685871,23,V,25,1
0.344570,35.931340,0.848020,0.005223,0.015011,1.495880,56.237168,0.470338,-11.236416,0.664515,-13.572622,0.939089,-8.240786,1.100352,-6.529985,24,V,25,1
0.343900,28.409090,0.915240,0.006121,0.016091,1.145958,48.890988,0.470061,-11.237782,0.663798,-13.516879,0.938974,-8.264077,1.098685,-6.606957,25,V,25,1
0.344630,35.931340,0.839860,0.005274,0.015867,1.238902,51.090695,0.469159,-11.097874,0.662472,-13.517635,0.932017,-8.210745,1.093284,-6.438130,26,V,25,1
0.340660,35.931340,0.847800,0.005225,0.019666,1.193067,50.031084,0.470513,-11.067692,0.661294,-13.421468,0.932915,-8.182816,1.093994,-6.711889,27,V,25,1
0.345870,28.409090,0.903840,0.006198,0.016513,1.165741,49.376232,0.470008,-11.051446,0.663449,-13.393577,0.933425,-8.194339,1.091366,-6.589515,28,V,25,1
0.347760,35.931340,0.844180,0.005247,0.015172,1.233115,50.959530,0.471760,-11.239899,0.665867,-13.453358,0.942350,-8.330301,1.107260,-6.604377,29,V,25,1
0.347080,35.931340,0.844660,0.005244,0.015824,1.247944,51.294174,0.471947,-11.156257,0.666059,-13.466747,0.940786,-8.315391,1.106727,-6.573490,30,V,25,1
0.346930,35.931340,0.843120,0.005254,0.014642,1.231161,50.915064,0.471578,-11.117138,0.664723,-13.418030,0.941239,-8.381111,1.107726,-6.630671,31,V,25,1
0.345600,28.409090,0.910400,0.006154,0.016912,1.239139,51.096055,0.469856,-11.192766,0.664896,-13.465199,0.939646,-8.408289,1.107372,-6.547869,32,V,25,1
0.345970,28.409090,0.908360,0.006167,0.017152,1.551753,57.200956,0.472086,-11.111901,0.664734,-13.382008,0.941019,-8.422162,1.105409,-6.520140,33,V,25,1
0.347470,28.409090,0.907420,0.006174,0.015636,1.133337,48.576435,0.471510,-11.231347,0.663906,-13.468281,0.942054,-8.425690,1.105939,-6.695332,34,V,25,1
0.346910,35.931340,0.840580,0.005269,0.016518,1.524048,56.729232,0.471537,-11.222966,0.664640,-13.530984,0.942336,-8.514699,1.106883,-6.518470,35,V,25,1
0.347250,28.409090,0.906980,0.006177,0.015781,1.211993,50.474398,0.470938,-11.075978,0.665657,-13.514055,0.944548,-8.512250,1.110904,-6.659046,36,V,25,1
0.346220,28.409090,0.907500,0.006173,0.017032,1.242111,51.163108,0.471921,-11.055248,0.663932,-13.534946,0.943715,-8.533568,1.108431,-6.437380,37,V,25,1
0.346500,28.409090,0.906860,0.006178,0.015911,1.220200,50.664076,0.471857,-11.078115,0.663555,-13.492950,0.941771,-8.538971,1.107261,-6.438068,38,V,25,1
0.347850,35.931340,0.836680,0.005294,0.016697,1.446941,55.351134,0.472695,-10.876539,0.663971,-13.507190,0.942389,-8.508933,1.106612,-6.539855,39,V,25,1
0.348330,28.409090,0.903580,0.006200,0.016590,1.137602,48.683157,0.473123,-11.114146,0.664250,-13.481690,0.944873,-8.607510,1.109829,-6.693326,40,V,25,1
0.350030,28.409090,0.900960,0.006218,0.014943,1.223317,50.735731,0.471425,-10.950633,0.664660,-13.429105,0.944730,-8.553952,1.112211,-6.426513,41,V,25,1
0.350660,28.409090,0.902220,0.006209,0.015715,1.195356,50.085122,0.474527,-10.764642,0.664433,-13.475695,0.945527,-8.588338,1.113088,-6.664647,42,V,25,1
0.350660,28.409090,0.895760,0.006254,0.016523,1.498353,56.280868,0.473500,-10.907936,0.663536,-13.354153,0.940518,-8.486638,1.103972,-6.522883,43,V,25,1
0.352010,35.931340,0.825520,0.005366,0.017074,1.233080,50.958727,0.473626,-10.769803,0.665012,-13.313091,0.939899,-8.488990,1.105509,-6.565709,44,V,25,1
0.353880,28.409090,0.893340,0.006271,0.015548,1.145099,48.869724,0.476537,-10.647988,0.663969,-13.222517,0.941691,-8.486863,1.104876,-6.702480,45,V,25,1
0.355520,28.409090,0.902400,0.006208,0.015870,1.232796,50.952261,0.477939,-10.856574,0.669719,-13.479478,0.951599,-8.639573,1.123297,-6.522687,46,V,25,1
0.355130,28.409090,0.900520,0.006221,0.015074,1.494443,56.211708,0.476888,-10.862989,0.668215,-13.324132,0.952899,-8.652681,1.118909,-6.481936,47,V,25,1
0.353200,28.409090,0.902520,0.006207,0.016394,1.121086,48.267294,0.476232,-10.899951,0.667554,-13.523757,0.953772,-8.742296,1.118326,-6.606144,48,V,25,1
0.353710,28.409090,0.887620,0.006312,0.016184,1.226919,50.818247,0.477078,-10.748079,0.665385,-13.276376,0.944723,-8.597918,1.110723,-6.441833,49,V,25,1
0.355930,28.409090,0.889120,0.006301,0.015005,1.181325,49.751837,0.476360,-10.579441,0.666480,-13.262257,0.946758,-8.637367,1.109765,-6.541291,50,V,25,1
0.356240,28.409090,0.892300,0.006278,0.014840,1.208489,50.392930,0.477004,-10.758512,0.665605,-13.271804,0.949028,-8.635420,1.117123,-6.608974,51,V,25,1
0.355490,28.409090,0.899140,0.006231,0.015283,1.178721,49.689489,0.478229,-10.878425,0.669481,-13.419926,0.956802,-8.774693,1.126453,-6.638937,52,V,25,1
0.354480,28.409090,0.899640,0.006227,0.016204,1.195767,50.094819,0.476549,-10.804747,0.667203,-13.480834,0.954997,-8.823738,1.125619,-6.618384,53,V,25,1
0.353000,28.409090,0.900580,0.006221,0.016535,1.222333,50.713134,0.475388,-10.887287,0.666613,-13.495053,0.954846,-8.848525,1.126834,-6.477259,54,V,25,1
0.352580,28.409090,0.894420,0.006264,0.017314,1.218999,50.636433,0.475570,-10.652149,0.664923,-13.401221,0.948050,-8.760760,1.118091,-6.582289,55,V,25,1
0.353910,28.409090,0.890560,0.006291,0.015610,1.228713,50.859255,0.474507,-10.823877,0.664466,-13.443929,0.949009,-8.812986,1.119282,-6.514559,56,V,25,1
0.351710,28.409090,0.894900,0.006260,0.017270,1.184007,49.815918,0.473753,-10.729667,0.662748,-13.443243,0.949438,-8.779922,1.117917,-6.662426,57,V,25,1
0.353050,28.409090,0.895300,0.006257,0.015279,1.478381,55.924958,0.474506,-10.824924,0.664415,-13.509459,0.955568,-8.962231,1.125965,-6.482892,58,V,25,1
0.350080,28.409090,0.901520,0.006214,0.017654,1.209075,50.406585,0.473916,-10.976052,0.664776,-13.723771,0.955884,-9.055904,1.130222,-6.610384,59,V,25,1
0.349860,28.409090,0.901460,0.006215,0.017798,1.234783,50.997416,0.472778,-10.993488,0.664710,-13.578856,0.955523,-9.093431,1.130533,-6.475886,60,V,25,1
0.353370,28.409090,0.885980,0.006323,0.014304,1.110800,48.004810,0.472648,-10.762115,0.660778,-13.525610,0.948275,-8.929823,1.115611,-6.686646,61,V,25,1
0.348890,28.409090,0.891900,0.006281,0.017673,1.513390,56.544540,0.471652,-10.726914,0.660848,-13.534600,0.949641,-8.988273,1.117532,-6.506220,62,V,25,1
0.351790,28.409090,0.884240,0.006336,0.014632,1.158832,49.207853,0.471341,-10.575208,0.660333,-13.484126,0.947587,-8.974886,1.118430,-6.700936,63,V,25,1
0.349460,22.482020,0.970320,0.007296,0.016358,1.179872,49.717061,0.471117,-10.881823,0.663260,-13.588988,0.955472,-9.137741,1.129753,-6.649000,64,V,25,1
0.350070,28.409090,0.896320,0.006250,0.015676,1.198065,50.148941,0.471587,-10.875039,0.661090,-13.676298,0.956946,-9.217965,1.131778,-6.590024,65,V,25,1
0.350120,22.482020,0.967880,0.007314,0.015026,1.201943,50.240013,0.470973,-10.874441,0.661734,-13.657119,0.956130,-9.225577,1.132563,-6.622134,66,V,25,1
0.349680,28.409090,0.889300,0.006300,0.017145,1.217485,50.601501,0.470320,-10.781393,0.659814,-13.582268,0.949932,-9.154859,1.125397,-6.531724,67,V,25,1
0.354780,28.409090,0.881360,0.006356,0.013204,1.212585,50.488135,0.473868,-10.673316,0.661208,-13.546129,0.953974,-9.105874,1.127414,-6.597015,68,V,25,1
0.351760,28.409090,0.898060,0.006238,0.017008,1.418086,54.809433,0.473262,-10.651809,0.663507,-13.670248,0.959843,-9.249345,1.132053,-6.446562,69,V,25,1
0.351360,28.409090,0.898280,0.006237,0.017212,1.193312,50.036856,0.472602,-10.766491,0.664164,-13.695967,0.962055,-9.302205,1.139008,-6.607094,70,V,25,1
0.352720,28.409090,0.893960,0.006267,0.016235,1.140798,48.762852,0.472906,-10.830822,0.663681,-13.705116,0.962196,-9.339778,1.138354,-6.643267,71,V,25,1
0.351810,28.409090,0.897100,0.006245,0.015918,1.562319,57.377748,0.473407,-10.707198,0.663412,-13.657763,0.962854,-9.378156,1.137684,-6.472191,72,V,25,1
0.350960,28.409090,0.897480,0.006242,0.017154,1.385625,54.182161,0.473642,-10.860444,0.664070,-13.642964,0.961694,-9.302966,1.137142,-6.445584,73,V,25,1
0.352310,22.482020,0.970260,0.007296,0.016560,1.100287,47.733752,0.472999,-10.640959,0.663990,-13.659037,0.963665,-9.377672,1.137045,-6.630181,74,V,25,1
0.354450,28.409090,0.893460,0.006270,0.014892,1.557624,57.299392,0.474613,-10.687370,0.664620,-13.647765,0.965702,-9.393315,1.140977,-6.446630,75,V,25,1
0.353370,22.482020,0.967900,0.007314,0.016151,1.219704,50.652663,0.474871,-10.695365,0.664752,-13.660679,0.965373,-9.439785,1.147653,-6.505237,76,V,25,1
0.353630,22.482020,0.964780,0.007338,0.015725,1.206811,50.353824,0.475273,-10.533443,0.663370,-13.705328,0.964431,-9.449976,1.145903,-6.525439,77,V,25,1
0.353180,22.482020,0.969480,0.007302,0.016243,1.196587,50.114139,0.474381,-10.728564,0.665420,-13.691449,0.966429,-9.480282,1.143334,-6.465606,78,V,25,1
0.355460,22.482020,0.962440,0.007355,0.015782,1.213785,50.515950,0.475740,-10.736699,0.666012,-13.578151,0.966085,-9.504407,1.146228,-6.346876,79,V,25,1
0.356010,28.409090,0.891940,0.006281,0.015359,1.230045,50.889643,0.475239,-10.725546,0.665943,-13.600273,0.967529,-9.540328,1.145413,-6.342557,80,V,25,1
0.354490,22.482020,0.974460,0.007265,0.017693,1.216836,50.586522,0.476606,-10.796649,0.667059,-13.681493,0.970468,-9.526246,1.153831,-6.493053,81,V,25,1
0.355300,28.409090,0.896060,0.006252,0.016458,1.164462,49.345149,0.476037,-10.727401,0.666317,-13.698735,0.970671,-9.608876,1.152791,-6.586357,82,V,25,1
0.355200,22.482020,0.966460,0.007325,0.016545,1.512081,56.521726,0.475796,-10.577124,0.666301,-13.680318,0.970320,-9.612588,1.150381,-6.398456,83,V,25,1
0.355440,22.482020,0.964620,0.007339,0.015750,1.198706,50.164026,0.476344,-10.650170,0.664373,-13.603985,0.966181,-9.534562,1.146443,-6.565715,84,V,25,1
0.357340,22.482020,0.960600,0.007370,0.015117,1.192693,50.022237,0.476528,-10.697557,0.665272,-13.573452,0.965329,-9.478315,1.146380,-6.534445,85,V,25,1
0.357440,28.409090,0.889940,0.006295,0.016504,1.215237,50.549567,0.477564,-10.684773,0.666528,-13.626755,0.967880,-9.627652,1.152288,-6.482219,86,V,25,1
0.357060,22.482020,0.966920,0.007321,0.016444,1.098601,47.690023,0.476992,-10.679809,0.667305,-13.681787,0.972900,-9.756282,1.153544,-6.607147,87,V,25,1
0.357520,22.482020,0.966300,0.007326,0.015088,1.206784,50.353208,0.476750,-10.637014,0.667885,-13.763114,0.974536,-9.759590,1.161070,-6.291244,88,V,25,1
0.356550,22.482020,0.973480,0.007272,0.016249,1.455672,55.512178,0.477108,-10.655660,0.667867,-13.675913,0.976417,-9.764206,1.160278,-6.382433,89,V,25,1
0.356720,22.482020,0.960320,0.007372,0.017376,1.207643,50.373226,0.477301,-10.574802,0.664569,-13.553750,0.966475,-9.607131,1.148976,-6.328071,90,V,25,1
0.357220,22.482020,0.961620,0.007362,0.017776,1.098455,47.686227,0.477168,-10.367571,0.664955,-13.541632,0.969160,-9.667093,1.148080,-6.642956,91,V,25,1
0.358700,22.482020,0.963760,0.007345,0.017455,1.178388,49.681502,0.479751,-10.530415,0.667186,-13.534759,0.972656,-9.721034,1.158425,-6.542349,92,V,25,1
0.360660,22.482020,0.966200,0.007327,0.015155,1.191188,49.986601,0.481090,-10.681009,0.670579,-13.697749,0.979430,-9.844060,1.169148,-6.496500,93,V,25,1
0.357790,22.482020,0.974440,0.007265,0.016267,1.213100,50.500073,0.478673,-10.668193,0.667982,-13.696143,0.978724,-9.837715,1.168865,-6.440222,94,V,25,1
0.358210,22.482020,0.966940,0.007321,0.016379,1.209934,50.426551,0.478491,-10.699248,0.668408,-13.646285,0.977445,-9.926402,1.167729,-6.396241,95,V,25,1
0.360200,22.482020,0.958080,0.007389,0.015705,1.210710,50.444592,0.478976,-10.505098,0.667826,-13.581694,0.973243,-9.790884,1.162051,-6.457928,96,V,25,1
0.361710,22.482020,0.957540,0.007393,0.015332,1.210620,50.442498,0.480712,-10.579646,0.667367,-13.574559,0.975269,-9.835373,1.159652,-6.309450,97,V,25,1
0.360290,22.482020,0.963800,0.007345,0.017843,1.110067,47.985992,0.480771,-10.414823,0.668687,-13.553172,0.978654,-9.878843,1.164419,-6.589773,98,V,25,1
0.362030,22.482020,0.964700,0.007338,0.014352,1.092933,47.542439,0.481782,-10.575113,0.670809,-13.751443,0.985523,-10.036637,1.174428,-6.582769,99,V,25,1
0.361430,22.482020,0.969040,0.007305,0.016177,1.132048,48.544068,0.480734,-10.550858,0.670499,-13.722683,0.985293,-10.119726,1.174717,-6.454198,100,V,25,1
0.359490,22.482020,0.972760,0.007277,0.017660,1.364956,53.772581,0.479874,-10.634419,0.670381,-13.786755,0.986719,-10.186141,1.178494,-6.339186,101,V,25,1
0.359320,28.409090,0.889340,0.006299,0.016520,1.150214,48.996186,0.480280,-10.548990,0.668237,-13.558476,0.978608,-10.011078,1.169113,-6.576705,102,V,25,1
0.360680,22.482020,0.963580,0.007347,0.017249,1.180207,49.725084,0.480815,-10.513539,0.669821,-13.622766,0.981801,-10.049172,1.175259,-6.522921,103,V,25,1
0.355640,22.482020,0.971740,0.007285,0.019788,1.119593,48.229364,0.479812,-10.524092,0.668236,-13.689935,0.981683,-10.098024,1.172137,-6.596156,104,V,25,1
0.359320,22.482020,0.968080,0.007313,0.016675,1.183863,49.812469,0.479727,-10.670134,0.669142,-13.797529,0.988071,-10.235478,1.185228,-6.497948,105,V,25,1
0.359780,22.482020,0.969600,0.007301,0.015490,1.132253,48.549216,0.480309,-10.584279,0.669403,-13.791965,0.988743,-10.285957,1.185731,-6.572653,106,V,25,1
0.359320,22.482020,0.969700,0.007300,0.016339,1.534763,56.913080,0.479943,-10.589339,0.670147,-13.778843,0.988970,-10.318225,1.184525,-6.364609,107,V,25,1
0.358140,22.482020,0.965500,0.007332,0.016493,1.196475,50.111507,0.478758,-10.586663,0.667652,-13.705079,0.980885,-10.214714,1.171540,-6.438032,108,V,25,1
0.357900,22.482020,0.964820,0.007337,0.017168,1.220396,50.668597,0.478387,-10.568588,0.668285,-13.806809,0.983285,-10.221866,1.179980,-6.311782,109,V,25,1
0.358090,22.482020,0.965940,0.007329,0.016360,1.207860,50.378287,0.478276,-10.695200,0.667361,-13.851759,0.985092,-10.346693,1.184144,-6.427287,110,V,25,1
0.357590,22.482020,0.973480,0.007272,0.016928,1.215724,50.560809,0.477892,-10.676276,0.669310,-13.798757,0.989324,-10.475109,1.191620,-6.336252,111,V,25,1
0.358170,22.482020,0.970980,0.007291,0.016611,1.091966,47.517185,0.478169,-10.729400,0.668015,-13.807929,0.990265,-10.534909,1.188716,-6.523870,112,V,25,1
0.358060,22.482020,0.969140,0.007305,0.016136,1.092524,47.531773,0.477987,-10.716100,0.667239,-13.769150,0.991583,-10.529161,1.190718,-6.579302,113,V,25,1
0.358540,22.482020,0.971440,0.007287,0.016030,1.195638,50.091783,0.477583,-10.733788,0.668966,-13.866685,0.991472,-10.588213,1.197204,-6.466770,114,V,25,1
0.357810,22.482020,0.974200,0.007267,0.017126,1.127517,48.430041,0.478726,-10.597524,0.669491,-13.837626,0.993467,-10.600967,1.198517,-6.555859,115,V,25,1
0.358520,17.796130,1.053640,0.008488,0.016495,1.225722,50.790859,0.478966,-10.748776,0.669276,-13.877211,0.994476,-10.675207,1.197464,-6.261974,116,V,25,1
0.359820,17.796130,1.052340,0.008498,0.016206,1.215873,50.564265,0.479112,-10.590219,0.671296,-13.847326,0.996076,-10.758628,1.198262,-6.365917,117,V,25,1
0.359150,22.482020,0.973620,0.007271,0.015639,1.150062,48.992435,0.479438,-10.718598,0.671101,-13.878148,0.996730,-10.736655,1.203826,-6.546190,118,V,25,1
0.359950,17.796130,1.052200,0.008500,0.016016,1.580366,57.675809,0.479929,-10.680560,0.670353,-13.980140,0.998125,-10.752368,1.203971,-6.366039,119,V,25,1
0.359640,22.482020,0.972760,0.007277,0.016000,1.214734,50.537914,0.479969,-10.763259,0.670933,-13.828619,0.997589,-10.735391,1.206520,-6.268516,120,V,25,1
0.360250,17.796130,1.052140,0.008500,0.015912,1.127793,48.436986,0.478768,-10.636131,0.670485,-13.911797,0.998360,-10.794720,1.206724,-6.553266,121,V,25,1
0.359270,17.796130,1.057300,0.008459,0.017297,1.122065,48.292131,0.480526,-10.693504,0.671748,-13.892062,1.001195,-10.909775,1.210109,-6.552894,122,V,25,1
0.360040,17.796130,1.058560,0.008448,0.016248,1.198673,50.163257,0.480841,-10.726827,0.672848,-13.941468,1.002529,-10.869983,1.216138,-6.438320,123,V,25,1
0.360620,17.796130,1.057420,0.008458,0.015380,1.084995,47.334372,0.482910,-10.718854,0.673200,-13.904228,1.003516,-10.997625,1.214081,-6.540834,124,V,25,1
0.358410,22.482020,0.976440,0.007250,0.018331,1.204147,50.291616,0.480179,-10.644280,0.671049,-13.904627,0.999210,-10.874064,1.211506,-6.450625,125,V,25,1
0.360760,17.796130,1.049560,0.008521,0.015875,1.199802,50.189789,0.480910,-10.668359,0.670391,-13.887207,0.998016,-10.881565,1.207887,-6.531834,126,V,25,1
0.361510,22.482020,0.967320,0.007318,0.015939,1.086046,47.362029,0.481496,-10.669823,0.671435,-13.839046,0.998500,-10.868871,1.205368,-6.524605,127,V,25,1
0.361130,17.796130,1.048680,0.008528,0.016293,1.193841,50.049355,0.480849,-10.539171,0.671880,-13.757197,0.999775,-10.888949,1.213119,-6.360503,128,V,25,1
0.361650,17.796130,1.060240,0.008435,0.015535,1.225388,50.783221,0.483300,-10.703563,0.675084,-13.963676,1.008399,-11.078520,1.227542,-6.314533,129,V,25,1
0.362230,17.796130,1.058180,0.008452,0.015775,1.198235,50.152942,0.483604,-10.756640,0.674846,-13.934641,1.008742,-11.114726,1.228515,-6.414654,130,V,25,1
0.361180,17.796130,1.062460,0.008417,0.016755,1.478975,55.935650,0.483940,-10.589177,0.674955,-13.871882,1.009503,-11.231652,1.225196,-6.319744,131,V,25,1
0.362010,17.796130,1.052220,0.008499,0.016427,1.197002,50.123924,0.481366,-10.529390,0.672456,-13.912903,1.002939,-11.025831,1.218832,-6.473839,132,V,25,1
0.363320,17.796130,1.048780,0.008527,0.015317,1.205544,50.324270,0.483626,-10.578948,0.671914,-13.854235,1.003798,-11.052934,1.220632,-6.410669,133,V,25,1
0.358770,17.796130,1.061560,0.008425,0.020106,1.107928,47.931032,0.485082,-10.565167,0.674720,-13.884838,1.008048,-11.124105,1.223256,-6.565455,134,V,25,1
0.361920,17.796130,1.064600,0.008401,0.016694,1.240735,51.132087,0.485315,-10.693121,0.676470,-13.959296,1.012702,-11.324042,1.234224,-6.219956,135,V,25,1
0.362770,17.796130,1.063640,0.008408,0.016096,1.099138,47.703950,0.485476,-10.687118,0.676580,-13.941831,1.013381,-11.365330,1.232778,-6.453772,136,V,25,1
0.362950,17.796130,1.062260,0.008419,0.015379,1.177379,49.657292,0.484281,-10.643014,0.676050,-13.863993,1.014998,-11.353025,1.240002,-6.469186,137,V,25,1
0.363070,17.796130,1.051600,0.008504,0.016563,1.196006,50.100465,0.484854,-10.587607,0.673372,-13.798893,1.007292,-11.215478,1.229156,-6.448121,138,V,25,1
0.364040,17.796130,1.047680,0.008536,0.016097,1.385848,54.186540,0.483608,-10.380143,0.671659,-13.727454,1.007054,-11.238748,1.222145,-6.327692,139,V,25,1
0.363370,17.796130,1.045660,0.008553,0.016560,1.148554,48.955216,0.483310,-10.558567,0.672881,-13.758459,1.003733,-11.216838,1.217259,-6.450118,140,V,25,1
0.363500,17.796130,1.059460,0.008441,0.016362,1.215438,50.554206,0.485036,-10.566668,0.677280,-13.891585,1.016124,-11.552658,1.242170,-6.218066,141,V,25,1
0.363730,17.796130,1.058760,0.008447,0.015928,1.195329,50.084501,0.485296,-10.475746,0.675524,-13.847502,1.015019,-11.489969,1.242930,-6.437698,142,V,25,1
0.361820,17.796130,1.062680,0.008416,0.017624,1.172343,49.536063,0.485881,-10.543293,0.677392,-13.894090,1.017285,-11.498964,1.245233,-6.487935,143,V,25,1
0.363850,17.796130,1.045000,0.008558,0.016522,1.243809,51.201349,0.484672,-10.288764,0.671579,-13.736469,1.004019,-11.320396,1.222979,-6.279948,144,V,25,1
0.364620,17.796130,1.047040,0.008541,0.016398,1.196113,50.102975,0.485735,-10.368383,0.673429,-13.756024,1.008720,-11.388679,1.233819,-6.449638,145,V,25,1
0.363910,17.796130,1.044360,0.008563,0.016567,1.217276,50.596673,0.484469,-10.538336,0.672522,-13.731765,1.004888,-11.330676,1.228347,-6.404158,146,V,25,1
0.364990,17.796130,1.059060,0.008445,0.015597,1.133699,48.585500,0.486166,-10.523770,0.677778,-13.865343,1.018112,-11.580592,1.247621,-6.553440,147,V,25,1
0.363340,17.796130,1.056080,0.008468,0.017311,1.213954,50.519852,0.485636,-10.496795,0.675374,-13.798483,1.013395,-11.561643,1.242099,-6.422440,148,V,25,1
0.363770,17.796130,1.059620,0.008440,0.017051,1.211051,50.452524,0.486918,-10.549324,0.677326,-13.840263,1.017973,-11.645544,1.250830,-6.334476,149,V,25,1
0.364930,17.796130,1.041340,0.008588,0.016529,1.120518,48.252867,0.484457,-10.249671,0.672800,-13.770843,1.006839,-11.482013,1.231272,-6.605582,150,V,25,1
0.364600,17.796130,1.039920,0.008600,0.016500,1.081611,47.245160,0.485567,-10.375232,0.671766,-13.641120,1.005404,-11.509390,1.225943,-6.571786,151,V,25,1
0.366570,17.796130,1.039500,0.008603,0.015874,1.342456,53.317459,0.487335,-10.436966,0.673346,-13.792005,1.008267,-11.584243,1.231134,-6.349263,152,V,25,1
0.366630,17.796130,1.052400,0.008498,0.016655,1.073174,47.021440,0.488846,-10.436220,0.676835,-13.842050,1.016592,-11.712845,1.245523,-6.548250,153,V,25,1
0.366470,17.796130,1.049580,0.008521,0.016422,1.217003,50.590378,0.487891,-10.377725,0.676385,-13.723469,1.014527,-11.699788,1.245860,-6.272319,154,V,25,1
0.367630,17.796130,1.045900,0.008551,0.015441,1.123791,48.335858,0.487866,-10.449815,0.677542,-13.741950,1.015311,-11.674392,1.246782,-6.591248,155,V,25,1
0.368560,17.796130,1.041640,0.008586,0.015427,1.145568,48.881329,0.488514,-10.358228,0.675720,-13.687299,1.012796,-11.640858,1.244526,-6.571123,156,V,25,1
0.366800,17.796130,1.027920,0.008700,0.017472,1.124228,48.346931,0.488132,-10.148091,0.669942,-13.451796,1.000702,-11.395939,1.224147,-6.655727,157,V,25,1
0.370700,17.796130,1.029500,0.008687,0.016466,1.211592,50.465093,0.489780,-10.284079,0.673305,-13.504292,1.006147,-11.567226,1.232808,-6.311969,158,V,25,1
0.374460,17.796130,1.036080,0.008632,0.012890,1.068587,46.899022,0.490975,-10.217022,0.677510,-13.567813,1.017975,-11.759187,1.248373,-6.601441,159,V,25,1
0.371100,17.796130,1.041480,0.008587,0.015884,1.109080,47.960649,0.492303,-10.383211,0.678483,-13.625838,1.018261,-11.736072,1.251774,-6.613787,160,V,25,1
0.370800,17.796130,1.035940,0.008633,0.016149,1.142436,48.803609,0.490659,-10.138082,0.676748,-13.585816,1.012749,-11.667349,1.243774,-6.604509,161,V,25,1
0.370610,17.796130,1.042740,0.008577,0.016786,1.191452,49.992862,0.491847,-10.183128,0.678388,-13.626338,1.017083,-11.788990,1.254106,-6.476509,162,V,25,1
0.371880,17.796130,1.035880,0.008633,0.015151,1.182035,49.768827,0.491022,-10.343455,0.676863,-13.487597,1.014680,-11.769527,1.251467,-6.504864,163,V,25,1
0.370920,17.796130,1.038960,0.008608,0.016722,1.285647,52.123556,0.492490,-10.222158,0.676483,-13.458755,1.015085,-11.845205,1.247810,-6.344655,164,V,25,1
0.372630,14.068130,1.126280,0.010045,0.016379,1.593021,57.881936,0.493308,-10.161809,0.678721,-13.592491,1.020241,-11.918212,1.256449,-6.416149,165,V,25,1
0.371820,17.796130,1.038740,0.008610,0.016906,1.067915,46.881052,0.492668,-10.144915,0.678582,-13.522268,1.017640,-11.887957,1.251537,-6.606377,166,V,25,1
0.371490,14.068130,1.126040,0.010047,0.017147,1.067277,46.863954,0.492907,-10.034792,0.678684,-13.571923,1.017483,-11.959481,1.251304,-6.615530,167,V,25,1
0.372590,17.796130,1.033180,0.008656,0.015957,1.202395,50.250613,0.493893,-10.106937,0.676701,-13.427251,1.016350,-11.905106,1.255714,-6.368029,168,V,25,1
0.374550,17.796130,1.030340,0.008680,0.015194,1.412604,54.704851,0.493419,-10.243255,0.677292,-13.478242,1.017650,-12.014754,1.253219,-6.407581,169,V,25,1
0.375360,14.068130,1.114640,0.010150,0.015765,1.257374,51.504481,0.495094,-10.096829,0.678235,-13.395730,1.016781,-11.864797,1.253474,-6.344849,170,V,25,1
0.376190,17.796130,1.035660,0.008635,0.015932,1.096710,47.640870,0.496529,-10.150967,0.680882,-13.525463,1.024142,-12.146289,1.264196,-6.568763,171,V,25,1
0.374970,14.068130,1.128880,0.010022,0.016552,1.060719,46.687726,0.496342,-10.094066,0.681311,-13.459571,1.025101,-12.145343,1.267632,-6.659166,172,V,25,1
0.375180,14.068130,1.126340,0.010044,0.016878,1.055402,46.543999,0.496992,-10.094563,0.682135,-13.465680,1.026106,-12.192941,1.268449,-6.668164,173,V,25,1
0.376130,14.068130,1.123820,0.010067,0.016958,1.228981,50.865362,0.497538,-9.977118,0.681446,-13.453693,1.024050,-12.198849,1.271199,-6.321957,174,V,25,1
0.374870,14.068130,1.117460,0.010124,0.018495,1.051566,46.439819,0.496623,-9.965368,0.679451,-13.300954,1.019497,-12.140625,1.261190,-6.734728,175,V,25,1
0.377840,14.068130,1.112880,0.010166,0.016106,1.261517,51.596255,0.497707,-9.891030,0.678943,-13.301655,1.020510,-12.149069,1.263464,-6.385894,176,V,25,1
0.378630,14.068130,1.112060,0.010173,0.016164,1.532889,56.881056,0.498420,-9.914752,0.680795,-13.307033,1.021811,-12.155908,1.263374,-6.471368,177,V,25,1
0.379340,14.068130,1.116860,0.010129,0.016277,1.474132,55.848398,0.498807,-9.982387,0.682578,-13.344421,1.027535,-12.316938,1.275021,-6.452190,178,V,25,1
0.379170,14.068130,1.120240,0.010099,0.017521,1.047181,46.320238,0.500734,-9.904234,0.684109,-13.367818,1.027796,-12.376370,1.278420,-6.720480,179,V,25,1
0.380770,14.068130,1.118080,0.010118,0.016616,1.082440,47.267053,0.501730,-9.820932,0.684845,-13.287305,1.027919,-12.436325,1.283979,-6.702635,180,V,25,1
0.379970,14.068130,1.108340,0.010207,0.017182,1.141415,48.778227,0.500414,-9.889611,0.682323,-13.243954,1.021005,-12.270366,1.274204,-6.623127,181,V,25,1
0.382140,17.796130,1.014800,0.008813,0.015895,1.206728,50.351888,0.500965,-9.763350,0.681252,-13.134788,1.020704,-12.380197,1.272722,-6.406524,182,V,25,1
0.382560,14.068130,1.104960,0.010239,0.014691,1.128515,48.455188,0.501184,-9.957140,0.680169,-13.272225,1.020287,-12.358931,1.276174,-6.690075,183,V,25,1
0.385650,14.068130,1.109680,0.010195,0.015819,1.092290,47.525666,0.505379,-9.774558,0.686501,-13.161730,1.030109,-12.557520,1.291111,-6.703273,184,V,25,1
0.385550,14.068130,1.107980,0.010211,0.015773,1.625362,58.398191,0.506350,-9.728769,0.687534,-13.080348,1.030512,-12.580014,1.289888,-6.474760,185,V,25,1
0.384990,14.068130,1.114140,0.010154,0.017919,1.179472,49.707491,0.507428,-9.718688,0.689192,-13.145485,1.032042,-12.579850,1.299188,-6.475544,186,V,25,1
0.388220,14.068130,1.095700,0.010325,0.015468,1.161047,49.261953,0.506896,-9.762732,0.686126,-13.031542,1.026323,-12.518223,1.289763,-6.581850,187,V,25,1
0.391130,14.068130,1.088380,0.010394,0.015710,1.295566,52.336760,0.508128,-9.347638,0.686224,-12.957660,1.026611,-12.532999,1.282902,-6.418422,188,V,25,1
0.392200,14.068130,1.095000,0.010332,0.015934,1.543117,57.055192,0.510989,-9.598550,0.688151,-12.883234,1.029832,-12.604456,1.288462,-6.486914,189,V,25,1
0.392490,14.068130,1.100760,0.010278,0.016618,1.069183,46.914961,0.511624,-9.687633,0.691312,-12.965207,1.034415,-12.736537,1.304249,-6.751374,190,V,25,1
0.391350,14.068130,1.098940,0.010295,0.017692,1.059871,46.664846,0.511182,-9.471281,0.689380,-12.914918,1.034531,-12.757648,1.304036,-6.787444,191,V,25,1
0.393600,14.068130,1.092060,0.010359,0.016314,1.026630,45.752834,0.511960,-9.461183,0.689812,-12.977704,1.034881,-12.819305,1.304364,-6.795192,192,V,25,1
0.395410,14.068130,1.085220,0.010425,0.015062,1.426909,54.976641,0.511945,-9.487479,0.688796,-12.890035,1.028977,-12.750970,1.295761,-6.552596,193,V,25,1
0.397160,14.068130,1.078240,0.010492,0.014823,1.195236,50.082304,0.513472,-9.314223,0.686513,-12.797631,1.028855,-12.838003,1.301000,-6.450980,194,V,25,1
0.398860,14.068130,1.079340,0.010482,0.015404,1.286199,52.135481,0.514266,-9.415368,0.690446,-12.784368,1.031084,-12.887962,1.304049,-6.425841,195,V,25,1
0.398310,14.068130,1.091980,0.010360,0.016397,1.039450,46.108151,0.517109,-9.265784,0.694607,-12.831412,1.040245,-13.048510,1.321999,-6.787759,196,V,25,1
0.400900,14.068130,1.084980,0.010427,0.016515,1.294935,52.323262,0.519737,-9.210626,0.694139,-12.774815,1.039754,-13.133798,1.323826,-6.390060,197,V,25,1
0.401950,14.068130,1.087460,0.010403,0.017449,1.491998,56.168340,0.519886,-9.383893,0.696684,-12.689580,1.042568,-13.159825,1.326452,-6.462439,198,V,25,1
0.405530,14.068130,1.078040,0.010494,0.014595,1.044611,46.249922,0.520435,-9.332503,0.695893,-12.708270,1.043114,-13.236352,1.335304,-6.785444,199,V,25,1
0.407970,14.068130,1.081740,0.010458,0.018297,1.442878,55.275739,0.527892,-9.166942,0.702222,-12.438026,1.048448,-13.313868,1.341061,-6.502513,200,V,25,1
0.410010,11.144800,1.172560,0.012179,0.016169,1.711576,59.704101,0.527107,-9.076687,0.702008,-12.579285,1.046901,-13.369506,1.341296,-6.496552,201,V,25,1
0.409290,11.144800,1.176400,0.012139,0.018529,1.723589,59.878352,0.528992,-9.138343,0.704308,-12.464577,1.050263,-13.597204,1.353285,-6.488547,202,V,25,1
0.413080,11.144800,1.173260,0.012172,0.016503,1.003188,45.091189,0.529896,-9.003151,0.706008,-12.470032,1.053144,-13.793333,1.367369,-6.812801,203,V,25,1
0.414330,11.144800,1.168300,0.012223,0.016071,1.163731,49.327361,0.532663,-9.024208,0.706511,-12.409460,1.051676,-13.893578,1.379269,-6.448034,204,V,25,1
0.415860,11.144800,1.161140,0.012299,0.015472,1.186782,49.882017,0.532610,-8.893922,0.706881,-12.397429,1.051887,-14.105181,1.379577,-6.634221,205,V,25,1
0.415290,11.144800,1.160320,0.012308,0.018232,1.069563,46.925121,0.535246,-8.895585,0.709164,-12.316148,1.052184,-14.254934,1.387517,-6.738762,206,V,25,1
0.417050,11.144800,1.155520,0.012359,0.016440,1.045948,46.286547,0.534460,-8.966713,0.707712,-12.277102,1.051235,-14.289005,1.402552,-6.735347,207,V,25,1
0.416900,8.817720,1.256880,0.014361,0.016237,1.112945,48.059770,0.533010,-8.881181,0.707529,-12.260478,1.050967,-14.497377,1.411553,-6.581726,208,V,25,1
0.416820,8.817720,1.254720,0.014385,0.016522,1.055919,46.558016,0.534121,-8.944477,0.706243,-12.256132,1.050017,-14.575401,1.418679,-6.722232,209,V,25,1
0.416670,8.817720,1.254260,0.014391,0.016520,0.977528,44.348928,0.532398,-8.901812,0.704393,-12.407266,1.049716,-14.849963,1.420498,-6.914663,210,V,25,1
0.416050,8.817720,1.250480,0.014434,0.016761,1.188716,49.927986,0.533589,-8.932950,0.703441,-12.345036,1.047672,-14.995408,1.428769,-6.483137,211,V,25,1
0.417730,8.817720,1.236480,0.014597,0.015538,0.982577,44.496498,0.531285,-8.773653,0.701069,-12.246097,1.042437,-14.875074,1.418409,-6.952197,212,V,25,1
0.420370,8.817720,1.230420,0.014669,0.015835,1.037751,46.061335,0.536562,-8.625121,0.702787,-12.095878,1.041731,-14.862882,1.425825,-6.815449,213,V,25,1
0.425840,8.817720,1.225280,0.014731,0.015846,1.229878,50.885835,0.539393,-8.617229,0.707294,-11.990332,1.045366,-15.070862,1.434140,-6.483717,214,V,25,1
0.426830,8.817720,1.237360,0.014587,0.016818,1.172700,49.544668,0.542467,-8.683046,0.712767,-12.153235,1.053064,-15.246945,1.460309,-6.522420,215,V,25,1
0.425460,8.817720,1.241500,0.014538,0.017551,1.807219,61.042651,0.540630,-8.619921,0.711477,-12.129871,1.054520,-15.343923,1.457467,-6.610226,216,V,25,1
0.425630,8.817720,1.233360,0.014634,0.017696,1.162958,49.308541,0.542142,-8.668961,0.710974,-12.114871,1.051379,-15.500827,1.471791,-6.553732,217,V,25,1
0.426060,6.975450,1.340940,0.017015,0.015047,1.074369,47.053245,0.539827,-8.575521,0.707913,-12.072033,1.045671,-15.456123,1.468437,-6.783814,218,V,25,1
0.425590,6.975450,1.334460,0.017098,0.015698,0.987422,44.637400,0.540985,-8.593150,0.707810,-12.020430,1.046205,-15.508146,1.469504,-6.980776,219,V,25,1
0.426340,8.817720,1.212300,0.014889,0.015058,1.166347,49.390945,0.540522,-8.498321,0.706157,-11.998792,1.042120,-15.613942,1.471556,-6.609412,220,V,25,1
0.426030,8.817720,1.221940,0.014771,0.016082,0.965756,44.001988,0.540938,-8.576668,0.706841,-11.973616,1.046183,-15.732984,1.478463,-7.054826,221,V,25,1
0.424540,8.817720,1.223240,0.014755,0.017056,1.225555,50.787044,0.541850,-8.548132,0.709790,-11.885428,1.045321,-15.919103,1.486196,-6.824746,222,V,25,1
0.424250,6.975450,1.339420,0.017035,0.016669,0.969640,44.116926,0.541176,-8.563953,0.709343,-12.019806,1.048195,-15.921218,1.500113,-7.066613,223,V,25,1
0.424130,8.817720,1.221520,0.014776,0.016230,1.411432,54.682410,0.540346,-8.575050,0.708182,-12.039239,1.045604,-16.139445,1.502085,-6.587074,224,V,25,1
0.424710,8.817720,1.211760,0.014895,0.015989,0.969924,44.125305,0.540359,-8.441923,0.705966,-11.954422,1.040519,-16.038241,1.491522,-7.130400,225,V,25,1
0.426330,8.817720,1.206540,0.014960,0.017071,1.194577,50.066737,0.541229,-8.380676,0.707850,-11.902211,1.040562,-16.051829,1.505156,-6.647089,226,V,25,1
0.428160,6.975450,1.321660,0.017263,0.015151,1.026798,45.757514,0.541354,-8.305681,0.708755,-11.855997,1.040522,-16.074617,1.513525,-6.982829,227,V,25,1
0.426930,5.517300,1.451480,0.019874,0.016498,1.046233,46.294344,0.544492,-8.340661,0.712418,-11.886845,1.046254,-16.371253,1.523381,-7.032704,228,V,25,1
0.426650,6.975450,1.328420,0.017176,0.016288,0.978461,44.376255,0.542695,-8.427392,0.709860,-11.937992,1.043656,-16.314598,1.533044,-7.109417,229,V,25,1
0.428440,5.517300,1.448420,0.019916,0.014714,0.987307,44.634043,0.543279,-8.353114,0.709059,-11.964696,1.044415,-16.505781,1.531623,-7.137729,230,V,25,1
0.427470,6.975450,1.314880,0.017352,0.016746,0.988434,44.666732,0.543524,-8.351972,0.708576,-11.941117,1.041665,-16.528333,1.532679,-7.163017,231,V,25,1
0.428740,5.517300,1.434660,0.020107,0.016632,1.410086,54.656619,0.543563,-8.429005,0.707164,-11.790729,1.038103,-16.547481,1.533155,-6.677092,232,V,25,1
0.429480,6.975450,1.319940,0.017286,0.017178,1.282640,52.058523,0.543123,-8.395726,0.709284,-11.817450,1.037167,-16.480077,1.531045,-6.935192,233,V,25,1
0.431640,6.975450,1.311400,0.017399,0.016544,1.031610,45.891404,0.543306,-7.986384,0.709675,-11.810797,1.039348,-16.451364,1.553785,-7.051727,234,V,25,1
0.433420,6.975450,1.315080,0.017350,0.015651,0.977402,44.345247,0.547589,-8.284700,0.712563,-11.758755,1.043723,-16.610305,1.568664,-7.178291,235,V,25,1
0.433930,6.975450,1.319680,0.017289,0.015000,1.078795,47.170716,0.547861,-8.352363,0.713139,-11.682960,1.041345,-16.639818,1.576792,-6.937649,236,V,25,1
0.432160,6.975450,1.322300,0.017255,0.016781,1.094379,47.580186,0.547341,-8.355740,0.711305,-11.732125,1.039774,-16.698295,1.582345,-6.947222,237,V,25,1
0.430820,6.975450,1.298260,0.017575,0.015933,0.967090,44.041508,0.545321,-8.234518,0.708769,-11.688784,1.037199,-16.701485,1.567081,-7.250397,238,V,25,1
0.434210,6.975450,1.309500,0.017424,0.016619,1.135892,48.640434,0.548029,-8.264407,0.710336,-11.673802,1.035351,-16.727606,1.579767,-6.860708,239,V,25,1
0.433740,5.517300,1.432380,0.020139,0.016323,0.958046,43.772541,0.549021,-8.254176,0.710088,-11.690292,1.037039,-16.799275,1.572381,-7.289092,240,V,25,1
0.435150,5.517300,1.419900,0.020316,0.016292,1.234397,50.988656,0.550197,-8.073495,0.712689,-11.616563,1.036666,-16.914452,1.591071,-6.744396,241,V,25,1
0.436070,5.517300,1.424360,0.020252,0.016537,1.345854,53.386812,0.550104,-8.224606,0.713379,-11.668682,1.037587,-16.991939,1.595541,-6.985061,242,V,25,1
0.434070,5.517300,1.440700,0.020023,0.017340,0.973175,44.221121,0.549621,-8.219804,0.712772,-11.665156,1.038890,-17.061810,1.602258,-7.280844,243,V,25,1
0.434760,6.975450,1.318080,0.017310,0.017852,1.157324,49.170938,0.552251,-8.267260,0.714743,-11.714607,1.038634,-17.048923,1.618522,-6.881302,244,V,25,1
0.435190,6.975450,1.300880,0.017539,0.017330,0.986196,44.601816,0.553266,-8.111967,0.714340,-11.621539,1.039759,-17.047522,1.620865,-7.264762,245,V,25,1
0.438300,6.975450,1.300500,0.017544,0.015613,1.094248,47.576749,0.552860,-8.196726,0.712346,-11.577659,1.034965,-16.992067,1.620955,-7.030447,246,V,25,1
0.436680,6.975450,1.293580,0.017638,0.017255,1.027162,45.767653,0.551953,-8.268331,0.712832,-11.640572,1.036314,-17.059899,1.626524,-7.196957,247,V,25,1
0.436240,4.369410,1.566860,0.023247,0.017301,1.034909,45.982805,0.554057,-8.214653,0.715431,-11.644364,1.037131,-17.165757,1.639219,-7.182500,248,V,25,1
0.433990,4.369410,1.569380,0.023210,0.018489,1.086803,47.381922,0.553105,-8.098565,0.713573,-11.681539,1.035754,-17.209116,1.641770,-7.087567,249,V,25,1
0.435350,4.369410,1.557280,0.023390,0.017224,0.995043,44.857648,0.550896,-8.213944,0.712663,-11.699952,1.036145,-17.263554,1.640055,-7.317125,250,V,25,1
0.435860,4.369410,1.561020,0.023334,0.016725,1.031310,45.883072,0.551133,-8.140431,0.714931,-11.664308,1.034424,-17.274751,1.647488,-7.242335,251,V,25,1
0.435100,4.369410,1.557040,0.023394,0.016591,1.012274,45.349475,0.551306,-8.210487,0.714170,-11.718520,1.034832,-17.308470,1.649374,-7.319347,252,V,25,1
0.434850,5.517300,1.407140,0.020500,0.016510,1.201521,50.230108,0.550375,-8.061084,0.710705,-11.543124,1.028840,-17.397899,1.641709,-6.920399,253,V,25,1
0.433950,5.517300,1.424520,0.020250,0.017323,0.979882,44.417833,0.550170,-8.190126,0.711028,-11.573446,1.031279,-17.473002,1.639277,-7.393721,254,V,25,1
0.435390,5.517300,1.430640,0.020163,0.016885,0.974119,44.248884,0.550744,-8.076645,0.712319,-11.593835,1.033665,-17.442943,1.652682,-7.421719,255,V,25,1
0.434800,4.369410,1.555080,0.023423,0.016237,1.005190,45.148290,0.551142,-8.241187,0.713080,-11.597066,1.032669,-17.449583,1.660134,-7.350619,256,V,25,1
0.434170,5.517300,1.430760,0.020162,0.016721,0.972125,44.190206,0.550274,-8.204068,0.712061,-11.689017,1.034958,-17.575936,1.661701,-7.442086,257,V,25,1
0.433820,4.369410,1.571920,0.023172,0.018910,1.116884,48.160385,0.552184,-8.084754,0.713163,-11.646690,1.031423,-17.513453,1.677543,-7.111130,258,V,25,1
0.435260,4.369410,1.554500,0.023432,0.015986,1.043735,46.225918,0.550905,-8.209967,0.710780,-11.496086,1.028417,-17.455845,1.665638,-7.304734,259,V,25,1
0.434850,5.517300,1.395140,0.020676,0.016477,1.223673,50.743890,0.548872,-8.047963,0.708827,-11.540544,1.024956,-17.561172,1.658467,-6.977896,260,V,25,1
0.436110,4.369410,1.546100,0.023559,0.015284,1.852176,61.635143,0.548190,-8.022302,0.710162,-11.491100,1.026601,-17.514191,1.655247,-7.100138,261,V,25,1
0.273150,28.409090,1.373440,0.004079,0.010047,1.605183,58.077840,0.469099,-17.539601,0.769479,-18.369800,1.188808,-11.731066,1.468092,-5.239510,1,V,25,2
0.276290,28.409090,1.385540,0.004043,0.009991,1.354692,53.566187,0.474441,-17.613398,0.777619,-18.319631,1.200393,-11.796624,1.487824,-5.215408,2,V,25,2
0.278670,22.482020,1.480540,0.004782,0.009388,1.342071,53.309581,0.476781,-17.495294,0.780388,-18.292123,1.204128,-11.814892,1.494367,-5.273763,3,V,25,2
0.278690,22.482020,1.484020,0.004770,0.009777,1.332959,53.122385,0.478152,-17.547162,0.782427,-18.264222,1.208850,-11.879933,1.503207,-5.240673,4,V,25,2
0.279730,28.409090,1.397260,0.004009,0.010277,1.198527,50.159821,0.477785,-17.535177,0.782989,-18.347346,1.212164,-12.010798,1.504031,-5.299773,5,V,25,2
0.278140,22.482020,1.492640,0.004743,0.010689,1.333902,53.141836,0.477895,-17.508275,0.784130,-18.289030,1.211920,-11.957383,1.509308,-5.308617,6,V,25,2
0.278290,22.482020,1.485280,0.004766,0.009836,1.224486,50.762548,0.477348,-17.625251,0.783567,-18.229492,1.211113,-12.034027,1.506892,-5.367725,7,V,25,2
0.279970,28.409090,1.391680,0.004026,0.009340,1.343735,53.343593,0.477098,-17.649066,0.783977,-18.216242,1.208118,-12.021616,1.507092,-5.335804,8,V,25,2
0.278350,35.931340,1.298940,0.003410,0.010007,1.554904,57.253855,0.477001,-17.507736,0.781397,-18.302041,1.206583,-12.028817,1.504660,-5.294912,9,V,25,2
0.278980,22.482020,1.475200,0.004799,0.009810,1.192225,50.011150,0.477222,-17.582411,0.780940,-18.287122,1.204880,-12.108974,1.502742,-5.392931,10,V,25,2
0.278120,28.409090,1.382000,0.004054,0.010169,1.276762,51.930839,0.476253,-17.555173,0.780672,-18.207772,1.205315,-12.141096,1.504979,-5.235909,11,V,25,2
0.279140,22.482020,1.474500,0.004801,0.009988,1.280252,52.006749,0.476166,-17.598274,0.780370,-18.270218,1.204745,-12.121574,1.507937,-5.404896,12,V,25,2
0.280190,28.409090,1.376760,0.004069,0.008991,1.515486,56.580997,0.476183,-17.596699,0.778811,-18.184040,1.203069,-12.202418,1.508982,-5.289718,13,V,25,2
0.278500,22.482020,1.472260,0.004808,0.010185,1.544778,57.083308,0.475915,-17.524958,0.778649,-18.211132,1.203796,-12.177516,1.508738,-5.326667,14,V,25,2
0.278410,22.482020,1.464340,0.004834,0.009770,1.184626,49.830665,0.474724,-17.577457,0.777823,-18.143813,1.200688,-12.280488,1.505360,-5.418018,15,V,25,2
0.279560,22.482020,1.456820,0.004859,0.009714,1.280192,52.005441,0.475188,-17.482447,0.775787,-18.099304,1.198260,-12.268452,1.506166,-5.270039,16,V,25,2
0.279680,22.482020,1.455440,0.004864,0.009549,1.298920,52.408388,0.473873,-17.414216,0.774964,-18.166289,1.195427,-12.244169,1.503615,-5.282265,17,V,25,2
0.279550,22.482020,1.453700,0.004870,0.009683,1.189365,49.943377,0.473181,-17.443994,0.774885,-18.126299,1.192907,-12.295738,1.499107,-5.379005,18,V,25,2
0.279050,28.409090,1.364160,0.004107,0.009219,1.284831,52.105940,0.472643,-17.579705,0.773569,-18.179597,1.195217,-12.326157,1.504110,-5.323576,19,V,25,2
0.278440,22.482020,1.455160,0.004865,0.010227,1.219577,50.649737,0.472261,-17.460574,0.773077,-18.134792,1.194507,-12.351043,1.505409,-5.463100,20,V,25,2
0.278350,22.482020,1.446760,0.004893,0.010586,1.283594,52.079184,0.471545,-17.384801,0.771871,-18.067205,1.190330,-12.295762,1.502588,-5.313795,21,V,25,2
0.278520,17.796130,1.539420,0.005809,0.009905,1.324209,52.941082,0.472119,-17.291146,0.772265,-18.009554,1.191970,-12.349956,1.507317,-5.410358,22,V,25,2
0.278900,22.482020,1.445580,0.004897,0.010145,1.299249,52.415404,0.473961,-17.349809,0.772552,-18.087960,1.191654,-12.424381,1.508358,-5.302452,23,V,25,2
0.279730,22.482020,1.443920,0.004903,0.010074,1.357583,53.624514,0.473035,-17.361418,0.770972,-18.077150,1.187766,-12.419988,1.502844,-5.332926,24,V,25,2
0.279000,17.796130,1.529380,0.005848,0.009330,1.318166,52.814952,0.472282,-17.320464,0.769697,-18.002856,1.187312,-12.389110,1.505316,-5.384067,25,V,25,2
0.278500,22.482020,1.440280,0.004915,0.010434,1.388287,54.234338,0.471789,-17.493127,0.769798,-18.001573,1.187897,-12.460581,1.502763,-5.391259,26,V,25,2
0.280090,22.482020,1.428320,0.004956,0.009600,1.466122,55.703217,0.471274,-17.354291,0.767032,-17.954403,1.182140,-12.369314,1.496678,-5.378234,27,V,25,2
0.278510,22.482020,1.424940,0.004968,0.010775,1.262201,51.611383,0.469920,-17.361331,0.765780,-17.883407,1.178452,-12.456888,1.492375,-5.363396,28,V,25,2
0.279490,22.482020,1.429880,0.004951,0.010231,1.261173,51.588654,0.471834,-17.298733,0.766972,-17.969704,1.182784,-12.516904,1.501526,-5.511862,29,V,25,2
0.277720,17.796130,1.521300,0.005879,0.011450,1.277780,51.953003,0.471428,-17.348583,0.766507,-18.017654,1.180173,-12.575577,1.500109,-5.380267,30,V,25,2
0.278500,22.482020,1.426980,0.004961,0.010450,1.183287,49.798739,0.470707,-17.204911,0.765854,-17.961094,1.180731,-12.601366,1.500439,-5.509261,31,V,25,2
0.280090,17.796130,1.511280,0.005918,0.009297,1.282455,52.054523,0.468798,-17.232003,0.766608,-17.960480,1.178510,-12.593521,1.501961,-5.367818,32,V,25,2
0.278430,22.482020,1.422540,0.004976,0.010240,1.256793,51.491584,0.470821,-17.327483,0.763635,-17.900853,1.176799,-12.537717,1.498047,-5.540133,33,V,25,2
0.279210,17.796130,1.509360,0.005925,0.010711,1.211427,50.461255,0.470156,-17.236978,0.765108,-17.898945,1.177698,-12.630535,1.498565,-5.542456,34,V,25,2
0.280280,22.482020,1.414640,0.005004,0.009500,1.495371,56.228154,0.470400,-17.136006,0.762488,-17.862006,1.174346,-12.545659,1.497595,-5.428483,35,V,25,2
0.279900,17.796130,1.502220,0.005953,0.009654,1.253986,51.429135,0.469553,-17.227436,0.761751,-17.858536,1.172795,-12.673277,1.496172,-5.394783,36,V,25,2
0.280090,17.796130,1.501160,0.005958,0.009937,1.259044,51.541512,0.469151,-17.174571,0.762218,-17.850201,1.174165,-12.723245,1.501815,-5.365535,37,V,25,2
0.278670,22.482020,1.412760,0.005011,0.011015,1.169820,49.475109,0.469185,-17.160767,0.761740,-17.811858,1.172363,-12.677625,1.497196,-5.540154,38,V,25,2
0.278600,17.796130,1.495120,0.005982,0.010995,1.292046,52.261334,0.469208,-17.081511,0.760730,-17.692203,1.167755,-12.673612,1.491975,-5.432231,39,V,25,2
0.279420,17.796130,1.485720,0.006019,0.010197,1.281018,52.023371,0.467736,-17.189107,0.758455,-17.754494,1.162824,-12.659105,1.488686,-5.449240,40,V,25,2
0.279070,17.796130,1.481740,0.006036,0.009880,1.462333,55.634172,0.467133,-17.167143,0.756740,-17.710544,1.162407,-12.628953,1.487332,-5.471807,41,V,25,2
0.279510,17.796130,1.484240,0.006025,0.010215,1.304068,52.517883,0.467854,-16.953343,0.758131,-17.711837,1.164311,-12.667788,1.492814,-5.548197,42,V,25,2
0.278920,17.796130,1.485500,0.006020,0.009974,1.247575,51.285917,0.467170,-17.050806,0.756911,-17.747996,1.163568,-12.796920,1.492779,-5.414219,43,V,25,2
0.279770,22.482020,1.392760,0.005083,0.009711,1.351056,53.492571,0.467458,-17.042512,0.758575,-17.713527,1.163615,-12.798142,1.490755,-5.488189,44,V,25,2
0.280490,17.796130,1.475280,0.006062,0.009842,1.242703,51.176458,0.466507,-16.947110,0.756097,-17.786544,1.161501,-12.833162,1.490661,-5.419012,45,V,25,2
0.279450,17.796130,1.475140,0.006063,0.009670,1.277630,51.949741,0.467059,-16.946823,0.755744,-17.703200,1.161736,-12.777513,1.492170,-5.594216,46,V,25,2
0.279630,17.796130,1.474160,0.006067,0.009944,1.267260,51.722893,0.467227,-17.050972,0.754910,-17.662898,1.161018,-12.772180,1.493491,-5.610832,47,V,25,2
0.279420,14.068130,1.562160,0.007242,0.010310,1.255758,51.468583,0.467466,-17.030462,0.753926,-17.634953,1.158105,-12.858105,1.488122,-5.462377,48,V,25,2
0.279890,14.068130,1.562940,0.007238,0.009937,1.435002,55.128776,0.466404,-17.106115,0.752288,-17.712309,1.157593,-12.821065,1.487547,-5.528679,49,V,25,2
0.278340,17.796130,1.467920,0.006092,0.011027,1.318956,52.831498,0.465937,-16.905371,0.752449,-17.614824,1.155539,-12.828864,1.490366,-5.544999,50,V,25,2
0.280270,17.796130,1.458940,0.006130,0.010134,1.314585,52.739886,0.465479,-16.882701,0.752089,-17.571600,1.152690,-12.774919,1.485683,-5.588753,51,V,25,2
0.279230,14.068130,1.548500,0.007306,0.010530,1.464785,55.678878,0.465582,-16.867788,0.750621,-17.628238,1.149694,-12.796916,1.480832,-5.529733,52,V,25,2
0.279610,17.796130,1.455180,0.006146,0.010612,1.249274,51.323947,0.464798,-17.024625,0.749819,-17.528017,1.149288,-12.896271,1.480589,-5.515233,53,V,25,2
0.278670,17.796130,1.458080,0.006134,0.010710,1.295924,52.344414,0.465085,-16.979903,0.750275,-17.558533,1.149791,-12.853266,1.487241,-5.544183,54,V,25,2
0.279070,17.796130,1.453660,0.006152,0.010858,1.453492,55.472090,0.465367,-16.980315,0.750278,-17.592661,1.148204,-12.852435,1.483888,-5.522837,55,V,25,2
0.279540,14.068130,1.537660,0.007357,0.010810,1.472296,55.815212,0.464931,-16.993085,0.747119,-17.487302,1.144894,-12.864316,1.476708,-5.591922,56,V,25,2
0.280680,14.068130,1.537620,0.007358,0.009845,1.207730,50.375259,0.464063,-17.009431,0.747749,-17.473402,1.146150,-12.949187,1.481731,-5.677228,57,V,25,2
0.278710,17.796130,1.448960,0.006172,0.010643,1.287367,52.160672,0.464556,-16.929346,0.748666,-17.544572,1.144813,-12.949871,1.485144,-5.553495,58,V,25,2
0.278920,14.068130,1.537880,0.007356,0.011221,1.340864,53.284875,0.465094,-16.793866,0.747670,-17.520174,1.145063,-12.974565,1.483784,-5.520750,59,V,25,2
0.280270,14.068130,1.533400,0.007378,0.009972,1.482587,56.000462,0.464600,-16.943363,0.747691,-17.511320,1.145473,-12.980009,1.483162,-5.595382,60,V,25,2
0.278990,17.796130,1.444520,0.006191,0.011451,1.243855,51.202376,0.463508,-16.708910,0.746988,-17.465012,1.142058,-12.967716,1.483446,-5.503234,61,V,25,2
0.279740,14.068130,1.527580,0.007406,0.010587,1.242252,51.166288,0.463660,-16.742479,0.745334,-17.450631,1.140890,-13.042716,1.479032,-5.560224,62,V,25,2
0.280280,17.796130,1.438900,0.006215,0.010187,1.265150,51.676441,0.463927,-16.798344,0.747154,-17.521318,1.140998,-13.061111,1.482008,-5.554990,63,V,25,2
0.278620,14.068130,1.530120,0.007394,0.011197,1.281597,52.035930,0.462256,-16.862132,0.746243,-17.408610,1.142034,-13.024911,1.485976,-5.614146,64,V,25,2
0.279890,17.796130,1.435500,0.006230,0.011085,1.439263,55.208419,0.464600,-16.849774,0.745010,-17.386566,1.141245,-13.042283,1.485326,-5.555697,65,V,25,2
0.278300,17.796130,1.435300,0.006231,0.011258,1.476686,55.894452,0.464163,-16.798370,0.744545,-17.451106,1.138941,-13.034616,1.483470,-5.576803,66,V,25,2
0.278610,14.068130,1.522100,0.007433,0.011292,1.279007,51.979693,0.463397,-16.841669,0.743806,-17.392885,1.138425,-13.089857,1.483143,-5.671183,67,V,25,2
0.279760,14.068130,1.516980,0.007458,0.011056,1.338801,53.242591,0.462643,-16.689385,0.742219,-17.419255,1.136625,-13.120736,1.477448,-5.604409,68,V,25,2
0.279890,14.068130,1.515160,0.007467,0.010203,1.220372,50.668045,0.461748,-16.715870,0.742662,-17.375041,1.134969,-13.153260,1.479360,-5.555999,69,V,25,2
0.279000,14.068130,1.515760,0.007464,0.011198,1.215166,50.547903,0.462342,-16.643440,0.742945,-17.310497,1.134397,-13.152548,1.481697,-5.538297,70,V,25,2
0.280880,14.068130,1.512420,0.007480,0.009686,1.341590,53.299729,0.463331,-16.715558,0.742969,-17.380478,1.135673,-13.203270,1.481441,-5.608104,71,V,25,2
0.279190,14.068130,1.516080,0.007462,0.011541,1.279539,51.991248,0.462080,-16.762995,0.740319,-17.239243,1.133191,-13.167226,1.483645,-5.694769,72,V,25,2
0.279150,14.068130,1.512000,0.007482,0.010708,1.307425,52.588991,0.461408,-16.898637,0.740898,-17.354829,1.132008,-13.260296,1.478710,-5.608367,73,V,25,2
0.281270,14.068130,1.502660,0.007529,0.009927,1.258162,51.521968,0.462854,-16.802912,0.739882,-17.322922,1.130833,-13.171350,1.479287,-5.723990,74,V,25,2
0.279010,14.068130,1.507780,0.007503,0.011643,1.253497,51.418260,0.462133,-16.697337,0.739783,-17.364442,1.130314,-13.314422,1.477398,-5.590914,75,V,25,2
0.280590,14.068130,1.500840,0.007538,0.010456,1.434833,55.125608,0.461611,-16.726429,0.739211,-17.244366,1.129034,-13.183970,1.478891,-5.605158,76,V,25,2
0.280010,14.068130,1.500900,0.007538,0.010844,1.146701,48.909400,0.461846,-16.574226,0.739686,-17.208158,1.128490,-13.293988,1.476945,-5.711358,77,V,25,2
0.279060,14.068130,1.499200,0.007546,0.012029,1.223094,50.730619,0.461630,-16.598871,0.738276,-17.268043,1.126547,-13.312642,1.477332,-5.580784,78,V,25,2
0.280230,14.068130,1.496040,0.007562,0.010964,1.429413,55.023838,0.461947,-16.626924,0.737863,-17.273585,1.127843,-13.268001,1.477633,-5.674302,79,V,25,2
0.280930,14.068130,1.492160,0.007582,0.010872,1.470661,55.785616,0.461668,-16.718872,0.737446,-17.175786,1.125816,-13.263362,1.476310,-5.676037,80,V,25,2
0.279850,14.068130,1.495860,0.007563,0.011412,1.263678,51.643985,0.461403,-16.694093,0.737744,-17.164559,1.125284,-13.342516,1.477117,-5.627605,81,V,25,2
0.280250,14.068130,1.491920,0.007583,0.011203,1.227358,50.828283,0.460150,-16.500002,0.736850,-17.188837,1.123178,-13.298608,1.475759,-5.767965,82,V,25,2
0.279840,14.068130,1.488080,0.007603,0.010858,1.155237,49.119770,0.460642,-16.551229,0.735454,-17.205022,1.121155,-13.335314,1.468927,-5.738323,83,V,25,2
0.278600,14.068130,1.480620,0.007641,0.011367,1.216441,50.577400,0.460012,-16.617899,0.734686,-17.189360,1.118305,-13.329885,1.472706,-5.595004,84,V,25,2
0.279950,14.068130,1.482400,0.007632,0.010947,1.346605,53.402114,0.459788,-16.526625,0.734860,-17.143254,1.120278,-13.352614,1.473590,-5.684546,85,V,25,2
0.280990,14.068130,1.480680,0.007641,0.010196,1.457439,55.544621,0.459071,-16.586902,0.734910,-17.134212,1.119512,-13.290547,1.472397,-5.702801,86,V,25,2
0.280660,11.144800,1.566060,0.009119,0.010985,1.218611,50.627489,0.460580,-16.521989,0.734031,-17.015295,1.115984,-13.406363,1.469725,-5.655834,87,V,25,2
0.280220,14.068130,1.485500,0.007616,0.011472,1.288611,52.187485,0.461597,-16.550023,0.736520,-17.100062,1.121748,-13.447265,1.482221,-5.632251,88,V,25,2
0.282770,14.068130,1.481260,0.007638,0.010976,1.306918,52.578274,0.462199,-16.578194,0.736724,-17.094152,1.122373,-13.436826,1.485110,-5.625523,89,V,25,2
0.282080,11.144800,1.578840,0.009045,0.010704,1.150828,49.011319,0.460935,-16.460288,0.736657,-17.103697,1.124700,-13.511008,1.485269,-5.764282,90,V,25,2
0.282300,14.068130,1.481040,0.007639,0.011088,1.265847,51.691808,0.461739,-16.597022,0.736143,-17.052186,1.121375,-13.481530,1.487242,-5.670006,91,V,25,2
0.282170,14.068130,1.471180,0.007690,0.011039,1.217202,50.594958,0.460786,-16.432300,0.735325,-17.150071,1.117792,-13.511071,1.481421,-5.608799,92,V,25,2
0.280470,11.144800,1.569980,0.009096,0.011494,1.442500,55.268716,0.460841,-16.465274,0.733811,-17.023475,1.117198,-13.476095,1.479987,-5.667951,93,V,25,2
0.281490,14.068130,1.472540,0.007683,0.011910,1.154601,49.104151,0.460464,-16.420329,0.733947,-17.007750,1.116835,-13.530433,1.477054,-5.783269,94,V,25,2
0.282560,11.144800,1.552400,0.009199,0.010515,1.262832,51.625328,0.460736,-16.417507,0.730941,-17.004108,1.111895,-13.518765,1.470194,-5.705694,95,V,25,2
0.282460,11.144800,1.559040,0.009160,0.011145,1.153953,49.088244,0.460752,-16.485159,0.731997,-17.016968,1.115673,-13.581267,1.477287,-5.809389,96,V,25,2
0.282760,11.144800,1.560880,0.009149,0.010091,1.394123,54.348253,0.460566,-16.434884,0.732050,-16.904333,1.116033,-13.537011,1.479902,-5.730018,97,V,25,2
0.281320,11.144800,1.555220,0.009182,0.011765,1.236827,51.043759,0.459657,-16.531820,0.730630,-16.963899,1.111937,-13.619626,1.473197,-5.669681,98,V,25,2
0.282320,11.144800,1.549300,0.009217,0.010821,1.169706,49.472349,0.461912,-16.507379,0.731344,-16.902247,1.111417,-13.655723,1.474559,-5.712801,99,V,25,2
0.281870,14.068130,1.465260,0.007721,0.010856,1.262220,51.611798,0.459750,-16.457750,0.731376,-17.000663,1.113021,-13.555046,1.481480,-5.791957,100,V,25,2
0.282990,11.144800,1.554680,0.009186,0.010659,1.275652,51.906640,0.459373,-16.447472,0.730673,-17.002021,1.112810,-13.576903,1.483495,-5.775774,101,V,25,2
0.282360,11.144800,1.554940,0.009184,0.010453,1.449718,55.402494,0.460278,-16.413158,0.731480,-16.876714,1.113063,-13.630899,1.482579,-5.706473,102,V,25,2
0.281900,11.144800,1.552820,0.009197,0.011636,1.215974,50.566592,0.460220,-16.549283,0.730999,-16.959587,1.112530,-13.710462,1.482437,-5.672578,103,V,25,2
0.282260,14.068130,1.448180,0.007812,0.010778,1.386234,54.194118,0.460868,-16.363059,0.729702,-16.909129,1.106497,-13.562304,1.474395,-5.694728,104,V,25,2
0.282690,11.144800,1.545920,0.009238,0.011054,1.234522,50.991488,0.459983,-16.308576,0.728670,-16.946037,1.108889,-13.646754,1.478770,-5.848910,105,V,25,2
0.283640,11.144800,1.539480,0.009276,0.010781,1.406666,54.590939,0.460129,-16.195234,0.729051,-16.896172,1.106551,-13.613982,1.471654,-5.766225,106,V,25,2
0.282650,11.144800,1.537640,0.009287,0.011170,1.156356,49.147229,0.459706,-16.256170,0.727727,-16.923228,1.105389,-13.686080,1.471907,-5.864436,107,V,25,2
0.283220,14.068130,1.441300,0.007849,0.010035,1.464674,55.676860,0.459019,-16.213294,0.727126,-16.793706,1.102835,-13.568457,1.471670,-5.738938,108,V,25,2
0.282480,11.144800,1.532300,0.009320,0.011477,1.194478,50.064403,0.459339,-16.240871,0.726913,-16.788270,1.102346,-13.690991,1.468928,-5.735572,109,V,25,2
0.284040,11.144800,1.524360,0.009368,0.010161,1.232173,50.938095,0.458433,-16.345533,0.725014,-16.683642,1.099525,-13.675153,1.465497,-5.711979,110,V,25,2
0.283620,11.144800,1.530760,0.009329,0.011110,1.213841,50.517243,0.459919,-16.324127,0.727680,-16.766252,1.103664,-13.779960,1.478875,-5.677112,111,V,25,2
0.283130,11.144800,1.534240,0.009308,0.011421,1.304725,52.531829,0.460131,-16.109809,0.727417,-16.757036,1.104193,-13.783520,1.475939,-5.753347,112,V,25,2
0.282410,11.144800,1.538020,0.009285,0.012463,1.269763,51.777860,0.459120,-16.297233,0.727676,-16.749737,1.104582,-13.727708,1.483227,-5.790948,113,V,25,2
0.281900,11.144800,1.538320,0.009283,0.011668,1.149774,48.985348,0.459827,-16.223346,0.727288,-16.777283,1.105595,-13.901028,1.481490,-5.851960,114,V,25,2
0.283820,11.144800,1.535140,0.009303,0.011058,1.267409,51.726161,0.460140,-16.144677,0.727821,-16.775897,1.105209,-13.782692,1.485501,-5.829257,115,V,25,2
0.282710,11.144800,1.528400,0.009344,0.011461,1.471400,55.799000,0.459730,-16.254685,0.725653,-16.673784,1.100313,-13.766681,1.476271,-5.756070,116,V,25,2
0.284570,8.817720,1.616080,0.011169,0.010244,1.315597,52.761129,0.459590,-16.226128,0.724894,-16.741573,1.098910,-13.803065,1.474828,-5.727137,117,V,25,2
0.283580,11.144800,1.524720,0.009366,0.011382,1.132671,48.559721,0.459723,-16.191480,0.725006,-16.733777,1.100220,-13.860058,1.473079,-5.864261,118,V,25,2
0.282710,11.144800,1.522640,0.009379,0.012153,1.242843,51.179595,0.458115,-16.260835,0.725741,-16.668662,1.099093,-13.903787,1.475754,-5.726064,119,V,25,2
0.283330,11.144800,1.524820,0.009365,0.011568,1.449461,55.397757,0.458466,-16.242330,0.725603,-16.731627,1.099620,-13.834945,1.477431,-5.805851,120,V,25,2
0.282620,8.817720,1.616420,0.011166,0.011999,1.259066,51.542017,0.458999,-16.121522,0.725289,-16.770861,1.096183,-13.870750,1.475249,-5.739975,121,V,25,2
0.283180,11.144800,1.515700,0.009422,0.011691,1.213419,50.507464,0.458458,-16.167735,0.723406,-16.639840,1.095255,-13.867163,1.473336,-5.904175,122,V,25,2
0.283330,11.144800,1.511180,0.009450,0.011389,1.174284,49.582857,0.457866,-16.085066,0.722523,-16.609659,1.093149,-13.857604,1.469732,-5.786408,123,V,25,2
0.282940,11.144800,1.511280,0.009449,0.011998,1.234545,50.992012,0.459918,-16.133340,0.721496,-16.610495,1.091406,-13.795095,1.471823,-5.751897,124,V,25,2
0.284270,11.144800,1.508340,0.009468,0.010997,1.202692,50.257550,0.457153,-16.038560,0.720791,-16.628794,1.091261,-13.853847,1.472687,-5.728772,125,V,25,2
0.283910,11.144800,1.512800,0.009440,0.011457,1.452846,55.460202,0.457791,-16.135001,0.721910,-16.647104,1.093480,-13.876585,1.475377,-5.804131,126,V,25,2
0.283450,11.144800,1.508920,0.009464,0.011743,1.231803,50.929673,0.458025,-16.046152,0.722632,-16.643753,1.091549,-13.934809,1.477394,-5.768110,127,V,25,2
0.283770,11.144800,1.506560,0.009479,0.011494,1.256203,51.478474,0.458612,-16.163509,0.720642,-16.649434,1.091329,-13.958759,1.471180,-5.801025,128,V,25,2
0.284940,11.144800,1.501140,0.009513,0.010652,1.260849,51.581488,0.458297,-15.954755,0.720544,-16.599546,1.089163,-13.944851,1.472688,-5.840889,129,V,25,2
0.283890,11.144800,1.496880,0.009540,0.010562,1.368123,53.835861,0.457938,-15.962912,0.718752,-16.571701,1.085254,-13.849906,1.465749,-5.787074,130,V,25,2
0.283850,11.144800,1.498860,0.009528,0.011695,1.241808,51.156300,0.457664,-16.021032,0.720270,-16.534861,1.087226,-13.959047,1.472781,-5.783833,131,V,25,2
0.283570,11.144800,1.500240,0.009519,0.011583,1.150555,49.004606,0.457927,-16.202605,0.719451,-16.472767,1.088568,-13.973201,1.469431,-5.935318,132,V,25,2
0.283460,8.817720,1.591200,0.011343,0.011680,1.250228,51.345298,0.456822,-16.086655,0.718177,-16.565440,1.086395,-13.960053,1.473467,-5.806652,133,V,25,2
0.283740,11.144800,1.491740,0.009573,0.011426,1.134092,48.595367,0.456929,-16.115074,0.719178,-16.445480,1.085050,-14.058179,1.466465,-5.877768,134,V,25,2
0.283760,11.144800,1.493340,0.009563,0.011839,1.133649,48.584244,0.457070,-16.010442,0.718674,-16.433304,1.085492,-14.056447,1.466254,-5.903328,135,V,25,2
0.283300,11.144800,1.496740,0.009541,0.011245,1.223379,50.737159,0.456286,-16.015975,0.716341,-16.453172,1.084221,-13.940325,1.468937,-5.928393,136,V,25,2
0.283170,8.817720,1.585580,0.011383,0.011677,1.187296,49.894245,0.456430,-16.048908,0.717614,-16.511822,1.082244,-14.090983,1.469712,-5.756693,137,V,25,2
0.284570,11.144800,1.488600,0.009593,0.010842,1.244811,51.223879,0.456365,-16.171993,0.719017,-16.458462,1.083358,-14.047938,1.473113,-5.871726,138,V,25,2
0.284780,8.817720,1.584800,0.011389,0.010424,1.187095,49.889468,0.456399,-16.008071,0.717003,-16.413492,1.082919,-14.094282,1.470862,-5.755673,139,V,25,2
0.281900,11.144800,1.492660,0.009567,0.013211,1.238660,51.085235,0.457141,-15.931633,0.715590,-16.500299,1.081954,-14.015451,1.473131,-5.885812,140,V,25,2
0.283230,11.144800,1.486440,0.009607,0.011091,1.362512,53.723619,0.457163,-16.065135,0.715834,-16.372902,1.081239,-14.072127,1.466752,-5.854064,141,V,25,2
0.283530,8.817720,1.579780,0.011425,0.011829,1.192116,50.008571,0.457236,-15.889493,0.715047,-16.455167,1.079388,-14.104113,1.467323,-5.789343,142,V,25,2
0.284420,8.817720,1.577900,0.011439,0.010747,1.209786,50.423112,0.456982,-15.900547,0.715756,-16.409072,1.079018,-14.081174,1.471095,-5.765338,143,V,25,2
0.284270,8.817720,1.577520,0.011442,0.010497,1.120835,48.260910,0.457206,-15.953726,0.714640,-16.491213,1.078771,-14.159577,1.466654,-5.918750,144,V,25,2
0.285020,8.817720,1.570220,0.011495,0.010759,1.328167,53.023281,0.455894,-15.872167,0.714723,-16.338340,1.077998,-14.091324,1.468418,-5.811112,145,V,25,2
0.283830,11.144800,1.476560,0.009672,0.011632,1.147343,48.925280,0.456653,-15.982107,0.713843,-16.428552,1.077791,-14.104775,1.466420,-5.978024,146,V,25,2
0.282320,8.817720,1.574560,0.011463,0.012622,1.243117,51.185780,0.457046,-15.930117,0.714115,-16.356500,1.077121,-14.106923,1.470711,-5.842799,147,V,25,2
0.283050,8.817720,1.574880,0.011461,0.012130,1.118522,48.202110,0.456065,-16.073534,0.714847,-16.275046,1.076189,-14.196689,1.464996,-5.925752,148,V,25,2
0.283790,8.817720,1.572240,0.011480,0.011739,1.107222,47.912877,0.456504,-15.821926,0.713132,-16.375162,1.076630,-14.199433,1.465240,-5.915634,149,V,25,2
0.284970,8.817720,1.568100,0.011510,0.011455,1.237069,51.049227,0.455612,-15.899113,0.713295,-16.420330,1.075765,-14.140404,1.470185,-5.950409,150,V,25,2
0.284050,8.817720,1.568400,0.011508,0.011625,1.201450,50.228459,0.455063,-15.954636,0.712984,-16.291261,1.074140,-14.204936,1.470684,-5.790653,151,V,25,2
0.282250,8.817720,1.568960,0.011504,0.012564,1.175611,49.614790,0.455633,-15.883939,0.713246,-16.236921,1.073364,-14.255050,1.464794,-5.862192,152,V,25,2
0.282120,8.817720,1.565980,0.011526,0.012538,1.199526,50.183288,0.455876,-15.893376,0.712901,-16.214724,1.071495,-14.212010,1.465131,-5.814260,153,V,25,2
0.283230,8.817720,1.561780,0.011557,0.012178,1.192467,50.016890,0.455375,-15.802206,0.711270,-16.302794,1.070559,-14.203058,1.464606,-5.812079,154,V,25,2
0.283680,8.817720,1.565460,0.011530,0.011133,1.235823,51.020988,0.454817,-15.941721,0.712179,-16.270200,1.073237,-14.170333,1.470716,-5.942228,155,V,25,2
0.284440,8.817720,1.559440,0.011574,0.011403,1.198130,50.150471,0.455026,-15.813891,0.712382,-16.283841,1.071302,-14.301985,1.469513,-5.807675,156,V,25,2
0.283350,8.817720,1.563040,0.011548,0.012149,1.238505,51.081729,0.455725,-15.919242,0.711755,-16.228553,1.071870,-14.215904,1.472125,-5.875182,157,V,25,2
0.283120,8.817720,1.557560,0.011588,0.012253,1.407915,54.614967,0.455820,-15.807372,0.710504,-16.228639,1.068317,-14.173232,1.464983,-5.871243,158,V,25,2
0.281840,8.817720,1.560240,0.011568,0.012671,1.243205,51.187751,0.454334,-15.906004,0.711554,-16.261558,1.069972,-14.255771,1.470135,-5.903839,159,V,25,2
0.284580,8.817720,1.556120,0.011599,0.011831,1.226134,50.800283,0.455690,-15.720068,0.711342,-16.311835,1.069651,-14.234219,1.469717,-5.861694,160,V,25,2
0.284210,8.817720,1.557080,0.011592,0.011654,1.204923,50.309755,0.455530,-15.820887,0.710828,-16.242449,1.070111,-14.297827,1.472922,-5.821827,161,V,25,2
0.284540,8.817720,1.558040,0.011585,0.011626,1.316941,52.789302,0.455782,-15.931386,0.710910,-16.238642,1.071118,-14.355914,1.469804,-5.899809,162,V,25,2
0.283580,8.817720,1.555980,0.011600,0.012038,1.449223,55.393349,0.455786,-15.804652,0.709719,-16.174410,1.069906,-14.293730,1.470169,-5.899775,163,V,25,2
0.285610,8.817720,1.547460,0.011664,0.010713,1.187282,49.893905,0.454331,-15.780974,0.708947,-16.216052,1.066260,-14.373839,1.468091,-5.823234,164,V,25,2
0.284850,8.817720,1.549940,0.011645,0.011639,1.153439,49.075613,0.454861,-15.764228,0.708066,-16.154496,1.066888,-14.324865,1.464982,-6.032274,165,V,25,2
0.284450,8.817720,1.547120,0.011666,0.012057,1.186807,49.882622,0.454538,-15.827227,0.709192,-16.123460,1.065862,-14.355917,1.467981,-5.820486,166,V,25,2
0.283760,8.817720,1.552360,0.011627,0.012424,1.327674,53.013049,0.455474,-15.847493,0.709311,-16.145636,1.068191,-14.437000,1.468307,-5.925358,167,V,25,2
0.284110,8.817720,1.548100,0.011659,0.013035,1.208393,50.390691,0.454923,-15.853837,0.709509,-16.140759,1.066184,-14.387659,1.472965,-5.849094,168,V,25,2
0.284320,8.817720,1.550880,0.011638,0.012493,1.269771,51.778030,0.454938,-15.744540,0.708283,-16.190944,1.067385,-14.416531,1.469132,-5.902824,169,V,25,2
0.283590,8.817720,1.547500,0.011664,0.012212,1.211892,50.472059,0.454935,-15.696458,0.707123,-16.102313,1.065121,-14.369126,1.468675,-5.995780,170,V,25,2
0.283990,8.817720,1.547060,0.011667,0.012353,1.122235,48.296433,0.455409,-15.690003,0.707905,-16.211331,1.064498,-14.404430,1.464543,-6.029798,171,V,25,2
0.284680,8.817720,1.545220,0.011681,0.011669,1.102919,47.801871,0.454622,-15.653823,0.707353,-16.162678,1.064029,-14.506853,1.464919,-5.982537,172,V,25,2
0.284970,8.817720,1.546060,0.011674,0.011402,1.116160,48.141913,0.454982,-15.743001,0.707683,-16.140187,1.064559,-14.547832,1.468324,-5.963976,173,V,25,2
0.284580,8.817720,1.546660,0.011670,0.011459,1.451159,55.429103,0.455374,-15.755091,0.708022,-16.145097,1.066654,-14.453894,1.474091,-5.922764,174,V,25,2
0.284500,8.817720,1.543420,0.011694,0.011862,1.196642,50.115457,0.454488,-15.733707,0.707210,-16.135618,1.062742,-14.492829,1.470567,-5.882389,175,V,25,2
0.284460,8.817720,1.542240,0.011703,0.011913,1.130580,48.507172,0.454875,-15.793922,0.707044,-16.100628,1.062833,-14.544733,1.468018,-6.038895,176,V,25,2
0.284850,8.817720,1.535000,0.011759,0.011447,1.194319,50.060656,0.454514,-15.619313,0.704480,-16.073242,1.059716,-14.377526,1.464440,-6.043507,177,V,25,2
0.284980,6.975450,1.637420,0.013934,0.011829,1.245677,51.243339,0.454173,-15.559122,0.704901,-16.080185,1.058669,-14.381888,1.465712,-5.997945,178,V,25,2
0.285330,8.817720,1.528900,0.011806,0.011258,1.274388,51.879073,0.454664,-15.629194,0.703759,-16.055842,1.056987,-14.506209,1.462473,-5.894372,179,V,25,2
0.284740,11.144800,1.437340,0.009935,0.012012,1.154292,49.096583,0.454935,-15.697274,0.704829,-16.107705,1.059596,-14.466587,1.467021,-6.070651,180,V,25,2
0.283600,8.817720,1.536460,0.011747,0.012580,1.198550,50.160364,0.454043,-15.541547,0.704454,-16.040587,1.058544,-14.564672,1.465870,-5.879316,181,V,25,2
0.283860,8.817720,1.533860,0.011767,0.012623,1.213690,50.513738,0.454172,-15.547354,0.704179,-16.066956,1.059261,-14.659596,1.466057,-5.913708,182,V,25,2
0.283420,8.817720,1.532420,0.011778,0.013002,1.126691,48.409190,0.453894,-15.635284,0.704083,-16.042826,1.056978,-14.512714,1.461657,-6.070136,183,V,25,2
0.285330,8.817720,1.524840,0.011837,0.011919,1.204021,50.288670,0.453241,-15.642525,0.703649,-15.881587,1.055684,-14.635411,1.463556,-5.896112,184,V,25,2
0.284310,6.975450,1.630040,0.013997,0.012303,1.193571,50.042994,0.454609,-15.528464,0.704615,-16.013782,1.058224,-14.542921,1.468924,-6.049501,185,V,25,2
0.284840,8.817720,1.530100,0.011796,0.012034,1.206422,50.344765,0.453825,-15.606500,0.703711,-16.054206,1.057805,-14.556217,1.469044,-6.027940,186,V,25,2
0.284980,6.975450,1.626120,0.014031,0.011184,1.430808,55.050072,0.453762,-15.713229,0.703242,-16.092875,1.057175,-14.554362,1.467348,-5.972399,187,V,25,2
0.284920,8.817720,1.524280,0.011841,0.011751,1.170923,49.501772,0.454641,-15.625224,0.701486,-15.965156,1.053824,-14.581525,1.461560,-5.878137,188,V,25,2
0.284770,8.817720,1.516240,0.011904,0.012188,1.397910,54.421827,0.453300,-15.497738,0.701644,-15.897553,1.051561,-14.505675,1.459918,-5.931370,189,V,25,2
0.285760,8.817720,1.518180,0.011889,0.011549,1.150996,49.015484,0.453418,-15.674622,0.700777,-15.912631,1.052014,-14.548155,1.458766,-6.105488,190,V,25,2
0.284190,8.817720,1.515220,0.011912,0.013054,1.185531,49.852234,0.452565,-15.585024,0.700568,-15.855690,1.049980,-14.551460,1.460150,-5.903331,191,V,25,2
0.284040,8.817720,1.513760,0.011924,0.012485,1.211825,50.470503,0.452861,-15.614127,0.700486,-15.922897,1.049400,-14.523461,1.461902,-5.954778,192,V,25,2
0.284690,8.817720,1.513100,0.011929,0.011622,1.236048,51.026103,0.452393,-15.532570,0.700172,-15.848103,1.048408,-14.605398,1.458219,-5.930144,193,V,25,2
0.284720,8.817720,1.509840,0.011955,0.011104,1.279141,51.982596,0.452715,-15.440153,0.699476,-15.889342,1.046337,-14.604981,1.454857,-5.941595,194,V,25,2
0.283580,8.817720,1.513440,0.011926,0.013420,1.188245,49.916802,0.452096,-15.527880,0.698604,-15.758540,1.047790,-14.574525,1.458686,-6.069466,195,V,25,2
0.285910,6.975450,1.618560,0.014097,0.011405,1.224751,50.768627,0.453473,-15.574390,0.700853,-15.997241,1.050795,-14.549339,1.467960,-5.995431,196,V,25,2
0.284370,8.817720,1.512460,0.011934,0.011876,1.261740,51.601188,0.453869,-15.608754,0.699945,-15.882655,1.048620,-14.666894,1.463043,-5.922352,197,V,25,2
0.285990,8.817720,1.512380,0.011934,0.011612,1.207394,50.367414,0.453338,-15.498678,0.701480,-15.913618,1.051078,-14.677957,1.473679,-5.971367,198,V,25,2
0.285550,8.817720,1.522840,0.011852,0.011107,1.410150,54.657850,0.454174,-15.652048,0.704093,-15.950881,1.055810,-14.786563,1.477328,-5.985549,199,V,25,2
0.285450,8.817720,1.514820,0.011915,0.011617,1.165552,49.371640,0.453935,-15.448039,0.700999,-15.926404,1.050637,-14.762393,1.468066,-5.902347,200,V,25,2
0.286490,8.817720,1.507140,0.011976,0.011295,1.107775,47.927115,0.452468,-15.306219,0.699646,-15.896776,1.048130,-14.753244,1.459683,-6.017033,201,V,25,2
0.286190,6.975450,1.610340,0.014169,0.010806,1.205226,50.316839,0.454395,-15.382285,0.699871,-15.908736,1.048096,-14.619666,1.465598,-6.057541,202,V,25,2
0.285650,8.817720,1.513600,0.011925,0.011486,1.203631,50.279550,0.454027,-15.441237,0.702245,-15.934255,1.051233,-14.761678,1.475765,-5.919551,203,V,25,2
0.285180,8.817720,1.518880,0.011883,0.011884,1.377316,54.018492,0.454261,-15.543111,0.702532,-15.913392,1.053619,-14.798251,1.473465,-5.984458,204,V,25,2
0.284710,8.817720,1.518240,0.011888,0.012125,1.250317,51.347277,0.454925,-15.571164,0.701672,-15.903400,1.052392,-14.805844,1.476752,-5.917226,205,V,25,2
0.286700,6.975450,1.614640,0.014131,0.011578,1.450517,55.417252,0.453786,-15.433228,0.701301,-15.824383,1.051419,-14.730997,1.473730,-5.985556,206,V,25,2
0.285550,6.975450,1.612820,0.014147,0.012339,1.222540,50.717896,0.453873,-15.469113,0.699881,-15.821905,1.046971,-14.691819,1.469416,-6.056996,207,V,25,2
0.285690,8.817720,1.508280,0.011967,0.012258,1.146645,48.908012,0.453048,-15.449797,0.698782,-15.845441,1.047401,-14.776184,1.465878,-6.112304,208,V,25,2
0.287990,6.975450,1.609580,0.014175,0.010560,1.449885,55.405583,0.453533,-15.400859,0.699504,-15.851321,1.049805,-14.785606,1.473030,-5.992834,209,V,25,2
0.284640,6.975450,1.615560,0.014123,0.012447,1.188528,49.923529,0.454887,-15.417423,0.700152,-15.810712,1.050132,-14.813896,1.476167,-6.085420,210,V,25,2
0.286430,6.975450,1.607760,0.014191,0.011649,1.187889,49.908333,0.453246,-15.554275,0.699391,-15.867081,1.049854,-14.792965,1.474905,-6.095117,211,V,25,2
0.285620,6.975450,1.611060,0.014162,0.011912,1.217145,50.593661,0.453438,-15.448059,0.697832,-15.799899,1.046661,-14.773280,1.472972,-6.057860,212,V,25,2
0.285140,8.817720,1.485900,0.012147,0.012012,1.236600,51.038609,0.451564,-15.411504,0.693180,-15.577327,1.035575,-14.747787,1.444006,-6.020034,213,V,25,2
0.285150,8.817720,1.486720,0.012140,0.012042,1.097111,47.651313,0.451401,-15.281867,0.692619,-15.634973,1.035462,-14.783599,1.445737,-6.096577,214,V,25,2
0.286220,8.817720,1.483980,0.012163,0.011663,1.198718,50.164298,0.451721,-15.328942,0.692879,-15.643610,1.036678,-14.734932,1.453279,-6.121455,215,V,25,2
0.286640,8.817720,1.481580,0.012183,0.011153,1.094798,47.591091,0.451772,-15.183429,0.692526,-15.709012,1.035558,-14.770545,1.447044,-6.121783,216,V,25,2
0.284980,8.817720,1.484300,0.012160,0.011664,1.219513,50.648275,0.451737,-15.208335,0.693424,-15.656015,1.035199,-14.797760,1.447752,-5.992977,217,V,25,2
0.287110,6.975450,1.582060,0.014422,0.010701,1.206479,50.346092,0.450483,-15.345142,0.690993,-15.579827,1.034247,-14.694530,1.452785,-6.107973,218,V,25,2
0.285830,8.817720,1.479040,0.012203,0.011558,1.223608,50.742421,0.451294,-15.351610,0.691146,-15.560051,1.032535,-14.857165,1.446629,-6.003270,219,V,25,2
0.286340,8.817720,1.476020,0.012228,0.011341,1.100555,47.740690,0.450810,-15.245933,0.690364,-15.606986,1.031370,-14.846374,1.442993,-6.086583,220,V,25,2
0.284880,8.817720,1.479140,0.012203,0.012421,1.175213,49.605226,0.450530,-15.352853,0.691517,-15.544851,1.032639,-14.894377,1.449910,-5.968965,221,V,25,2
0.286290,8.817720,1.472640,0.012257,0.010753,1.241772,51.155468,0.449929,-15.288976,0.691126,-15.667902,1.030480,-14.831508,1.447012,-5.995712,222,V,25,2
0.286000,8.817720,1.474800,0.012239,0.011364,1.165262,49.364599,0.450900,-15.449716,0.690867,-15.649202,1.031493,-14.860594,1.451441,-5.947504,223,V,25,2
0.284640,8.817720,1.471320,0.012268,0.012384,1.140114,48.745835,0.450127,-15.144580,0.689700,-15.585512,1.028845,-14.911630,1.442662,-6.041395,224,V,25,2
0.284030,8.817720,1.472120,0.012261,0.013384,1.362068,53.714715,0.449820,-15.232291,0.690255,-15.557763,1.029397,-14.838377,1.448065,-6.004923,225,V,25,2
0.284990,8.817720,1.469480,0.012283,0.012023,1.174180,49.580363,0.450075,-15.200858,0.689041,-15.572089,1.029137,-14.873271,1.450213,-5.952434,226,V,25,2
0.284950,6.975450,1.573240,0.014503,0.012238,1.157159,49.166896,0.449709,-15.168648,0.690154,-15.556758,1.032114,-14.830025,1.452846,-6.170653,227,V,25,2
0.284680,6.975450,1.575320,0.014484,0.011825,1.440482,55.231159,0.450738,-15.216475,0.690855,-15.570711,1.030801,-14.860788,1.452007,-6.053087,228,V,25,2
0.284170,6.975450,1.580000,0.014441,0.012509,1.420574,54.856722,0.451255,-15.218678,0.690164,-15.520900,1.028985,-14.895014,1.451654,-6.030470,229,V,25,2
0.284680,8.817720,1.472380,0.012259,0.012333,1.171801,49.522981,0.450149,-15.235671,0.688127,-15.514874,1.029349,-15.011262,1.450360,-5.985070,230,V,25,2
0.285720,6.975450,1.589880,0.014351,0.011678,1.189463,49.945720,0.451548,-15.350273,0.693919,-15.562823,1.038102,-15.001007,1.472914,-6.105306,231,V,25,2
0.286740,6.975450,1.579760,0.014443,0.011780,1.388207,54.232761,0.451127,-15.328540,0.693070,-15.596509,1.036576,-15.018349,1.467165,-6.043183,232,V,25,2
0.286390,8.817720,1.488740,0.012124,0.011406,1.104803,47.850523,0.452418,-15.402075,0.694586,-15.641125,1.039053,-15.128723,1.475075,-6.138063,233,V,25,2
0.285290,8.817720,1.493780,0.012083,0.012235,1.148035,48.942380,0.453839,-15.357318,0.696984,-15.749022,1.040901,-15.231180,1.483492,-5.988679,234,V,25,2
0.284530,6.975450,1.610580,0.014167,0.012866,1.267548,51.729225,0.453443,-15.358845,0.697176,-15.716064,1.042624,-15.211948,1.486940,-5.968898,235,V,25,2
0.286190,8.817720,1.492060,0.012097,0.011699,1.177908,49.669995,0.453706,-15.365287,0.696838,-15.683010,1.042018,-15.189540,1.489374,-5.926576,236,V,25,2
0.286020,6.975450,1.590540,0.014345,0.012449,1.212120,50.477350,0.451929,-15.133312,0.693065,-15.573412,1.033886,-14.964047,1.469163,-6.063988,237,V,25,2
0.287260,8.817720,1.476300,0.012226,0.011542,1.166806,49.402091,0.451844,-15.122437,0.691676,-15.573161,1.033345,-15.147334,1.463675,-5.971282,238,V,25,2
0.285950,8.817720,1.488920,0.012123,0.012709,1.080904,47.226498,0.452989,-15.192366,0.693664,-15.668634,1.038910,-15.172779,1.476191,-6.129447,239,V,25,2
0.286090,6.975450,1.594040,0.014314,0.012202,1.393488,54.335885,0.453769,-15.402732,0.697161,-15.642439,1.043457,-15.216528,1.487651,-6.020253,240,V,25,2
0.286010,8.817720,1.489520,0.012118,0.012012,1.306573,52.570958,0.453349,-15.370541,0.696637,-15.672505,1.040938,-15.225253,1.486898,-5.963676,241,V,25,2
0.286530,6.975450,1.602880,0.014235,0.012080,1.348787,53.446514,0.453077,-15.195296,0.695525,-15.588390,1.038383,-15.094586,1.483520,-5.982969,242,V,25,2
0.286650,8.817720,1.475500,0.012233,0.012109,1.316663,52.783482,0.450574,-15.372974,0.691093,-15.552106,1.032945,-15.080702,1.462395,-6.068205,243,V,25,2
0.286640,8.817720,1.470580,0.012274,0.012442,1.101439,47.763582,0.451228,-15.145931,0.690007,-15.511075,1.031113,-15.041530,1.459685,-6.182913,244,V,25,2
0.287490,8.817720,1.465520,0.012316,0.012001,1.176424,49.634344,0.452891,-15.242798,0.691292,-15.526413,1.029471,-15.074921,1.465682,-5.998009,245,V,25,2
0.286470,8.817720,1.481300,0.012185,0.011877,1.157901,49.185072,0.454917,-15.331397,0.694032,-15.518699,1.036096,-15.245723,1.482030,-5.940259,246,V,25,2
0.285790,8.817720,1.481660,0.012182,0.012597,1.109583,47.973569,0.453235,-15.167309,0.693527,-15.545246,1.035981,-15.266435,1.477269,-6.062041,247,V,25,2
0.287200,6.975450,1.590060,0.014349,0.011664,1.433427,55.099266,0.454449,-15.291676,0.694083,-15.586731,1.037178,-15.110623,1.483197,-6.026072,248,V,25,2
0.286420,8.817720,1.467280,0.012301,0.012797,1.247391,51.281772,0.452320,-15.133610,0.689366,-15.502749,1.028537,-15.070995,1.462756,-6.015452,249,V,25,2
0.287850,8.817720,1.463540,0.012333,0.011378,1.078373,47.159524,0.451453,-14.947139,0.689462,-15.411259,1.028442,-15.121556,1.460156,-6.159100,250,V,25,2
0.268590,14.068130,1.651360,0.006851,0.007774,1.340051,53.268217,0.478554,-17.949567,0.781726,-18.052574,1.199269,-13.685635,1.598095,-5.137641,1,V,25,3
0.276160,14.068130,1.664680,0.006796,0.006172,1.226757,50.814547,0.487060,-17.902175,0.793610,-17.865004,1.216547,-13.694942,1.622659,-5.317172,2,V,25,3
0.279460,11.144800,1.766900,0.008082,0.005657,1.441655,55.252995,0.491096,-17.731606,0.800311,-17.851123,1.221532,-13.737130,1.637427,-5.216161,3,V,25,3
0.278000,11.144800,1.778920,0.008028,0.007350,1.308200,52.605371,0.492831,-17.763665,0.802452,-17.796487,1.226511,-13.817058,1.644814,-5.231603,4,V,25,3
0.281200,11.144800,1.773800,0.008051,0.005770,1.357866,53.630221,0.492694,-17.738121,0.803015,-17.848417,1.228346,-13.889064,1.652929,-5.263152,5,V,25,3
0.280020,11.144800,1.779580,0.008025,0.006675,1.318609,52.824233,0.494897,-17.751701,0.804778,-17.876811,1.230831,-13.964263,1.661647,-5.253977,6,V,25,3
0.281950,11.144800,1.775860,0.008042,0.005964,1.414555,54.742124,0.494259,-17.641537,0.803830,-17.776927,1.229857,-13.929698,1.661449,-5.322265,7,V,25,3
0.281520,11.144800,1.773420,0.008053,0.005791,1.280079,52.002991,0.493637,-17.607534,0.802594,-17.810236,1.228342,-13.951564,1.661096,-5.443716,8,V,25,3
0.282230,8.817720,1.869400,0.009655,0.006347,1.326347,52.985504,0.492115,-17.583438,0.800670,-17.760476,1.225210,-13.945498,1.663969,-5.316258,9,V,25,3
0.280940,11.144800,1.770340,0.008067,0.006523,1.583716,57.730609,0.494954,-17.744735,0.800684,-17.803356,1.225768,-13.959352,1.663618,-5.373438,10,V,25,3
0.281700,11.144800,1.765900,0.008087,0.007035,1.248104,51.297749,0.492952,-17.584441,0.800850,-17.795768,1.226315,-14.038642,1.668001,-5.480683,11,V,25,3
0.282290,11.144800,1.769940,0.008068,0.005730,1.594492,57.905755,0.492495,-17.617635,0.800622,-17.866219,1.227215,-14.072591,1.674139,-5.382783,12,V,25,3
0.280290,11.144800,1.764340,0.008094,0.007225,1.318298,52.817723,0.492841,-17.636984,0.799466,-17.756911,1.223074,-14.096154,1.670510,-5.490164,13,V,25,3
0.281980,8.817720,1.862320,0.009692,0.006580,1.416541,54.780009,0.492644,-17.541798,0.797400,-17.688280,1.221318,-14.164185,1.664504,-5.406223,14,V,25,3
0.281470,8.817720,1.846800,0.009773,0.007438,1.542898,57.051485,0.490745,-17.519922,0.794823,-17.648818,1.213908,-14.018914,1.658632,-5.449299,15,V,25,3
0.282710,8.817720,1.848600,0.009764,0.005659,1.445354,55.321729,0.490884,-17.648277,0.796177,-17.783769,1.216018,-14.124053,1.667651,-5.396252,16,V,25,3
0.283180,8.817720,1.848700,0.009763,0.006566,1.499308,56.297735,0.490444,-17.511623,0.795710,-17.734107,1.217482,-14.178184,1.670844,-5.416969,17,V,25,3
0.282240,8.817720,1.842560,0.009796,0.007256,1.328716,53.034647,0.489870,-17.587997,0.794505,-17.715463,1.212993,-14.172384,1.669216,-5.444530,18,V,25,3
0.283160,8.817720,1.834120,0.009841,0.006022,1.390822,54.283889,0.490115,-17.377389,0.789916,-17.625334,1.209085,-14.193188,1.656761,-5.498206,19,V,25,3
0.281340,8.817720,1.828800,0.009870,0.007408,1.310759,52.659383,0.489842,-17.567301,0.791013,-17.573607,1.204588,-14.163116,1.658999,-5.445553,20,V,25,3
0.282170,8.817720,1.825560,0.009887,0.006881,1.293470,52.291880,0.488824,-17.370319,0.787865,-17.614492,1.204301,-14.329902,1.654349,-5.461248,21,V,25,3
0.280620,8.817720,1.825300,0.009888,0.007763,1.239729,51.109373,0.487693,-17.417581,0.787627,-17.618451,1.202585,-14.258490,1.653804,-5.634759,22,V,25,3
0.282550,6.975450,1.923500,0.011862,0.006694,1.564519,57.414336,0.486556,-17.376303,0.786425,-17.599002,1.200615,-14.216660,1.656406,-5.537616,23,V,25,3
0.280780,8.817720,1.817060,0.009933,0.007835,1.374303,53.958805,0.485988,-17.388930,0.785434,-17.550576,1.198324,-14.301364,1.655606,-5.475175,24,V,25,3
0.281780,6.975450,1.919020,0.011890,0.007473,1.289280,52.201892,0.486780,-17.410649,0.785146,-17.496787,1.201481,-14.296542,1.659234,-5.646062,25,V,25,3
0.280580,8.817720,1.805360,0.009998,0.008231,1.480542,55.963802,0.485806,-17.307713,0.783205,-17.505044,1.193642,-14.317515,1.653113,-5.527486,26,V,25,3
0.280900,8.817720,1.807360,0.009987,0.007649,1.444948,55.314197,0.485282,-17.303112,0.781966,-17.484463,1.194323,-14.324325,1.650913,-5.585301,27,V,25,3
0.281940,8.817720,1.800540,0.010024,0.006432,1.416987,54.788508,0.484650,-17.182901,0.780335,-17.475020,1.191251,-14.363158,1.649152,-5.590231,28,V,25,3
0.282840,6.975450,1.901640,0.011998,0.005729,1.286321,52.138121,0.484248,-17.335324,0.781685,-17.538021,1.191425,-14.334071,1.656033,-5.660972,29,V,25,3
0.282370,8.817720,1.792480,0.010070,0.007393,1.406971,54.596808,0.483880,-17.336557,0.780387,-17.511392,1.188907,-14.442415,1.656757,-5.544679,30,V,25,3
0.281050,6.975450,1.899040,0.012015,0.008304,1.534852,56.914606,0.483254,-17.292021,0.778175,-17.466810,1.187400,-14.386186,1.654266,-5.591415,31,V,25,3
0.281040,8.817720,1.790240,0.010082,0.007512,1.237132,51.050652,0.482821,-17.265287,0.777436,-17.471704,1.186186,-14.422290,1.650500,-5.701270,32,V,25,3
0.281160,8.817720,1.783100,0.010123,0.007800,1.290004,52.217475,0.481935,-17.153009,0.776710,-17.399916,1.182075,-14.538220,1.649327,-5.564628,33,V,25,3
0.281400,6.975450,1.891520,0.012062,0.007229,1.342169,53.311584,0.482703,-17.278374,0.774898,-17.426424,1.180316,-14.458671,1.652151,-5.634131,34,V,25,3
0.280790,8.817720,1.780440,0.010138,0.008789,1.185005,49.839697,0.479956,-17.168561,0.774104,-17.451058,1.180402,-14.559940,1.648634,-5.680702,35,V,25,3
0.281310,8.817720,1.773620,0.010177,0.007897,1.312397,52.693877,0.482597,-17.211647,0.774264,-17.328482,1.178227,-14.523161,1.654344,-5.562266,36,V,25,3
0.280190,8.817720,1.773720,0.010176,0.008764,1.267264,51.722965,0.482245,-17.163626,0.773185,-17.346877,1.177025,-14.656821,1.650207,-5.562815,37,V,25,3
0.280130,8.817720,1.770440,0.010195,0.008613,1.402724,54.514987,0.481375,-17.089092,0.772279,-17.288091,1.175723,-14.606224,1.646008,-5.645101,38,V,25,3
0.281090,8.817720,1.758860,0.010262,0.008010,1.288773,52.190982,0.480257,-16.942938,0.770298,-17.359209,1.170673,-14.655542,1.641113,-5.610402,39,V,25,3
0.281030,8.817720,1.752300,0.010300,0.007543,1.295365,52.332466,0.479813,-17.107032,0.768899,-17.280345,1.167669,-14.561784,1.644637,-5.601895,40,V,25,3
0.282330,6.975450,1.865800,0.012229,0.007326,1.498056,56.275626,0.480562,-17.000109,0.769760,-17.243689,1.168596,-14.564730,1.646285,-5.623659,41,V,25,3
0.282610,8.817720,1.748700,0.010322,0.007822,1.249737,51.334300,0.478973,-17.134389,0.768517,-17.282527,1.166686,-14.679770,1.644505,-5.634599,42,V,25,3
0.283580,8.817720,1.750280,0.010312,0.006705,1.192065,50.007382,0.480005,-17.028972,0.769509,-17.257080,1.168940,-14.677189,1.647430,-5.768717,43,V,25,3
0.282240,8.817720,1.744920,0.010344,0.007922,1.294451,52.312899,0.478635,-17.128720,0.768429,-17.261662,1.165377,-14.671720,1.650256,-5.645262,44,V,25,3
0.281310,8.817720,1.748760,0.010321,0.007765,1.202562,50.254516,0.478762,-17.100376,0.767892,-17.336326,1.165741,-14.779191,1.646563,-5.687503,45,V,25,3
0.282680,8.817720,1.737260,0.010390,0.008163,1.288759,52.190674,0.478946,-16.966962,0.765773,-17.191990,1.162306,-14.752880,1.644865,-5.646651,46,V,25,3
0.283130,6.975450,1.857180,0.012286,0.007705,1.301664,52.466816,0.479357,-17.051093,0.767007,-17.240538,1.164181,-14.710015,1.654983,-5.719292,47,V,25,3
0.282940,8.817720,1.737980,0.010385,0.008336,1.269304,51.767780,0.478861,-17.075627,0.767191,-17.208425,1.162279,-14.824030,1.656176,-5.616887,48,V,25,3
0.282820,8.817720,1.739720,0.010375,0.007940,1.277670,51.950603,0.478889,-16.918496,0.766866,-17.258096,1.163440,-14.933061,1.653671,-5.644979,49,V,25,3
0.283780,8.817720,1.731020,0.010427,0.006977,1.282825,52.062536,0.477975,-16.980474,0.765101,-17.149742,1.159942,-14.887471,1.649877,-5.647443,50,V,25,3
0.282580,6.975450,1.842620,0.012383,0.008253,1.523911,56.726867,0.478400,-16.946333,0.763863,-17.177498,1.160097,-14.802692,1.651751,-5.712116,51,V,25,3
0.283180,8.817720,1.726620,0.010454,0.008178,1.253045,51.408179,0.478339,-16.958300,0.764266,-17.097674,1.157731,-14.893556,1.652933,-5.632080,52,V,25,3
0.284040,6.975450,1.834000,0.012441,0.007716,1.263222,51.633931,0.478040,-16.929541,0.763817,-17.142129,1.159645,-14.885113,1.656704,-5.816271,53,V,25,3
0.283660,8.817720,1.728320,0.010443,0.008166,1.240159,51.119094,0.478927,-16.914381,0.765079,-17.131431,1.159177,-14.938714,1.658530,-5.685215,54,V,25,3
0.284470,8.817720,1.719920,0.010494,0.006780,1.267214,51.721865,0.478869,-16.697013,0.762788,-17.164848,1.155694,-14.971832,1.654673,-5.692381,55,V,25,3
0.282580,6.975450,1.830280,0.012466,0.008077,1.463955,55.663755,0.477838,-16.903155,0.762128,-17.091001,1.156083,-14.899092,1.654436,-5.744727,56,V,25,3
0.282740,6.975450,1.836960,0.012421,0.008804,1.281833,52.041043,0.477778,-16.852750,0.761235,-17.030319,1.152541,-14.875595,1.655796,-5.683558,57,V,25,3
0.283830,6.975450,1.821480,0.012526,0.008054,1.438017,55.185163,0.477919,-16.903840,0.760979,-17.079607,1.153550,-15.000082,1.654331,-5.745877,58,V,25,3
0.284380,8.817720,1.710280,0.010554,0.007734,1.269597,51.774218,0.476895,-16.835224,0.759791,-17.044306,1.150711,-15.039724,1.652174,-5.701367,59,V,25,3
0.283870,8.817720,1.712220,0.010542,0.008438,1.292476,52.270574,0.477001,-16.744711,0.760381,-17.116318,1.151633,-15.055997,1.655385,-5.700967,60,V,25,3
0.283510,8.817720,1.708320,0.010566,0.008264,1.183035,49.792706,0.476986,-16.797585,0.758857,-17.038062,1.149288,-15.087190,1.652012,-5.774752,61,V,25,3
0.282940,6.975450,1.811040,0.012599,0.008052,1.507379,56.439578,0.475566,-16.728035,0.756152,-16.928312,1.146578,-14.955386,1.649329,-5.763796,62,V,25,3
0.281450,8.817720,1.699580,0.010620,0.009403,1.234559,50.992315,0.475396,-16.763930,0.755675,-16.917753,1.142687,-15.109373,1.646345,-5.702333,63,V,25,3
0.282830,6.975450,1.795920,0.012705,0.007822,1.439191,55.207081,0.475496,-16.821290,0.754607,-16.876522,1.140379,-15.021902,1.640819,-5.799201,64,V,25,3
0.282940,6.975450,1.800780,0.012670,0.008749,1.284261,52.093609,0.473723,-16.702495,0.754720,-16.877002,1.140306,-15.021829,1.647313,-5.854275,65,V,25,3
0.283600,5.517300,1.911160,0.015094,0.008453,1.298706,52.403827,0.473304,-16.751090,0.755381,-16.963949,1.140866,-15.151344,1.647949,-5.738174,66,V,25,3
0.291120,6.975450,1.804260,0.012646,0.007362,1.268056,51.740371,0.482257,-16.710691,0.761710,-16.865827,1.150959,-15.029506,1.665621,-5.845561,67,V,25,3
0.289340,8.817720,1.691080,0.010673,0.008799,1.249445,51.327778,0.481928,-16.519591,0.761550,-16.826127,1.145719,-15.060516,1.661346,-5.676259,68,V,25,3
0.288960,8.817720,1.687820,0.010694,0.009126,1.236255,51.030794,0.481558,-16.488248,0.759853,-16.764713,1.143881,-15.129183,1.654946,-5.700591,69,V,25,3
0.291240,6.975450,1.796260,0.012702,0.007884,1.282285,52.050827,0.480066,-16.426519,0.758091,-16.699479,1.140133,-15.031020,1.655204,-5.748773,70,V,25,3
0.290360,6.975450,1.797900,0.012691,0.008398,1.401234,54.486193,0.479920,-16.418869,0.758193,-16.669894,1.139259,-15.039752,1.653490,-5.737857,71,V,25,3
0.290450,6.975450,1.793780,0.012720,0.008583,1.379285,54.057387,0.479420,-16.515604,0.758669,-16.750808,1.139721,-15.048200,1.655821,-5.737877,72,V,25,3
0.290580,6.975450,1.790860,0.012740,0.008857,1.487335,56.085350,0.480923,-16.323857,0.759391,-16.764806,1.142211,-15.076238,1.661755,-5.764070,73,V,25,3
0.290770,5.517300,1.901480,0.015171,0.008417,1.167654,49.422652,0.480532,-16.468399,0.757827,-16.708929,1.141587,-15.176769,1.657282,-5.863125,74,V,25,3
0.289340,6.975450,1.781060,0.012811,0.009272,1.318034,52.812190,0.480650,-16.360116,0.757343,-16.713002,1.140600,-15.205434,1.658150,-5.790119,75,V,25,3
0.289800,6.975450,1.790980,0.012740,0.008878,1.307691,52.594621,0.480257,-16.418286,0.756727,-16.660082,1.138628,-15.203056,1.663315,-5.818002,76,V,25,3
0.290720,6.975450,1.783700,0.012792,0.008852,1.254216,51.434261,0.478987,-16.323980,0.755742,-16.618307,1.135049,-15.210511,1.660370,-5.756379,77,V,25,3
0.290130,5.517300,1.891260,0.015253,0.008721,1.245559,51.240687,0.480252,-16.387443,0.756915,-16.643074,1.137252,-15.314475,1.663781,-5.721682,78,V,25,3
0.290900,6.975450,1.787040,0.012768,0.008200,1.327337,53.006066,0.479677,-16.435030,0.756411,-16.702000,1.135075,-15.275155,1.663266,-5.740532,79,V,25,3
0.291890,6.975450,1.767420,0.012909,0.007487,1.279458,51.989497,0.479939,-16.261064,0.754905,-16.620840,1.134289,-15.232941,1.664464,-5.868816,80,V,25,3
0.289010,6.975450,1.771720,0.012878,0.009264,1.354945,53.571283,0.479514,-16.361454,0.754476,-16.588917,1.135099,-15.319730,1.661901,-5.813721,81,V,25,3
0.289930,6.975450,1.774280,0.012860,0.008348,1.297071,52.368930,0.479476,-16.120214,0.754145,-16.604499,1.132801,-15.217845,1.664488,-5.840590,82,V,25,3
0.289230,5.517300,1.882820,0.015321,0.008555,1.311094,52.666438,0.477980,-16.210847,0.752967,-16.544362,1.130465,-15.331443,1.656996,-5.781155,83,V,25,3
0.290390,5.517300,1.893140,0.015237,0.008869,1.160960,49.259827,0.479797,-16.276322,0.754016,-16.614847,1.133940,-15.360819,1.667293,-5.888351,84,V,25,3
0.290690,6.975450,1.769040,0.012898,0.008717,1.363420,53.741831,0.478552,-16.177981,0.752128,-16.580423,1.126718,-15.253538,1.659051,-5.767485,85,V,25,3
0.288960,6.975450,1.766040,0.012920,0.009658,1.255494,51.462695,0.477300,-16.211507,0.750769,-16.517614,1.124009,-15.309803,1.657595,-5.774505,86,V,25,3
0.289210,6.975450,1.750000,0.013038,0.009534,1.479103,55.937950,0.477637,-16.216566,0.749980,-16.523355,1.124967,-15.294202,1.654672,-5.846107,87,V,25,3
0.290660,6.975450,1.741300,0.013103,0.008419,1.190833,49.978194,0.476985,-16.152881,0.748568,-16.460216,1.123357,-15.317605,1.649897,-5.945052,88,V,25,3
0.290200,6.975450,1.742240,0.013096,0.009197,1.433378,55.098340,0.478090,-16.045067,0.749140,-16.465403,1.122652,-15.342179,1.653020,-5.854599,89,V,25,3
0.290520,6.975450,1.770940,0.012884,0.009921,1.277674,51.950710,0.478342,-16.242737,0.752646,-16.558105,1.127563,-15.460799,1.676663,-5.786179,90,V,25,3
0.290040,5.517300,1.875060,0.015384,0.009253,1.278320,51.964753,0.479041,-16.189472,0.751078,-16.503754,1.127635,-15.552175,1.669385,-5.787101,91,V,25,3
0.293210,6.975450,1.762100,0.012948,0.008307,1.268299,51.745720,0.477549,-16.232910,0.751203,-16.481234,1.124487,-15.451155,1.674340,-5.774021,92,V,25,3
0.291800,5.517300,1.862580,0.015487,0.008554,1.198391,50.156611,0.478075,-16.303316,0.748465,-16.462468,1.124151,-15.560774,1.667206,-5.838831,93,V,25,3
0.290810,5.517300,1.857920,0.015526,0.009225,1.206832,50.354308,0.477095,-16.252766,0.748731,-16.481500,1.122724,-15.600573,1.666508,-5.771588,94,V,25,3
0.291750,6.975450,1.749000,0.013045,0.008487,1.312725,52.700792,0.476983,-16.164760,0.747819,-16.311562,1.116945,-15.479173,1.662705,-5.799085,95,V,25,3
0.290650,5.517300,1.867360,0.015448,0.008808,1.247584,51.286102,0.477636,-16.313245,0.749013,-16.384187,1.123229,-15.618837,1.671282,-5.797941,96,V,25,3
0.291600,5.517300,1.855420,0.015547,0.008470,1.225023,50.774859,0.478177,-16.179893,0.747970,-16.424747,1.120170,-15.607042,1.675433,-5.755881,97,V,25,3
0.291310,6.975450,1.740620,0.013108,0.009908,1.472455,55.818080,0.477441,-16.121252,0.749027,-16.399923,1.121404,-15.527919,1.672710,-5.854971,98,V,25,3
0.291830,5.517300,1.849440,0.015597,0.008262,1.218082,50.615272,0.477494,-16.053395,0.747310,-16.458480,1.117624,-15.603219,1.672387,-5.782648,99,V,25,3
0.293520,6.975450,1.732980,0.013166,0.008125,1.242600,51.174132,0.476767,-16.316625,0.746623,-16.361935,1.118429,-15.509285,1.672216,-5.946056,100,V,25,3
0.292350,5.517300,1.845260,0.015633,0.008274,1.198152,50.150996,0.478158,-16.229266,0.746669,-16.378775,1.115433,-15.714828,1.671752,-5.765566,101,V,25,3
0.292100,6.975450,1.746260,0.013066,0.008392,1.225538,50.786646,0.477627,-16.097017,0.746754,-16.391242,1.115858,-15.642714,1.677307,-5.793433,102,V,25,3
0.291780,5.517300,1.860980,0.015501,0.007890,1.135957,48.642057,0.477704,-15.969458,0.745553,-16.316191,1.118866,-15.647486,1.675499,-5.961135,103,V,25,3
0.292000,6.975450,1.744520,0.013079,0.009295,1.265519,51.684575,0.477295,-16.160780,0.746722,-16.365375,1.116552,-15.627339,1.682437,-5.819810,104,V,25,3
0.292160,6.975450,1.724380,0.013232,0.008441,1.462529,55.637750,0.476464,-16.143862,0.745646,-16.379495,1.114147,-15.635172,1.672641,-5.874671,105,V,25,3
0.291940,6.975450,1.724320,0.013232,0.008177,1.239349,51.100790,0.475649,-16.257003,0.743015,-16.349006,1.113276,-15.642355,1.673187,-5.970116,106,V,25,3
0.291880,6.975450,1.732460,0.013170,0.008821,1.258423,51.527746,0.476616,-15.912938,0.744011,-16.323946,1.110150,-15.717195,1.675816,-5.830160,107,V,25,3
0.292780,6.975450,1.733740,0.013160,0.008564,1.286410,52.140044,0.477079,-15.992478,0.743952,-16.253004,1.110290,-15.683693,1.677303,-5.849309,108,V,25,3
0.292080,5.517300,1.841720,0.015663,0.008188,1.140017,48.743411,0.476612,-16.081881,0.743364,-16.320109,1.111393,-15.779005,1.671973,-5.959515,109,V,25,3
0.291660,5.517300,1.828180,0.015779,0.009002,1.302200,52.478216,0.476410,-16.040546,0.742407,-16.195116,1.107110,-15.753810,1.671851,-5.833833,110,V,25,3
0.291530,5.517300,1.824500,0.015811,0.009105,1.272011,51.827111,0.476266,-15.929995,0.741985,-16.220312,1.106447,-15.819928,1.672019,-5.833962,111,V,25,3
0.291520,5.517300,1.837520,0.015699,0.009122,1.346927,53.408662,0.476979,-15.945261,0.741027,-16.210476,1.108048,-15.778987,1.671670,-5.880154,112,V,25,3
0.290570,5.517300,1.840380,0.015674,0.009635,1.170070,49.481143,0.475393,-15.906206,0.740040,-16.227069,1.104702,-15.807038,1.670071,-6.007814,113,V,25,3
0.290890,5.517300,1.824320,0.015812,0.009662,1.213260,50.503784,0.476268,-16.014333,0.741174,-16.205286,1.105163,-15.831904,1.676551,-5.812668,114,V,25,3
0.291620,6.975450,1.718920,0.013274,0.009655,1.406565,54.589001,0.476572,-15.839295,0.740564,-16.238331,1.104040,-15.770199,1.674734,-5.850849,115,V,25,3
0.291750,6.975450,1.716520,0.013292,0.008708,1.390168,54.271117,0.475897,-16.092530,0.740179,-16.189616,1.102483,-15.755006,1.673070,-5.861116,116,V,25,3
0.290840,6.975450,1.717080,0.013288,0.009695,1.233769,50.974385,0.475368,-15.875147,0.739159,-16.104925,1.099226,-15.778709,1.674864,-5.852258,117,V,25,3
0.292580,5.517300,1.810660,0.015931,0.008444,1.285129,52.112381,0.474632,-15.994912,0.738129,-16.192844,1.098629,-15.883259,1.669012,-5.853637,118,V,25,3
0.291450,5.517300,1.823120,0.015823,0.009472,1.151247,49.021662,0.474640,-15.864301,0.738823,-16.093801,1.099685,-15.931130,1.669042,-6.018579,119,V,25,3
0.290840,5.517300,1.809800,0.015939,0.009325,1.210158,50.431781,0.475056,-15.760163,0.736892,-16.117622,1.098523,-15.871578,1.670628,-5.825247,120,V,25,3
0.292620,5.517300,1.820340,0.015847,0.008760,1.141893,48.790099,0.474751,-15.772104,0.736761,-16.115618,1.099202,-15.930305,1.670777,-6.026192,121,V,25,3
0.292600,5.517300,1.801820,0.016010,0.008749,1.237457,51.058007,0.474111,-15.742338,0.736607,-16.091807,1.095356,-15.948088,1.668364,-5.878104,122,V,25,3
0.292550,5.517300,1.814540,0.015897,0.008759,1.355622,53.584962,0.473987,-15.809242,0.735910,-16.124153,1.094976,-15.926881,1.665908,-5.931528,123,V,25,3
0.292540,4.369410,1.934360,0.018830,0.008581,1.215540,50.556563,0.473207,-15.903342,0.734647,-15.993838,1.091206,-15.867290,1.669066,-5.873537,124,V,25,3
0.290690,6.975450,1.686080,0.013532,0.009630,1.164187,49.338449,0.473085,-15.787887,0.734414,-16.038097,1.093851,-15.931539,1.668721,-6.051455,125,V,25,3
0.291260,5.517300,1.799500,0.016030,0.009294,1.270376,51.791286,0.474295,-15.880952,0.735157,-16.064638,1.092453,-15.965820,1.671389,-5.876845,126,V,25,3
0.291360,5.517300,1.795480,0.016066,0.009265,1.304282,52.522419,0.473992,-15.779577,0.735661,-16.008465,1.093047,-15.966337,1.674889,-5.874119,127,V,25,3
0.292410,4.369410,1.935020,0.018824,0.009256,1.218924,50.634693,0.473611,-15.810967,0.734182,-16.048552,1.090678,-16.021881,1.677143,-5.889693,128,V,25,3
0.290960,5.517300,1.812880,0.015912,0.009964,1.408630,54.628694,0.472753,-15.868468,0.734389,-15.996696,1.093473,-15.996988,1.674919,-5.945695,129,V,25,3
0.293120,5.517300,1.808060,0.015954,0.009113,1.164385,49.343272,0.473945,-15.754564,0.734846,-16.080200,1.092153,-16.042404,1.674469,-6.047781,130,V,25,3
0.291770,5.517300,1.803840,0.015992,0.008978,1.356539,53.603473,0.473400,-15.716804,0.733127,-16.044003,1.090427,-16.062846,1.672180,-5.937807,131,V,25,3
0.292320,4.369410,1.926240,0.018910,0.009111,1.233711,50.973061,0.473499,-15.815805,0.732052,-15.965066,1.088317,-15.989141,1.678234,-5.908924,132,V,25,3
0.292480,4.369410,1.918380,0.018987,0.008871,1.192928,50.027787,0.474175,-15.809565,0.733543,-15.963485,1.090238,-16.048360,1.679700,-6.038923,133,V,25,3
0.292170,5.517300,1.796620,0.016056,0.009376,1.223769,50.746113,0.473547,-15.714047,0.733396,-15.943596,1.089514,-16.147498,1.678618,-5.879759,134,V,25,3
0.291580,4.369410,1.924740,0.018925,0.010012,1.257251,51.501756,0.472944,-15.729641,0.732034,-15.975561,1.088902,-15.975623,1.682518,-5.991230,135,V,25,3
0.291610,5.517300,1.789160,0.016123,0.009698,1.192471,50.016969,0.473647,-15.681338,0.731995,-15.908690,1.085767,-16.211432,1.677709,-5.872578,136,V,25,3
0.292680,5.517300,1.797640,0.016047,0.009220,1.143387,48.827227,0.472817,-15.706252,0.731159,-15.959210,1.087030,-16.167992,1.677013,-6.076727,137,V,25,3
0.292020,5.517300,1.797100,0.016052,0.009550,1.260626,51.576564,0.473335,-15.711688,0.732469,-15.887830,1.086825,-16.168465,1.678600,-5.908803,138,V,25,3
0.293010,4.369410,1.909740,0.019073,0.008764,1.188777,49.929438,0.473221,-15.743235,0.730763,-15.885367,1.087631,-16.113472,1.682522,-6.057897,139,V,25,3
0.291700,5.517300,1.797660,0.016047,0.010521,1.138481,48.705110,0.473133,-15.731595,0.730856,-15.938762,1.086232,-16.203594,1.681732,-6.066719,140,V,25,3
0.292200,5.517300,1.792480,0.016093,0.009854,1.319009,52.832594,0.472139,-15.705708,0.730412,-15.833892,1.084452,-16.187002,1.678802,-5.959881,141,V,25,3
0.292940,4.369410,1.917500,0.018996,0.009303,1.209685,50.420768,0.473512,-15.673960,0.729832,-15.927901,1.079625,-16.188085,1.681960,-5.888765,142,V,25,3
0.291670,4.369410,1.911220,0.019058,0.009875,1.450729,55.421177,0.471366,-15.701118,0.729695,-15.854914,1.081937,-16.158177,1.679500,-5.957682,143,V,25,3
0.293120,5.517300,1.769520,0.016302,0.009707,1.252439,51.394669,0.472632,-15.460261,0.728846,-15.824403,1.079714,-16.266262,1.678791,-5.921974,144,V,25,3
0.292820,4.369410,1.906420,0.019106,0.009253,1.486161,56.064396,0.471678,-15.678360,0.729479,-15.825699,1.082686,-16.240783,1.684439,-5.966247,145,V,25,3
0.293180,4.369410,1.906460,0.019106,0.008946,1.461587,55.620547,0.472009,-15.665657,0.730900,-15.870151,1.081917,-16.275876,1.685993,-5.965807,146,V,25,3
0.292820,5.517300,1.788200,0.016132,0.009997,1.128315,48.450168,0.471951,-15.730763,0.728542,-15.799245,1.081543,-16.289810,1.684803,-6.080455,147,V,25,3
0.292380,5.517300,1.786040,0.016151,0.009494,1.297926,52.387180,0.472211,-15.594036,0.729638,-15.822915,1.081826,-16.319354,1.686860,-5.953654,148,V,25,3
0.291290,5.517300,1.777340,0.016230,0.010701,1.216415,50.576791,0.471907,-15.602815,0.728421,-15.760655,1.077769,-16.389609,1.682113,-5.934339,149,V,25,3
0.292000,5.517300,1.775300,0.016249,0.009562,1.229321,50.873123,0.471466,-15.609169,0.727219,-15.738633,1.077994,-16.405086,1.681070,-5.928588,150,V,25,3
0.291870,4.369410,1.909400,0.019077,0.009433,1.409833,54.651775,0.471828,-15.662177,0.726745,-15.820955,1.075967,-16.221205,1.685065,-5.946153,151,V,25,3
0.292050,5.517300,1.783640,0.016173,0.009273,1.378728,54.046392,0.471974,-15.615798,0.726683,-15.804887,1.077885,-16.361021,1.685645,-5.992984,152,V,25,3
0.290890,4.369410,1.911560,0.019055,0.010620,1.339336,53.253563,0.472258,-15.472092,0.726473,-15.776937,1.073202,-16.315839,1.686417,-5.938724,153,V,25,3
0.293580,5.517300,1.753840,0.016448,0.008563,1.232159,50.937793,0.471785,-15.532772,0.725629,-15.787878,1.072646,-16.399012,1.684901,-5.945869,154,V,25,3
0.293540,4.369410,1.902800,0.019143,0.009515,1.234936,51.000871,0.470784,-15.538056,0.725599,-15.759996,1.072044,-16.329790,1.689356,-5.973078,155,V,25,3
0.291810,4.369410,1.896660,0.019205,0.009785,1.232412,50.943548,0.470585,-15.538966,0.724414,-15.694550,1.070678,-16.314938,1.686377,-5.998890,156,V,25,3
0.291690,4.369410,1.903360,0.019137,0.009891,1.283656,52.080511,0.471773,-15.430271,0.723958,-15.726947,1.069722,-16.408483,1.683200,-5.951433,157,V,25,3
0.292050,5.517300,1.772080,0.016278,0.009870,1.240372,51.123907,0.471209,-15.507357,0.724707,-15.641715,1.073471,-16.513490,1.688269,-5.968651,158,V,25,3
0.293570,5.517300,1.770320,0.016295,0.009643,1.340584,53.279145,0.471963,-15.593926,0.725478,-15.635277,1.073054,-16.504566,1.688883,-6.002128,159,V,25,3
0.291710,4.369410,1.894980,0.019222,0.009964,1.441275,55.245919,0.471648,-15.560416,0.724165,-15.712517,1.071147,-16.363032,1.690668,-5.989457,160,V,25,3
0.292420,5.517300,1.761980,0.016372,0.009604,1.221894,50.703054,0.470514,-15.413870,0.723449,-15.734289,1.070096,-16.600893,1.688390,-5.952147,161,V,25,3
0.292380,5.517300,1.742580,0.016554,0.010099,1.181098,49.746428,0.470604,-15.548551,0.721387,-15.622684,1.066632,-16.560480,1.683140,-5.920982,162,V,25,3
0.292060,5.517300,1.745980,0.016522,0.010034,1.210897,50.448950,0.469386,-15.422343,0.721289,-15.621304,1.065377,-16.528953,1.680648,-5.915700,163,V,25,3
0.293100,4.369410,1.891040,0.019262,0.009523,1.190963,49.981269,0.470621,-15.436300,0.722165,-15.620096,1.065170,-16.481632,1.690048,-5.932276,164,V,25,3
0.292210,4.369410,1.881600,0.019358,0.010378,1.446291,55.339098,0.470003,-15.488644,0.723039,-15.615810,1.068216,-16.447839,1.691381,-6.013044,165,V,25,3
0.292500,4.369410,1.896100,0.019210,0.010509,1.209095,50.407051,0.469383,-15.307671,0.722500,-15.614995,1.065219,-16.506970,1.695857,-5.953809,166,V,25,3
0.291460,4.369410,1.875000,0.019427,0.009810,1.428817,55.012599,0.470040,-15.504100,0.721895,-15.632299,1.065529,-16.542028,1.688045,-6.018481,167,V,25,3
0.292450,5.517300,1.758620,0.016403,0.009926,1.272922,51.847040,0.470724,-15.404774,0.721476,-15.688972,1.066809,-16.623896,1.692871,-5.976370,168,V,25,3
0.292970,4.369410,1.876500,0.019411,0.009850,1.448712,55.383915,0.470581,-15.341086,0.719750,-15.615816,1.062773,-16.542648,1.686841,-6.005293,169,V,25,3
0.292460,5.517300,1.747220,0.016510,0.009884,1.107778,47.927188,0.470531,-15.455800,0.720099,-15.592205,1.064024,-16.645355,1.687762,-6.083593,170,V,25,3
0.292730,4.369410,1.888760,0.019285,0.009707,1.300728,52.446904,0.470084,-15.433057,0.720854,-15.687259,1.061049,-16.590932,1.692214,-5.969690,171,V,25,3
0.292730,4.369410,1.880460,0.019370,0.009061,1.332602,53.115016,0.469809,-15.420687,0.718766,-15.455741,1.058061,-16.541600,1.686396,-5.985217,172,V,25,3
0.292240,5.517300,1.729520,0.016679,0.009260,1.180079,49.722041,0.470598,-15.367093,0.717766,-15.480627,1.057847,-16.680027,1.686469,-5.933818,173,V,25,3
0.292120,4.369410,1.861620,0.019566,0.010093,1.121856,48.286829,0.468748,-15.422018,0.717532,-15.490751,1.060958,-16.604523,1.687668,-6.149201,174,V,25,3
0.292220,5.517300,1.744920,0.016532,0.010139,1.095763,47.616234,0.470012,-15.415376,0.721119,-15.637606,1.063539,-16.793939,1.700540,-6.050709,175,V,25,3
0.293530,4.369410,1.877580,0.019400,0.009788,1.196222,50.105543,0.470670,-15.416933,0.721893,-15.597702,1.065776,-16.678674,1.710883,-6.099726,176,V,25,3
0.293640,4.369410,1.888140,0.019291,0.009650,1.247655,51.287708,0.471104,-15.453340,0.721297,-15.598070,1.062840,-16.754401,1.706121,-5.969727,177,V,25,3
0.292610,3.456860,2.021060,0.022780,0.010062,1.199632,50.185781,0.472446,-15.478989,0.721840,-15.542293,1.063515,-16.834560,1.713264,-5.979127,178,V,25,3
0.293200,4.369410,1.884720,0.019326,0.009710,1.210457,50.438726,0.470737,-15.433996,0.720954,-15.567698,1.061056,-16.680677,1.712173,-6.009840,179,V,25,3
0.292500,4.369410,1.882180,0.019352,0.009683,1.216448,50.577548,0.470147,-15.284105,0.720372,-15.534166,1.059789,-16.700052,1.709003,-6.022915,180,V,25,3
0.293690,4.369410,1.865520,0.019525,0.009887,1.128193,48.447082,0.470612,-15.338629,0.719534,-15.533287,1.062871,-16.716825,1.709872,-6.137517,181,V,25,3
0.292580,4.369410,1.886780,0.019305,0.010495,1.211635,50.466079,0.470952,-15.342675,0.721273,-15.414927,1.062530,-16.750379,1.720023,-6.053154,182,V,25,3
0.293980,4.369410,1.887780,0.019295,0.009965,1.205583,50.325171,0.470705,-15.322919,0.720639,-15.506168,1.061902,-16.771215,1.720760,-5.978166,183,V,25,3
0.294720,5.517300,1.745440,0.016527,0.009305,1.252523,51.396532,0.470306,-15.369611,0.719789,-15.517987,1.063018,-16.890644,1.715931,-6.004972,184,V,25,3
0.293960,4.369410,1.880940,0.019365,0.010007,1.198076,50.149198,0.470706,-15.358148,0.718690,-15.470202,1.058220,-16.812533,1.716413,-5.984699,185,V,25,3
0.292870,4.369410,1.879840,0.019377,0.009782,1.189402,49.944256,0.470235,-15.287007,0.718674,-15.454904,1.055338,-16.859364,1.712343,-5.969053,186,V,25,3
0.292930,4.369410,1.872760,0.019450,0.009847,1.198433,50.157600,0.470623,-15.305448,0.717951,-15.481399,1.055983,-16.756428,1.713691,-6.066410,187,V,25,3
0.294600,4.369410,1.871920,0.019459,0.009036,1.205244,50.317257,0.469904,-15.368675,0.718619,-15.435014,1.057601,-16.795378,1.720165,-6.090907,188,V,25,3
0.293390,4.369410,1.876040,0.019416,0.009868,1.416525,54.779709,0.469957,-15.385414,0.718069,-15.528535,1.056584,-16.792254,1.717896,-6.010749,189,V,25,3
0.293500,5.517300,1.728580,0.016688,0.010310,1.112954,48.059994,0.469874,-15.244062,0.718280,-15.521305,1.056827,-16.997284,1.715533,-6.066896,190,V,25,3
0.294210,3.456860,2.006260,0.022948,0.009517,1.170789,49.498532,0.469659,-15.235011,0.716731,-15.524694,1.054267,-16.944578,1.715091,-5.951339,191,V,25,3
0.293170,4.369410,1.842340,0.019771,0.009999,1.460000,55.591525,0.468051,-14.939308,0.713733,-15.225020,1.048830,-16.785736,1.690659,-6.066347,192,V,25,3
0.292270,5.517300,1.722660,0.016745,0.010362,1.286323,52.138155,0.467710,-15.192237,0.713556,-15.359129,1.048174,-16.879154,1.693185,-6.031719,193,V,25,3
0.294420,4.369410,1.854360,0.019643,0.009876,1.355580,53.584120,0.469320,-15.280861,0.713447,-15.230923,1.045550,-16.796773,1.695928,-6.021891,194,V,25,3
0.293480,4.369410,1.849720,0.019692,0.010248,1.200897,50.215483,0.468072,-15.131930,0.712186,-15.332077,1.043425,-16.808575,1.695508,-6.024906,195,V,25,3
0.291170,5.517300,1.718180,0.016789,0.011710,1.083805,47.303036,0.468084,-15.101552,0.710567,-15.354307,1.045061,-16.890260,1.691017,-6.180061,196,V,25,3
0.293440,4.369410,1.834100,0.019860,0.010431,1.150449,49.001993,0.468789,-15.206896,0.710762,-15.309981,1.045059,-16.839571,1.695592,-6.195104,197,V,25,3
0.293170,4.369410,1.829900,0.019905,0.010416,1.380830,54.087872,0.468803,-15.243258,0.709537,-15.251677,1.044760,-16.909958,1.693637,-6.065357,198,V,25,3
0.292130,4.369410,1.824280,0.019967,0.010807,1.368437,53.842131,0.466707,-14.995359,0.708646,-15.286744,1.040808,-16.864584,1.685230,-6.075170,199,V,25,3
0.292600,4.369410,1.839240,0.019804,0.010474,1.445897,55.331789,0.468138,-15.184918,0.710058,-15.244543,1.042551,-16.855529,1.696938,-6.057561,200,V,25,3
0.294840,5.517300,1.693620,0.017032,0.009208,1.192380,50.014833,0.467527,-15.176072,0.708541,-15.227189,1.039834,-17.015943,1.690519,-6.029409,201,V,25,3
0.294630,5.517300,1.692440,0.017044,0.010167,1.169952,49.478296,0.467729,-15.054757,0.709505,-15.240307,1.040151,-17.069092,1.696793,-5.988131,202,V,25,3
0.293300,5.517300,1.688940,0.017080,0.010406,1.156766,49.157270,0.466953,-15.145639,0.706693,-15.125948,1.037404,-17.068875,1.688986,-6.017988,203,V,25,3
0.293340,3.456860,1.964340,0.023438,0.009659,1.159531,49.224937,0.468133,-15.044698,0.709061,-15.148327,1.035423,-17.052999,1.691412,-5.981324,204,V,25,3
0.293720,5.517300,1.698940,0.016979,0.009463,1.077688,47.141393,0.466678,-15.161513,0.708971,-15.216828,1.040090,-17.115240,1.696774,-6.142235,205,V,25,3
0.293700,4.369410,1.824100,0.019969,0.010478,1.334460,53.153332,0.465999,-15.122850,0.708820,-15.225572,1.040910,-17.071235,1.698232,-6.073286,206,V,25,3
0.294290,3.456860,1.964380,0.023438,0.009640,1.169370,49.464208,0.467712,-15.038704,0.708278,-15.188214,1.035572,-17.097906,1.698816,-5.997639,207,V,25,3
0.293840,4.369410,1.818160,0.020034,0.010145,1.365533,53.784129,0.466070,-15.072753,0.707406,-15.135941,1.038160,-17.015182,1.696350,-6.092678,208,V,25,3
0.291610,5.517300,1.691100,0.017058,0.010703,1.076323,47.105179,0.466199,-15.160283,0.706621,-15.162701,1.035891,-17.121423,1.692418,-6.166035,209,V,25,3
0.294110,4.369410,1.841840,0.019776,0.009589,1.294300,52.309658,0.470309,-15.217711,0.713406,-15.260848,1.046801,-17.135640,1.729664,-6.038024,210,V,25,3
0.294530,4.369410,1.836660,0.019832,0.009885,1.128815,48.462763,0.467538,-15.193822,0.711524,-15.255481,1.044284,-17.112780,1.726746,-6.168021,211,V,25,3
0.294960,4.369410,1.852360,0.019664,0.010017,1.433424,55.099213,0.470170,-15.214983,0.713442,-15.221187,1.047073,-17.092722,1.734837,-6.049166,212,V,25,3
0.293820,4.369410,1.843820,0.019755,0.010841,1.292138,52.263303,0.470112,-15.188637,0.714071,-15.163415,1.049924,-17.268901,1.737484,-6.047752,213,V,25,3
0.294390,3.456860,1.990520,0.023130,0.010262,1.166859,49.403383,0.468925,-15.127551,0.713600,-15.269653,1.044003,-17.262566,1.739635,-5.989098,214,V,25,3
0.293840,4.369410,1.856540,0.019620,0.010442,1.185616,49.854272,0.468291,-15.224395,0.712437,-15.252241,1.044796,-17.192872,1.740315,-6.056982,215,V,25,3
0.294350,3.456860,1.976040,0.023299,0.010202,1.241217,51.142968,0.466965,-14.994898,0.710545,-15.240334,1.039512,-17.211909,1.723280,-6.029676,216,V,25,3
0.294640,3.456860,1.978360,0.023272,0.010785,1.239292,51.099515,0.468325,-14.992134,0.710310,-15.202747,1.039671,-17.227896,1.727077,-6.028223,217,V,25,3
0.294150,4.369410,1.863760,0.019544,0.010164,1.410381,54.662274,0.470103,-15.078004,0.715579,-15.272132,1.048857,-17.193971,1.757491,-6.040969,218,V,25,3
0.296500,4.369410,1.848940,0.019700,0.009626,1.086487,47.373616,0.470914,-15.157844,0.716160,-15.307180,1.052193,-17.324574,1.761099,-6.165341,219,V,25,3
0.295460,3.456860,2.017320,0.022823,0.009970,1.219875,50.656594,0.470621,-15.138839,0.716741,-15.273477,1.052294,-17.406480,1.760993,-6.017196,220,V,25,3
0.295150,3.456860,2.005600,0.022956,0.009970,1.130575,48.507059,0.471013,-15.070381,0.714162,-15.278700,1.047059,-17.420709,1.754450,-6.057995,221,V,25,3
0.297780,4.369410,1.853640,0.019650,0.009471,1.303623,52.508434,0.470748,-14.868694,0.713703,-15.101540,1.042774,-17.210498,1.743160,-6.023243,222,V,25,3
0.294370,4.369410,1.850620,0.019682,0.011214,1.172229,49.533317,0.469548,-15.050733,0.710792,-15.142704,1.040803,-17.211753,1.745446,-6.059057,223,V,25,3
0.295460,4.369410,1.836920,0.019829,0.009707,1.397776,54.419228,0.469445,-14.987612,0.712878,-15.204374,1.045531,-17.289530,1.749629,-6.069586,224,V,25,3
0.295360,4.369410,1.856020,0.019625,0.010671,1.441641,55.252739,0.472058,-15.001668,0.715412,-15.227540,1.048041,-17.334955,1.763820,-6.050146,225,V,25,3
0.296100,4.369410,1.848300,0.019707,0.010619,1.169687,49.471887,0.470844,-15.050147,0.714338,-15.177333,1.046411,-17.308295,1.766980,-6.150372,226,V,25,3
0.295560,4.369410,1.851860,0.019669,0.010163,1.177895,49.669667,0.470047,-15.224779,0.713438,-15.279982,1.043483,-17.322536,1.763901,-6.096262,227,V,25,3
0.294830,3.456860,1.965860,0.023420,0.010702,1.164210,49.339019,0.467301,-15.040231,0.709878,-15.301051,1.033239,-17.370769,1.777437,-6.039251,228,V,25,3
0.294600,3.456860,1.968760,0.023385,0.010776,1.148574,48.955721,0.467341,-14.951807,0.709520,-15.199498,1.031804,-17.436772,1.775727,-5.979808,229,V,25,3
0.470840,57.368160,0.546000,0.005081,0.012506,1.217432,50.600279,0.572232,-6.950890,0.707965,-8.523534,0.868674,-4.270724,0.972367,-6.271893,1,V,35,2
0.475430,45.362900,0.599500,0.005852,0.012658,1.141259,48.774340,0.578923,-6.968279,0.715859,-8.648448,0.884475,-4.365512,0.987485,-6.268359,2,V,35,2
0.478540,57.368160,0.559380,0.004960,0.011026,1.442506,55.268822,0.581814,-7.101583,0.720575,-8.748222,0.891530,-4.468544,0.995967,-6.115838,3,V,35,2
0.476240,45.362900,0.610100,0.005751,0.011757,1.492577,56.178628,0.582803,-7.175027,0.721845,-8.757172,0.893867,-4.527984,1.001130,-6.138479,4,V,35,2
0.475710,45.362900,0.613320,0.005720,0.011308,1.216557,50.580083,0.581991,-7.263973,0.721616,-8.807090,0.895889,-4.589125,1.003747,-6.051922,5,V,35,2
0.475080,45.362900,0.611220,0.005740,0.011160,1.207148,50.361700,0.580903,-7.181829,0.720807,-8.898097,0.897088,-4.635659,1.008259,-6.231526,6,V,35,2
0.473870,45.362900,0.611820,0.005735,0.010998,1.104201,47.834994,0.579912,-7.280669,0.721673,-8.834417,0.897347,-4.647269,1.006089,-6.307076,7,V,35,2
0.470940,57.368160,0.574520,0.004829,0.013230,1.109733,47.977437,0.578399,-7.346023,0.719342,-8.848075,0.897418,-4.708025,1.005543,-6.259129,8,V,35,2
0.472050,45.362900,0.608780,0.005763,0.011546,1.217835,50.609569,0.577451,-7.276534,0.716817,-8.800969,0.893750,-4.641760,1.000498,-6.201545,9,V,35,2
0.472630,45.362900,0.608560,0.005765,0.011940,1.167793,49.426023,0.578878,-7.239090,0.719005,-8.825146,0.893969,-4.687636,1.000992,-6.220662,10,V,35,2
0.472710,45.362900,0.606440,0.005785,0.010357,1.165281,49.365052,0.578235,-7.272059,0.716692,-8.817640,0.893848,-4.649488,1.004119,-6.364550,11,V,35,2
0.470670,35.931340,0.655840,0.006754,0.011183,1.112627,48.051619,0.575674,-7.308426,0.716579,-8.873453,0.896371,-4.779361,1.006657,-6.388075,12,V,35,2
0.467800,45.362900,0.611780,0.005735,0.011606,1.190548,49.971444,0.575214,-7.259353,0.715398,-8.977004,0.895541,-4.847694,1.006801,-6.160781,13,V,35,2
0.464120,57.368160,0.569180,0.004874,0.012189,1.420069,54.847131,0.571586,-7.280110,0.711859,-9.126190,0.893343,-4.880035,1.004570,-6.287753,14,V,35,2
0.463730,45.362900,0.614460,0.005710,0.013245,1.192359,50.014317,0.570654,-7.261626,0.710736,-8.949868,0.889909,-4.755292,1.001841,-6.378666,15,V,35,2
0.464870,45.362900,0.608800,0.005763,0.011120,1.212105,50.476998,0.571745,-7.263948,0.710657,-9.004102,0.890671,-4.808765,1.003689,-6.269449,16,V,35,2
0.463490,45.362900,0.609920,0.005752,0.012250,1.213934,50.519392,0.570963,-7.248739,0.709381,-9.041427,0.891287,-4.891497,1.005037,-6.352156,17,V,35,2
0.461530,35.931340,0.660060,0.006711,0.011901,1.377482,54.021772,0.567057,-7.236224,0.708211,-9.123882,0.892022,-4.941042,1.004130,-6.256540,18,V,35,2
0.459050,45.362900,0.613880,0.005715,0.010838,1.090538,47.479838,0.565599,-7.314638,0.705988,-9.169375,0.890723,-4.974585,1.002271,-6.460372,19,V,35,2
0.456140,45.362900,0.610040,0.005751,0.012470,1.210821,50.447181,0.563280,-7.181786,0.702670,-9.156848,0.885578,-4.940346,0.995703,-6.284612,20,V,35,2
0.458000,35.931340,0.654240,0.006770,0.011618,1.184306,49.823045,0.565227,-7.226425,0.703556,-9.142579,0.886159,-4.961923,0.999792,-6.440609,21,V,35,2
0.456370,45.362900,0.608020,0.005770,0.011236,1.186970,49.886496,0.562719,-7.185358,0.700696,-9.130976,0.883702,-5.004262,0.996171,-6.241659,22,V,35,2
0.454880,45.362900,0.609920,0.005752,0.011183,1.177686,49.664661,0.560911,-7.325129,0.700373,-9.187199,0.887584,-5.076676,1.001495,-6.489200,23,V,35,2
0.452510,45.362900,0.610460,0.005747,0.011240,1.092363,47.527558,0.558654,-7.389785,0.697480,-9.160198,0.884863,-5.149854,0.997181,-6.523820,24,V,35,2
0.450240,45.362900,0.610160,0.005750,0.011441,1.177643,49.663627,0.557767,-7.412202,0.696730,-9.297828,0.884025,-5.173333,0.997560,-6.290316,25,V,35,2
0.450670,45.362900,0.606380,0.005786,0.011528,1.164738,49.351870,0.557795,-7.341223,0.695664,-9.230960,0.880145,-5.088566,0.993911,-6.556594,26,V,35,2
0.449540,35.931340,0.654720,0.006765,0.012510,1.211280,50.457842,0.556668,-7.320617,0.694969,-9.179458,0.879835,-5.107811,0.995225,-6.461229,27,V,35,2
0.452590,45.362900,0.604660,0.005802,0.011002,1.184589,49.829796,0.558196,-7.291992,0.696038,-9.162334,0.883017,-5.211654,0.997073,-6.309836,28,V,35,2
0.449560,35.931340,0.657480,0.006737,0.011832,1.179985,49.719788,0.556816,-7.392016,0.693011,-9.349051,0.883343,-5.218941,0.997979,-6.325985,29,V,35,2
0.448110,35.931340,0.653380,0.006779,0.010686,1.199150,50.174450,0.552353,-7.510874,0.691932,-9.284181,0.881906,-5.260538,0.998130,-6.495616,30,V,35,2
0.445360,45.362900,0.608820,0.005763,0.010961,1.308448,52.610615,0.553656,-7.604978,0.690129,-9.388060,0.881266,-5.311104,0.994408,-6.420254,31,V,35,2
0.445880,35.931340,0.652960,0.006784,0.011077,1.107309,47.915124,0.549870,-7.483567,0.689092,-9.339613,0.880050,-5.322668,0.992419,-6.477040,32,V,35,2
0.442480,35.931340,0.657680,0.006735,0.012184,1.188591,49.925008,0.548933,-7.511464,0.687495,-9.389968,0.879671,-5.367236,0.995897,-6.370142,33,V,35,2
0.441970,35.931340,0.653780,0.006775,0.011597,1.196715,50.117177,0.548837,-7.431837,0.687001,-9.470734,0.878808,-5.436968,0.995588,-6.500827,34,V,35,2
0.442350,45.362900,0.602340,0.005825,0.010268,1.112397,48.045745,0.546891,-7.445721,0.685272,-9.461524,0.878507,-5.399445,0.993889,-6.626734,35,V,35,2
0.441260,45.362900,0.605860,0.005791,0.010982,1.184350,49.824098,0.548179,-7.514370,0.684270,-9.469528,0.877323,-5.430306,0.995730,-6.432292,36,V,35,2
0.439180,35.931340,0.655180,0.006761,0.011971,1.170533,49.492338,0.546052,-7.592550,0.683439,-9.386510,0.877054,-5.443613,0.992589,-6.364059,37,V,35,2
0.442760,35.931340,0.652800,0.006785,0.012128,1.407385,54.604764,0.548785,-7.419727,0.685967,-9.427947,0.879732,-5.470074,0.994494,-6.440727,38,V,35,2
0.443630,35.931340,0.653700,0.006776,0.012204,1.160366,49.245346,0.550853,-7.361336,0.687457,-9.338921,0.881832,-5.473930,0.997389,-6.375553,39,V,35,2
0.443890,35.931340,0.654880,0.006764,0.012672,1.179256,49.702302,0.551621,-7.491634,0.688226,-9.424653,0.882711,-5.532101,0.999909,-6.397684,40,V,35,2
0.444620,35.931340,0.652840,0.006785,0.012125,1.106266,47.888265,0.550285,-7.365872,0.687000,-9.389770,0.883628,-5.471441,0.997496,-6.510751,41,V,35,2
0.447560,35.931340,0.642160,0.006898,0.011251,1.379068,54.053109,0.552788,-7.360380,0.687561,-9.337432,0.880859,-5.429459,0.995633,-6.409814,42,V,35,2
0.452900,45.362900,0.601160,0.005836,0.011807,1.070398,46.947430,0.557422,-7.203270,0.692714,-9.175264,0.885953,-5.385686,0.999360,-6.511205,43,V,35,2
0.455480,35.931340,0.646220,0.006854,0.012305,1.178929,49.694485,0.562757,-7.082417,0.696513,-9.086894,0.890070,-5.341101,1.006919,-6.366110,44,V,35,2
0.460830,35.931340,0.646260,0.006854,0.011121,1.186514,49.875637,0.565344,-7.214474,0.701244,-9.179660,0.896383,-5.423579,1.015663,-6.333119,45,V,35,2
0.459210,35.931340,0.647420,0.006842,0.011422,1.269016,51.761461,0.563868,-7.151237,0.699863,-9.225464,0.896804,-5.515244,1.012779,-6.326329,46,V,35,2
0.456070,35.931340,0.651660,0.006797,0.011671,1.184041,49.816729,0.562731,-7.093171,0.696905,-9.211808,0.896201,-5.534651,1.016066,-6.413462,47,V,35,2
0.456240,35.931340,0.647060,0.006845,0.012721,1.407297,54.603078,0.563242,-7.125963,0.697104,-9.141015,0.892884,-5.496838,1.008372,-6.408711,48,V,35,2
0.458070,35.931340,0.643280,0.006886,0.011145,1.191088,49.984234,0.563776,-7.091350,0.697337,-9.124520,0.892916,-5.485184,1.012075,-6.402678,49,V,35,2
0.460020,35.931340,0.642480,0.006894,0.011063,1.146400,48.901937,0.565611,-7.245987,0.698753,-9.139177,0.895160,-5.492987,1.010087,-6.376153,50,V,35,2
0.459100,35.931340,0.647140,0.006845,0.010567,1.080991,47.228804,0.563994,-7.241756,0.698983,-9.240546,0.898116,-5.595765,1.015036,-6.539348,51,V,35,2
0.455310,35.931340,0.648500,0.006830,0.011897,1.171778,49.522436,0.562188,-7.214836,0.696319,-9.221002,0.897153,-5.594147,1.017363,-6.483706,52,V,35,2
0.454190,35.931340,0.643540,0.006883,0.010984,1.168877,49.452289,0.559141,-7.233167,0.693570,-9.159112,0.894542,-5.687645,1.011983,-6.356798,53,V,35,2
0.456760,35.931340,0.639900,0.006922,0.011048,1.151217,49.020923,0.562455,-7.163591,0.693841,-9.141532,0.894878,-5.601941,1.012705,-6.294600,54,V,35,2
0.455440,35.931340,0.643060,0.006888,0.011514,1.091668,47.509390,0.560853,-7.157225,0.694545,-9.172822,0.894296,-5.596393,1.011829,-6.592633,55,V,35,2
0.457690,35.931340,0.641680,0.006903,0.010191,1.079266,47.183166,0.563381,-7.143692,0.696385,-9.322410,0.898259,-5.620894,1.015312,-6.564977,56,V,35,2
0.454290,35.931340,0.644720,0.006870,0.011244,1.157372,49.172118,0.559157,-7.292240,0.693616,-9.370230,0.896414,-5.734952,1.016731,-6.320238,57,V,35,2
0.452330,35.931340,0.647020,0.006846,0.011636,1.164485,49.345704,0.557469,-7.217634,0.693308,-9.437070,0.895136,-5.791533,1.016868,-6.349141,58,V,35,2
0.450780,35.931340,0.640860,0.006912,0.011604,1.094055,47.571721,0.556165,-7.124432,0.688506,-9.292404,0.889913,-5.753248,1.006006,-6.493114,59,V,35,2
0.451070,35.931340,0.643220,0.006886,0.012355,1.178088,49.674307,0.557466,-7.306727,0.690410,-9.308972,0.891435,-5.719468,1.012721,-6.447213,60,V,35,2
0.453450,35.931340,0.642440,0.006895,0.011390,1.296270,52.351827,0.558555,-7.188837,0.690938,-9.346092,0.893065,-5.713846,1.010478,-6.429067,61,V,35,2
0.454590,35.931340,0.644260,0.006875,0.012113,1.228144,50.846244,0.560707,-7.204259,0.693867,-9.296966,0.897419,-5.892774,1.015554,-6.401754,62,V,35,2
0.454100,35.931340,0.643380,0.006885,0.011282,1.432230,55.076791,0.558003,-7.186553,0.692868,-9.254686,0.898542,-5.878578,1.018053,-6.439291,63,V,35,2
0.452260,28.409090,0.699220,0.008012,0.011703,1.121915,48.288316,0.556751,-7.308575,0.691016,-9.330913,0.897010,-5.958503,1.015558,-6.452622,64,V,35,2
0.454490,35.931340,0.638080,0.006942,0.010764,1.159005,49.212084,0.560793,-7.117240,0.691260,-9.251397,0.895176,-5.827436,1.014067,-6.350650,65,V,35,2
0.452960,35.931340,0.642900,0.006890,0.013439,1.158861,49.208563,0.559474,-7.100563,0.692048,-9.274767,0.895798,-5.856931,1.017531,-6.386592,66,V,35,2
0.455460,35.931340,0.639240,0.006929,0.012200,1.117988,48.188514,0.562166,-6.952654,0.693045,-9.239731,0.896876,-5.816180,1.017575,-6.569454,67,V,35,2
0.454950,35.931340,0.643760,0.006881,0.011766,1.083617,47.298074,0.559818,-7.070616,0.692811,-9.253710,0.898769,-5.942612,1.020073,-6.596366,68,V,35,2
0.453260,35.931340,0.641620,0.006903,0.011582,1.145493,48.879485,0.559118,-7.203233,0.690536,-9.324638,0.898884,-5.945448,1.021039,-6.558149,69,V,35,2
0.452150,35.931340,0.640960,0.006911,0.011249,1.149068,48.967905,0.556288,-7.240463,0.689617,-9.293340,0.897292,-6.004083,1.018728,-6.347006,70,V,35,2
0.451640,28.409090,0.690000,0.008119,0.011877,1.142756,48.811562,0.556049,-7.175899,0.688438,-9.283849,0.896633,-6.041916,1.018059,-6.360044,71,V,35,2
0.452050,35.931340,0.639420,0.006927,0.011321,1.048577,46.358368,0.557252,-7.141710,0.689363,-9.283290,0.897409,-6.006985,1.016502,-6.590541,72,V,35,2
0.453440,35.931340,0.640920,0.006911,0.011094,1.155033,49.114766,0.558209,-7.154083,0.689581,-9.272662,0.900042,-6.020968,1.023513,-6.420228,73,V,35,2
0.451220,35.931340,0.639960,0.006921,0.011670,1.080071,47.204488,0.556072,-7.120714,0.688257,-9.289742,0.897974,-6.067038,1.018278,-6.482874,74,V,35,2
0.451210,35.931340,0.642100,0.006898,0.012415,1.129663,48.484103,0.558263,-7.260568,0.688998,-9.291538,0.899058,-6.086066,1.024093,-6.557273,75,V,35,2
0.452900,28.409090,0.690900,0.008109,0.011683,1.141524,48.780919,0.557347,-7.156255,0.690415,-9.288904,0.900106,-6.090615,1.022913,-6.329538,76,V,35,2
0.455090,28.409090,0.688980,0.008131,0.011857,1.130399,48.502640,0.559311,-7.067205,0.691759,-9.254083,0.900971,-6.151146,1.025158,-6.565565,77,V,35,2
0.457120,35.931340,0.636600,0.006958,0.010156,1.055943,46.558667,0.559787,-7.104576,0.692619,-9.217659,0.901822,-6.113536,1.022649,-6.557041,78,V,35,2
0.454770,35.931340,0.639920,0.006922,0.010991,1.158280,49.194343,0.559291,-7.050447,0.692429,-9.374769,0.903385,-6.115881,1.028517,-6.381817,79,V,35,2
0.456020,28.409090,0.691780,0.008098,0.011102,1.271466,51.815164,0.560083,-6.901976,0.692150,-9.317575,0.905005,-6.150661,1.026747,-6.406599,80,V,35,2
0.453550,28.409090,0.693380,0.008080,0.010884,1.119944,48.238277,0.558460,-7.087568,0.690261,-9.358808,0.903727,-6.228441,1.029189,-6.574328,81,V,35,2
0.456700,35.931340,0.633240,0.006995,0.010306,1.289099,52.197994,0.560848,-7.036966,0.690440,-9.136600,0.902262,-6.210955,1.023648,-6.397577,82,V,35,2
0.458540,28.409090,0.683460,0.008197,0.010752,1.128467,48.453982,0.561564,-7.109492,0.692940,-9.137904,0.903697,-6.189118,1.027543,-6.554423,83,V,35,2
0.457950,28.409090,0.688220,0.008140,0.011565,1.104576,47.844683,0.561836,-6.954065,0.692796,-9.222914,0.904837,-6.139754,1.024825,-6.441900,84,V,35,2
0.457430,28.409090,0.692160,0.008094,0.011510,1.426217,54.963567,0.562699,-7.103739,0.694120,-9.236777,0.908209,-6.235828,1.031904,-6.427478,85,V,35,2
0.455020,28.409090,0.690180,0.008117,0.011732,1.154080,49.091359,0.560998,-7.098755,0.691978,-9.308595,0.906311,-6.313893,1.030325,-6.337457,86,V,35,2
0.454750,28.409090,0.689080,0.008130,0.011945,1.098194,47.679443,0.559827,-7.104350,0.691693,-9.296088,0.906611,-6.309425,1.030971,-6.619658,87,V,35,2
0.457870,28.409090,0.684500,0.008184,0.010566,1.150391,49.000545,0.561878,-6.938368,0.691022,-9.115963,0.903697,-6.298261,1.026783,-6.359760,88,V,35,2
0.460300,35.931340,0.633000,0.006998,0.012409,1.098028,47.675124,0.565796,-6.879940,0.695026,-9.128428,0.906846,-6.197983,1.031840,-6.569957,89,V,35,2
0.461150,28.409090,0.688160,0.008141,0.012542,1.127670,48.433906,0.568067,-6.882687,0.696543,-9.107819,0.910647,-6.261616,1.037222,-6.496461,90,V,35,2
0.460870,28.409090,0.691080,0.008107,0.011766,1.121554,48.279167,0.566787,-6.903885,0.696557,-9.204606,0.911905,-6.335195,1.039296,-6.531737,91,V,35,2
0.458910,28.409090,0.689020,0.008131,0.011452,1.436783,55.162104,0.563435,-7.039068,0.693990,-9.263272,0.909360,-6.383211,1.034771,-6.431311,92,V,35,2
0.455810,35.931340,0.636880,0.006955,0.012691,1.127070,48.418766,0.561196,-7.006457,0.691133,-9.165354,0.905522,-6.331405,1.030966,-6.334962,93,V,35,2
0.462730,28.409090,0.682340,0.008210,0.010350,1.036592,46.029341,0.564821,-6.944145,0.695326,-9.116602,0.908229,-6.278609,1.031480,-6.563509,94,V,35,2
0.462520,28.409090,0.684480,0.008185,0.012013,1.156741,49.156671,0.567492,-6.927165,0.695456,-9.086352,0.910477,-6.307252,1.033991,-6.326334,95,V,35,2
0.462400,28.409090,0.684860,0.008180,0.010338,1.111749,48.029143,0.566159,-7.018156,0.696266,-9.159708,0.912919,-6.351423,1.040806,-6.530265,96,V,35,2
0.458810,28.409090,0.690600,0.008112,0.010971,1.147166,48.920909,0.564620,-6.964441,0.694886,-9.266720,0.912204,-6.464292,1.042455,-6.448224,97,V,35,2
0.456180,28.409090,0.692100,0.008095,0.011334,1.033410,45.941321,0.562928,-7.088137,0.693133,-9.220625,0.911179,-6.506270,1.037764,-6.564285,98,V,35,2
0.456240,28.409090,0.688240,0.008140,0.011624,1.109196,47.963637,0.562897,-7.078339,0.690979,-9.243795,0.908417,-6.420911,1.036584,-6.578668,99,V,35,2
0.457090,35.931340,0.630320,0.007027,0.012255,1.149161,48.970207,0.561869,-6.926410,0.691609,-9.187859,0.909228,-6.416103,1.037737,-6.468402,100,V,35,2
0.458400,28.409090,0.685200,0.008176,0.011534,1.137172,48.672431,0.563368,-6.836360,0.692059,-9.301523,0.910641,-6.476134,1.038663,-6.485115,101,V,35,2
0.454450,28.409090,0.691880,0.008097,0.012721,1.148892,48.963568,0.561792,-7.045164,0.691184,-9.392297,0.912710,-6.600903,1.042901,-6.456066,102,V,35,2
0.453090,28.409090,0.687580,0.008148,0.010253,1.133289,48.575211,0.559526,-7.038143,0.688930,-9.358920,0.910198,-6.661949,1.039112,-6.336501,103,V,35,2
0.450540,28.409090,0.690620,0.008112,0.010454,1.133763,48.587121,0.557196,-7.160765,0.687263,-9.321307,0.907794,-6.737437,1.040272,-6.480160,104,V,35,2
0.450410,28.409090,0.686900,0.008156,0.011462,1.403479,54.529563,0.555802,-6.926914,0.685352,-9.260083,0.905272,-6.675387,1.033095,-6.466235,105,V,35,2
0.450220,28.409090,0.688620,0.008135,0.012037,1.031546,45.889614,0.556942,-6.938537,0.685784,-9.335733,0.903808,-6.615410,1.030291,-6.604683,106,V,35,2
0.450920,28.409090,0.685180,0.008176,0.011209,1.138041,48.694120,0.557205,-6.854248,0.685343,-9.320976,0.905045,-6.622209,1.035182,-6.537206,107,V,35,2
0.451450,28.409090,0.686940,0.008155,0.010016,1.033347,45.939579,0.556032,-7.043696,0.684549,-9.327958,0.908857,-6.800817,1.037749,-6.639148,108,V,35,2
0.447210,28.409090,0.690620,0.008112,0.012038,1.443353,55.284582,0.555089,-7.092083,0.683670,-9.404495,0.906731,-6.803841,1.036609,-6.483608,109,V,35,2
0.446170,28.409090,0.692760,0.008087,0.011682,1.126186,48.396443,0.553486,-7.071244,0.683346,-9.460637,0.907049,-6.866296,1.040297,-6.568737,110,V,35,2
0.444080,28.409090,0.695160,0.008059,0.012253,1.329172,53.044100,0.551568,-7.065846,0.681925,-9.389241,0.905014,-6.905204,1.035208,-6.493751,111,V,35,2
0.445060,28.409090,0.688220,0.008140,0.010403,1.096951,47.647154,0.551531,-7.150426,0.681651,-9.451329,0.905163,-6.902233,1.038267,-6.642910,112,V,35,2
0.443010,28.409090,0.692540,0.008089,0.011460,1.036345,46.022502,0.550178,-7.207675,0.680515,-9.442122,0.906126,-6.889254,1.036624,-6.681751,113,V,35,2
0.443760,28.409090,0.690460,0.008114,0.011370,1.422059,54.884899,0.550762,-7.202783,0.681553,-9.427222,0.905380,-6.927248,1.036237,-6.495737,114,V,35,2
0.443640,28.409090,0.692460,0.008090,0.011805,1.032199,45.907744,0.551485,-7.088080,0.680747,-9.422908,0.904935,-6.928332,1.038437,-6.690165,115,V,35,2
0.443980,28.409090,0.691340,0.008103,0.010493,1.140493,48.755278,0.550550,-7.235844,0.680257,-9.460640,0.905686,-7.015450,1.039102,-6.363567,116,V,35,2
0.442400,28.409090,0.689780,0.008122,0.011192,1.029542,45.833941,0.549817,-7.208618,0.680402,-9.552114,0.904556,-6.979584,1.035725,-6.682298,117,V,35,2
0.445320,28.409090,0.684800,0.008181,0.010311,1.130523,48.505754,0.550838,-7.092737,0.678937,-9.396183,0.904063,-6.982191,1.039093,-6.401435,118,V,35,2
0.443480,28.409090,0.688960,0.008131,0.011052,1.105142,47.859269,0.549363,-7.130408,0.679213,-9.521006,0.906286,-6.988488,1.040887,-6.630909,119,V,35,2
0.443610,28.409090,0.690160,0.008117,0.011459,1.138231,48.698881,0.550356,-7.214441,0.679604,-9.491585,0.906999,-7.000125,1.043763,-6.493418,120,V,35,2
0.441440,28.409090,0.693220,0.008081,0.012560,1.213281,50.504261,0.550047,-7.092834,0.679469,-9.490429,0.907745,-7.064791,1.039615,-6.416373,121,V,35,2
0.446070,28.409090,0.683140,0.008201,0.010779,1.030330,45.855859,0.551520,-7.109461,0.679816,-9.435643,0.905305,-7.028433,1.035755,-6.637930,122,V,35,2
0.448320,28.409090,0.681500,0.008220,0.012218,1.274637,51.884492,0.553839,-6.979744,0.681557,-9.355273,0.906511,-6.999662,1.038788,-6.477176,123,V,35,2
0.449400,22.482020,0.739280,0.009576,0.011353,1.014914,45.424083,0.555954,-6.961086,0.683324,-9.301066,0.908402,-6.965541,1.038732,-6.622904,124,V,35,2
0.450840,28.409090,0.685460,0.008173,0.010265,1.032235,45.908749,0.556119,-7.017934,0.684610,-9.424232,0.911669,-7.078711,1.045777,-6.660026,125,V,35,2
0.447410,28.409090,0.686260,0.008163,0.012105,1.283088,52.068221,0.554669,-6.976076,0.683840,-9.451039,0.912257,-7.132720,1.045865,-6.434743,126,V,35,2
0.446890,28.409090,0.685720,0.008170,0.011240,1.209971,50.427414,0.554222,-7.101643,0.682862,-9.494915,0.911075,-7.121558,1.045203,-6.419550,127,V,35,2
0.449180,28.409090,0.682060,0.008214,0.010334,1.112959,48.060116,0.554492,-7.056049,0.681500,-9.386328,0.908703,-7.060871,1.044480,-6.576278,128,V,35,2
0.451930,28.409090,0.681480,0.008221,0.010430,1.394757,54.360579,0.556706,-7.036079,0.682839,-9.309649,0.909668,-7.001553,1.041943,-6.471266,129,V,35,2
0.451820,28.409090,0.677920,0.008264,0.010170,1.020297,45.575612,0.556575,-6.861154,0.683898,-9.351768,0.910558,-7.065816,1.043474,-6.644822,130,V,35,2
0.451780,22.482020,0.741460,0.009548,0.010182,1.122079,48.292492,0.557719,-6.973404,0.684689,-9.398103,0.915469,-7.161594,1.053249,-6.486527,131,V,35,2
0.449480,28.409090,0.684800,0.008181,0.010323,1.103279,47.811192,0.555314,-6.975382,0.684129,-9.398693,0.914550,-7.258074,1.052314,-6.553837,132,V,35,2
0.447420,28.409090,0.684600,0.008183,0.011501,1.017518,45.497487,0.554351,-7.105689,0.683228,-9.479394,0.915337,-7.273421,1.050359,-6.676822,133,V,35,2
0.448410,22.482020,0.737240,0.009602,0.011903,1.089680,47.457375,0.554097,-6.943086,0.681262,-9.355938,0.910294,-7.151323,1.047122,-6.619999,134,V,35,2
0.450230,28.409090,0.680860,0.008228,0.010967,1.094430,47.581495,0.556121,-6.660844,0.682096,-9.318505,0.910086,-7.135796,1.046958,-6.624739,135,V,35,2
0.453320,28.409090,0.678640,0.008255,0.010475,1.021585,45.611742,0.559021,-6.929504,0.684770,-9.209831,0.913079,-7.124060,1.046477,-6.643352,136,V,35,2
0.452300,28.409090,0.683840,0.008192,0.010810,1.121161,48.269202,0.558301,-7.086783,0.686035,-9.401415,0.918153,-7.249842,1.055176,-6.333651,137,V,35,2
0.448760,28.409090,0.686600,0.008159,0.012539,1.141648,48.784019,0.555182,-7.027411,0.683917,-9.400374,0.916837,-7.356908,1.053523,-6.378274,138,V,35,2
0.449010,28.409090,0.685440,0.008173,0.011280,1.127718,48.435114,0.555715,-7.025960,0.684478,-9.352350,0.915931,-7.378314,1.054474,-6.351739,139,V,35,2
0.452580,28.409090,0.674280,0.008308,0.010563,1.091338,47.500763,0.556494,-6.932285,0.683146,-9.309480,0.914430,-7.233171,1.052065,-6.567148,140,V,35,2
0.454300,28.409090,0.677600,0.008268,0.010817,1.076136,47.100200,0.559894,-6.930656,0.685024,-9.161015,0.915922,-7.132488,1.053454,-6.621809,141,V,35,2
0.453520,28.409090,0.680840,0.008228,0.012295,1.091825,47.513510,0.561884,-6.954964,0.685994,-9.298266,0.916703,-7.277197,1.055957,-6.571441,142,V,35,2
0.453440,22.482020,0.742580,0.009533,0.010806,1.119658,48.231017,0.559179,-6.973399,0.686103,-9.317304,0.919433,-7.374560,1.059190,-6.359057,143,V,35,2
0.450630,28.409090,0.684100,0.008189,0.012769,1.071249,46.970138,0.557832,-6.837716,0.685512,-9.357576,0.919056,-7.393082,1.060157,-6.593814,144,V,35,2
0.450100,22.482020,0.739080,0.009578,0.011740,1.114942,48.110819,0.556865,-6.872922,0.682605,-9.247922,0.915591,-7.380140,1.055713,-6.413588,145,V,35,2
0.454630,28.409090,0.673660,0.008316,0.012112,1.123056,48.317255,0.559958,-6.826776,0.685756,-9.308690,0.916479,-7.284424,1.053234,-6.347101,146,V,35,2
0.463660,28.409090,0.675260,0.008296,0.012212,1.080854,47.225170,0.568361,-6.792673,0.693675,-9.103087,0.925419,-7.218899,1.059352,-6.449536,147,V,35,2
0.477380,28.409090,0.678060,0.008262,0.011502,1.090363,47.475257,0.585297,-6.577602,0.708400,-8.930944,0.941005,-7.109878,1.081295,-6.387528,148,V,35,2
0.475770,22.482020,0.739120,0.009578,0.011040,1.211327,50.458935,0.581398,-6.606841,0.707020,-9.047562,0.942064,-7.254213,1.078746,-6.263886,149,V,35,2
0.474160,22.482020,0.740060,0.009566,0.011906,1.102591,47.793397,0.580893,-6.698742,0.706587,-9.022954,0.940972,-7.303934,1.077513,-6.340844,150,V,35,2
0.474420,22.482020,0.738320,0.009588,0.010490,1.104251,47.836295,0.580154,-6.560463,0.706315,-9.046215,0.941046,-7.275539,1.081492,-6.211134,151,V,35,2
0.473800,22.482020,0.733940,0.009645,0.012076,1.024213,45.685328,0.577751,-6.568785,0.702106,-9.001262,0.935834,-7.237588,1.073563,-6.537022,152,V,35,2
0.481380,28.409090,0.676020,0.008287,0.012116,1.066268,46.836931,0.587383,-6.410410,0.710853,-8.847548,0.945153,-7.172215,1.084444,-6.425216,153,V,35,2
0.480430,22.482020,0.734540,0.009638,0.011344,1.113802,48.081686,0.585369,-6.654279,0.711287,-8.952211,0.947376,-7.295419,1.087011,-6.187417,154,V,35,2
0.475430,22.482020,0.741000,0.009554,0.011368,1.097650,47.665327,0.581513,-6.707225,0.707399,-9.039637,0.944122,-7.356128,1.087113,-6.381964,155,V,35,2
0.473540,22.482020,0.739820,0.009569,0.010823,1.099011,47.700661,0.577906,-6.551271,0.705142,-8.945241,0.942456,-7.410929,1.086695,-6.349637,156,V,35,2
0.471540,22.482020,0.742500,0.009534,0.010072,1.080836,47.224704,0.577356,-6.579894,0.703765,-9.008620,0.942229,-7.456066,1.085737,-6.460445,157,V,35,2
0.470340,22.482020,0.739100,0.009578,0.011443,1.046982,46.314816,0.577278,-6.677959,0.701833,-9.069220,0.939550,-7.436115,1.076490,-6.409415,158,V,35,2
0.468690,22.482020,0.740340,0.009562,0.012202,0.994122,44.831112,0.575761,-6.641424,0.700415,-9.045868,0.938541,-7.480918,1.078229,-6.532601,159,V,35,2
0.467920,22.482020,0.739320,0.009575,0.011287,1.056311,46.568636,0.574794,-6.669746,0.700740,-9.124646,0.939059,-7.563956,1.083457,-6.526683,160,V,35,2
0.466370,22.482020,0.741680,0.009545,0.011404,1.038251,46.075124,0.573248,-6.847080,0.697672,-9.172163,0.938387,-7.635639,1.081939,-6.551062,161,V,35,2
0.465420,22.482020,0.738940,0.009580,0.010875,0.998920,44.969034,0.570563,-6.813222,0.696529,-9.229989,0.937802,-7.647531,1.080450,-6.576006,162,V,35,2
0.465140,22.482020,0.734780,0.009634,0.011420,1.097845,47.670371,0.568473,-6.753775,0.694629,-9.120444,0.934082,-7.592109,1.077408,-6.348655,163,V,35,2
0.465340,28.409090,0.675940,0.008288,0.011586,1.123781,48.335619,0.572016,-6.577053,0.694710,-9.161710,0.932198,-7.551166,1.073194,-6.289395,164,V,35,2
0.468050,22.482020,0.732180,0.009669,0.011465,1.058940,46.639736,0.572671,-6.612073,0.697583,-8.965910,0.936095,-7.510029,1.078296,-6.529078,165,V,35,2
0.466490,22.482020,0.734420,0.009639,0.011478,1.100931,47.750433,0.572642,-6.720060,0.699108,-9.120199,0.937833,-7.616826,1.083319,-6.370525,166,V,35,2
0.465660,22.482020,0.736700,0.009609,0.010614,1.090260,47.472565,0.570914,-6.715525,0.695619,-9.165958,0.937076,-7.692251,1.083701,-6.457203,167,V,35,2
0.461990,22.482020,0.738240,0.009589,0.011537,1.091102,47.494594,0.568589,-6.753137,0.694770,-9.164121,0.935619,-7.784792,1.082379,-6.353833,168,V,35,2
0.460890,22.482020,0.737120,0.009604,0.011184,1.064573,46.791432,0.566599,-6.665337,0.691164,-9.124518,0.930339,-7.692723,1.075604,-6.539115,169,V,35,2
0.462580,22.482020,0.732380,0.009666,0.010949,1.080924,47.227012,0.566755,-6.667956,0.692030,-9.198776,0.931551,-7.650925,1.076908,-6.477132,170,V,35,2
0.462750,22.482020,0.730900,0.009686,0.011002,1.064541,46.790574,0.566742,-6.628081,0.690997,-9.163722,0.930253,-7.683901,1.070306,-6.464102,171,V,35,2
0.461980,22.482020,0.736380,0.009614,0.011621,1.123751,48.334864,0.568950,-6.852420,0.693441,-9.226835,0.934310,-7.794393,1.079427,-6.296523,172,V,35,2
0.459550,22.482020,0.741720,0.009544,0.011736,1.119419,48.224937,0.567601,-6.723533,0.691530,-9.239136,0.934295,-7.829549,1.079811,-6.291483,173,V,35,2
0.459160,22.482020,0.738140,0.009591,0.010680,1.066519,46.843656,0.564833,-6.756261,0.691480,-9.222430,0.933963,-7.810907,1.082643,-6.543586,174,V,35,2
0.458680,22.482020,0.735640,0.009623,0.010737,1.279842,51.997834,0.563364,-6.745991,0.686915,-9.264995,0.929479,-7.821084,1.072074,-6.395416,175,V,35,2
0.461770,22.482020,0.731820,0.009673,0.010205,1.267856,51.735995,0.566536,-6.712941,0.690112,-9.196377,0.930519,-7.764583,1.072318,-6.402293,176,V,35,2
0.464040,22.482020,0.726400,0.009746,0.010409,1.107384,47.917054,0.567617,-6.708140,0.691769,-9.141649,0.931538,-7.751057,1.075280,-6.310089,177,V,35,2
0.461060,22.482020,0.735340,0.009627,0.011592,1.068183,46.888209,0.568417,-6.674050,0.692376,-9.289695,0.936174,-7.835100,1.084407,-6.545124,178,V,35,2
0.459780,22.482020,0.738160,0.009590,0.010648,1.121507,48.277972,0.566527,-6.717731,0.691285,-9.233897,0.935157,-7.978706,1.081782,-6.274004,179,V,35,2
0.459600,22.482020,0.736240,0.009615,0.010563,1.068939,46.908434,0.564856,-6.849474,0.689978,-9.294911,0.935305,-8.003859,1.085467,-6.505130,180,V,35,2
0.456440,22.482020,0.734160,0.009643,0.011408,1.038847,46.091544,0.563468,-6.867530,0.687240,-9.238410,0.930034,-7.934840,1.077645,-6.595161,181,V,35,2
0.456840,22.482020,0.732120,0.009669,0.012290,1.173889,49.573336,0.562023,-6.715052,0.685942,-9.141803,0.928219,-7.943184,1.072223,-6.351917,182,V,35,2
0.458060,22.482020,0.730100,0.009696,0.011186,1.040188,46.128467,0.563603,-6.827251,0.687043,-9.176914,0.929353,-7.910467,1.076660,-6.611854,183,V,35,2
0.457700,22.482020,0.737240,0.009602,0.010641,0.979982,44.420756,0.564010,-6.710262,0.686670,-9.204028,0.931763,-8.066364,1.078435,-6.640378,184,V,35,2
0.455910,22.482020,0.736740,0.009609,0.010437,1.301868,52.471168,0.562628,-6.841471,0.686016,-9.255004,0.932318,-8.091066,1.079416,-6.414875,185,V,35,2
0.453660,22.482020,0.739600,0.009572,0.012262,1.277531,51.947594,0.560902,-6.802916,0.686354,-9.352323,0.931770,-8.164140,1.078977,-6.393982,186,V,35,2
0.454190,22.482020,0.731960,0.009672,0.010937,1.370044,53.874164,0.561333,-6.911305,0.682815,-9.329380,0.926327,-8.112165,1.073341,-6.473559,187,V,35,2
0.455730,22.482020,0.732080,0.009670,0.010831,1.097425,47.659466,0.560855,-6.699082,0.684476,-9.337330,0.926941,-8.024465,1.075935,-6.329398,188,V,35,2
0.456110,22.482020,0.734900,0.009633,0.011076,1.053635,46.496049,0.562407,-6.669806,0.684297,-9.201659,0.929782,-8.037826,1.079625,-6.582581,189,V,35,2
0.454490,22.482020,0.734200,0.009642,0.011558,0.985378,44.578027,0.560328,-6.684917,0.685434,-9.302354,0.931857,-8.202249,1.080328,-6.647427,190,V,35,2
0.452560,22.482020,0.735600,0.009624,0.011200,1.068624,46.900031,0.559299,-6.808591,0.684154,-9.336533,0.931457,-8.169949,1.084411,-6.519344,191,V,35,2
0.452480,22.482020,0.736760,0.009609,0.010515,1.086032,47.361655,0.559308,-6.846625,0.683760,-9.404921,0.930784,-8.282107,1.083710,-6.383403,192,V,35,2
0.450450,22.482020,0.737340,0.009601,0.010998,1.078617,47.165995,0.557537,-6.944418,0.681833,-9.422189,0.929218,-8.261112,1.083784,-6.435114,193,V,35,2
0.449610,22.482020,0.736600,0.009611,0.011200,1.023245,45.658252,0.556617,-6.893333,0.680075,-9.334905,0.928754,-8.240772,1.080719,-6.651317,194,V,35,2
0.450020,22.482020,0.733320,0.009654,0.010032,0.984531,44.553404,0.555863,-6.895994,0.680011,-9.370722,0.928973,-8.351158,1.079420,-6.700158,195,V,35,2
0.448590,22.482020,0.736680,0.009610,0.011040,1.042747,46.198814,0.555122,-6.901061,0.680411,-9.363417,0.929086,-8.333652,1.083905,-6.626404,196,V,35,2
0.447090,22.482020,0.740920,0.009555,0.011873,1.107267,47.914040,0.555052,-6.818808,0.680538,-9.370016,0.929589,-8.467262,1.082299,-6.357955,197,V,35,2
0.448440,22.482020,0.735540,0.009625,0.010493,1.123891,48.338412,0.554355,-6.852279,0.680778,-9.380999,0.929232,-8.446389,1.082733,-6.346148,198,V,35,2
0.447770,17.796130,0.803220,0.011134,0.010578,1.073120,47.020001,0.555207,-6.937405,0.679739,-9.432310,0.929872,-8.470972,1.086989,-6.510737,199,V,35,2
0.445070,17.796130,0.804240,0.011120,0.012378,1.000044,45.001252,0.554318,-6.915726,0.679430,-9.511175,0.928494,-8.429861,1.083053,-6.705430,200,V,35,2
0.446990,17.796130,0.801160,0.011163,0.010161,1.218405,50.622738,0.553482,-6.875863,0.678027,-9.419558,0.928285,-8.478499,1.079054,-6.468688,201,V,35,2
0.447400,22.482020,0.735240,0.009628,0.009908,1.063781,46.770170,0.551981,-6.917974,0.677197,-9.449627,0.928237,-8.513963,1.085542,-6.557915,202,V,35,2
0.445100,22.482020,0.739280,0.009576,0.011642,1.048430,46.354359,0.552285,-7.030289,0.678124,-9.491185,0.928984,-8.497582,1.087545,-6.614181,203,V,35,2
0.444880,22.482020,0.739060,0.009579,0.011281,0.986612,44.613872,0.552580,-6.951041,0.677494,-9.519999,0.929061,-8.614657,1.085285,-6.726694,204,V,35,2
0.444860,22.482020,0.729700,0.009702,0.010740,1.126181,48.396311,0.551287,-6.847885,0.675245,-9.361479,0.923738,-8.537895,1.075449,-6.399742,205,V,35,2
0.448540,22.482020,0.727520,0.009731,0.011302,1.051162,46.428819,0.554656,-6.792803,0.676455,-9.332000,0.925113,-8.407742,1.074410,-6.556728,206,V,35,2
0.453320,22.482020,0.729120,0.009709,0.011234,1.088557,47.427945,0.559144,-6.694326,0.681357,-9.246855,0.929906,-8.411225,1.084113,-6.358043,207,V,35,2
0.453470,22.482020,0.732260,0.009668,0.011249,1.007248,45.206886,0.558473,-6.712623,0.683286,-9.311995,0.933306,-8.472924,1.088908,-6.661295,208,V,35,2
0.452690,22.482020,0.732100,0.009670,0.010306,1.365766,53.788800,0.558430,-6.839609,0.682771,-9.305527,0.934173,-8.527950,1.087311,-6.462768,209,V,35,2
0.451200,22.482020,0.734080,0.009644,0.010276,1.370193,53.877118,0.556067,-6.782644,0.682365,-9.356350,0.933397,-8.585967,1.087550,-6.455251,210,V,35,2
0.451360,22.482020,0.731200,0.009682,0.009983,0.967782,44.061981,0.557408,-6.862234,0.679373,-9.339132,0.930000,-8.465205,1.083516,-6.728079,211,V,35,2
0.454220,22.482020,0.729340,0.009706,0.011022,0.969601,44.115757,0.560879,-6.812788,0.681943,-9.191505,0.931641,-8.484032,1.085830,-6.691250,212,V,35,2
0.455570,22.482020,0.724740,0.009768,0.010047,1.388427,54.237073,0.560920,-6.735523,0.683571,-9.253758,0.931777,-8.507021,1.087008,-6.446305,213,V,35,2
0.453950,22.482020,0.731900,0.009672,0.010937,0.966418,44.021601,0.560099,-6.732523,0.682845,-9.320259,0.934840,-8.635319,1.090013,-6.642836,214,V,35,2
0.453930,22.482020,0.729880,0.009699,0.009628,1.288525,52.185639,0.558402,-6.812270,0.682864,-9.312614,0.934527,-8.608628,1.090758,-6.429823,215,V,35,2
0.452590,17.796130,0.797040,0.011221,0.009738,1.379957,54.070653,0.558646,-6.853214,0.681610,-9.245890,0.933874,-8.625410,1.090879,-6.458785,216,V,35,2
0.453180,22.482020,0.729480,0.009704,0.010418,0.959876,43.827159,0.557806,-6.824037,0.680644,-9.296398,0.933316,-8.601906,1.087129,-6.686870,217,V,35,2
0.463320,22.482020,0.724400,0.009773,0.010388,1.060882,46.692137,0.567204,-6.629784,0.690611,-9.065926,0.940636,-8.490113,1.100330,-6.478547,218,V,35,2
0.476440,17.796130,0.790460,0.011314,0.010463,1.074517,47.057191,0.581679,-6.630300,0.702867,-8.899498,0.953415,-8.368180,1.112066,-6.251837,219,V,35,2
0.478470,22.482020,0.724920,0.009766,0.009786,1.191405,49.991735,0.582525,-6.479123,0.705929,-8.909907,0.958023,-8.386609,1.113125,-6.320993,220,V,35,2
0.473700,22.482020,0.729540,0.009704,0.010840,1.389087,54.249981,0.580407,-6.497367,0.703437,-9.022210,0.956121,-8.539034,1.113104,-6.317297,221,V,35,2
0.472060,17.796130,0.795020,0.011249,0.010955,1.103690,47.821812,0.578963,-6.544341,0.700972,-9.038190,0.954279,-8.554500,1.114398,-6.230024,222,V,35,2
0.470560,17.796130,0.789940,0.011321,0.010183,1.253454,51.417280,0.575997,-6.638771,0.697665,-9.015097,0.949987,-8.573337,1.105849,-6.314462,223,V,35,2
0.476850,17.796130,0.790620,0.011312,0.010507,1.059699,46.660205,0.581793,-6.538497,0.704493,-8.954330,0.955720,-8.427418,1.116620,-6.330747,224,V,35,2
0.481130,17.796130,0.791840,0.011294,0.010826,0.962808,43.914482,0.586661,-6.314144,0.707276,-8.916725,0.959534,-8.441137,1.116079,-6.525768,225,V,35,2
0.484670,22.482020,0.728660,0.009715,0.012111,1.421310,54.870683,0.591421,-6.456634,0.712776,-8.819948,0.966769,-8.444514,1.125280,-6.266086,226,V,35,2
0.484370,22.482020,0.725880,0.009753,0.008923,0.967104,44.041936,0.588618,-6.495867,0.710468,-8.880390,0.964351,-8.478338,1.124798,-6.509698,227,V,35,2
0.480640,17.796130,0.795480,0.011243,0.010427,1.097953,47.673176,0.587428,-6.457433,0.709516,-8.911591,0.964646,-8.612801,1.125932,-6.169420,228,V,35,2
0.479030,17.796130,0.791080,0.011305,0.010183,1.189950,49.957256,0.584692,-6.372429,0.705223,-8.998164,0.958800,-8.597673,1.116820,-6.307413,229,V,35,2
0.483870,22.482020,0.724780,0.009767,0.010708,0.958431,43.784053,0.589701,-6.315453,0.710751,-8.825468,0.963323,-8.551831,1.121390,-6.509230,230,V,35,2
0.487590,22.482020,0.725040,0.009764,0.010279,1.022382,45.634069,0.593152,-6.311402,0.713890,-8.808976,0.967098,-8.384468,1.128667,-6.427577,231,V,35,2
0.492350,22.482020,0.727220,0.009735,0.010646,1.352577,53.523400,0.598024,-6.220477,0.718703,-8.774861,0.974260,-8.490725,1.132599,-6.225099,232,V,35,2
0.488210,17.796130,0.795200,0.011247,0.011628,0.968104,44.071531,0.594401,-6.317670,0.716626,-8.857542,0.972757,-8.591127,1.135743,-6.467244,233,V,35,2
0.486010,17.796130,0.795960,0.011236,0.011501,0.963031,43.921093,0.592721,-6.335225,0.714563,-8.816557,0.971075,-8.692073,1.135476,-6.484107,234,V,35,2
0.484640,17.796130,0.797960,0.011208,0.010802,1.116793,48.158072,0.590607,-6.362563,0.714368,-8.881307,0.969244,-8.647691,1.130700,-6.291621,235,V,35,2
0.484810,17.796130,0.791560,0.011298,0.009900,1.141283,48.774934,0.590602,-6.482909,0.711728,-8.797757,0.967245,-8.642286,1.128817,-6.182396,236,V,35,2
0.489080,22.482020,0.723440,0.009785,0.009294,1.068121,46.886559,0.593048,-6.342972,0.715216,-8.798018,0.970088,-8.596606,1.135121,-6.190958,237,V,35,2
0.487820,22.482020,0.726380,0.009746,0.011139,1.028489,45.804641,0.594688,-6.336530,0.714848,-8.752928,0.972193,-8.634164,1.138969,-6.396137,238,V,35,2
0.488460,22.482020,0.724080,0.009777,0.009910,0.990588,44.729094,0.592431,-6.412622,0.714237,-8.931167,0.970875,-8.716402,1.137840,-6.464514,239,V,35,2
0.485030,17.796130,0.793660,0.011268,0.010341,1.039921,46.121139,0.592479,-6.465036,0.712450,-8.962419,0.971048,-8.798983,1.139572,-6.326741,240,V,35,2
0.483170,17.796130,0.797400,0.011215,0.011473,0.977494,44.347955,0.590293,-6.349130,0.712307,-8.948344,0.969831,-8.788892,1.136756,-6.489743,241,V,35,2
0.482650,17.796130,0.792200,0.011289,0.010406,1.117514,48.176433,0.588641,-6.360249,0.710276,-8.904354,0.967306,-8.800055,1.132010,-6.191434,242,V,35,2
0.481020,17.796130,0.792760,0.011281,0.011354,0.955088,43.684043,0.587344,-6.458026,0.710197,-8.957957,0.967214,-8.747632,1.130309,-6.542768,243,V,35,2
0.482980,17.796130,0.790980,0.011307,0.010999,0.996618,44.902940,0.589543,-6.403571,0.709982,-8.901712,0.967789,-8.810776,1.136738,-6.464628,244,V,35,2
0.479520,17.796130,0.797980,0.011207,0.012140,0.950786,43.554855,0.588926,-6.432014,0.710475,-8.894476,0.967813,-8.848199,1.134025,-6.508891,245,V,35,2
0.481820,17.796130,0.791740,0.011296,0.010152,1.039985,46.122903,0.588747,-6.349166,0.708837,-8.864516,0.968171,-8.896981,1.138937,-6.370082,246,V,35,2
0.479190,17.796130,0.789960,0.011321,0.010624,0.991441,44.753756,0.586130,-6.453105,0.706243,-8.930996,0.964493,-8.846308,1.132319,-6.513330,247,V,35,2
0.486010,17.796130,0.785680,0.011383,0.009908,1.456342,55.524485,0.591079,-6.386929,0.710918,-8.903712,0.968894,-8.781752,1.132552,-6.302786,248,V,35,2
0.489430,22.482020,0.721200,0.009816,0.012072,1.024072,45.681390,0.596017,-6.230217,0.715990,-8.814638,0.973408,-8.726977,1.141284,-6.382479,249,V,35,2
0.490900,17.796130,0.788820,0.011337,0.011148,0.985761,44.589174,0.597690,-6.265279,0.717589,-8.843857,0.974553,-8.693651,1.141752,-6.474634,250,V,35,2
0.490930,17.796130,0.787440,0.011357,0.010862,1.387583,54.220554,0.596911,-6.345042,0.717354,-8.751673,0.976519,-8.923684,1.142182,-6.241431,251,V,35,2
0.488310,17.796130,0.792840,0.011280,0.009967,0.945677,43.400731,0.593808,-6.376880,0.715011,-8.824937,0.974704,-8.893431,1.142766,-6.499443,252,V,35,2
0.486080,17.796130,0.793820,0.011266,0.010961,1.174987,49.599781,0.592745,-6.314008,0.713729,-8.888142,0.973248,-8.942307,1.142217,-6.171632,253,V,35,2
0.488140,17.796130,0.789320,0.011330,0.010351,1.447533,55.362095,0.593818,-6.260427,0.714529,-8.861766,0.973744,-8.845074,1.139224,-6.267351,254,V,35,2
0.491380,17.796130,0.789340,0.011330,0.010653,1.222550,50.718125,0.598694,-6.245181,0.716598,-8.794832,0.975269,-8.824276,1.140994,-6.200975,255,V,35,2
0.491340,17.796130,0.789800,0.011323,0.011357,1.045995,46.287827,0.597749,-6.260100,0.717420,-8.658188,0.974967,-8.812727,1.145504,-6.207275,256,V,35,2
0.494530,17.796130,0.787840,0.011352,0.009584,1.079867,47.199075,0.599381,-6.307192,0.718999,-8.750622,0.979347,-8.875233,1.150235,-6.129818,257,V,35,2
0.492830,17.796130,0.790680,0.011311,0.010891,1.111652,48.026663,0.598429,-6.280465,0.718468,-8.822770,0.978657,-8.945739,1.149246,-6.102518,258,V,35,2
0.493710,17.796130,0.790680,0.011311,0.010318,1.055803,46.554850,0.599692,-6.198898,0.720044,-8.750130,0.979635,-8.976116,1.154699,-6.203337,259,V,35,2
0.493110,17.796130,0.790060,0.011320,0.011073,1.063536,46.763581,0.600214,-6.184163,0.719221,-8.753221,0.977863,-8.863068,1.148852,-6.142630,260,V,35,2
0.500170,17.796130,0.785220,0.011389,0.010599,0.999181,44.976525,0.606301,-6.130412,0.726202,-8.606237,0.984842,-8.817930,1.156336,-6.395466,261,V,35,2
0.501790,22.482020,0.717160,0.009871,0.010495,1.425634,54.952556,0.607309,-6.029539,0.726773,-8.603313,0.985425,-8.847530,1.153118,-6.216113,262,V,35,2
0.499780,17.796130,0.790580,0.011312,0.010949,0.945103,43.383364,0.606686,-6.292831,0.725915,-8.738416,0.987726,-8.966363,1.158383,-6.446821,263,V,35,2
0.497920,22.482020,0.724640,0.009769,0.011853,1.319672,52.846469,0.605777,-6.263276,0.725991,-8.690166,0.986779,-8.925253,1.157511,-6.178638,264,V,35,2
0.497460,17.796130,0.791860,0.011294,0.010280,1.086861,47.383428,0.602586,-6.097205,0.723657,-8.712313,0.985032,-9.055772,1.160288,-6.087733,265,V,35,2
0.497000,17.796130,0.787360,0.011359,0.010358,1.457782,55.550900,0.602525,-6.168771,0.722168,-8.801375,0.983607,-8.934030,1.153841,-6.228298,266,V,35,2
0.503740,17.796130,0.782140,0.011434,0.009150,1.089603,47.455369,0.607811,-6.179908,0.725548,-8.616169,0.986191,-8.917760,1.158075,-6.096615,267,V,35,2
0.500090,17.796130,0.789460,0.011328,0.010700,0.939656,43.218065,0.606857,-6.071638,0.725281,-8.706242,0.986874,-8.936856,1.156698,-6.414704,268,V,35,2
0.503050,17.796130,0.785080,0.011391,0.009430,1.040355,46.133084,0.608329,-6.145916,0.727385,-8.619509,0.988335,-8.945782,1.164530,-6.185024,269,V,35,2
0.502370,17.796130,0.787000,0.011364,0.010965,0.960938,43.858814,0.607812,-6.113686,0.727506,-8.637059,0.990494,-9.015203,1.165623,-6.416774,270,V,35,2
0.499070,17.796130,0.788300,0.011345,0.010472,1.430655,55.047194,0.605644,-6.243122,0.724369,-8.699132,0.986893,-9.047810,1.161052,-6.215053,271,V,35,2
0.498010,17.796130,0.787080,0.011363,0.011241,0.933752,43.037869,0.604217,-6.195497,0.722849,-8.753804,0.984685,-9.076635,1.158676,-6.470383,272,V,35,2
0.500920,17.796130,0.785060,0.011392,0.011018,1.436287,55.152842,0.606397,-6.162868,0.725493,-8.575946,0.986756,-9.023308,1.158659,-6.213670,273,V,35,2
0.498800,17.796130,0.784580,0.011399,0.010365,1.003100,45.088659,0.603827,-6.239889,0.723910,-8.684346,0.984440,-9.095786,1.162474,-6.346932,274,V,35,2
0.498500,17.796130,0.786100,0.011377,0.010796,1.067070,46.858424,0.605144,-6.142165,0.723228,-8.655320,0.985818,-9.080216,1.163562,-6.119070,275,V,35,2
0.497710,17.796130,0.787080,0.011363,0.010382,0.940601,43.246799,0.603475,-6.143151,0.722591,-8.664554,0.986425,-9.163071,1.162173,-6.479678,276,V,35,2
0.497850,17.796130,0.789000,0.011335,0.010187,1.016207,45.460545,0.603371,-6.178396,0.723549,-8.657398,0.987556,-9.164940,1.166959,-6.339251,277,V,35,2
0.498240,17.796130,0.789000,0.011335,0.011017,0.934399,43.057687,0.604052,-6.245436,0.722744,-8.659073,0.986977,-9.215566,1.164246,-6.453562,278,V,35,2
0.499440,17.796130,0.786300,0.011374,0.010205,1.100657,47.743326,0.605000,-6.131419,0.723592,-8.638471,0.987257,-9.190711,1.159782,-6.257009,279,V,35,2
0.500420,17.796130,0.784940,0.011394,0.010832,1.235799,51.020455,0.607400,-6.138493,0.724274,-8.647513,0.988250,-9.174390,1.162279,-6.169577,280,V,35,2
0.501780,17.796130,0.786740,0.011367,0.009547,1.120076,48.241637,0.606927,-6.151436,0.726089,-8.601813,0.989704,-9.181447,1.163585,-6.266096,281,V,35,2
0.501520,17.796130,0.786340,0.011373,0.010428,0.942840,43.314810,0.608432,-6.131618,0.727871,-8.670016,0.991428,-9.246420,1.169237,-6.472323,282,V,35,2
0.501120,17.796130,0.787280,0.011360,0.010491,1.045353,46.270249,0.607272,-6.206512,0.726104,-8.707214,0.991352,-9.242914,1.172335,-6.183929,283,V,35,2
0.498290,17.796130,0.793000,0.011278,0.011011,1.117244,48.169567,0.605494,-6.259148,0.724576,-8.704330,0.989414,-9.325442,1.169675,-6.104692,284,V,35,2
0.500340,17.796130,0.788880,0.011337,0.011225,0.938459,43.181613,0.607853,-6.097267,0.725486,-8.667732,0.991380,-9.203279,1.168441,-6.463004,285,V,35,2
0.501080,17.796130,0.786100,0.011377,0.010915,0.958457,43.784805,0.607137,-6.103942,0.726129,-8.719636,0.990415,-9.265087,1.165830,-6.393277,286,V,35,2
0.505570,14.068130,0.854280,0.013243,0.008996,1.097932,47.672632,0.609958,-6.070681,0.727034,-8.603093,0.992652,-9.235633,1.172578,-6.066854,287,V,35,2
0.503070,17.796130,0.786980,0.011364,0.010344,1.227114,50.822702,0.608690,-6.125318,0.727209,-8.590762,0.993951,-9.334978,1.173491,-6.134320,288,V,35,2
0.504040,17.796130,0.785800,0.011381,0.008145,0.992661,44.788968,0.608108,-6.126732,0.726859,-8.740376,0.993352,-9.313105,1.178859,-6.369944,289,V,35,2
0.502550,17.796130,0.787960,0.011350,0.010331,0.965806,44.003478,0.608048,-6.195769,0.728248,-8.712074,0.996058,-9.385395,1.179459,-6.418753,290,V,35,2
0.504780,17.796130,0.783620,0.011413,0.009688,0.997483,44.927808,0.609293,-6.131008,0.727378,-8.626900,0.992785,-9.301140,1.174598,-6.375366,291,V,35,2
0.505150,17.796130,0.783640,0.011412,0.011483,1.042055,46.179802,0.611905,-6.137414,0.728521,-8.635458,0.993101,-9.186294,1.174568,-6.172219,292,V,35,2
0.505540,17.796130,0.784860,0.011395,0.011093,1.467452,55.727393,0.612020,-6.019043,0.729328,-8.572271,0.993500,-9.173579,1.171428,-6.197647,293,V,35,2
0.506950,17.796130,0.788020,0.011349,0.010454,1.090189,47.470717,0.612882,-5.999498,0.731658,-8.660108,0.997807,-9.353111,1.180324,-6.049875,294,V,35,2
0.506560,17.796130,0.784320,0.011403,0.010705,1.258357,51.526284,0.612671,-6.030582,0.730822,-8.561336,0.996970,-9.348064,1.176851,-6.175178,295,V,35,2
0.505450,17.796130,0.787100,0.011362,0.010849,1.130255,48.499012,0.611958,-6.084114,0.730817,-8.681611,0.997283,-9.437277,1.180457,-6.094324,296,V,35,2
0.507570,17.796130,0.780820,0.011454,0.010431,1.031908,45.899677,0.613074,-5.936257,0.730325,-8.614975,0.995033,-9.259042,1.180125,-6.238794,297,V,35,2
0.507650,17.796130,0.782440,0.011430,0.011327,0.974050,44.246856,0.614694,-6.014578,0.732693,-8.587769,0.997869,-9.329194,1.182187,-6.381942,298,V,35,2
0.510540,17.796130,0.783180,0.011419,0.010964,1.135270,48.624867,0.616931,-5.981612,0.735615,-8.498132,1.000881,-9.313889,1.180125,-6.188429,299,V,35,2
0.513110,17.796130,0.782360,0.011431,0.010188,1.025412,45.718817,0.617935,-5.964709,0.735952,-8.532111,1.001921,-9.333684,1.189635,-6.211511,300,V,35,2
0.512020,17.796130,0.784160,0.011405,0.009858,0.944704,43.371296,0.618722,-6.123309,0.736708,-8.545120,1.003156,-9.359514,1.188435,-6.397920,301,V,35,2
0.513660,17.796130,0.783880,0.011409,0.009541,0.934922,43.073687,0.619530,-5.929821,0.738158,-8.505103,1.004706,-9.392820,1.189707,-6.381326,302,V,35,2
0.512420,17.796130,0.782180,0.011434,0.010874,0.961668,43.880555,0.618441,-5.936258,0.736159,-8.504465,1.001665,-9.365181,1.187142,-6.383627,303,V,35,2
0.512730,17.796130,0.779120,0.011479,0.011061,1.067610,46.872878,0.619363,-5.994908,0.735006,-8.511595,1.001546,-9.300975,1.185328,-6.057878,304,V,35,2
0.514370,17.796130,0.782880,0.011424,0.010730,0.997248,44.921042,0.620016,-6.008199,0.737031,-8.421157,1.003713,-9.352934,1.192430,-6.282262,305,V,35,2
0.515130,17.796130,0.781960,0.011437,0.009739,1.121359,48.274208,0.621520,-5.781470,0.739414,-8.557598,1.005767,-9.377599,1.191341,-6.026883,306,V,35,2
0.518260,17.796130,0.783700,0.011412,0.009682,1.081022,47.229626,0.623009,-5.976875,0.742089,-8.440438,1.009916,-9.462721,1.197837,-6.016493,307,V,35,2
0.516640,17.796130,0.785520,0.011385,0.010321,0.932468,42.998546,0.623459,-5.999784,0.741893,-8.438069,1.010480,-9.473857,1.197676,-6.378867,308,V,35,2
0.517950,17.796130,0.785440,0.011386,0.011159,1.094043,47.571408,0.625506,-5.971560,0.743375,-8.451507,1.010230,-9.506573,1.199485,-6.014093,309,V,35,2
0.519740,14.068130,0.852320,0.013273,0.010142,0.926666,42.820228,0.624921,-5.956127,0.742874,-8.496110,1.010293,-9.393495,1.195764,-6.404487,310,V,35,2
0.519730,17.796130,0.780640,0.011456,0.009264,1.105069,47.857398,0.625037,-5.934814,0.741827,-8.404238,1.008755,-9.379542,1.194552,-6.007434,311,V,35,2
0.521210,17.796130,0.781920,0.011438,0.011543,1.386613,54.201550,0.629191,-5.800294,0.746042,-8.307151,1.012052,-9.326390,1.195288,-6.109425,312,V,35,2
0.527280,17.796130,0.779600,0.011472,0.009712,1.050739,46.417313,0.631034,-5.907521,0.749277,-8.249999,1.018107,-9.380830,1.207623,-5.996305,313,V,35,2
0.528180,17.796130,0.782720,0.011426,0.009165,0.955438,43.694525,0.632915,-5.903656,0.750973,-8.341325,1.018269,-9.454080,1.209562,-6.304903,314,V,35,2
0.527550,17.796130,0.783660,0.011412,0.009890,1.048676,46.361086,0.632544,-5.834015,0.751406,-8.372264,1.020585,-9.404923,1.212160,-6.013078,315,V,35,2
0.527610,17.796130,0.780040,0.011465,0.009726,0.935988,43.106257,0.632449,-5.831602,0.750192,-8.320593,1.017219,-9.340971,1.204172,-6.348892,316,V,35,2
0.527320,14.068130,0.854860,0.013234,0.010873,1.120054,48.241062,0.633577,-5.733179,0.750649,-8.334912,1.016865,-9.344257,1.201327,-6.148390,317,V,35,2
0.528190,14.068130,0.856760,0.013205,0.011488,0.969602,44.115789,0.635944,-5.820511,0.753285,-8.256895,1.019991,-9.388674,1.210791,-6.256385,318,V,35,2
0.300650,14.068130,1.569540,0.007208,0.004250,1.667975,59.056078,0.496091,-16.179733,0.783425,-17.049006,1.181978,-12.582458,1.516581,-5.228490,1,V,25,7
0.302730,17.796130,1.492960,0.005990,0.005056,1.375621,53.984932,0.500981,-16.220318,0.790068,-17.000254,1.189374,-12.649881,1.531555,-5.195276,2,V,25,7
0.304280,17.796130,1.497740,0.005971,0.004492,1.412284,54.698723,0.503224,-16.305591,0.792502,-16.938452,1.194757,-12.653410,1.541915,-5.340811,3,V,25,7
0.305310,14.068130,1.585720,0.007134,0.004255,1.564839,57.419662,0.503925,-16.273471,0.794081,-16.965801,1.195465,-12.633094,1.542041,-5.279931,4,V,25,7
0.305580,17.796130,1.498560,0.005968,0.003454,1.391818,54.303326,0.505514,-16.271765,0.795730,-17.035634,1.198544,-12.682885,1.550880,-5.396802,5,V,25,7
0.306700,14.068130,1.591380,0.007109,0.004782,1.360692,53.687092,0.505516,-16.128465,0.797208,-16.953813,1.201622,-12.732554,1.556640,-5.433115,6,V,25,7
0.306940,14.068130,1.589560,0.007117,0.004268,1.296285,52.352147,0.505069,-16.194170,0.796028,-16.939634,1.200347,-12.800254,1.554435,-5.458515,7,V,25,7
0.305820,17.796130,1.497540,0.005972,0.004807,1.366252,53.798501,0.505041,-16.184437,0.795387,-16.946364,1.197960,-12.809443,1.556443,-5.286768,8,V,25,7
0.305760,17.796130,1.494720,0.005983,0.005150,1.367327,53.819981,0.503003,-16.138492,0.795131,-16.980519,1.198401,-12.799248,1.556832,-5.467412,9,V,25,7
0.307060,14.068130,1.583060,0.007146,0.004345,1.266006,51.695308,0.504921,-16.235624,0.794944,-16.854547,1.197237,-12.885483,1.555222,-5.489728,10,V,25,7
0.308700,14.068130,1.582540,0.007149,0.004367,1.406571,54.589116,0.505110,-16.140783,0.795851,-16.883624,1.197829,-12.920146,1.564012,-5.404045,11,V,25,7
0.308740,14.068130,1.585520,0.007135,0.004520,1.641621,58.652157,0.505528,-16.126714,0.796072,-16.972599,1.200225,-12.960893,1.565032,-5.398715,12,V,25,7
0.306550,11.144800,1.676340,0.008519,0.005080,1.371878,53.910659,0.504999,-16.250099,0.794062,-16.886980,1.197198,-12.960761,1.565309,-5.370377,13,V,25,7
0.307560,14.068130,1.575280,0.007182,0.004835,1.329833,53.057773,0.503632,-16.087627,0.793446,-16.888807,1.195735,-13.024269,1.562658,-5.330533,14,V,25,7
0.307680,11.144800,1.672060,0.008541,0.004769,1.356853,53.609799,0.504555,-16.198439,0.793318,-16.911949,1.197172,-13.070929,1.564208,-5.349343,15,V,25,7
0.308530,14.068130,1.574820,0.007184,0.004665,1.616558,58.259138,0.504308,-16.168910,0.792904,-16.854700,1.196457,-13.021745,1.564712,-5.435243,16,V,25,7
0.309900,11.144800,1.668200,0.008561,0.003971,1.555468,57.263299,0.505368,-16.210199,0.793690,-16.879470,1.197253,-13.114954,1.567925,-5.412006,17,V,25,7
0.309410,11.144800,1.666540,0.008569,0.004577,1.643757,58.685242,0.505304,-16.088181,0.793367,-16.786325,1.194282,-13.069536,1.565970,-5.426151,18,V,25,7
0.308640,11.144800,1.662220,0.008591,0.005336,1.327028,52.999645,0.505060,-16.139431,0.791585,-16.834652,1.192077,-13.038188,1.564129,-5.540680,19,V,25,7
0.309510,14.068130,1.559500,0.007254,0.004530,1.350198,53.475167,0.504218,-16.046044,0.790077,-16.763313,1.188862,-13.129452,1.559783,-5.401314,20,V,25,7
0.308090,11.144800,1.656120,0.008623,0.005810,1.326260,52.983702,0.503038,-15.967075,0.789687,-16.731151,1.189272,-13.171656,1.561749,-5.392669,21,V,25,7
0.308770,14.068130,1.558320,0.007260,0.004986,1.407758,54.611946,0.502704,-16.003298,0.790345,-16.819052,1.189387,-13.072541,1.565910,-5.482754,22,V,25,7
0.308940,14.068130,1.559560,0.007254,0.005286,1.641658,58.652717,0.502775,-15.944291,0.789625,-16.802727,1.188156,-13.074306,1.562928,-5.461405,23,V,25,7
0.309050,14.068130,1.561300,0.007246,0.005031,1.638979,58.611127,0.503115,-16.111828,0.791246,-16.820043,1.190380,-13.117539,1.566933,-5.478683,24,V,25,7
0.308700,14.068130,1.556860,0.007267,0.005100,1.497556,56.266804,0.502285,-16.008802,0.788403,-16.721957,1.186766,-13.158368,1.559625,-5.480293,25,V,25,7
0.307680,14.068130,1.548360,0.007307,0.006351,1.362691,53.727216,0.501958,-15.927769,0.786761,-16.829823,1.182170,-13.173343,1.556257,-5.453865,26,V,25,7
0.308350,14.068130,1.547580,0.007310,0.005463,1.283236,52.071422,0.501622,-15.978044,0.787127,-16.774914,1.182423,-13.199517,1.556504,-5.495743,27,V,25,7
0.308860,14.068130,1.547000,0.007313,0.005189,1.355917,53.590912,0.502653,-15.994812,0.786200,-16.721892,1.182629,-13.075501,1.558476,-5.602815,28,V,25,7
0.309730,11.144800,1.641460,0.008700,0.004451,1.330642,53.074512,0.502300,-15.960580,0.787341,-16.784997,1.184023,-13.170102,1.562155,-5.620222,29,V,25,7
0.310530,11.144800,1.634360,0.008738,0.004847,1.368726,53.847890,0.502841,-15.844849,0.786272,-16.742095,1.180993,-13.164933,1.560691,-5.577654,30,V,25,7
0.307710,11.144800,1.636960,0.008724,0.006408,1.344441,53.358003,0.500831,-15.915556,0.786242,-16.747220,1.179815,-13.201966,1.555060,-5.476857,31,V,25,7
0.309480,11.144800,1.631680,0.008752,0.004724,1.324858,52.954572,0.501051,-15.871066,0.783739,-16.699158,1.178635,-13.247980,1.554685,-5.468547,32,V,25,7
0.308280,14.068130,1.545580,0.007320,0.005961,1.324007,52.936878,0.501795,-15.903086,0.783725,-16.732068,1.178761,-13.103328,1.557258,-5.643957,33,V,25,7
0.308310,11.144800,1.629720,0.008763,0.005497,1.346731,53.404691,0.500747,-15.930105,0.783814,-16.642982,1.174636,-13.102647,1.553426,-5.519534,34,V,25,7
0.308770,14.068130,1.534380,0.007373,0.005651,1.345022,53.369862,0.499739,-15.937244,0.783834,-16.630282,1.174358,-13.165584,1.552364,-5.523793,35,V,25,7
0.309120,11.144800,1.629060,0.008766,0.005407,1.454218,55.485452,0.500555,-15.840019,0.783729,-16.665251,1.177028,-13.210566,1.552241,-5.549318,36,V,25,7
0.309170,11.144800,1.627160,0.008776,0.005395,1.627533,58.432324,0.500638,-15.790252,0.782166,-16.668459,1.175283,-13.195558,1.551635,-5.585506,37,V,25,7
0.309870,11.144800,1.620420,0.008813,0.004898,1.262312,51.613833,0.499923,-15.827304,0.782816,-16.670240,1.173095,-13.160579,1.549683,-5.692582,38,V,25,7
0.307870,14.068130,1.529580,0.007396,0.006094,1.622467,58.352587,0.500270,-15.786630,0.780232,-16.625026,1.170301,-13.107036,1.547199,-5.600899,39,V,25,7
0.308570,11.144800,1.612560,0.008856,0.005506,1.322038,52.895853,0.499491,-15.808472,0.779975,-16.607998,1.167892,-13.190538,1.545874,-5.512463,40,V,25,7
0.310660,11.144800,1.616340,0.008835,0.006054,1.591631,57.859408,0.500330,-15.729160,0.781762,-16.543422,1.171132,-13.158942,1.551229,-5.581086,41,V,25,7
0.309480,11.144800,1.613220,0.008852,0.006569,1.333531,53.134188,0.500402,-15.744678,0.780988,-16.600798,1.169816,-13.235002,1.549833,-5.568785,42,V,25,7
0.310740,11.144800,1.613720,0.008850,0.005455,1.351005,53.491536,0.499942,-15.809371,0.780961,-16.547698,1.170354,-13.188009,1.555275,-5.555354,43,V,25,7
0.309950,11.144800,1.606740,0.008888,0.006534,1.282749,52.060878,0.500478,-15.786015,0.781060,-16.552445,1.167619,-13.278250,1.548141,-5.603620,44,V,25,7
0.309580,11.144800,1.611460,0.008862,0.006338,1.618164,58.284586,0.499138,-15.800510,0.778932,-16.576519,1.168476,-13.201829,1.551592,-5.611080,45,V,25,7
0.311630,11.144800,1.599300,0.008929,0.005451,1.396897,54.402168,0.498770,-15.744875,0.777653,-16.475435,1.163617,-13.182536,1.544152,-5.590037,46,V,25,7
0.310230,11.144800,1.601780,0.008915,0.006419,1.319991,52.853125,0.499966,-15.684106,0.777933,-16.494403,1.164402,-13.285867,1.550161,-5.558576,47,V,25,7
0.310710,14.068130,1.512820,0.007478,0.006172,1.354844,53.569241,0.499382,-15.619765,0.778364,-16.513700,1.166158,-13.200184,1.553852,-5.706823,48,V,25,7
0.312540,11.144800,1.598160,0.008936,0.005218,1.380559,54.082515,0.498586,-15.697639,0.777494,-16.509764,1.165810,-13.391151,1.550065,-5.613312,49,V,25,7
0.310500,11.144800,1.601460,0.008917,0.006212,1.341254,53.292853,0.498673,-15.579912,0.776340,-16.520202,1.163775,-13.256299,1.552297,-5.737769,50,V,25,7
0.310410,11.144800,1.598880,0.008932,0.005709,1.561051,57.356616,0.499409,-15.803232,0.776496,-16.463004,1.162176,-13.255027,1.549021,-5.630554,51,V,25,7
0.308830,11.144800,1.596260,0.008946,0.007812,1.215890,50.564652,0.499006,-15.644004,0.776391,-16.419153,1.161376,-13.360862,1.546567,-5.745187,52,V,25,7
0.311770,11.144800,1.591720,0.008972,0.005262,1.258471,51.528815,0.497656,-15.646521,0.776586,-16.533347,1.161854,-13.437403,1.548974,-5.666409,53,V,25,7
0.312140,11.144800,1.597760,0.008938,0.005817,1.360955,53.692358,0.499466,-15.626800,0.777424,-16.482834,1.163994,-13.334913,1.559257,-5.683842,54,V,25,7
0.310660,11.144800,1.594620,0.008956,0.006180,1.274699,51.885860,0.499480,-15.609890,0.775547,-16.463410,1.161441,-13.400291,1.553708,-5.790017,55,V,25,7
0.312660,8.817720,1.679000,0.010750,0.004589,1.358262,53.638197,0.498931,-15.527718,0.774665,-16.381463,1.157428,-13.381100,1.549792,-5.655323,56,V,25,7
0.310780,8.817720,1.680280,0.010742,0.006353,1.325639,52.970799,0.497929,-15.640034,0.774316,-16.395656,1.157563,-13.424991,1.553478,-5.613301,57,V,25,7
0.312320,11.144800,1.577280,0.009054,0.005515,1.206444,50.345268,0.497284,-15.572235,0.773410,-16.353936,1.156255,-13.536351,1.548258,-5.784209,58,V,25,7
0.310140,8.817720,1.677600,0.010759,0.007078,1.336456,53.194414,0.497353,-15.752749,0.772231,-16.349223,1.154970,-13.465227,1.549410,-5.657366,59,V,25,7
0.311080,11.144800,1.589540,0.008984,0.006404,1.325607,52.970135,0.497787,-15.571779,0.775191,-16.392970,1.159251,-13.480738,1.559340,-5.777642,60,V,25,7
0.310440,8.817720,1.677700,0.010758,0.007615,1.626645,58.418370,0.497839,-15.697398,0.771925,-16.351095,1.156113,-13.464833,1.553003,-5.717419,61,V,25,7
0.309940,11.144800,1.573540,0.009075,0.007081,1.296993,52.367265,0.497567,-15.586793,0.770502,-16.315626,1.150808,-13.489835,1.549214,-5.627917,62,V,25,7
0.310740,8.817720,1.665500,0.010837,0.006145,1.298317,52.395533,0.496344,-15.491357,0.769957,-16.350542,1.149047,-13.573556,1.548063,-5.646371,63,V,25,7
0.310440,8.817720,1.657900,0.010887,0.006679,1.359841,53.669982,0.496210,-15.501729,0.767439,-16.325568,1.145430,-13.514442,1.541870,-5.688309,64,V,25,7
0.311430,8.817720,1.657660,0.010889,0.005547,1.410752,54.669383,0.495377,-15.380271,0.767772,-16.269870,1.146582,-13.518608,1.546040,-5.698638,65,V,25,7
0.309560,8.817720,1.662140,0.010859,0.006347,1.237083,51.049543,0.495736,-15.519703,0.768208,-16.353269,1.147305,-13.596455,1.548040,-5.727134,66,V,25,7
0.304470,8.817720,1.669020,0.010814,0.006665,1.250976,51.362008,0.490803,-15.719264,0.764333,-16.425524,1.145016,-13.752482,1.550303,-5.757219,67,V,25,7
0.306170,8.817720,1.661740,0.010862,0.005285,1.471296,55.797113,0.491532,-15.618859,0.764796,-16.405473,1.143593,-13.698870,1.551653,-5.717568,68,V,25,7
0.306390,11.144800,1.563460,0.009134,0.005381,1.609062,58.139874,0.490846,-15.562455,0.762666,-16.423177,1.143542,-13.702541,1.550680,-5.778401,69,V,25,7
0.306270,8.817720,1.658620,0.010882,0.005478,1.245042,51.229064,0.489111,-15.729364,0.762588,-16.464219,1.142438,-13.756485,1.547868,-5.783057,70,V,25,7
0.306090,8.817720,1.657860,0.010887,0.005132,1.295021,52.325109,0.490560,-15.623175,0.762813,-16.385740,1.141212,-13.839919,1.550363,-5.700699,71,V,25,7
0.304830,11.144800,1.561800,0.009144,0.006690,1.570190,57.508335,0.489920,-15.610753,0.761262,-16.376944,1.141454,-13.856671,1.550607,-5.779819,72,V,25,7
0.305920,8.817720,1.660580,0.010869,0.006190,1.201625,50.232557,0.490366,-15.757365,0.761536,-16.399014,1.142434,-13.843897,1.554624,-5.901862,73,V,25,7
0.305720,8.817720,1.652700,0.010921,0.006199,1.304227,52.521264,0.489439,-15.620063,0.761691,-16.364891,1.139035,-13.883495,1.552047,-5.784264,74,V,25,7
0.306150,11.144800,1.555300,0.009182,0.004884,1.488809,56.111625,0.489618,-15.624156,0.760370,-16.375934,1.139480,-13.882863,1.551884,-5.803208,75,V,25,7
0.303660,8.817720,1.649880,0.010940,0.006837,1.336731,53.200065,0.489821,-15.677270,0.759782,-16.325095,1.137027,-13.908074,1.556511,-5.771382,76,V,25,7
0.305980,11.144800,1.551120,0.009207,0.006262,1.506179,56.418558,0.488728,-15.572276,0.758053,-16.367604,1.136944,-13.952870,1.550138,-5.823326,77,V,25,7
0.306540,6.975450,1.749240,0.013044,0.006065,1.311156,52.667750,0.489865,-15.583195,0.761219,-16.299352,1.137872,-13.953103,1.561945,-5.893681,78,V,25,7
0.306000,8.817720,1.647760,0.010954,0.006141,1.340374,53.274843,0.489504,-15.682927,0.759204,-16.289347,1.137868,-13.960435,1.562748,-5.784259,79,V,25,7
0.305280,6.975450,1.749940,0.013038,0.006043,1.315295,52.754786,0.489583,-15.507986,0.758673,-16.315658,1.137480,-13.966227,1.561971,-5.893732,80,V,25,7
0.304720,8.817720,1.642500,0.010989,0.006636,1.331533,53.092927,0.489164,-15.467279,0.758226,-16.292242,1.134276,-14.026843,1.560953,-5.819092,81,V,25,7
0.304430,8.817720,1.640800,0.011000,0.006420,1.286863,52.149816,0.487862,-15.568459,0.757791,-16.323337,1.132618,-14.111633,1.558455,-5.734086,82,V,25,7
0.305620,8.817720,1.634440,0.011043,0.006352,1.215244,50.549709,0.488246,-15.544935,0.755837,-16.271272,1.129563,-14.096198,1.550495,-5.854809,83,V,25,7
0.307750,8.817720,1.636340,0.011030,0.005321,1.319336,52.839437,0.489218,-15.489391,0.757780,-16.242872,1.133844,-14.153358,1.561013,-5.769733,84,V,25,7
0.305220,8.817720,1.637320,0.011024,0.006499,1.204539,50.300779,0.489251,-15.500249,0.756737,-16.274793,1.131326,-14.106779,1.556283,-5.870734,85,V,25,7
0.305280,8.817720,1.628240,0.011085,0.006467,1.375896,53.990379,0.485515,-15.588155,0.753910,-16.271525,1.127882,-14.436885,1.575139,-5.773892,86,V,25,7
0.304340,6.975450,1.729860,0.013190,0.006970,1.607188,58.109937,0.486045,-15.494696,0.752258,-16.231388,1.126964,-14.359288,1.575396,-5.816916,87,V,25,7
0.305070,6.975450,1.724540,0.013230,0.006435,1.317878,52.808936,0.484785,-15.484569,0.751140,-16.141069,1.122903,-14.355004,1.575003,-5.871242,88,V,25,7
0.304470,8.817720,1.612540,0.011193,0.006842,1.290640,52.231146,0.486652,-15.401778,0.749864,-16.191245,1.119068,-14.447870,1.572890,-5.766503,89,V,25,7
0.305870,8.817720,1.623640,0.011117,0.006896,1.245253,51.233805,0.486966,-15.431876,0.752782,-16.238253,1.127200,-14.556507,1.584033,-5.826411,90,V,25,7
0.303990,8.817720,1.631680,0.011062,0.007030,1.298132,52.391580,0.486282,-15.373241,0.751755,-16.338055,1.129460,-14.806924,1.602388,-5.731768,91,V,25,7
0.304270,6.975450,1.737020,0.013135,0.006582,1.622522,58.353459,0.487153,-15.568129,0.753534,-16.324507,1.130269,-14.901412,1.625726,-5.774148,92,V,25,7
0.303870,5.517300,1.847360,0.015615,0.007102,1.146575,48.906270,0.485805,-15.551680,0.752808,-16.361144,1.128542,-15.184289,1.641506,-5.868281,93,V,25,7
0.304950,6.975450,1.729460,0.013193,0.006614,1.246853,51.269718,0.484778,-15.476305,0.751329,-16.369814,1.127062,-15.262559,1.663954,-5.874156,94,V,25,7
0.304620,5.517300,1.853020,0.015567,0.005438,1.247372,51.281365,0.485057,-15.482346,0.754283,-16.431385,1.133402,-15.930147,1.738345,-5.641316,95,V,25,7
0.305120,4.369410,1.999500,0.018217,0.005784,1.513405,56.544794,0.484831,-15.496635,0.755073,-16.420780,1.133728,-16.026524,1.766363,-5.733463,96,V,25,7
0.305470,4.369410,2.008720,0.018133,0.005727,1.609505,58.146946,0.487945,-15.463806,0.758816,-16.557309,1.142348,-16.439375,1.832850,-5.744820,97,V,25,7
0.305650,4.369410,2.016280,0.018065,0.005994,1.069392,46.920549,0.489779,-15.507280,0.762128,-16.631899,1.145446,-16.698881,1.892676,-5.961968,98,V,25,7
0.307540,4.369410,2.028060,0.017960,0.005717,1.615592,58.243815,0.490827,-15.494408,0.763680,-16.644977,1.146893,-16.904149,1.942894,-5.828587,99,V,25,7
0.307610,3.456860,2.206660,0.020864,0.006389,1.280362,52.009128,0.491565,-15.520582,0.764944,-16.712296,1.149218,-17.269104,1.987689,-5.811061,100,V,25,7
0.307290,3.456860,2.197380,0.020952,0.006460,1.246282,51.256920,0.491458,-15.606861,0.766808,-16.681086,1.147555,-17.301129,2.016006,-5.966074,101,V,25,7
0.307840,2.735470,2.358260,0.024672,0.005277,1.282959,52.065440,0.490542,-15.378616,0.765440,-16.688440,1.147034,-17.463971,2.035236,-5.918141,102,V,25,7
0.307830,2.735470,2.360500,0.024648,0.005957,1.013882,45.394948,0.492785,-15.512917,0.764546,-16.672240,1.145752,-17.475638,2.042437,-6.183694,103,V,25,7
0.308190,2.735470,2.363240,0.024620,0.005818,1.392753,54.321565,0.492288,-15.466282,0.764749,-16.760369,1.145001,-17.500436,2.049134,-5.989365,104,V,25,7
0.307200,2.735470,2.373920,0.024509,0.005652,1.053635,46.496056,0.491449,-15.558216,0.763472,-16.637943,1.143043,-17.399065,2.054124,-6.243921,105,V,25,7
0.308120,3.456860,2.189240,0.021030,0.005691,1.203581,50.278373,0.492057,-15.464677,0.762705,-16.583898,1.138804,-17.583838,2.052018,-5.992329,106,V,25,7
0.308120,3.456860,2.160620,0.021309,0.005787,1.535424,56.924366,0.490157,-15.472097,0.761149,-16.552064,1.136509,-17.411666,2.045145,-6.098003,107,V,25,7
0.307310,3.456860,2.176420,0.021154,0.005943,1.179110,49.698804,0.491257,-15.292285,0.760302,-16.523904,1.133746,-17.553329,2.050570,-6.029670,108,V,25,7
0.307470,3.456860,2.176760,0.021151,0.006518,1.154912,49.111789,0.491345,-15.347954,0.760576,-16.507521,1.133695,-17.629090,2.046299,-6.191836,109,V,25,7
0.307920,2.735470,2.342220,0.024841,0.005703,1.009930,45.283058,0.491186,-15.369884,0.759896,-16.481645,1.135635,-17.565288,2.050041,-6.338413,110,V,25,7
0.307920,3.456860,2.167480,0.021241,0.005877,1.186346,49.871655,0.491248,-15.254374,0.759959,-16.564488,1.131552,-17.614085,2.054313,-6.063660,111,V,25,7
0.307940,2.735470,2.349580,0.024763,0.006823,1.073896,47.040659,0.490653,-15.413365,0.758979,-16.393786,1.130334,-17.430735,2.056113,-6.309378,112,V,25,7
0.309700,2.735470,2.342280,0.024840,0.004846,1.026334,45.744578,0.490808,-15.235682,0.757483,-16.419403,1.130168,-17.416844,2.054175,-6.372966,113,V,25,7
0.307920,3.456860,2.168080,0.021236,0.006661,1.211397,50.460554,0.490926,-15.276510,0.758225,-16.473911,1.129026,-17.701231,2.055709,-6.093511,114,V,25,7
0.306900,2.735470,2.327720,0.024995,0.006959,1.019548,45.554572,0.489947,-15.277977,0.756804,-16.436433,1.127557,-17.678106,2.050259,-6.371172,115,V,25,7
0.308970,3.456860,2.148020,0.021434,0.006467,1.281595,52.035873,0.490403,-15.128699,0.757736,-16.417393,1.124694,-17.595869,2.052277,-6.243119,116,V,25,7
0.307840,2.735470,2.335660,0.024910,0.006446,1.093651,47.561178,0.489992,-15.240449,0.756256,-16.323490,1.124454,-17.506762,2.062348,-6.327485,117,V,25,7
0.307270,2.160540,2.508460,0.029366,0.007171,1.100724,47.745078,0.490122,-15.352660,0.755546,-16.343277,1.123256,-17.527878,2.062533,-6.326641,118,V,25,7
0.308200,2.735470,2.321260,0.025065,0.005655,1.000732,45.020958,0.489333,-15.196374,0.754638,-16.274906,1.125500,-17.670848,2.056519,-6.464283,119,V,25,7
0.309130,2.735470,2.314600,0.025137,0.004709,0.992221,44.776286,0.488529,-15.303846,0.753275,-16.396678,1.122836,-17.699108,2.053591,-6.468308,120,V,25,7
0.308790,3.456860,2.127880,0.021637,0.005909,1.129170,48.471704,0.489319,-15.236368,0.753013,-16.277011,1.118017,-17.621267,2.063788,-6.260643,121,V,25,7
0.308170,3.456860,2.144440,0.021470,0.006175,1.181143,49.747488,0.489603,-15.281382,0.753392,-16.315580,1.118824,-17.727005,2.055727,-6.344979,122,V,25,7
0.308540,2.735470,2.310880,0.025177,0.006079,1.362813,53.729656,0.489301,-15.000253,0.752812,-16.251698,1.120611,-17.793268,2.060256,-6.231697,123,V,25,7
0.307220,3.456860,2.136820,0.021546,0.007013,1.160014,49.236735,0.488921,-15.177078,0.752792,-16.261918,1.116123,-17.749251,2.065592,-6.222498,124,V,25,7
0.308290,2.735470,2.320280,0.025075,0.006204,1.046321,46.296737,0.490262,-15.157290,0.751784,-16.314447,1.116908,-17.613556,2.066575,-6.484479,125,V,25,7
0.307260,2.735470,2.298500,0.025313,0.006227,1.244394,51.214495,0.489224,-15.089093,0.750372,-16.235937,1.115777,-17.833993,2.062592,-6.236978,126,V,25,7
0.310330,2.735470,2.293240,0.025371,0.005370,1.059452,46.653542,0.488915,-15.172568,0.751353,-16.202855,1.116044,-17.803127,2.061959,-6.457397,127,V,25,7
0.309240,2.735470,2.311560,0.025170,0.006256,0.996891,44.910807,0.488857,-15.146292,0.751219,-16.212510,1.116928,-17.764476,2.071009,-6.559091,128,V,25,7
0.307620,2.160540,2.491680,0.029564,0.006805,1.622728,58.356705,0.489952,-15.034351,0.750900,-16.268823,1.115456,-17.643630,2.072135,-6.357123,129,V,25,7
0.310000,3.456860,2.117900,0.021739,0.006114,1.255746,51.468311,0.489263,-15.111184,0.751193,-16.200288,1.113053,-17.821827,2.070742,-6.393816,130,V,25,7
0.307980,2.735470,2.293520,0.025368,0.005999,1.057185,46.592294,0.488451,-14.942033,0.748937,-16.178766,1.112843,-17.862726,2.068869,-6.487712,131,V,25,7
0.308560,2.735470,2.304980,0.025242,0.006654,1.492369,56.174925,0.488259,-15.099389,0.749880,-16.253462,1.113464,-17.793243,2.073496,-6.353261,132,V,25,7
0.308920,2.735470,2.309560,0.025192,0.006144,1.002313,45.066177,0.488312,-14.979073,0.748890,-16.130965,1.112302,-17.767558,2.078100,-6.595962,133,V,25,7
0.308230,2.735470,2.312240,0.025163,0.006348,1.629672,58.465867,0.488650,-15.047262,0.749405,-16.149354,1.111235,-17.723852,2.076066,-6.395655,134,V,25,7
0.308880,3.456860,2.115940,0.021759,0.006978,1.152545,49.053622,0.488592,-15.037979,0.749371,-16.109098,1.108352,-17.922973,2.085948,-6.327818,135,V,25,7
0.309440,2.735470,2.284360,0.025470,0.005318,1.086950,47.385767,0.487710,-15.035679,0.748715,-16.192233,1.109836,-17.939783,2.080396,-6.515046,136,V,25,7
0.308890,2.735470,2.290460,0.025402,0.005570,1.296089,52.347945,0.488532,-14.973342,0.747819,-16.137597,1.109439,-17.935438,2.084047,-6.348843,137,V,25,7
0.309830,2.735470,2.298880,0.025309,0.006246,1.495814,56.235995,0.489416,-15.069951,0.746619,-16.148367,1.110321,-17.841874,2.084811,-6.410777,138,V,25,7
0.308570,2.735470,2.284580,0.025467,0.006702,1.284014,52.088256,0.487966,-14.990681,0.746745,-16.125237,1.107395,-17.990908,2.086193,-6.352882,139,V,25,7
0.310060,2.735470,2.291840,0.025387,0.006002,1.495402,56.228693,0.487826,-14.943322,0.746292,-16.105645,1.107493,-17.884464,2.084292,-6.419147,140,V,25,7
0.292260,28.409090,1.293260,0.004332,0.005942,1.704682,59.603273,0.480317,-16.446933,0.763509,-17.149347,1.149480,-11.132624,1.405088,-5.448021,1,V,25,6
0.294610,28.409090,1.307980,0.004283,0.006034,1.243774,51.200560,0.486002,-16.342734,0.770903,-17.131444,1.162308,-11.208524,1.422706,-5.582620,2,V,25,6
0.295370,28.409090,1.308720,0.004281,0.006269,1.331810,53.098660,0.486996,-16.353074,0.772111,-17.090394,1.163468,-11.244471,1.429080,-5.398835,3,V,25,6
0.296360,28.409090,1.307100,0.004286,0.006082,1.549880,57.169442,0.487885,-16.192848,0.773478,-17.031818,1.164765,-11.242887,1.430697,-5.483205,4,V,25,6
0.297390,22.482020,1.387900,0.005101,0.006526,1.364438,53.762217,0.489578,-16.319535,0.772468,-17.015090,1.164392,-11.244668,1.434176,-5.576246,5,V,25,6
0.297810,22.482020,1.388020,0.005100,0.005711,1.372454,53.922094,0.489706,-16.377371,0.772548,-17.008484,1.165634,-11.299340,1.436729,-5.592494,6,V,25,6
0.299410,22.482020,1.384800,0.005112,0.005887,1.355115,53.574729,0.489009,-16.258385,0.772577,-16.935391,1.162306,-11.285371,1.434416,-5.620800,7,V,25,6
0.299420,28.409090,1.298600,0.004314,0.006218,1.648777,58.762761,0.489431,-16.189216,0.772087,-17.028412,1.162253,-11.293079,1.433234,-5.530667,8,V,25,6
0.296860,22.482020,1.381980,0.005123,0.006981,1.220775,50.677327,0.489156,-16.238547,0.769966,-16.995444,1.161060,-11.385369,1.431178,-5.656035,9,V,25,6
0.298650,22.482020,1.378940,0.005134,0.006093,1.333182,53.126980,0.488602,-16.301751,0.770811,-16.971826,1.159821,-11.381099,1.436414,-5.503394,10,V,25,6
0.297460,22.482020,1.381360,0.005125,0.006961,1.222741,50.722511,0.487979,-16.117072,0.770478,-16.978757,1.162252,-11.477754,1.435723,-5.659670,11,V,25,6
0.299190,28.409090,1.291600,0.004337,0.006176,1.280236,52.006394,0.488069,-16.241032,0.769123,-16.917424,1.159509,-11.487999,1.435266,-5.705375,12,V,25,6
0.299220,17.796130,1.459780,0.006126,0.006412,1.463530,55.655998,0.489439,-16.257868,0.769464,-16.825320,1.157505,-11.440955,1.433942,-5.555754,13,V,25,6
0.298480,22.482020,1.369800,0.005168,0.006851,1.337223,53.210173,0.487791,-16.071069,0.767529,-16.889216,1.153509,-11.428389,1.432985,-5.556390,14,V,25,6
0.299480,22.482020,1.363480,0.005192,0.005984,1.409097,54.637663,0.487656,-16.064118,0.766955,-16.899656,1.154438,-11.574687,1.432475,-5.561334,15,V,25,6
0.298680,22.482020,1.364540,0.005188,0.006511,1.616173,58.253029,0.486351,-16.136868,0.765813,-16.830856,1.153412,-11.510133,1.432969,-5.606356,16,V,25,6
0.298280,22.482020,1.360600,0.005203,0.006726,1.322884,52.913490,0.485450,-16.022772,0.765683,-16.801975,1.150897,-11.578621,1.431074,-5.540403,17,V,25,6
0.301270,17.796130,1.445660,0.006186,0.006110,1.338225,53.230766,0.488823,-16.028197,0.766507,-16.752815,1.153639,-11.620179,1.436474,-5.568754,18,V,25,6
0.300690,17.796130,1.442400,0.006200,0.006243,1.348637,53.443465,0.487416,-16.063573,0.765745,-16.775455,1.151593,-11.606580,1.438172,-5.635344,19,V,25,6
0.300970,17.796130,1.437620,0.006221,0.006383,1.469592,55.766249,0.486168,-16.066212,0.764491,-16.771512,1.149483,-11.620670,1.433060,-5.599666,20,V,25,6
0.300950,17.796130,1.434920,0.006233,0.006850,1.354166,53.555544,0.486636,-15.901116,0.764634,-16.774285,1.148216,-11.653889,1.432241,-5.607838,21,V,25,6
0.300110,22.482020,1.351500,0.005238,0.007080,1.293613,52.294951,0.485978,-15.951654,0.761356,-16.753234,1.147831,-11.661286,1.434877,-5.780150,22,V,25,6
0.300400,17.796130,1.427480,0.006265,0.006515,1.355709,53.586715,0.485295,-16.040445,0.760767,-16.692841,1.145200,-11.656761,1.433039,-5.688292,23,V,25,6
0.299660,22.482020,1.342620,0.005273,0.007067,1.624878,58.390575,0.486297,-15.881727,0.760932,-16.712880,1.144512,-11.640391,1.429346,-5.677719,24,V,25,6
0.301760,22.482020,1.338280,0.005290,0.006685,1.275724,51.908223,0.485910,-15.838861,0.760404,-16.622364,1.143826,-11.754359,1.431015,-5.814029,25,V,25,6
0.301060,17.796130,1.420840,0.006294,0.006895,1.196916,50.121902,0.484856,-15.962869,0.759778,-16.620248,1.142135,-11.792776,1.427891,-5.761062,26,V,25,6
0.300140,22.482020,1.336100,0.005298,0.007343,1.206920,50.356384,0.485929,-16.089582,0.759545,-16.701481,1.141334,-11.807586,1.429005,-5.793594,27,V,25,6
0.301180,22.482020,1.326780,0.005336,0.006938,1.356001,53.592615,0.483917,-15.916141,0.758398,-16.615635,1.140628,-11.843098,1.428413,-5.656655,28,V,25,6
0.299950,17.796130,1.411600,0.006336,0.007115,1.476453,55.890260,0.484584,-15.842587,0.756104,-16.508951,1.136154,-11.798135,1.423599,-5.691117,29,V,25,6
0.299970,17.796130,1.410360,0.006341,0.007961,1.314727,52.742864,0.484221,-15.770853,0.756669,-16.540241,1.135164,-11.822996,1.427341,-5.641343,30,V,25,6
0.303100,17.796130,1.403680,0.006371,0.005949,1.310676,52.657637,0.484023,-15.770877,0.755240,-16.544136,1.133459,-11.846987,1.425035,-5.647261,31,V,25,6
0.300610,22.482020,1.316280,0.005378,0.006807,1.616971,58.265678,0.482265,-15.848959,0.753366,-16.593692,1.131731,-11.844317,1.421105,-5.743217,32,V,25,6
0.301550,17.796130,1.399760,0.006389,0.006756,1.315450,52.758038,0.482839,-15.715400,0.754247,-16.591845,1.132982,-11.963904,1.425801,-5.660895,33,V,25,6
0.300040,17.796130,1.401840,0.006380,0.007538,1.302422,52.482938,0.482771,-15.814640,0.754031,-16.461116,1.130816,-11.977280,1.426377,-5.647134,34,V,25,6
0.299190,17.796130,1.396720,0.006403,0.008547,1.331406,53.090302,0.483250,-15.659145,0.751846,-16.524907,1.129468,-11.894959,1.425514,-5.746542,35,V,25,6
0.301610,17.796130,1.391360,0.006428,0.006454,1.266294,51.701635,0.482066,-15.712851,0.751334,-16.486600,1.129665,-11.967450,1.423454,-5.882685,36,V,25,6
0.302330,22.482020,1.302940,0.005433,0.006678,1.197554,50.136927,0.482625,-15.772358,0.749967,-16.509330,1.126718,-12.028657,1.419257,-5.850407,37,V,25,6
0.299910,17.796130,1.392840,0.006421,0.008073,1.307806,52.597040,0.481402,-15.619986,0.750374,-16.505948,1.125680,-12.036606,1.424495,-5.686239,38,V,25,6
0.301450,14.068130,1.473100,0.007680,0.007135,1.231157,50.914973,0.481455,-15.644134,0.748332,-16.507524,1.125909,-12.025453,1.422786,-5.911389,39,V,25,6
0.301670,17.796130,1.380920,0.006476,0.006153,1.213440,50.507959,0.480707,-15.703896,0.748148,-16.489753,1.123533,-12.090356,1.421444,-5.913837,40,V,25,6
0.299950,17.796130,1.379920,0.006481,0.008492,1.261955,51.605939,0.480762,-15.608441,0.746607,-16.378435,1.121149,-12.011225,1.417902,-5.925363,41,V,25,6
0.301080,17.796130,1.376660,0.006496,0.007349,1.249355,51.325759,0.481432,-15.694195,0.747123,-16.417210,1.123031,-12.059760,1.419810,-5.931805,42,V,25,6
0.301960,17.796130,1.376060,0.006499,0.007657,1.341874,53.305556,0.481457,-15.575277,0.747605,-16.418551,1.120519,-12.056140,1.417710,-5.761243,43,V,25,6
0.301500,14.068130,1.457000,0.007765,0.007642,1.336396,53.193188,0.480228,-15.393109,0.745386,-16.336889,1.116607,-12.034088,1.418490,-5.872825,44,V,25,6
0.300500,17.796130,1.373440,0.006512,0.007823,1.328933,53.039154,0.481132,-15.626714,0.745174,-16.349465,1.118496,-12.104701,1.423632,-5.773742,45,V,25,6
0.301640,17.796130,1.369080,0.006532,0.007760,1.350723,53.485821,0.480108,-15.424812,0.745098,-16.323837,1.116966,-12.169435,1.416536,-5.782084,46,V,25,6
0.301000,17.796130,1.362120,0.006566,0.007810,1.317049,52.791563,0.480075,-15.520344,0.744499,-16.306480,1.114287,-12.099872,1.416585,-5.925923,47,V,25,6
0.302950,17.796130,1.357640,0.006587,0.006932,1.313063,52.707894,0.480506,-15.476216,0.743100,-16.270901,1.113424,-12.166293,1.417008,-5.901037,48,V,25,6
0.301850,14.068130,1.444240,0.007833,0.007478,1.214283,50.527473,0.480215,-15.264239,0.741962,-16.330309,1.112352,-12.204437,1.413653,-5.958783,49,V,25,6
0.300980,17.796130,1.360680,0.006573,0.008070,1.304806,52.533526,0.478996,-15.469157,0.742333,-16.231016,1.112127,-12.214165,1.418735,-5.778912,50,V,25,6
0.303240,17.796130,1.351460,0.006617,0.007236,1.614591,58.227925,0.478553,-15.476055,0.740934,-16.253582,1.111316,-12.240245,1.414784,-5.848959,51,V,25,6
0.302740,14.068130,1.439160,0.007861,0.007297,1.182992,49.791693,0.478279,-15.439744,0.739871,-16.219277,1.110330,-12.276749,1.414894,-5.931485,52,V,25,6
0.300770,17.796130,1.349180,0.006629,0.008486,1.330077,53.062841,0.477726,-15.269164,0.738375,-16.288665,1.107217,-12.232342,1.414050,-5.928125,53,V,25,6
0.302020,17.796130,1.343840,0.006655,0.007999,1.275264,51.898186,0.477569,-15.392103,0.738568,-16.223468,1.106202,-12.189714,1.413090,-5.987088,54,V,25,6
0.302730,17.796130,1.339580,0.006676,0.007169,1.508794,56.464335,0.477627,-15.306235,0.737303,-16.162371,1.104317,-12.275318,1.407632,-5.881920,55,V,25,6
0.300790,14.068130,1.427000,0.007928,0.008768,1.307606,52.592819,0.477798,-15.348527,0.736287,-16.129170,1.102991,-12.327929,1.406686,-5.810546,56,V,25,6
0.302580,14.068130,1.419740,0.007968,0.007555,1.283730,52.082131,0.476577,-15.398558,0.736639,-16.133499,1.102134,-12.361303,1.409557,-5.784454,57,V,25,6
0.301810,14.068130,1.421500,0.007959,0.008110,1.289704,52.211011,0.477015,-15.411631,0.736809,-16.189292,1.101654,-12.357300,1.409570,-5.797056,58,V,25,6
0.301350,17.796130,1.332080,0.006714,0.008101,1.290916,52.237070,0.477350,-15.271526,0.734629,-16.103543,1.099061,-12.321588,1.408659,-5.809895,59,V,25,6
0.301740,14.068130,1.419060,0.007972,0.008108,1.209110,50.407393,0.475935,-15.315080,0.735021,-16.033997,1.100609,-12.397987,1.408688,-6.044406,60,V,25,6
0.301360,14.068130,1.420140,0.007966,0.008540,1.256774,51.491157,0.476285,-15.312744,0.734122,-16.163354,1.100659,-12.414206,1.411592,-6.020719,61,V,25,6
0.301730,17.796130,1.329800,0.006725,0.008178,1.290099,52.219515,0.476720,-15.208920,0.733245,-16.090984,1.100283,-12.414674,1.412682,-5.995887,62,V,25,6
0.301560,14.068130,1.415940,0.007990,0.007520,1.508473,56.458728,0.475730,-15.266203,0.733691,-16.173704,1.097685,-12.404039,1.409864,-5.855666,63,V,25,6
0.302180,14.068130,1.411320,0.008016,0.007575,1.266982,51.716778,0.475664,-15.236380,0.732713,-16.022671,1.098223,-12.455408,1.411448,-6.033368,64,V,25,6
0.302300,14.068130,1.405700,0.008048,0.008157,1.174090,49.578188,0.475699,-15.196793,0.730456,-16.124349,1.094895,-12.507355,1.403336,-6.021663,65,V,25,6
0.301470,14.068130,1.409080,0.008029,0.008842,1.305612,52.550612,0.476531,-15.185937,0.731687,-16.026880,1.094969,-12.440388,1.409331,-5.997573,66,V,25,6
0.304200,14.068130,1.400160,0.008080,0.008111,1.303929,52.514930,0.477430,-15.082331,0.731617,-15.956939,1.093591,-12.464445,1.409417,-5.862398,67,V,25,6
0.304340,14.068130,1.397380,0.008096,0.007604,1.181594,49.758282,0.475963,-15.140081,0.732085,-15.998365,1.095298,-12.568580,1.407928,-5.967329,68,V,25,6
0.303810,14.068130,1.395660,0.008106,0.007676,1.521522,56.685615,0.475149,-15.035346,0.730415,-15.920979,1.092473,-12.499314,1.405140,-5.895415,69,V,25,6
0.304210,14.068130,1.393820,0.008117,0.007818,1.551289,57.193151,0.475562,-15.181597,0.730521,-16.030713,1.092511,-12.557215,1.406079,-5.909107,70,V,25,6
0.303270,14.068130,1.397220,0.008097,0.008722,1.170148,49.483032,0.475846,-15.127629,0.729538,-15.971876,1.092229,-12.600113,1.404562,-6.035046,71,V,25,6
0.303960,14.068130,1.394000,0.008116,0.008248,1.236583,51.038214,0.474956,-15.051384,0.728819,-15.954526,1.092154,-12.590673,1.407143,-6.062926,72,V,25,6
0.304000,14.068130,1.391760,0.008129,0.008253,1.307969,52.600492,0.475647,-14.983770,0.729150,-15.916337,1.091710,-12.570820,1.410100,-5.997219,73,V,25,6
0.303130,14.068130,1.391720,0.008129,0.008734,1.283132,52.069174,0.474878,-14.922278,0.727128,-15.958684,1.088146,-12.577073,1.408564,-5.874082,74,V,25,6
0.304460,14.068130,1.388380,0.008148,0.007371,1.169423,49.465492,0.475273,-15.016804,0.727831,-15.980577,1.089927,-12.692944,1.406214,-6.044249,75,V,25,6
0.304080,14.068130,1.380740,0.008194,0.007819,1.296489,52.356499,0.474643,-14.935461,0.726394,-15.886984,1.087541,-12.676827,1.403760,-5.868751,76,V,25,6
0.303170,14.068130,1.385360,0.008166,0.008869,1.189744,49.952388,0.473758,-14.940770,0.726376,-15.888927,1.087336,-12.688228,1.404095,-6.085596,77,V,25,6
0.303870,14.068130,1.384080,0.008174,0.009156,1.273096,51.850825,0.475726,-14.813792,0.726695,-15.916790,1.086069,-12.681052,1.407791,-5.853859,78,V,25,6
0.305340,14.068130,1.382980,0.008180,0.007560,1.288769,52.190888,0.475310,-14.952768,0.726952,-15.891309,1.087097,-12.676024,1.407706,-6.029372,79,V,25,6
0.304600,14.068130,1.378740,0.008205,0.008380,1.155479,49.125703,0.474337,-14.972966,0.725396,-15.896858,1.086509,-12.735016,1.403691,-6.070645,80,V,25,6
0.303740,14.068130,1.377280,0.008214,0.009006,1.274550,51.882592,0.474274,-15.041586,0.724759,-15.788140,1.084588,-12.694694,1.406591,-5.854534,81,V,25,6
0.304290,14.068130,1.375340,0.008226,0.008624,1.264884,51.670575,0.473741,-14.840017,0.724850,-15.844803,1.082987,-12.689632,1.406542,-5.875877,82,V,25,6
0.304980,11.144800,1.458760,0.009790,0.008603,1.322379,52.902967,0.474285,-14.903808,0.724208,-15.792962,1.082393,-12.812929,1.402145,-5.893773,83,V,25,6
0.305290,14.068130,1.369160,0.008263,0.008174,1.420480,54.854935,0.473208,-14.890657,0.723821,-15.780200,1.082968,-12.786471,1.404122,-5.911293,84,V,25,6
0.306600,14.068130,1.368180,0.008269,0.007725,1.237578,51.060764,0.474244,-14.815316,0.725361,-15.834162,1.082065,-12.736092,1.402048,-5.958883,85,V,25,6
0.304200,14.068130,1.371960,0.008246,0.009259,1.160271,49.243022,0.474333,-14.818578,0.723618,-15.779672,1.081906,-12.785456,1.402347,-6.059092,86,V,25,6
0.306100,14.068130,1.367360,0.008274,0.007545,1.167345,49.415163,0.473663,-14.896511,0.723618,-15.810733,1.081608,-12.814800,1.402441,-6.065384,87,V,25,6
0.305640,14.068130,1.363180,0.008299,0.008314,1.277476,51.946385,0.473464,-14.936310,0.723355,-15.746486,1.078528,-12.807153,1.404517,-5.894260,88,V,25,6
0.305840,14.068130,1.365140,0.008287,0.008186,1.255347,51.459446,0.473895,-14.710732,0.723381,-15.794898,1.080332,-12.808805,1.404396,-6.094839,89,V,25,6
0.305840,14.068130,1.362740,0.008302,0.008445,1.261681,51.599881,0.474665,-14.719568,0.722919,-15.751784,1.079269,-12.836262,1.405473,-5.882033,90,V,25,6
0.305550,14.068130,1.364700,0.008290,0.008885,1.513028,56.538228,0.473892,-14.853645,0.722987,-15.800691,1.079723,-12.817634,1.404516,-5.936193,91,V,25,6
0.306320,11.144800,1.448520,0.009859,0.007680,1.361160,53.696475,0.474124,-14.688418,0.721763,-15.737059,1.079492,-12.949362,1.404081,-5.915720,92,V,25,6
0.306560,14.068130,1.356840,0.008338,0.007751,1.277652,51.950216,0.473696,-14.758464,0.721522,-15.761750,1.078554,-12.930341,1.404312,-5.883525,93,V,25,6
0.305040,14.068130,1.364340,0.008292,0.008758,1.178964,49.695311,0.473780,-14.745113,0.720739,-15.799365,1.078597,-12.910138,1.403051,-6.118900,94,V,25,6
0.305030,11.144800,1.446740,0.009871,0.009005,1.588857,57.814381,0.473202,-14.684851,0.720873,-15.727200,1.076210,-12.903223,1.401185,-5.980809,95,V,25,6
0.306640,14.068130,1.357540,0.008334,0.007483,1.358797,53.648966,0.473231,-14.833325,0.720502,-15.829316,1.076722,-12.951550,1.403937,-5.944850,96,V,25,6
0.306710,11.144800,1.445060,0.009882,0.008502,1.291984,52.259999,0.473546,-14.684459,0.722363,-15.758399,1.078308,-13.044167,1.406748,-5.899484,97,V,25,6
0.306500,14.068130,1.356640,0.008339,0.008394,1.581783,57.699006,0.473187,-14.739553,0.721349,-15.785413,1.077568,-12.933307,1.405636,-5.981521,98,V,25,6
0.307250,11.144800,1.444080,0.009889,0.008169,1.302960,52.494371,0.474197,-14.738586,0.721395,-15.776926,1.078873,-13.079771,1.407622,-5.903036,99,V,25,6
0.305230,14.068130,1.356340,0.008341,0.008618,1.442497,55.268658,0.472710,-14.758694,0.720434,-15.721834,1.075757,-12.981350,1.405461,-5.945704,100,V,25,6
0.307180,14.068130,1.351940,0.008368,0.008847,1.275964,51.913455,0.472739,-14.640655,0.719421,-15.678989,1.074544,-13.007395,1.402070,-5.969696,101,V,25,6
0.307020,11.144800,1.437920,0.009931,0.007488,1.409008,54.635943,0.472807,-14.718230,0.719261,-15.734906,1.074584,-13.005975,1.403528,-5.949994,102,V,25,6
0.307640,14.068130,1.351600,0.008370,0.008012,1.276081,51.916010,0.474842,-14.691458,0.720248,-15.741814,1.075540,-13.054932,1.410488,-5.913237,103,V,25,6
0.307970,14.068130,1.349760,0.008382,0.007612,1.559968,57.338547,0.473092,-14.652183,0.720185,-15.727730,1.076251,-13.046914,1.406678,-5.996074,104,V,25,6
0.305940,11.144800,1.440020,0.009917,0.009220,1.283936,52.086572,0.473445,-14.641460,0.719037,-15.644454,1.074307,-13.036493,1.409047,-6.008837,105,V,25,6
0.305490,14.068130,1.348000,0.008393,0.009293,1.265777,51.690266,0.472698,-14.737446,0.718437,-15.676842,1.073256,-13.044902,1.407241,-5.912704,106,V,25,6
0.308080,11.144800,1.431780,0.009974,0.008490,1.330644,53.074553,0.474368,-14.687194,0.718460,-15.594319,1.073972,-13.137009,1.404337,-5.943750,107,V,25,6
0.309290,11.144800,1.434800,0.009953,0.007813,1.575587,57.597356,0.474868,-14.564818,0.718996,-15.616235,1.074589,-13.023250,1.406032,-5.995031,108,V,25,6
0.308900,14.068130,1.344700,0.008413,0.008354,1.304663,52.530507,0.474878,-14.583542,0.719243,-15.586417,1.073759,-13.048656,1.406299,-5.974443,109,V,25,6
0.308020,14.068130,1.345000,0.008411,0.008710,1.281818,52.040713,0.474942,-14.660702,0.720534,-15.595569,1.074228,-13.154189,1.408472,-5.917536,110,V,25,6
0.308070,11.144800,1.435300,0.009950,0.008418,1.161914,49.283109,0.473875,-14.620677,0.720365,-15.638063,1.074859,-13.101581,1.407320,-6.151205,111,V,25,6
0.309080,11.144800,1.431140,0.009979,0.008026,1.414370,54.738598,0.473943,-14.476419,0.719246,-15.603714,1.073237,-13.100788,1.407064,-5.970758,112,V,25,6
0.309940,11.144800,1.424360,0.010026,0.007393,1.480413,55.961481,0.473226,-14.521481,0.717669,-15.629504,1.070726,-13.067094,1.402643,-5.998291,113,V,25,6
0.308500,11.144800,1.428660,0.009996,0.008428,1.174420,49.586144,0.474285,-14.544033,0.717915,-15.546729,1.071752,-13.079375,1.404297,-6.177363,114,V,25,6
0.308960,11.144800,1.428080,0.010000,0.008899,1.399698,54.456478,0.474145,-14.606497,0.717798,-15.551662,1.071691,-13.122754,1.403792,-5.993155,115,V,25,6
0.308420,11.144800,1.427860,0.010001,0.009074,1.150702,49.008234,0.474101,-14.435888,0.717881,-15.539105,1.071430,-13.120900,1.403789,-6.156192,116,V,25,6
0.309510,11.144800,1.424880,0.010022,0.008292,1.568195,57.475327,0.473898,-14.477726,0.717963,-15.482999,1.070796,-13.138317,1.405666,-6.017123,117,V,25,6
0.309950,14.068130,1.328980,0.008513,0.008678,1.223883,50.748708,0.473906,-14.537410,0.716475,-15.468011,1.068869,-13.156280,1.401872,-6.051097,118,V,25,6
0.309240,11.144800,1.419340,0.010061,0.008402,1.266615,51.708711,0.474028,-14.422972,0.716001,-15.434876,1.066484,-13.056912,1.404386,-6.123923,119,V,25,6
0.310020,14.068130,1.325340,0.008536,0.008883,1.309061,52.623570,0.474649,-14.496278,0.716140,-15.465086,1.065504,-13.120375,1.399131,-6.021157,120,V,25,6
0.309900,11.144800,1.413780,0.010101,0.008807,1.155052,49.115237,0.475717,-14.337947,0.716099,-15.431082,1.066446,-13.197599,1.399510,-6.110268,121,V,25,6
0.310220,14.068130,1.324740,0.008540,0.008184,1.341108,53.289865,0.474562,-14.308635,0.715008,-15.453212,1.064696,-13.174191,1.399709,-6.036692,122,V,25,6
0.310860,11.144800,1.411280,0.010119,0.007889,1.260730,51.578865,0.474485,-14.300708,0.714511,-15.456132,1.065043,-13.184534,1.403615,-6.020224,123,V,25,6
0.309080,11.144800,1.409720,0.010130,0.008650,1.185327,49.847391,0.475090,-14.406636,0.714179,-15.475746,1.063960,-13.279185,1.398723,-6.117878,124,V,25,6
0.310920,11.144800,1.405040,0.010164,0.008657,1.287350,52.160318,0.473998,-14.251499,0.713161,-15.364941,1.062617,-13.221077,1.397963,-6.004663,125,V,25,6
0.309040,11.144800,1.405480,0.010161,0.009748,1.269498,51.772031,0.473960,-14.287027,0.712986,-15.353231,1.061063,-13.184798,1.401163,-5.999066,126,V,25,6
0.309890,11.144800,1.399200,0.010206,0.008732,1.237133,51.050671,0.474012,-14.269567,0.711819,-15.289403,1.058860,-13.219027,1.395202,-6.004660,127,V,25,6
0.312070,11.144800,1.398700,0.010210,0.008166,1.604574,58.068088,0.473031,-14.271399,0.711917,-15.328439,1.060591,-13.198410,1.396975,-6.103929,128,V,25,6
0.310050,11.144800,1.400340,0.010198,0.009477,1.292316,52.267124,0.474185,-14.312176,0.711564,-15.306374,1.059165,-13.213052,1.395920,-6.087556,129,V,25,6
0.310720,11.144800,1.396960,0.010223,0.008071,1.292705,52.275486,0.474694,-14.244067,0.710902,-15.278221,1.059160,-13.295312,1.396787,-6.022147,130,V,25,6
0.310200,11.144800,1.394520,0.010241,0.008913,1.602615,58.036653,0.472645,-14.194249,0.710657,-15.316304,1.055736,-13.222693,1.392353,-6.119380,131,V,25,6
0.309770,11.144800,1.390360,0.010271,0.009346,1.208287,50.388239,0.473562,-14.172414,0.710713,-15.208690,1.054824,-13.311304,1.390535,-6.145699,132,V,25,6
0.311440,11.144800,1.387820,0.010290,0.008306,1.263766,51.645943,0.474433,-14.253127,0.709640,-15.243213,1.054064,-13.220844,1.397910,-6.123861,133,V,25,6
0.312010,11.144800,1.391780,0.010261,0.009156,1.257411,51.505296,0.474487,-14.329624,0.711488,-15.266728,1.057467,-13.322422,1.406178,-6.080242,134,V,25,6
0.312250,11.144800,1.394900,0.010238,0.008553,1.607689,58.117946,0.473634,-14.187094,0.710987,-15.219385,1.058721,-13.326164,1.401698,-6.119574,135,V,25,6
0.311920,11.144800,1.387000,0.010296,0.007477,1.164029,49.334627,0.474163,-14.307838,0.710065,-15.229636,1.056403,-13.445404,1.399523,-6.193723,136,V,25,6
0.311280,11.144800,1.388860,0.010282,0.008222,1.417324,54.794936,0.473986,-14.005907,0.710084,-15.226360,1.055768,-13.438262,1.399000,-6.115007,137,V,25,6
0.312080,11.144800,1.381420,0.010338,0.007984,1.258579,51.531221,0.474839,-14.134853,0.709075,-15.206436,1.053420,-13.487505,1.398518,-6.047044,138,V,25,6
0.311800,11.144800,1.379360,0.010353,0.009216,1.207556,50.371201,0.473795,-14.179355,0.708459,-15.170483,1.052411,-13.456930,1.396262,-6.186076,139,V,25,6
0.310990,11.144800,1.383420,0.010323,0.009603,1.271454,51.814918,0.474151,-14.056156,0.708735,-15.214587,1.053536,-13.527616,1.402805,-6.060101,140,V,25,6
0.312630,11.144800,1.377780,0.010365,0.007597,1.126915,48.414855,0.474177,-14.210963,0.707697,-15.223460,1.053029,-13.578546,1.401590,-6.312149,141,V,25,6
0.312230,11.144800,1.381500,0.010337,0.008664,1.562181,57.375440,0.474399,-13.995024,0.708554,-15.106378,1.052832,-13.530043,1.400706,-6.158922,142,V,25,6
0.311220,11.144800,1.375620,0.010381,0.009634,1.289317,52.202686,0.473884,-14.096513,0.707107,-15.123520,1.050330,-13.599195,1.401369,-6.084677,143,V,25,6
0.313220,11.144800,1.373220,0.010399,0.008982,1.544289,57.075040,0.474465,-14.063372,0.705826,-15.031802,1.048989,-13.524643,1.395929,-6.190215,144,V,25,6
0.312300,11.144800,1.371100,0.010415,0.009437,1.223228,50.733680,0.474399,-13.991182,0.705992,-15.096294,1.048000,-13.561488,1.401916,-6.294710,145,V,25,6
0.311850,8.817720,1.461560,0.012349,0.009436,1.252730,51.401155,0.474502,-13.953246,0.705013,-15.131316,1.045857,-13.599914,1.398573,-6.192713,146,V,25,6
0.311710,11.144800,1.368980,0.010432,0.009263,1.591149,57.851593,0.474017,-13.952673,0.705486,-14.981699,1.046689,-13.583834,1.401869,-6.203159,147,V,25,6
0.312070,8.817720,1.456640,0.012391,0.008603,1.199376,50.179779,0.472228,-13.965476,0.704310,-15.048781,1.044541,-13.713232,1.400637,-6.222437,148,V,25,6
0.311530,11.144800,1.364160,0.010468,0.008585,1.471553,55.801776,0.472573,-13.959580,0.702993,-14.947406,1.045025,-13.738810,1.400210,-6.190698,149,V,25,6
0.312960,11.144800,1.354580,0.010542,0.008791,1.167222,49.412183,0.473694,-13.792557,0.701007,-14.888314,1.040641,-13.656419,1.395367,-6.383922,150,V,25,6
0.313680,11.144800,1.349780,0.010580,0.008868,1.101521,47.765726,0.473479,-13.871698,0.702299,-15.001777,1.040726,-13.722935,1.393752,-6.361511,151,V,25,6
0.312790,8.817720,1.440300,0.012532,0.009311,1.385939,54.188326,0.473844,-13.818340,0.700857,-14.866580,1.037304,-13.738119,1.397993,-6.201532,152,V,25,6
0.312980,8.817720,1.440220,0.012532,0.009449,1.226798,50.815485,0.472570,-13.805359,0.701164,-14.806502,1.037719,-13.872769,1.407386,-6.147117,153,V,25,6
0.311290,8.817720,1.444160,0.012498,0.009953,1.096665,47.639714,0.472214,-13.851499,0.700430,-14.947174,1.038900,-14.001009,1.404537,-6.414468,154,V,25,6
0.313000,8.817720,1.437920,0.012552,0.008887,1.088029,47.414108,0.472648,-13.714086,0.700614,-14.827343,1.036493,-13.991123,1.405767,-6.393945,155,V,25,6
0.313360,8.817720,1.431700,0.012607,0.009052,1.205170,50.315519,0.472715,-13.725748,0.698366,-14.832464,1.034517,-13.945186,1.407671,-6.362212,156,V,25,6
0.313400,11.144800,1.340420,0.010654,0.009537,1.084780,47.328708,0.472910,-13.755009,0.699563,-14.829655,1.037365,-14.085007,1.410785,-6.414284,157,V,25,6
0.314370,8.817720,1.431180,0.012612,0.008569,1.250329,51.347540,0.474032,-13.773170,0.700146,-14.863619,1.035314,-14.021071,1.420846,-6.205977,158,V,25,6
0.314480,8.817720,1.434420,0.012583,0.008553,1.273195,51.853005,0.473458,-13.852855,0.701208,-14.919209,1.036831,-14.264930,1.426850,-6.120025,159,V,25,6
0.315520,8.817720,1.431380,0.012610,0.007668,1.554308,57.243852,0.473626,-13.815374,0.700123,-14.789214,1.038161,-14.364954,1.428327,-6.220143,160,V,25,6
0.313500,8.817720,1.430980,0.012613,0.009286,1.232443,50.944233,0.473140,-13.749470,0.698736,-14.945330,1.035335,-14.433867,1.438514,-6.142257,161,V,25,6
0.315580,8.817720,1.421500,0.012697,0.008917,1.506869,56.430652,0.473626,-13.706726,0.697883,-14.919470,1.033160,-14.457871,1.434134,-6.218071,162,V,25,6
0.315260,8.817720,1.425280,0.012664,0.008503,1.096240,47.628644,0.472727,-13.673418,0.697958,-14.889092,1.034641,-14.539689,1.437384,-6.436366,163,V,25,6
0.315420,8.817720,1.416900,0.012739,0.008611,1.224223,50.756513,0.472048,-13.675597,0.698037,-14.874640,1.032384,-14.645843,1.444941,-6.162957,164,V,25,6
0.316420,8.817720,1.418260,0.012726,0.008355,1.606253,58.094970,0.473170,-13.565352,0.697702,-14.863100,1.033779,-14.647936,1.445630,-6.238630,165,V,25,6
0.315220,8.817720,1.421100,0.012701,0.008628,1.260418,51.571955,0.472530,-13.548869,0.697262,-14.834202,1.033300,-14.793241,1.451923,-6.147630,166,V,25,6
0.313980,6.975450,1.520260,0.015008,0.009314,1.151949,49.038957,0.472454,-13.674335,0.695315,-14.767749,1.031887,-14.802350,1.456876,-6.397770,167,V,25,6
0.316470,8.817720,1.413300,0.012771,0.008398,1.074077,47.045476,0.471739,-13.591061,0.694196,-14.818729,1.030787,-14.902352,1.453111,-6.448068,168,V,25,6
0.314970,8.817720,1.414500,0.012760,0.009093,1.077137,47.126768,0.472117,-13.482718,0.694638,-14.745867,1.028790,-15.019458,1.455565,-6.435295,169,V,25,6
0.314270,6.975450,1.510880,0.015101,0.010184,1.119734,48.232934,0.473097,-13.491972,0.694204,-14.823477,1.029123,-14.944403,1.463630,-6.447910,170,V,25,6
0.315680,6.975450,1.516100,0.015049,0.008356,1.494982,56.221265,0.472874,-13.490922,0.693432,-14.770136,1.026774,-15.003091,1.464490,-6.237573,171,V,25,6
0.315550,8.817720,1.399160,0.012900,0.008657,1.241239,51.143453,0.471251,-13.429008,0.692591,-14.760641,1.024320,-15.130931,1.466774,-6.165454,172,V,25,6
0.315400,6.975450,1.495820,0.015253,0.009428,1.087923,47.411328,0.470804,-13.321621,0.690926,-14.714365,1.024010,-15.148503,1.464509,-6.492116,173,V,25,6
0.315810,6.975450,1.496480,0.015247,0.008883,1.117479,48.175556,0.471148,-13.483141,0.690268,-14.700242,1.021993,-15.131025,1.469944,-6.436403,174,V,25,6
0.315240,6.975450,1.496560,0.015246,0.009995,1.056811,46.582166,0.472110,-13.413562,0.690225,-14.678886,1.024100,-15.307389,1.474518,-6.483371,175,V,25,6
0.316040,8.817720,1.392040,0.012966,0.009200,1.234362,50.987857,0.472365,-13.303615,0.691337,-14.689147,1.021910,-15.398685,1.481100,-6.161010,176,V,25,6
0.315780,6.975450,1.506820,0.015142,0.010062,1.188169,49.914995,0.472069,-13.402976,0.691248,-14.623032,1.021692,-15.335805,1.487446,-6.285975,177,V,25,6
0.315950,6.975450,1.491440,0.015298,0.010070,1.479917,55.952567,0.472647,-13.368542,0.690729,-14.620725,1.023017,-15.518197,1.484371,-6.237859,178,V,25,6
0.317150,6.975450,1.498020,0.015231,0.008830,1.358340,53.639780,0.473030,-13.221592,0.690706,-14.557851,1.019482,-15.540158,1.487746,-6.263025,179,V,25,6
0.318120,6.975450,1.488620,0.015327,0.007997,1.095464,47.608450,0.470876,-13.083998,0.689901,-14.556315,1.020632,-15.476320,1.495538,-6.479501,180,V,25,6
0.317090,6.975450,1.497120,0.015240,0.009608,1.442541,55.269474,0.471729,-13.178651,0.690374,-14.480201,1.017189,-15.584777,1.492134,-6.277582,181,V,25,6
0.317610,6.975450,1.496760,0.015244,0.008872,1.164747,49.352072,0.471839,-13.195145,0.690229,-14.496552,1.016934,-15.716419,1.504070,-6.282603,182,V,25,6
0.317820,6.975450,1.482880,0.015387,0.008843,1.654448,58.849918,0.471854,-13.218690,0.689040,-14.569154,1.018748,-15.732471,1.503780,-6.285422,183,V,25,6
0.317500,6.975450,1.481700,0.015399,0.008949,1.075474,47.082616,0.473699,-13.103246,0.689391,-14.463182,1.018437,-15.762904,1.510753,-6.506640,184,V,25,6
0.316660,5.517300,1.597200,0.018061,0.009025,1.023372,45.661793,0.472425,-13.098493,0.687362,-14.470678,1.016079,-15.900637,1.508702,-6.514651,185,V,25,6
0.317580,6.975450,1.485380,0.015361,0.008724,1.118202,48.193960,0.472797,-13.201728,0.686753,-14.488921,1.016031,-15.854637,1.522198,-6.419286,186,V,25,6
0.318100,6.975450,1.476980,0.015448,0.008768,1.107245,47.913461,0.472624,-13.134383,0.688565,-14.463551,1.014347,-15.925215,1.522292,-6.458681,187,V,25,6
0.318130,6.975450,1.485080,0.015364,0.009465,1.467771,55.733186,0.473401,-13.171774,0.686873,-14.560008,1.012564,-15.998709,1.519701,-6.289690,188,V,25,6
0.319640,6.975450,1.479840,0.015418,0.008758,1.340871,53.285015,0.471900,-13.236858,0.686787,-14.454831,1.011635,-16.096884,1.523316,-6.296255,189,V,25,6
0.318530,6.975450,1.469420,0.015528,0.008544,1.080509,47.216056,0.472218,-13.065609,0.685863,-14.435761,1.012595,-16.101483,1.532730,-6.485581,190,V,25,6
0.319260,5.517300,1.592520,0.018114,0.008969,1.038240,46.074825,0.471921,-13.010235,0.685212,-14.474007,1.012392,-16.159710,1.532680,-6.533609,191,V,25,6
0.318800,6.975450,1.469480,0.015527,0.009079,1.162245,49.291170,0.471197,-12.905991,0.684283,-14.475665,1.006614,-16.156167,1.534925,-6.339496,192,V,25,6
0.318140,5.517300,1.574400,0.018322,0.008742,1.456889,55.534523,0.470857,-12.969754,0.682075,-14.277775,1.005639,-16.236469,1.520866,-6.270637,193,V,25,6
0.319560,5.517300,1.581520,0.018240,0.008958,1.036757,46.033906,0.471246,-12.990474,0.684481,-14.311978,1.008041,-16.431472,1.534975,-6.500977,194,V,25,6
0.321130,6.975450,1.457800,0.015651,0.008221,1.644626,58.698682,0.472403,-12.883761,0.684153,-14.331044,1.006445,-16.306895,1.540085,-6.300769,195,V,25,6
0.319230,6.975450,1.456100,0.015670,0.009233,1.066184,46.834671,0.472218,-12.906953,0.683327,-14.290734,1.006415,-16.355748,1.548329,-6.530269,196,V,25,6
0.320060,6.975450,1.452480,0.015709,0.008457,1.681733,59.263242,0.472923,-12.759590,0.683897,-14.286989,1.006831,-16.404252,1.546926,-6.307870,197,V,25,6
0.319230,5.517300,1.582140,0.018233,0.008630,1.632661,58.512650,0.473221,-12.905312,0.682971,-14.350091,1.005798,-16.473284,1.548444,-6.315426,198,V,25,6
0.319630,4.369410,1.688320,0.021575,0.009665,1.686841,59.339514,0.471600,-12.825016,0.681528,-14.240563,1.003426,-16.480773,1.548936,-6.311950,199,V,25,6
0.320320,5.517300,1.555640,0.018543,0.009825,1.353955,53.551271,0.474411,-12.646173,0.682311,-14.166784,1.001317,-16.482412,1.548096,-6.338225,200,V,25,6
0.321820,4.369410,1.694720,0.021493,0.008779,1.505157,56.400631,0.473773,-12.847454,0.682204,-14.183903,1.003165,-16.514817,1.556707,-6.315687,201,V,25,6
0.321300,5.517300,1.551900,0.018588,0.008973,1.154512,49.101963,0.473983,-12.817004,0.681100,-14.149215,0.999030,-16.659712,1.561260,-6.267487,202,V,25,6
0.320830,5.517300,1.555360,0.018547,0.009042,1.182046,49.769083,0.474118,-12.846414,0.682280,-14.274996,1.000406,-16.741021,1.561057,-6.396094,203,V,25,6
0.320460,4.369410,1.700200,0.021424,0.009182,1.442568,55.269986,0.473596,-12.708859,0.681551,-14.242796,1.000300,-16.685381,1.565795,-6.335100,204,V,25,6
0.321960,4.369410,1.688660,0.021570,0.008918,1.434915,55.127159,0.472889,-12.566394,0.680920,-14.180548,0.996542,-16.704268,1.561095,-6.344156,205,V,25,6
0.322570,4.369410,1.676220,0.021730,0.008611,1.054586,46.521869,0.473161,-12.559488,0.679944,-14.127883,0.999518,-16.692369,1.571868,-6.540668,206,V,25,6
0.323140,4.369410,1.677060,0.021719,0.008088,1.033005,45.930102,0.473655,-12.563431,0.679598,-14.052177,0.999075,-16.705730,1.574715,-6.560996,207,V,25,6
0.321320,5.517300,1.561460,0.018474,0.009197,1.406200,54.581982,0.473169,-12.732917,0.681043,-14.148965,0.999478,-16.927132,1.576605,-6.261396,208,V,25,6
0.322240,4.369410,1.677380,0.021715,0.008786,1.015377,45.437140,0.474117,-12.704106,0.680800,-14.056527,0.999134,-16.819982,1.582148,-6.588948,209,V,25,6
0.322580,4.369410,1.667160,0.021848,0.009168,1.033209,45.935751,0.473325,-12.654031,0.678071,-14.077398,0.995378,-16.806605,1.575132,-6.601798,210,V,25,6
0.322750,5.517300,1.549540,0.018616,0.009167,0.986674,44.615692,0.474110,-12.565988,0.679295,-14.055715,0.994501,-16.961075,1.574463,-6.585213,211,V,25,6
0.321950,5.517300,1.540520,0.018725,0.009995,1.163797,49.328982,0.474149,-12.596696,0.678788,-14.014529,0.991116,-16.954607,1.585311,-6.272138,212,V,25,6
0.275000,45.362900,0.580760,0.006041,0.014126,1.184335,49.823730,0.379730,-10.371327,0.509418,-11.819136,0.675312,-5.697686,0.777978,-7.915805,1,V,35,1
0.280220,45.362900,0.590180,0.005945,0.013887,1.180764,49.738426,0.386109,-10.224751,0.520280,-11.721150,0.690090,-5.813085,0.796034,-7.684550,2,V,35,1
0.282590,45.362900,0.595300,0.005894,0.013714,1.076072,47.098520,0.389965,-10.133459,0.524787,-11.749368,0.696281,-5.847656,0.798068,-7.861837,3,V,35,1
0.281110,45.362900,0.596480,0.005882,0.013708,1.170614,49.494313,0.388028,-10.314056,0.523427,-11.796518,0.697609,-5.843360,0.802867,-7.605151,4,V,35,1
0.278780,45.362900,0.597720,0.005870,0.013118,1.060667,46.686338,0.387004,-10.320587,0.521591,-11.927371,0.696639,-5.930828,0.800209,-7.934413,5,V,35,1
0.279230,45.362900,0.596180,0.005885,0.012413,1.191583,49.995973,0.387689,-10.349560,0.520211,-11.965395,0.696485,-5.982922,0.801151,-7.727992,6,V,35,1
0.278110,45.362900,0.597060,0.005876,0.012250,1.153411,49.074915,0.383877,-10.600113,0.519632,-12.044151,0.694981,-6.009179,0.803813,-7.913354,7,V,35,1
0.276670,45.362900,0.596920,0.005878,0.013812,1.154531,49.102440,0.384486,-10.430910,0.520154,-11.959679,0.695338,-6.023797,0.804260,-7.914117,8,V,35,1
0.274960,35.931340,0.641880,0.006901,0.013365,1.140466,48.754588,0.381891,-10.332970,0.517356,-11.979511,0.693281,-6.005133,0.801671,-7.936621,9,V,35,1
0.273420,35.931340,0.639960,0.006921,0.013593,1.068110,46.886278,0.380636,-10.435693,0.515006,-12.113649,0.691120,-6.089966,0.798841,-8.096278,10,V,35,1
0.273950,45.362900,0.593000,0.005916,0.014034,1.054907,46.530572,0.381655,-10.502652,0.514113,-12.014788,0.691536,-6.072957,0.799241,-8.092848,11,V,35,1
0.272980,35.931340,0.643260,0.006886,0.013912,1.158328,49.195525,0.380101,-10.405740,0.515418,-12.021912,0.692897,-6.147158,0.802548,-7.946479,12,V,35,1
0.272800,45.362900,0.596120,0.005886,0.014018,1.134142,48.596620,0.381663,-10.452935,0.515382,-12.219253,0.696546,-6.201681,0.807715,-7.814195,13,V,35,1
0.269950,45.362900,0.601220,0.005836,0.015092,1.043312,46.214315,0.380263,-10.484935,0.515063,-12.164373,0.696110,-6.199765,0.802328,-8.070512,14,V,35,1
0.272460,35.931340,0.639040,0.006931,0.013052,1.046165,46.292462,0.379872,-10.379273,0.511723,-12.196182,0.690213,-6.219292,0.797163,-8.091213,15,V,35,1
0.270680,45.362900,0.591660,0.005930,0.013843,1.135212,48.623420,0.378104,-10.470203,0.510606,-12.141224,0.689184,-6.236882,0.800536,-8.057593,16,V,35,1
0.270860,45.362900,0.594660,0.005900,0.013525,1.055999,46.560173,0.379214,-10.610921,0.512171,-12.175664,0.693308,-6.285706,0.800628,-8.016130,17,V,35,1
0.271610,45.362900,0.590680,0.005940,0.012570,1.140550,48.756700,0.378462,-10.386443,0.513039,-12.279048,0.697078,-6.336252,0.808473,-7.857598,18,V,35,1
0.271930,45.362900,0.591140,0.005935,0.011434,1.165042,49.359249,0.378648,-10.402639,0.512660,-12.259527,0.696981,-6.417074,0.805805,-7.805201,19,V,35,1
0.269130,45.362900,0.593600,0.005911,0.014005,1.088508,47.426670,0.377688,-10.559668,0.509684,-12.122096,0.693781,-6.375189,0.801286,-7.980196,20,V,35,1
0.269380,45.362900,0.589660,0.005950,0.013242,1.032822,45.925007,0.376909,-10.404123,0.510389,-12.326681,0.693976,-6.423344,0.802609,-8.151728,21,V,35,1
0.268840,45.362900,0.593580,0.005911,0.013424,1.043827,46.228427,0.377172,-10.582952,0.510236,-12.244572,0.693636,-6.415981,0.801270,-8.082698,22,V,35,1
0.268870,35.931340,0.644580,0.006872,0.013941,1.032972,45.929172,0.376232,-10.427442,0.510746,-12.319695,0.697688,-6.556022,0.807376,-8.162000,23,V,35,1
0.268480,35.931340,0.640160,0.006919,0.013661,1.051995,46.451483,0.376234,-10.473079,0.510877,-12.319689,0.698187,-6.601999,0.806385,-8.041866,24,V,35,1
0.267340,45.362900,0.595220,0.005894,0.014196,1.025701,45.726904,0.375504,-10.540264,0.509526,-12.344055,0.698347,-6.562518,0.807253,-8.124237,25,V,35,1
0.269670,45.362900,0.585560,0.005992,0.012093,1.097835,47.670122,0.374891,-10.347388,0.507712,-12.355274,0.694721,-6.612564,0.807155,-8.137693,26,V,35,1
0.268410,45.362900,0.588340,0.005963,0.013300,1.227237,50.825519,0.375550,-10.254590,0.507243,-12.348640,0.693483,-6.607657,0.802412,-7.905224,27,V,35,1
0.267350,35.931340,0.639660,0.006925,0.014307,1.178740,49.689953,0.375701,-10.534785,0.508993,-12.362249,0.697144,-6.687793,0.807504,-7.833647,28,V,35,1
0.268180,35.931340,0.643940,0.006879,0.013625,1.109686,47.976233,0.376750,-10.448519,0.510154,-12.357628,0.698586,-6.741693,0.814849,-8.056037,29,V,35,1
0.269930,45.362900,0.588740,0.005959,0.011807,1.032055,45.903746,0.376038,-10.509089,0.508926,-12.330537,0.700865,-6.729832,0.812894,-8.195096,30,V,35,1
0.269150,35.931340,0.638240,0.006940,0.013483,1.088907,47.437122,0.376697,-10.561010,0.509671,-12.529999,0.701929,-6.755933,0.816885,-8.122506,31,V,35,1
0.269550,35.931340,0.636800,0.006956,0.012788,1.112620,48.051445,0.376385,-10.342620,0.509201,-12.389701,0.702111,-6.827816,0.816860,-8.036414,32,V,35,1
0.267760,45.362900,0.591080,0.005936,0.014050,1.089679,47.457344,0.376183,-10.332077,0.508051,-12.426470,0.700804,-6.841330,0.815710,-8.105340,33,V,35,1
0.268730,35.931340,0.642360,0.006896,0.013967,1.119808,48.234827,0.376680,-10.421048,0.508915,-12.496110,0.703127,-6.957337,0.818906,-7.838372,34,V,35,1
0.269280,45.362900,0.591180,0.005935,0.012924,1.175325,49.607918,0.375734,-10.429713,0.509767,-12.497095,0.703912,-7.005249,0.817897,-7.837507,35,V,35,1
0.268900,35.931340,0.638800,0.006934,0.013499,1.106962,47.906171,0.375507,-10.466590,0.509301,-12.473020,0.705077,-6.926884,0.822690,-8.049722,36,V,35,1
0.270200,45.362900,0.589540,0.005951,0.012416,1.124477,48.353222,0.377146,-10.451309,0.508417,-12.583813,0.704815,-7.019374,0.820040,-7.810156,37,V,35,1
0.271140,35.931340,0.634200,0.006984,0.012073,1.031246,45.881303,0.376580,-10.456335,0.509441,-12.505933,0.705276,-7.048507,0.820346,-8.196630,38,V,35,1
0.268780,35.931340,0.641660,0.006903,0.013372,1.415576,54.761614,0.375971,-10.333478,0.509256,-12.518954,0.706456,-6.988081,0.820913,-7.939350,39,V,35,1
0.270500,35.931340,0.639900,0.006922,0.012577,1.089630,47.456059,0.376897,-10.408553,0.509904,-12.355531,0.707271,-6.989465,0.826105,-8.071466,40,V,35,1
0.269290,35.931340,0.637780,0.006945,0.013440,1.114964,48.111398,0.375305,-10.191400,0.509710,-12.556278,0.709180,-7.115251,0.825768,-7.794437,41,V,35,1
0.268660,35.931340,0.634720,0.006979,0.014100,1.114723,48.105230,0.375654,-10.181777,0.508041,-12.425151,0.705798,-7.059588,0.823305,-7.875092,42,V,35,1
0.269860,35.931340,0.635520,0.006970,0.013836,1.058447,46.626403,0.375874,-10.374057,0.507468,-12.422501,0.707000,-7.128971,0.824318,-8.154722,43,V,35,1
0.270020,35.931340,0.632880,0.006999,0.012869,1.055743,46.553240,0.376066,-10.221635,0.507304,-12.613392,0.706850,-7.188429,0.824576,-8.197545,44,V,35,1
0.270390,35.931340,0.635560,0.006969,0.013598,1.192988,50.029209,0.376445,-10.194504,0.509071,-12.477336,0.709554,-7.170955,0.824894,-7.914296,45,V,35,1
0.270950,35.931340,0.638080,0.006942,0.013501,1.120405,48.249996,0.376642,-10.297100,0.510173,-12.605497,0.711812,-7.245907,0.830728,-7.803772,46,V,35,1
0.271690,35.931340,0.636620,0.006958,0.012547,1.064728,46.795612,0.377315,-10.272886,0.509747,-12.582442,0.714400,-7.281287,0.833951,-8.096197,47,V,35,1
0.270030,35.931340,0.635240,0.006973,0.014191,1.024969,45.706459,0.376881,-10.267721,0.509869,-12.470143,0.710789,-7.268223,0.828922,-8.208936,48,V,35,1
0.270240,35.931340,0.633020,0.006997,0.014172,1.001312,45.037561,0.377540,-10.160748,0.508725,-12.553241,0.711496,-7.329022,0.827393,-8.142156,49,V,35,1
0.271530,35.931340,0.635900,0.006966,0.012757,0.993105,44.801777,0.377759,-10.227530,0.508443,-12.536252,0.712137,-7.334935,0.828999,-8.214384,50,V,35,1
0.271900,35.931340,0.634160,0.006985,0.012350,1.448759,55.384774,0.378480,-10.283686,0.509500,-12.640568,0.715969,-7.470871,0.833934,-7.950392,51,V,35,1
0.270530,28.409090,0.691680,0.008099,0.013804,1.024088,45.681829,0.378564,-10.100335,0.510075,-12.608499,0.716866,-7.466705,0.837446,-8.196993,52,V,35,1
0.271560,35.931340,0.636140,0.006963,0.013544,0.994229,44.834195,0.378211,-10.170852,0.510835,-12.598981,0.719041,-7.529560,0.836642,-8.175467,53,V,35,1
0.270310,28.409090,0.690240,0.008116,0.014017,1.005423,45.154938,0.378592,-10.227918,0.509873,-12.478127,0.715922,-7.557603,0.835070,-8.203032,54,V,35,1
0.271160,35.931340,0.635700,0.006968,0.012946,1.047208,46.320996,0.377264,-10.176601,0.509126,-12.453957,0.716825,-7.462088,0.838020,-8.156632,55,V,35,1
0.271340,35.931340,0.634940,0.006976,0.013261,0.982652,44.498677,0.378467,-10.122640,0.508095,-12.473214,0.717129,-7.529474,0.835685,-8.201455,56,V,35,1
0.271830,35.931340,0.638120,0.006941,0.012850,1.032571,45.918053,0.378241,-10.339437,0.510583,-12.484435,0.720134,-7.649934,0.842829,-8.155590,57,V,35,1
0.274630,35.931340,0.631820,0.007011,0.011902,1.071469,46.976005,0.379422,-10.062908,0.510682,-12.573757,0.721977,-7.738472,0.845752,-8.090603,58,V,35,1
0.271440,35.931340,0.636720,0.006957,0.012692,1.006227,45.177845,0.379667,-10.247086,0.509859,-12.535275,0.720821,-7.676378,0.843461,-8.192218,59,V,35,1
0.273620,35.931340,0.628280,0.007050,0.012438,0.980657,44.440480,0.378525,-10.121631,0.508385,-12.592733,0.719990,-7.700530,0.840356,-8.203050,60,V,35,1
0.272170,28.409090,0.683320,0.008199,0.013917,1.109451,47.970181,0.378498,-10.268592,0.509412,-12.382047,0.718404,-7.758938,0.841947,-7.815974,61,V,35,1
0.272780,35.931340,0.631460,0.007015,0.013472,1.276791,51.931479,0.378878,-10.204847,0.509870,-12.542638,0.722303,-7.780928,0.842370,-7.908792,62,V,35,1
0.273330,28.409090,0.687380,0.008150,0.013727,0.993278,44.806790,0.379539,-10.188002,0.511896,-12.635798,0.724425,-7.815714,0.844409,-8.129974,63,V,35,1
0.274020,35.931340,0.631000,0.007020,0.013003,1.416946,54.787734,0.380767,-10.289171,0.511227,-12.661214,0.725059,-7.881978,0.846857,-7.922617,64,V,35,1
0.273760,28.409090,0.683380,0.008198,0.012999,1.074866,47.066478,0.379280,-10.158203,0.509367,-12.618270,0.721656,-7.807858,0.842145,-8.016987,65,V,35,1
0.273410,28.409090,0.684560,0.008184,0.012412,1.002264,45.064797,0.379669,-10.171179,0.509360,-12.575837,0.724524,-7.852952,0.847639,-8.214196,66,V,35,1
0.272470,35.931340,0.632160,0.007007,0.014417,1.077010,47.123392,0.380778,-10.214217,0.509221,-12.672643,0.723890,-7.924250,0.850941,-8.011180,67,V,35,1
0.275000,28.409090,0.686080,0.008166,0.013774,1.038730,46.088325,0.381979,-10.223058,0.511535,-12.656018,0.727045,-7.947870,0.853601,-8.126460,68,V,35,1
0.275380,28.409090,0.685160,0.008177,0.012059,1.086985,47.386700,0.380766,-10.122446,0.511615,-12.539529,0.728505,-8.094721,0.855609,-7.872441,69,V,35,1
0.273200,28.409090,0.688920,0.008132,0.014452,1.049907,46.394642,0.381037,-10.158174,0.510871,-12.537356,0.728439,-8.022391,0.856489,-8.126932,70,V,35,1
0.273370,28.409090,0.687700,0.008146,0.013565,1.008670,45.247301,0.381360,-9.904806,0.510200,-12.559487,0.729047,-8.051994,0.855924,-8.188899,71,V,35,1
0.275170,35.931340,0.629980,0.007031,0.011833,1.020137,45.571124,0.380283,-9.955525,0.510144,-12.586402,0.728577,-8.070196,0.856187,-8.166175,72,V,35,1
0.274460,22.482020,0.741020,0.009553,0.013220,1.035472,45.998394,0.380524,-9.930960,0.510275,-12.560039,0.729313,-8.164781,0.857419,-8.115356,73,V,35,1
0.275300,35.931340,0.627560,0.007058,0.012410,1.235727,51.018816,0.381505,-9.911423,0.511345,-12.584422,0.730263,-8.161059,0.855458,-7.905519,74,V,35,1
0.275460,28.409090,0.685420,0.008173,0.012803,1.040616,46.140242,0.382040,-10.085220,0.510200,-12.556570,0.732300,-8.166851,0.861083,-8.096229,75,V,35,1
0.275200,28.409090,0.684320,0.008187,0.013179,0.988121,44.657665,0.380984,-10.009290,0.510582,-12.508633,0.732390,-8.279440,0.857376,-8.124192,76,V,35,1
0.274330,28.409090,0.684660,0.008183,0.013794,1.133977,48.592474,0.380722,-9.868168,0.511057,-12.520811,0.731448,-8.305871,0.858906,-7.782222,77,V,35,1
0.276300,28.409090,0.678680,0.008255,0.012817,1.452384,55.451688,0.380160,-9.935317,0.510309,-12.639928,0.731915,-8.366752,0.857906,-7.917131,78,V,35,1
0.273890,28.409090,0.688380,0.008138,0.014642,1.116739,48.156682,0.383168,-10.089936,0.511377,-12.613825,0.733723,-8.265212,0.858864,-7.948710,79,V,35,1
0.275870,28.409090,0.686620,0.008159,0.013222,1.088085,47.415567,0.383687,-10.062926,0.511306,-12.562915,0.735123,-8.427382,0.860822,-7.947613,80,V,35,1
0.276130,28.409090,0.682980,0.008203,0.013114,1.135365,48.627237,0.382721,-10.113706,0.511127,-12.607875,0.735513,-8.437397,0.862374,-7.934610,81,V,35,1
0.276270,28.409090,0.678800,0.008253,0.012455,0.974794,44.268724,0.381910,-9.844675,0.509877,-12.581560,0.733191,-8.400643,0.861807,-8.192136,82,V,35,1
0.276480,28.409090,0.678020,0.008263,0.012464,0.964570,43.966826,0.382103,-9.947405,0.510890,-12.612295,0.732711,-8.416985,0.860911,-8.191968,83,V,35,1
0.275520,28.409090,0.678440,0.008258,0.013152,0.994082,44.829945,0.382025,-9.912706,0.508850,-12.649560,0.733968,-8.438367,0.864074,-8.181651,84,V,35,1
0.276070,28.409090,0.682180,0.008212,0.013510,1.341189,53.291518,0.383314,-9.840042,0.510790,-12.562121,0.735145,-8.490089,0.864428,-7.894601,85,V,35,1
0.275340,28.409090,0.682760,0.008205,0.014040,1.088429,47.424588,0.383354,-9.965960,0.511157,-12.572017,0.738290,-8.613290,0.870466,-7.771437,86,V,35,1
0.275990,28.409090,0.683320,0.008199,0.013280,1.241099,51.140310,0.383961,-9.830289,0.511176,-12.728291,0.737328,-8.584970,0.867381,-7.885241,87,V,35,1
0.276780,22.482020,0.736820,0.009608,0.012633,0.981337,44.460333,0.383921,-9.823404,0.511141,-12.537054,0.736376,-8.586218,0.868414,-8.198341,88,V,35,1
0.276500,22.482020,0.736500,0.009612,0.013558,1.069333,46.918984,0.382433,-9.833508,0.510354,-12.531024,0.736100,-8.541566,0.864373,-7.995442,89,V,35,1
0.277960,28.409090,0.676900,0.008276,0.011973,0.983897,44.534937,0.384192,-10.069006,0.509748,-12.552150,0.736498,-8.542073,0.868722,-8.204155,90,V,35,1
0.276990,28.409090,0.678820,0.008253,0.012986,0.967209,44.045045,0.382537,-10.027415,0.511103,-12.555061,0.738960,-8.700596,0.869486,-8.177598,91,V,35,1
0.276290,28.409090,0.684180,0.008188,0.013144,0.986351,44.606318,0.382951,-9.817111,0.511670,-12.625462,0.741010,-8.733677,0.875140,-8.142246,92,V,35,1
0.278030,28.409090,0.679880,0.008240,0.012788,1.091976,47.517462,0.383714,-9.935063,0.511244,-12.614140,0.741304,-8.831335,0.875222,-7.767459,93,V,35,1
0.277070,28.409090,0.679380,0.008246,0.013452,0.965279,43.987848,0.382619,-9.818185,0.509784,-12.534378,0.739927,-8.749985,0.872455,-8.211745,94,V,35,1
0.276690,22.482020,0.738600,0.009585,0.013210,1.263357,51.636916,0.383829,-9.866065,0.510523,-12.699034,0.739748,-8.748597,0.871435,-7.914218,95,V,35,1
0.278210,28.409090,0.677960,0.008263,0.012848,0.976011,44.304462,0.384734,-9.811843,0.510131,-12.579158,0.739412,-8.778157,0.874897,-8.194441,96,V,35,1
0.277910,28.409090,0.678840,0.008253,0.013264,0.988535,44.669657,0.384220,-9.846693,0.512295,-12.602913,0.743470,-8.926161,0.879387,-8.170829,97,V,35,1
0.278660,22.482020,0.736740,0.009609,0.012787,1.005265,45.150436,0.385389,-9.657526,0.512905,-12.682681,0.744606,-8.887548,0.877791,-8.059417,98,V,35,1
0.277450,28.409090,0.683180,0.008200,0.013096,1.022847,45.647102,0.384919,-9.703624,0.514630,-12.705327,0.745972,-8.956058,0.885019,-8.055394,99,V,35,1
0.277000,28.409090,0.678360,0.008259,0.014239,1.252588,51.397977,0.383113,-9.896589,0.511996,-12.574709,0.743043,-8.978604,0.876250,-7.871161,100,V,35,1
0.277900,22.482020,0.736240,0.009615,0.014329,1.044823,46.255749,0.383988,-9.842338,0.511626,-12.553748,0.743515,-8.986685,0.882272,-7.996705,101,V,35,1
0.277160,22.482020,0.738640,0.009584,0.013881,1.150333,48.999130,0.384919,-9.783584,0.510843,-12.639837,0.743667,-8.921484,0.876950,-7.910396,102,V,35,1
0.277120,22.482020,0.743200,0.009525,0.013162,1.002249,45.064363,0.385906,-9.764561,0.512972,-12.584982,0.746789,-9.082711,0.886834,-8.121105,103,V,35,1
0.278980,22.482020,0.741300,0.009550,0.012055,1.067570,46.871821,0.384100,-9.775702,0.512275,-12.744459,0.748366,-9.101351,0.888525,-7.750731,104,V,35,1
0.278470,22.482020,0.739820,0.009569,0.012916,0.998444,44.955401,0.385000,-9.980652,0.513603,-12.664535,0.749235,-9.160329,0.889615,-8.114357,105,V,35,1
0.277360,28.409090,0.677260,0.008272,0.013993,1.031548,45.889665,0.383882,-9.928657,0.511624,-12.526998,0.746209,-9.106919,0.886689,-7.983724,106,V,35,1
0.278780,22.482020,0.734140,0.009643,0.012702,1.286623,52.144641,0.383635,-9.745127,0.510873,-12.682793,0.746592,-9.147097,0.882673,-7.850140,107,V,35,1
0.279550,22.482020,0.732140,0.009669,0.012456,0.985663,44.586321,0.384300,-9.751506,0.511128,-12.482071,0.747093,-9.187601,0.885680,-8.126912,108,V,35,1
0.278010,22.482020,0.739240,0.009576,0.012937,0.969305,44.107005,0.385682,-9.713644,0.512326,-12.572963,0.749523,-9.296833,0.886492,-8.076218,109,V,35,1
0.278730,22.482020,0.736600,0.009611,0.013342,1.090256,47.472449,0.384817,-9.881143,0.513109,-12.644656,0.750266,-9.302909,0.889934,-7.721719,110,V,35,1
0.278640,22.482020,0.739480,0.009573,0.012781,0.966514,44.024449,0.385331,-9.756610,0.513161,-12.687326,0.751051,-9.312104,0.889243,-8.095251,111,V,35,1
0.277180,28.409090,0.683180,0.008200,0.014085,1.394957,54.364478,0.385420,-9.693975,0.513583,-12.563306,0.752961,-9.413027,0.891315,-7.841160,112,V,35,1
0.278600,22.482020,0.739320,0.009575,0.013660,1.024096,45.682049,0.385476,-9.787740,0.512537,-12.708502,0.753153,-9.389166,0.897316,-8.009763,113,V,35,1
0.278130,22.482020,0.742040,0.009540,0.013463,1.016848,45.478613,0.385621,-9.832079,0.512723,-12.684565,0.752756,-9.391172,0.898522,-8.048941,114,V,35,1
0.278150,22.482020,0.741740,0.009544,0.013313,1.080183,47.207431,0.385555,-9.941804,0.513368,-12.673202,0.754142,-9.495447,0.897536,-7.717036,115,V,35,1
0.278260,22.482020,0.741860,0.009543,0.013846,1.350870,53.488803,0.385869,-9.775332,0.512857,-12.622109,0.755454,-9.515791,0.896776,-7.863803,116,V,35,1
0.279150,22.482020,0.740680,0.009558,0.013392,1.015157,45.430929,0.386770,-9.618653,0.513307,-12.618485,0.755817,-9.565946,0.902198,-8.007225,117,V,35,1
0.280200,22.482020,0.737160,0.009603,0.011290,0.994642,44.846095,0.386593,-9.923924,0.512992,-12.615920,0.755576,-9.526755,0.901870,-8.105578,118,V,35,1
0.279230,22.482020,0.738920,0.009580,0.013003,0.991209,44.747055,0.386176,-9.732685,0.512199,-12.605248,0.754216,-9.504503,0.899890,-8.110688,119,V,35,1
0.279750,22.482020,0.739600,0.009572,0.013038,1.058756,46.634748,0.386182,-9.908834,0.512553,-12.604859,0.755280,-9.533372,0.901226,-7.738463,120,V,35,1
0.280370,22.482020,0.738680,0.009584,0.012222,0.995031,44.857292,0.386706,-9.658804,0.513731,-12.627803,0.756307,-9.678969,0.904384,-8.086146,121,V,35,1
0.280540,22.482020,0.739980,0.009567,0.011764,1.280910,52.021031,0.386501,-9.604951,0.513104,-12.664512,0.758029,-9.729144,0.900780,-7.817566,122,V,35,1
0.280700,22.482020,0.740980,0.009554,0.011631,1.408907,54.634009,0.386301,-9.536259,0.513118,-12.583272,0.758178,-9.742541,0.902691,-7.858327,123,V,35,1
0.279250,22.482020,0.735920,0.009620,0.011962,0.948214,43.477375,0.384840,-9.830015,0.511182,-12.661253,0.754449,-9.657665,0.899374,-8.161420,124,V,35,1
0.279290,22.482020,0.738160,0.009590,0.012808,0.947316,43.450256,0.385513,-9.501928,0.511986,-12.583651,0.753064,-9.627253,0.895756,-8.165571,125,V,35,1
0.278700,22.482020,0.736100,0.009617,0.012877,0.987036,44.626177,0.384582,-9.735969,0.510940,-12.646944,0.754682,-9.674006,0.895639,-8.063764,126,V,35,1
0.280240,22.482020,0.737820,0.009595,0.012094,0.940714,43.250227,0.386996,-9.641127,0.513567,-12.645040,0.758859,-9.852349,0.904308,-8.200317,127,V,35,1
0.280780,22.482020,0.736240,0.009615,0.011884,0.951845,43.586725,0.387872,-9.521638,0.512505,-12.586363,0.758827,-9.848436,0.906512,-8.173227,128,V,35,1
0.280410,22.482020,0.735800,0.009621,0.011552,1.042454,46.190755,0.386819,-9.590713,0.513319,-12.623369,0.757905,-9.853626,0.910536,-7.849752,129,V,35,1
0.279650,22.482020,0.734860,0.009633,0.012589,1.005267,45.150506,0.385318,-9.687103,0.510117,-12.579724,0.756475,-9.831536,0.905712,-8.051632,130,V,35,1
0.279460,22.482020,0.732860,0.009660,0.012874,0.984545,44.553808,0.385478,-9.429238,0.510950,-12.570750,0.755545,-9.823757,0.905166,-8.128014,131,V,35,1
0.278090,22.482020,0.737760,0.009596,0.013345,0.956928,43.739134,0.385490,-9.627084,0.510520,-12.623629,0.756605,-9.911110,0.904901,-8.195233,132,V,35,1
0.280080,22.482020,0.738300,0.009589,0.012979,0.958576,43.788360,0.387769,-9.610097,0.512227,-12.624479,0.760611,-9.972951,0.910329,-8.171297,133,V,35,1
0.278730,22.482020,0.737760,0.009596,0.013763,1.234859,50.999129,0.386669,-9.560420,0.513586,-12.515316,0.761974,-9.979989,0.908452,-7.863388,134,V,35,1
0.279680,22.482020,0.734200,0.009642,0.013218,0.945553,43.396988,0.386769,-9.623030,0.512821,-12.748760,0.761942,-10.046276,0.910697,-8.160975,135,V,35,1
0.278430,22.482020,0.736780,0.009608,0.013385,0.978036,44.363807,0.385801,-9.630144,0.510827,-12.601246,0.758380,-9.951630,0.909938,-8.133786,136,V,35,1
0.279130,22.482020,0.734000,0.009645,0.012995,1.076825,47.118487,0.385844,-9.608024,0.509115,-12.599456,0.756301,-9.958992,0.906219,-7.748616,137,V,35,1
0.279450,22.482020,0.735700,0.009622,0.012519,1.350044,53.472040,0.385111,-9.690659,0.509910,-12.512342,0.758247,-10.068766,0.905130,-7.872214,138,V,35,1
0.280350,22.482020,0.733620,0.009650,0.012050,0.954196,43.657298,0.386986,-9.575606,0.512077,-12.650269,0.762497,-10.161723,0.914745,-8.161758,139,V,35,1
0.280200,22.482020,0.737980,0.009593,0.012776,0.946078,43.412845,0.387306,-9.666182,0.511535,-12.743175,0.763159,-10.177830,0.912559,-8.116850,140,V,35,1
0.280420,22.482020,0.737160,0.009603,0.012283,1.278618,51.971225,0.387677,-9.694506,0.512272,-12.547052,0.764215,-10.157726,0.914264,-7.852341,141,V,35,1
0.281120,22.482020,0.728400,0.009719,0.011603,1.045183,46.265595,0.386053,-9.833939,0.510623,-12.611692,0.760389,-10.166709,0.914020,-7.818722,142,V,35,1
0.280880,22.482020,0.730940,0.009685,0.011881,1.029886,45.843506,0.385705,-9.736702,0.509275,-12.613868,0.759620,-10.161237,0.907296,-7.998010,143,V,35,1
0.280610,17.796130,0.796160,0.011233,0.012690,1.054489,46.519245,0.385386,-9.562255,0.511364,-12.554586,0.759852,-10.180552,0.908351,-7.991991,144,V,35,1
0.280340,22.482020,0.734860,0.009633,0.012773,0.940415,43.241151,0.387289,-9.661028,0.511130,-12.649123,0.763693,-10.371248,0.917684,-8.178704,145,V,35,1
0.279570,22.482020,0.738200,0.009590,0.013216,1.053380,46.489122,0.385579,-9.715835,0.511399,-12.640313,0.764103,-10.311500,0.920087,-7.751483,146,V,35,1
0.281280,22.482020,0.730900,0.009686,0.012199,1.064827,46.798260,0.385998,-9.579536,0.511310,-12.615232,0.764457,-10.371196,0.920714,-7.739290,147,V,35,1
0.279890,22.482020,0.729620,0.009703,0.013642,1.161322,49.268660,0.386522,-9.583986,0.509523,-12.531118,0.760936,-10.263031,0.913555,-7.778042,148,V,35,1
0.281530,22.482020,0.729300,0.009707,0.011802,1.203758,50.282499,0.385616,-9.507349,0.510588,-12.512612,0.761732,-10.318021,0.913607,-7.797687,149,V,35,1
0.280260,22.482020,0.729220,0.009708,0.013067,1.041604,46.167406,0.386235,-9.307744,0.509558,-12.673746,0.760393,-10.309722,0.917762,-7.853456,150,V,35,1
0.282060,22.482020,0.731520,0.009677,0.011756,0.958231,43.778079,0.387443,-9.684338,0.510839,-12.594759,0.765983,-10.364998,0.923299,-8.176462,151,V,35,1
0.279790,22.482020,0.732700,0.009662,0.013854,1.008953,45.255350,0.387693,-9.242667,0.512060,-12.512431,0.765718,-10.457959,0.925543,-7.995402,152,V,35,1
0.281490,22.482020,0.731340,0.009680,0.011855,1.138044,48.694212,0.388353,-9.388566,0.511864,-12.579212,0.765944,-10.440364,0.921347,-7.923890,153,V,35,1
0.282440,22.482020,0.729340,0.009706,0.011950,0.974951,44.273342,0.388376,-9.562215,0.511579,-12.570862,0.767629,-10.475509,0.927901,-8.152010,154,V,35,1
0.282100,22.482020,0.724920,0.009766,0.012667,1.064754,46.796294,0.386616,-9.375423,0.510314,-12.589532,0.763337,-10.478076,0.920924,-7.735874,155,V,35,1
0.282180,22.482020,0.727480,0.009731,0.012545,0.924643,42.757787,0.388424,-9.656641,0.510569,-12.490679,0.765553,-10.504446,0.921464,-8.207885,156,V,35,1
0.282620,22.482020,0.728560,0.009717,0.011824,0.956356,43.722021,0.389469,-9.403008,0.512504,-12.560153,0.768399,-10.600649,0.928957,-8.145960,157,V,35,1
0.281820,22.482020,0.730720,0.009688,0.012594,1.296446,52.355575,0.388057,-9.430832,0.512046,-12.543714,0.767955,-10.608411,0.926828,-7.825466,158,V,35,1
0.282280,22.482020,0.729680,0.009702,0.011813,0.940840,43.254069,0.389353,-9.381773,0.512212,-12.500636,0.770013,-10.718832,0.931512,-8.190101,159,V,35,1
0.281170,22.482020,0.737480,0.009599,0.013043,0.946645,43.429995,0.389056,-9.366430,0.513288,-12.616275,0.771569,-10.732090,0.933782,-8.170857,160,V,35,1
0.280120,22.482020,0.733540,0.009651,0.014083,0.932905,43.011952,0.389978,-9.573782,0.512608,-12.657326,0.769055,-10.689331,0.929111,-8.171268,161,V,35,1
0.283120,17.796130,0.798260,0.011203,0.012236,0.943278,43.328076,0.389782,-9.379160,0.513009,-12.591304,0.770813,-10.759739,0.929638,-8.132903,162,V,35,1
0.282480,17.796130,0.800540,0.011172,0.011961,1.063922,46.773940,0.389600,-9.455606,0.513715,-12.554495,0.771024,-10.836637,0.936540,-7.716240,163,V,35,1
0.282460,22.482020,0.732080,0.009670,0.011877,0.946197,43.416455,0.389202,-9.698450,0.514404,-12.673797,0.772735,-10.914403,0.937862,-8.174679,164,V,35,1
0.283120,22.482020,0.732500,0.009664,0.011576,0.939290,43.206922,0.390074,-9.560474,0.514564,-12.536015,0.774172,-10.934187,0.939215,-8.179218,165,V,35,1
0.282740,17.796130,0.796260,0.011232,0.012074,1.038876,46.092341,0.389084,-9.461559,0.511806,-12.546871,0.769709,-10.820444,0.937083,-7.813282,166,V,35,1
0.281720,22.482020,0.726360,0.009746,0.012719,0.980516,44.436351,0.389144,-9.439585,0.511304,-12.598473,0.769334,-10.837060,0.936329,-8.101986,167,V,35,1
0.282710,17.796130,0.794020,0.011263,0.011683,1.384151,54.153217,0.387853,-9.423843,0.510290,-12.535076,0.769476,-10.843218,0.931645,-7.881000,168,V,35,1
0.282490,17.796130,0.798560,0.011199,0.012955,0.941948,43.287729,0.390456,-9.584263,0.513827,-12.567192,0.773388,-10.991874,0.940542,-8.193338,169,V,35,1
0.283480,22.482020,0.730220,0.009695,0.011615,0.967385,44.050250,0.389208,-9.513104,0.513110,-12.602051,0.774915,-10.991511,0.943220,-8.124548,170,V,35,1
0.283310,17.796130,0.798400,0.011201,0.012043,0.952173,43.596566,0.390361,-9.456340,0.513307,-12.605881,0.775452,-11.003150,0.939309,-8.136810,171,V,35,1
0.282690,22.482020,0.727640,0.009729,0.012369,0.988344,44.664137,0.388846,-9.447098,0.512891,-12.473214,0.770656,-10.948835,0.934755,-8.075812,172,V,35,1
0.283730,17.796130,0.794180,0.011261,0.011074,1.030052,45.848126,0.389921,-9.352793,0.512757,-12.598608,0.771457,-11.060646,0.943014,-7.858402,173,V,35,1
0.283210,17.796130,0.795160,0.011247,0.011620,1.141302,48.775406,0.389711,-9.549237,0.511748,-12.610013,0.772622,-11.035773,0.938494,-7.740034,174,V,35,1
0.283370,22.482020,0.727520,0.009731,0.012151,1.479805,55.950562,0.389611,-9.396954,0.512813,-12.528078,0.774507,-11.093953,0.941681,-7.874711,175,V,35,1
0.284700,17.796130,0.797580,0.011213,0.011779,0.995584,44.873224,0.390347,-9.319239,0.514184,-12.415191,0.775948,-11.160926,0.950224,-8.030802,176,V,35,1
0.285460,17.796130,0.794740,0.011253,0.011664,0.971863,44.182489,0.391239,-9.504310,0.514397,-12.510341,0.777700,-11.139612,0.944174,-8.107360,177,V,35,1
0.282960,22.482020,0.728820,0.009713,0.013134,1.105251,47.862091,0.389963,-9.496315,0.512860,-12.476787,0.775910,-11.200335,0.944995,-7.732548,178,V,35,1
0.284410,17.796130,0.791440,0.011300,0.011737,0.986698,44.616386,0.390135,-9.269325,0.512475,-12.518877,0.775079,-11.173693,0.947215,-8.083502,179,V,35,1
0.283210,17.796130,0.795060,0.011249,0.011924,0.940542,43.245013,0.389866,-9.391590,0.511159,-12.544408,0.772648,-11.161348,0.939924,-8.193046,180,V,35,1
0.283700,17.796130,0.795240,0.011246,0.012305,1.018755,45.532290,0.390085,-9.333792,0.513142,-12.528855,0.776023,-11.259840,0.951050,-7.922657,181,V,35,1
0.284750,17.796130,0.798000,0.011207,0.011485,1.300229,52.436287,0.390073,-9.348871,0.513867,-12.511362,0.778774,-11.361610,0.948845,-7.869758,182,V,35,1
0.284290,17.796130,0.798640,0.011198,0.012447,1.051733,46.444361,0.392578,-9.431316,0.514216,-12.500661,0.779620,-11.414005,0.955404,-7.778438,183,V,35,1
0.284550,17.796130,0.801340,0.011160,0.012058,1.372029,53.913647,0.390683,-9.446223,0.515043,-12.523090,0.782044,-11.369815,0.953013,-7.811467,184,V,35,1
0.284520,17.796130,0.792700,0.011282,0.011466,0.930693,42.944117,0.390622,-9.289911,0.513851,-12.515418,0.776671,-11.309281,0.950246,-8.211382,185,V,35,1
0.285250,17.796130,0.793240,0.011274,0.011198,1.046063,46.289691,0.391013,-9.411821,0.513808,-12.527387,0.777011,-11.319079,0.951661,-7.808062,186,V,35,1
0.284760,17.796130,0.795040,0.011249,0.012072,0.914662,42.447959,0.391311,-9.276827,0.513623,-12.586296,0.777102,-11.409441,0.949714,-8.251402,187,V,35,1
0.283730,17.796130,0.800260,0.011175,0.013017,1.135380,48.627607,0.392729,-9.392534,0.515031,-12.504897,0.780584,-11.496011,0.954576,-7.727111,188,V,35,1
0.283230,17.796130,0.802000,0.011151,0.012764,0.926102,42.802844,0.391590,-9.358366,0.515360,-12.543771,0.781522,-11.526161,0.955299,-8.200713,189,V,35,1
0.284920,17.796130,0.800100,0.011178,0.011551,1.044457,46.245709,0.392821,-9.410649,0.515173,-12.618800,0.782395,-11.558404,0.954630,-8.003882,190,V,35,1
0.283960,17.796130,0.798080,0.011206,0.013288,0.926398,42.811976,0.390690,-9.352995,0.513856,-12.469180,0.779756,-11.508461,0.955649,-8.221967,191,V,35,1
0.285160,17.796130,0.794360,0.011258,0.011085,1.437335,55.172433,0.391395,-9.424882,0.512498,-12.462165,0.778528,-11.574182,0.951662,-7.889798,192,V,35,1
0.284520,17.796130,0.793360,0.011273,0.011672,1.086659,47.378116,0.392131,-9.365486,0.512978,-12.562763,0.779380,-11.513078,0.954825,-7.732799,193,V,35,1
0.285320,17.796130,0.799560,0.011185,0.011835,0.976182,44.309485,0.392136,-9.439817,0.514835,-12.602923,0.783233,-11.615176,0.963966,-8.130265,194,V,35,1
0.285110,17.796130,0.798100,0.011206,0.012301,1.051503,46.438122,0.391713,-9.305885,0.515660,-12.362407,0.783117,-11.681641,0.965236,-7.780688,195,V,35,1
0.284710,17.796130,0.801100,0.011164,0.012556,1.097314,47.656576,0.393351,-9.513880,0.513993,-12.543895,0.784077,-11.701581,0.964513,-7.727625,196,V,35,1
0.284790,17.796130,0.799840,0.011181,0.012470,1.058655,46.632028,0.392489,-9.364583,0.516293,-12.568732,0.785572,-11.679378,0.960989,-7.985371,197,V,35,1
0.284530,17.796130,0.800140,0.011177,0.012526,0.938805,43.192152,0.392744,-9.326053,0.515122,-12.558675,0.785197,-11.644523,0.965646,-8.210991,198,V,35,1
0.285510,17.796130,0.798480,0.011200,0.011137,0.954978,43.680747,0.392859,-9.397006,0.515042,-12.525799,0.784679,-11.754691,0.967323,-8.165880,199,V,35,1
0.284790,17.796130,0.799080,0.011192,0.012356,1.308480,52.611290,0.394681,-9.434112,0.515391,-12.510445,0.785976,-11.737764,0.964846,-7.893435,200,V,35,1
0.285630,17.796130,0.799520,0.011186,0.011676,0.949967,43.530195,0.393867,-9.347903,0.516907,-12.430756,0.786541,-11.865243,0.971336,-8.169806,201,V,35,1
0.284980,17.796130,0.801140,0.011163,0.012784,0.999913,44.997501,0.393462,-9.483220,0.516836,-12.501340,0.788936,-11.849982,0.975307,-8.004061,202,V,35,1
0.285250,17.796130,0.803780,0.011126,0.012357,0.948364,43.481902,0.393674,-9.467287,0.516318,-12.594744,0.789409,-11.883678,0.975253,-8.166618,203,V,35,1
0.286920,17.796130,0.797380,0.011216,0.010762,0.972983,44.215480,0.393814,-9.278952,0.515794,-12.514897,0.786852,-11.920582,0.967695,-8.098544,204,V,35,1
0.286600,17.796130,0.796840,0.011223,0.011982,1.438736,55.198590,0.393946,-9.476625,0.517470,-12.607170,0.789059,-11.960085,0.969738,-7.858030,205,V,35,1
0.286100,17.796130,0.799460,0.011187,0.012604,0.930305,42.932193,0.394114,-9.471034,0.518435,-12.589117,0.788540,-11.979232,0.974574,-8.203905,206,V,35,1
0.286810,17.796130,0.799320,0.011189,0.012352,1.453664,55.475261,0.394902,-9.372476,0.518865,-12.441392,0.790824,-11.917848,0.972948,-7.884308,207,V,35,1
0.287170,17.796130,0.798880,0.011195,0.011153,0.998302,44.951300,0.395116,-9.314975,0.517489,-12.544069,0.790059,-11.996268,0.979725,-8.015797,208,V,35,1
0.286090,17.796130,0.797280,0.011217,0.012335,1.036639,46.030633,0.395519,-9.219182,0.516726,-12.496867,0.786886,-11.955369,0.975075,-7.833614,209,V,35,1
0.285470,17.796130,0.795820,0.011238,0.012477,1.275075,51.894065,0.393008,-9.307450,0.513777,-12.485451,0.786552,-11.929147,0.967458,-7.816637,210,V,35,1
0.288400,17.796130,0.791520,0.011299,0.010520,1.381705,54.105098,0.392312,-9.243953,0.514945,-12.472031,0.785319,-11.953537,0.967757,-7.904147,211,V,35,1
0.286240,17.796130,0.794920,0.011250,0.012776,0.975380,44.285930,0.393955,-9.296078,0.516226,-12.437488,0.788174,-12.013298,0.976369,-8.108788,212,V,35,1
0.285550,17.796130,0.801200,0.011162,0.013087,0.920657,42.634422,0.395082,-9.189749,0.514975,-12.522871,0.789784,-12.081532,0.974765,-8.193858,213,V,35,1
0.286020,17.796130,0.799180,0.011191,0.012841,1.006953,45.198502,0.395170,-9.271075,0.517173,-12.608501,0.790001,-12.064951,0.982911,-7.961302,214,V,35,1
0.288100,17.796130,0.793500,0.011271,0.010850,0.953958,43.650168,0.394829,-9.269213,0.517886,-12.548588,0.790548,-12.173104,0.982133,-8.146755,215,V,35,1
0.285460,17.796130,0.800000,0.011179,0.013793,0.947946,43.469289,0.393985,-9.326566,0.515983,-12.442481,0.787722,-12.069899,0.978350,-8.195202,216,V,35,1
0.287910,17.796130,0.793000,0.011278,0.011428,1.088364,47.422891,0.393504,-9.270612,0.515729,-12.466558,0.788751,-12.089420,0.972106,-8.015405,217,V,35,1
0.288320,17.796130,0.791420,0.011300,0.011274,0.917510,42.536700,0.393726,-9.298016,0.515973,-12.531009,0.789441,-12.104052,0.975837,-8.250975,218,V,35,1
0.288620,17.796130,0.794280,0.011260,0.011602,1.499884,56.307882,0.395150,-9.208608,0.517429,-12.501256,0.792481,-12.234024,0.978866,-7.882772,219,V,35,1
0.288050,17.796130,0.797060,0.011220,0.011982,1.492766,56.181981,0.396340,-9.311453,0.519237,-12.454063,0.792660,-12.222026,0.980797,-7.916403,220,V,35,1
0.287540,17.796130,0.795180,0.011247,0.012150,0.917567,42.538477,0.395491,-9.412522,0.517435,-12.499216,0.793450,-12.315442,0.982545,-8.251183,221,V,35,1
0.288630,17.796130,0.792700,0.011282,0.011480,1.457006,55.536674,0.395437,-9.190778,0.517770,-12.426411,0.790290,-12.269413,0.977857,-7.889591,222,V,35,1
0.289580,17.796130,0.791380,0.011301,0.010790,0.957771,43.764334,0.395976,-9.205559,0.518131,-12.537528,0.791076,-12.185354,0.984840,-8.150129,223,V,35,1
0.287560,14.068130,0.869640,0.013009,0.012816,1.127952,48.441007,0.395647,-9.166769,0.516893,-12.483653,0.790499,-12.245649,0.980954,-7.775986,224,V,35,1
0.289590,17.796130,0.795360,0.011244,0.011527,0.973001,44.215998,0.397545,-9.131827,0.519098,-12.552248,0.793090,-12.344380,0.990526,-8.108534,225,V,35,1
0.288050,17.796130,0.799620,0.011184,0.012151,0.911742,42.356749,0.398821,-9.345249,0.520349,-12.403431,0.795117,-12.420002,0.987944,-8.293383,226,V,35,1
0.288170,17.796130,0.797940,0.011208,0.012178,1.050462,46.409778,0.398258,-9.231797,0.519778,-12.497284,0.794232,-12.372168,0.992266,-7.798356,227,V,35,1
0.289170,17.796130,0.792680,0.011282,0.011699,0.984586,44.554989,0.397707,-9.297218,0.520798,-12.431404,0.793237,-12.349368,0.990758,-8.087045,228,V,35,1
0.291130,17.796130,0.792060,0.011291,0.010559,0.955147,43.685823,0.397210,-9.260558,0.518890,-12.407677,0.793173,-12.355993,0.983308,-8.181778,229,V,35,1
0.289180,17.796130,0.792940,0.011279,0.012458,0.922064,42.678026,0.397092,-9.132497,0.518104,-12.433594,0.793954,-12.405197,0.988943,-8.273873,230,V,35,1
0.289390,17.796130,0.797920,0.011208,0.012663,0.932808,43.008988,0.399928,-9.050655,0.519993,-12.391750,0.795294,-12.440362,0.987498,-8.216814,231,V,35,1
0.290270,17.796130,0.795040,0.011249,0.011518,0.940052,43.230118,0.400501,-9.238985,0.521168,-12.459942,0.797053,-12.450605,0.996546,-8.212260,232,V,35,1
0.290850,17.796130,0.794940,0.011250,0.011496,0.911253,42.341441,0.399865,-9.129663,0.521110,-12.471405,0.797634,-12.516765,0.994028,-8.261657,233,V,35,1
0.289940,14.068130,0.869840,0.013006,0.011506,0.956867,43.737302,0.399089,-9.269710,0.520242,-12.346489,0.796303,-12.470227,0.996790,-8.178385,234,V,35,1
0.290820,17.796130,0.795740,0.011239,0.012461,1.074882,47.066902,0.399442,-9.227354,0.520095,-12.376754,0.795427,-12.491867,0.988491,-8.034124,235,V,35,1
0.289640,14.068130,0.867240,0.013045,0.012292,0.958749,43.793534,0.399109,-8.990540,0.520219,-12.228436,0.794731,-12.485859,0.995595,-8.187449,236,V,35,1
0.290600,17.796130,0.793540,0.011270,0.012923,1.340807,53.283712,0.399061,-9.000568,0.521568,-12.306745,0.796406,-12.513773,0.991149,-7.844907,237,V,35,1
0.292530,17.796130,0.792260,0.011288,0.011680,1.053304,46.487074,0.400828,-9.195015,0.520850,-12.392982,0.798808,-12.629269,0.993900,-8.090371,238,V,35,1
0.292060,14.068130,0.869120,0.013017,0.011265,0.961499,43.875536,0.399950,-9.095048,0.522319,-12.458803,0.799620,-12.588697,1.004317,-8.119311,239,V,35,1
0.292060,14.068130,0.870480,0.012996,0.012127,0.904781,42.138181,0.401419,-9.143798,0.523638,-12.399074,0.799884,-12.654749,1.002410,-8.294472,240,V,35,1
0.292280,14.068130,0.868600,0.013025,0.011372,1.190526,49.970918,0.401098,-9.039998,0.522054,-12.430628,0.800366,-12.706871,1.000508,-7.782729,241,V,35,1
0.292120,14.068130,0.871080,0.012988,0.012257,1.128045,48.443347,0.400705,-9.164285,0.521700,-12.417296,0.797779,-12.742761,1.000354,-7.757007,242,V,35,1
0.292650,14.068130,0.866860,0.013051,0.012021,1.011803,45.336132,0.399968,-9.199420,0.522919,-12.347435,0.798628,-12.632085,1.005361,-7.947217,243,V,35,1
0.292280,14.068130,0.870240,0.013000,0.011157,0.911435,42.347145,0.400898,-9.049034,0.523352,-12.266139,0.800382,-12.831019,1.002253,-8.306942,244,V,35,1
0.291340,14.068130,0.872940,0.012960,0.011456,0.952322,43.601055,0.401473,-9.119557,0.523329,-12.327372,0.800376,-12.741448,1.008093,-8.186374,245,V,35,1
0.291080,17.796130,0.796760,0.011225,0.013126,0.952804,43.615516,0.402047,-8.981766,0.523631,-12.378259,0.802180,-12.817284,1.011687,-8.177886,246,V,35,1
0.293630,14.068130,0.872520,0.012966,0.011406,0.918622,42.571278,0.403122,-9.090428,0.525011,-12.424735,0.802009,-12.917744,1.007220,-8.293388,247,V,35,1
0.293690,17.796130,0.793000,0.011278,0.011411,1.204219,50.293293,0.402095,-9.192869,0.522646,-12.368113,0.800441,-12.864596,1.002724,-8.018097,248,V,35,1
0.293520,17.796130,0.792560,0.011284,0.011585,0.937920,43.165194,0.402798,-9.033130,0.522992,-12.388673,0.801381,-12.821734,1.010450,-8.257641,249,V,35,1
0.293500,14.068130,0.868220,0.013030,0.010977,0.953588,43.639052,0.401454,-9.096723,0.523238,-12.339244,0.802650,-12.910844,1.005794,-8.260209,250,V,35,1
0.293070,14.068130,0.871440,0.012982,0.012324,1.013501,45.384162,0.403063,-9.063097,0.524834,-12.348082,0.803478,-12.861764,1.015994,-7.958472,251,V,35,1
0.292590,14.068130,0.872380,0.012968,0.012416,1.017340,45.492462,0.402244,-9.190424,0.524568,-12.443376,0.802835,-12.948908,1.017347,-7.936533,252,V,35,1
0.293280,14.068130,0.869160,0.013016,0.011479,0.953934,43.649433,0.401890,-8.994751,0.522559,-12.448528,0.802265,-12.941528,1.006209,-8.281912,253,V,35,1
0.294560,14.068130,0.867420,0.013042,0.011235,0.906624,42.196207,0.401073,-9.027114,0.522177,-12.341363,0.800700,-12.933442,1.009023,-8.368185,254,V,35,1
0.293770,17.796130,0.789680,0.011325,0.011545,1.044330,46.242234,0.402802,-9.010446,0.522207,-12.316689,0.801963,-12.999135,1.013971,-7.845470,255,V,35,1
0.293260,14.068130,0.866780,0.013052,0.012077,0.907521,42.224401,0.403602,-8.981172,0.523456,-12.341702,0.803142,-12.994540,1.011134,-8.373684,256,V,35,1
0.294330,14.068130,0.869840,0.013006,0.010905,0.893963,41.795541,0.404076,-9.138049,0.524699,-12.333373,0.805206,-13.065272,1.017227,-8.370242,257,V,35,1
0.294240,14.068130,0.871300,0.012984,0.011298,0.915177,42.464038,0.404292,-9.109036,0.524660,-12.298478,0.805658,-13.075573,1.020278,-8.317042,258,V,35,1
0.294910,14.068130,0.868380,0.013028,0.011409,1.334821,53.160769,0.403979,-9.102478,0.525019,-12.382985,0.807090,-13.166767,1.016484,-7.987069,259,V,35,1
0.294730,14.068130,0.867040,0.013048,0.011983,1.587772,57.796732,0.403969,-9.005942,0.523701,-12.231923,0.804007,-13.075044,1.012502,-7.982564,260,V,35,1
0.295210,14.068130,0.863840,0.013096,0.011215,1.457379,55.543515,0.404089,-8.982583,0.523798,-12.318165,0.803484,-13.029999,1.013162,-8.014543,261,V,35,1
0.294550,14.068130,0.867200,0.013046,0.011721,0.991170,44.745930,0.402881,-9.033364,0.524016,-12.405792,0.803591,-13.051342,1.021626,-8.108418,262,V,35,1
0.295710,14.068130,0.866400,0.013058,0.011077,1.211400,50.460619,0.403780,-9.130917,0.525808,-12.395963,0.805724,-13.278103,1.017378,-8.068081,263,V,35,1
0.295830,14.068130,0.865600,0.013070,0.011773,0.993135,44.802664,0.405102,-9.031451,0.525531,-12.393711,0.807343,-13.208324,1.028517,-8.075063,264,V,35,1
0.296060,14.068130,0.868420,0.013027,0.011177,0.936625,43.125685,0.403443,-9.005396,0.525400,-12.353608,0.807121,-13.316868,1.028907,-8.312632,265,V,35,1
0.294590,14.068130,0.867120,0.013047,0.011208,0.946393,43.422374,0.405345,-8.969631,0.524763,-12.278003,0.805001,-13.287345,1.025858,-8.273551,266,V,35,1
0.295550,14.068130,0.859500,0.013162,0.010782,1.039005,46.095895,0.402775,-9.063000,0.524704,-12.333439,0.804399,-13.259812,1.025739,-7.951920,267,V,35,1
0.296280,14.068130,0.862040,0.013124,0.010848,0.990133,44.715939,0.404386,-8.999522,0.524588,-12.339345,0.804888,-13.304381,1.027783,-8.121464,268,V,35,1
0.296500,14.068130,0.869740,0.013008,0.010287,0.902662,42.071360,0.406081,-9.035816,0.525445,-12.308971,0.808315,-13.419290,1.031215,-8.417235,269,V,35,1
0.295320,14.068130,0.864680,0.013084,0.011899,1.088774,47.433641,0.406627,-9.062879,0.525109,-12.297427,0.807191,-13.513670,1.034258,-7.861996,270,V,35,1
0.296290,14.068130,0.863340,0.013104,0.011086,1.054964,46.532135,0.405299,-9.017187,0.526086,-12.267864,0.808223,-13.517528,1.036052,-7.887930,271,V,35,1
0.297090,14.068130,0.866520,0.013056,0.009676,0.952579,43.608767,0.406021,-9.017441,0.526215,-12.284672,0.809885,-13.542400,1.039092,-8.279606,272,V,35,1
0.295780,14.068130,0.867840,0.013036,0.010949,0.906376,42.188410,0.404614,-8.940528,0.525092,-12.297690,0.806936,-13.539778,1.033874,-8.406489,273,V,35,1
0.295840,14.068130,0.863700,0.013098,0.011330,0.918317,42.561801,0.404859,-9.127026,0.524658,-12.291160,0.807740,-13.627251,1.030787,-8.422466,274,V,35,1
0.296050,14.068130,0.863920,0.013095,0.011392,0.895869,41.856190,0.405978,-9.050912,0.524960,-12.204630,0.809335,-13.615626,1.035169,-8.495937,275,V,35,1
0.295380,14.068130,0.868380,0.013028,0.011856,0.946396,43.422458,0.406140,-9.111192,0.526809,-12.288098,0.810702,-13.679892,1.044344,-8.293632,276,V,35,1
0.295590,14.068130,0.867120,0.013047,0.011111,1.508151,56.453090,0.405551,-8.954225,0.527417,-12.342233,0.810297,-13.744221,1.038726,-8.069914,277,V,35,1
0.295240,14.068130,0.868300,0.013029,0.012116,1.019049,45.540551,0.406381,-8.977454,0.526634,-12.181506,0.811279,-13.841572,1.039239,-8.312325,278,V,35,1
0.296690,14.068130,0.864720,0.013083,0.010942,0.966891,44.035633,0.404917,-9.119122,0.524890,-12.254762,0.808889,-13.638794,1.045870,-8.236232,279,V,35,1
0.295450,14.068130,0.866360,0.013058,0.010714,1.061392,46.705879,0.404646,-8.988137,0.525573,-12.338884,0.807941,-13.835548,1.046453,-7.952651,280,V,35,1
0.295950,14.068130,0.863360,0.013104,0.010466,1.005996,45.171257,0.404028,-9.194481,0.525701,-12.254336,0.808642,-13.797678,1.049549,-8.110003,281,V,35,1
0.295360,14.068130,0.867800,0.013037,0.010760,0.892183,41.738800,0.404745,-9.132696,0.526041,-12.216037,0.810881,-13.945419,1.047889,-8.497082,282,V,35,1
0.296220,14.068130,0.863660,0.013099,0.010448,1.073575,47.032132,0.405555,-8.992410,0.526246,-12.266946,0.812063,-14.075586,1.053413,-7.923964,283,V,35,1
0.295180,14.068130,0.868420,0.013027,0.010581,1.604357,58.064598,0.405647,-9.069171,0.527657,-12.374560,0.812130,-14.148743,1.050643,-8.048526,284,V,35,1
0.295330,14.068130,0.864900,0.013080,0.010865,1.101355,47.761416,0.406309,-8.936534,0.526569,-12.168694,0.811857,-14.099250,1.057413,-7.928617,285,V,35,1
0.297130,14.068130,0.859940,0.013156,0.009609,1.061146,46.699248,0.404845,-9.091930,0.525511,-12.258797,0.810106,-14.137751,1.048538,-8.327464,286,V,35,1
0.295830,14.068130,0.863480,0.013102,0.010217,0.908004,42.239568,0.405275,-9.050543,0.526583,-12.237525,0.811814,-14.117765,1.060645,-8.492730,287,V,35,1
0.296010,14.068130,0.862900,0.013111,0.010768,1.124063,48.342754,0.405483,-8.886358,0.527388,-12.277507,0.813318,-14.306571,1.055777,-8.286393,288,V,35,1
0.297490,14.068130,0.859940,0.013156,0.008943,0.885211,41.515609,0.406085,-9.100762,0.526210,-12.339721,0.814558,-14.305337,1.064279,-8.571583,289,V,35,1
0.296510,14.068130,0.863200,0.013106,0.010583,0.970654,44.146853,0.406366,-8.963447,0.525248,-12.239425,0.814074,-14.398069,1.072725,-8.268370,290,V,35,1
0.297210,14.068130,0.862320,0.013119,0.009934,0.881415,41.393446,0.405626,-8.943428,0.527054,-12.190196,0.815661,-14.470053,1.072073,-8.570452,291,V,35,1
0.297080,14.068130,0.862560,0.013116,0.010361,1.070974,46.962794,0.407338,-8.907689,0.526319,-12.235518,0.813703,-14.501678,1.073652,-7.987784,292,V,35,1
0.297510,11.144800,0.940240,0.015188,0.009977,0.898748,41.947558,0.407100,-8.984724,0.524939,-12.260059,0.812742,-14.540537,1.073136,-8.537223,293,V,35,1
0.298250,11.144800,0.939480,0.015201,0.010053,1.111721,48.028433,0.406017,-9.030321,0.527068,-12.269953,0.814096,-14.648747,1.079042,-7.972595,294,V,35,1
0.298160,11.144800,0.943680,0.015133,0.009518,0.945378,43.391693,0.406938,-8.968562,0.526800,-12.284620,0.815587,-14.688332,1.086127,-8.369007,295,V,35,1
0.299930,11.144800,0.940940,0.015177,0.010723,0.926034,42.800741,0.409569,-8.933402,0.529636,-12.089843,0.818402,-14.977821,1.087782,-8.539061,296,V,35,1
0.301780,11.144800,0.932780,0.015310,0.008937,1.030875,45.870980,0.408750,-8.876767,0.529166,-12.115391,0.816179,-14.960797,1.083513,-8.427931,297,V,35,1
0.300030,11.144800,0.939280,0.015204,0.010447,0.887616,41.592775,0.409010,-8.940171,0.528800,-12.117098,0.817015,-14.953843,1.094220,-8.589983,298,V,35,1
0.302690,11.144800,0.933260,0.015302,0.010408,1.682060,59.268128,0.412092,-8.610256,0.531978,-12.057928,0.818324,-15.253854,1.096895,-8.126135,299,V,35,1
0.303060,11.144800,0.932320,0.015317,0.010603,1.261048,51.585899,0.414139,-8.768628,0.532649,-12.062394,0.819714,-15.458923,1.111302,-7.979594,300,V,35,1
0.303230,11.144800,0.933480,0.015298,0.011072,0.898491,41.939402,0.413256,-8.751380,0.534363,-12.013863,0.822878,-15.821968,1.123670,-8.670795,301,V,35,1
0.304620,8.817720,1.018300,0.017725,0.009866,1.145557,48.881063,0.413730,-8.734719,0.534808,-12.006802,0.820787,-16.091027,1.141500,-8.023833,302,V,35,1
0.304210,8.817720,1.017260,0.017743,0.010007,0.878574,41.301697,0.412931,-8.899777,0.533279,-12.052101,0.821496,-16.227828,1.155584,-8.601183,303,V,35,1
0.301510,8.817720,1.012180,0.017832,0.010813,1.014658,45.416846,0.411070,-8.937718,0.532401,-11.963297,0.815286,-16.547880,1.146339,-8.607160,304,V,35,1
0.301890,8.817720,1.008120,0.017904,0.010537,0.966538,44.025156,0.411703,-8.761721,0.531000,-12.115098,0.815941,-16.746091,1.173899,-8.359090,305,V,35,1
0.301540,8.817720,1.003560,0.017985,0.010540,0.921251,42.652853,0.411068,-8.840500,0.530333,-12.025922,0.814617,-16.897611,1.181275,-8.534203,306,V,35,1
0.300000,6.975450,1.106540,0.020620,0.010683,0.891596,41.720060,0.410417,-8.773673,0.530856,-12.127378,0.814866,-17.138668,1.194335,-8.653788,307,V,35,1
0.300030,6.975450,1.102760,0.020690,0.010103,0.857183,40.602627,0.410388,-8.956016,0.531343,-12.088888,0.813717,-17.371191,1.205181,-8.836434,308,V,35,1
0.300340,6.975450,1.102240,0.020700,0.010196,0.868671,40.979907,0.411224,-8.934284,0.531233,-12.025245,0.813737,-17.531498,1.219790,-8.817616,309,V,35,1
0.299080,6.975450,1.096180,0.020815,0.009685,0.870001,41.023287,0.411055,-9.013977,0.530732,-11.953333,0.812498,-17.721310,1.221373,-8.927390,310,V,35,1
0.297990,6.975450,1.094440,0.020848,0.010405,0.940636,43.247882,0.410775,-8.779186,0.529497,-11.844310,0.808648,-17.951019,1.222702,-8.888360,311,V,35,1
0.300180,5.517300,1.203000,0.023979,0.009152,0.877011,41.251103,0.409833,-8.796741,0.533073,-11.919823,0.810073,-18.056763,1.241220,-8.968327,312,V,35,1
0.299320,6.975450,1.098040,0.020779,0.009732,1.167263,49.413176,0.412182,-9.003311,0.531405,-11.979621,0.807403,-18.181205,1.258259,-8.258763,313,V,35,1
0.300110,5.517300,1.203260,0.023974,0.008216,0.868356,40.969612,0.412857,-8.741935,0.532610,-12.088871,0.809284,-18.291770,1.267624,-9.019657,314,V,35,1
0.301590,6.975450,1.091440,0.020905,0.008455,0.905392,42.157443,0.412736,-8.958486,0.534560,-12.063991,0.809868,-18.270700,1.286381,-8.841299,315,V,35,1
0.300600,5.517300,1.207700,0.023886,0.007779,1.890059,62.117394,0.413292,-8.958101,0.534172,-12.003788,0.810901,-18.389064,1.285089,-8.468587,316,V,35,1
0.300520,5.517300,1.201640,0.024006,0.008044,0.886067,41.543091,0.412477,-8.752243,0.532984,-11.927153,0.807689,-18.511584,1.291796,-9.094664,317,V,35,1
0.299710,6.975450,1.089440,0.020943,0.007880,0.899287,41.964639,0.413839,-8.852451,0.534274,-11.900921,0.807412,-18.546881,1.308021,-8.970636,318,V,35,1
0.300330,5.517300,1.185100,0.024341,0.008335,1.219626,50.650872,0.413373,-8.910730,0.533320,-11.905418,0.805318,-18.764849,1.310769,-8.378551,319,V,35,1
0.301400,5.517300,1.203080,0.023977,0.007061,0.878104,41.286482,0.414210,-8.898822,0.536736,-11.924825,0.808044,-18.750589,1.323008,-9.127347,320,V,35,1
0.300850,4.369410,1.313380,0.027734,0.007290,0.944417,43.362577,0.415072,-8.756971,0.536201,-11.959906,0.807144,-18.759153,1.337787,-8.907422,321,V,35,1
0.301600,4.369410,1.307300,0.027863,0.007166,0.888306,41.614881,0.415727,-8.885575,0.536005,-11.868384,0.808213,-18.868639,1.342758,-9.130745,322,V,35,1
0.300370,4.369410,1.320900,0.027576,0.008050,1.616776,58.262599,0.416062,-8.857789,0.538103,-11.883881,0.808316,-18.885227,1.341155,-8.687568,323,V,35,1
0.301540,4.369410,1.314020,0.027720,0.007004,1.787024,60.769084,0.417807,-8.759733,0.538224,-11.860667,0.807032,-18.883553,1.343948,-8.678476,324,V,35,1
0.303250,4.369410,1.302120,0.027973,0.006492,1.870202,61.866512,0.417775,-8.902386,0.539154,-11.810894,0.809596,-19.127414,1.355515,-8.596163,325,V,35,1
0.303220,4.369410,1.302280,0.027970,0.006240,0.894687,41.818588,0.417630,-8.998367,0.538856,-11.896597,0.807675,-19.027567,1.368259,-9.207594,326,V,35,1
0.300730,4.369410,1.305060,0.027910,0.007313,0.897294,41.901424,0.419279,-8.694883,0.539253,-11.837167,0.808092,-19.083456,1.375909,-9.212139,327,V,35,1
0.265460,17.796130,1.497180,0.005973,0.007500,1.361820,53.709746,0.455593,-17.601956,0.747650,-18.403111,1.155891,-12.935725,1.502930,-5.593234,1,V,25,4
0.268480,17.796130,1.513640,0.005908,0.006570,1.334784,53.160002,0.461175,-17.547680,0.754712,-18.315362,1.168977,-13.028933,1.525940,-5.491726,2,V,25,4
0.268150,22.482020,1.434200,0.004936,0.007249,1.464048,55.665444,0.462657,-17.615126,0.758624,-18.351991,1.175930,-13.159870,1.533361,-5.538528,3,V,25,4
0.270470,14.068130,1.612900,0.007014,0.005978,1.590377,57.839075,0.464831,-17.685020,0.758621,-18.323464,1.175822,-13.161992,1.537019,-5.568755,4,V,25,4
0.269150,17.796130,1.517300,0.005894,0.007395,1.227343,50.827939,0.464292,-17.582355,0.757989,-18.241201,1.173176,-13.185805,1.533458,-5.586200,5,V,25,4
0.271910,17.796130,1.506900,0.005935,0.006460,1.321097,52.876214,0.462725,-17.535780,0.755867,-18.153173,1.171900,-13.111102,1.535238,-5.681984,6,V,25,4
0.271310,17.796130,1.503820,0.005947,0.006486,1.284586,52.100635,0.463010,-17.374599,0.755567,-18.175924,1.169748,-13.120259,1.533785,-5.726593,7,V,25,4
0.270710,17.796130,1.516880,0.005896,0.007431,1.318645,52.824995,0.463927,-17.628571,0.758107,-18.317622,1.175121,-13.247621,1.550635,-5.567512,8,V,25,4
0.271400,17.796130,1.517740,0.005892,0.006896,1.280680,52.016039,0.464283,-17.624945,0.759598,-18.325066,1.177117,-13.396192,1.553293,-5.597290,9,V,25,4
0.272440,17.796130,1.518600,0.005889,0.006017,1.262350,51.614682,0.464365,-17.495836,0.759379,-18.327162,1.180942,-13.396996,1.561344,-5.730668,10,V,25,4
0.271810,14.068130,1.597020,0.007084,0.006378,1.500838,56.324692,0.463009,-17.554926,0.754898,-18.190753,1.171042,-13.378220,1.543119,-5.642107,11,V,25,4
0.270650,14.068130,1.588240,0.007123,0.008084,1.480357,55.960466,0.462307,-17.347337,0.752579,-18.125297,1.163629,-13.304980,1.537160,-5.638532,12,V,25,4
0.273040,17.796130,1.498540,0.005968,0.006644,1.307739,52.595629,0.462446,-17.568508,0.753621,-18.284319,1.169080,-13.389387,1.551063,-5.713958,13,V,25,4
0.272040,14.068130,1.589380,0.007118,0.006424,1.181201,49.748883,0.461599,-17.429824,0.753301,-18.261067,1.169005,-13.516459,1.546838,-5.779454,14,V,25,4
0.272820,14.068130,1.585460,0.007136,0.005487,1.501724,56.340308,0.460381,-17.479106,0.752876,-18.245931,1.167019,-13.495260,1.549146,-5.688090,15,V,25,4
0.271370,14.068130,1.584080,0.007142,0.006987,1.221090,50.684567,0.459687,-17.317304,0.750137,-18.176082,1.164920,-13.570199,1.548545,-5.684916,16,V,25,4
0.271910,14.068130,1.567460,0.007218,0.006994,1.188266,49.917290,0.459707,-17.405667,0.747249,-18.080473,1.155969,-13.488649,1.533063,-5.828612,17,V,25,4
0.273350,14.068130,1.563100,0.007238,0.007135,1.317982,52.811102,0.458924,-17.315554,0.744875,-18.133760,1.153851,-13.424032,1.535867,-5.794452,18,V,25,4
0.271640,14.068130,1.572860,0.007193,0.007861,1.174493,49.587888,0.460380,-17.226334,0.747307,-18.131849,1.158868,-13.576773,1.541624,-5.851039,19,V,25,4
0.272750,11.144800,1.662440,0.008590,0.006805,1.556250,57.276413,0.459734,-17.379320,0.747871,-18.098469,1.159049,-13.639902,1.545611,-5.741184,20,V,25,4
0.270500,14.068130,1.568400,0.007213,0.007309,1.325767,52.973474,0.457334,-17.354484,0.746136,-18.153690,1.157315,-13.674385,1.545190,-5.704601,21,V,25,4
0.271780,14.068130,1.554700,0.007277,0.007118,1.300601,52.444214,0.458783,-17.092346,0.742583,-18.036448,1.149032,-13.595055,1.536202,-5.725901,22,V,25,4
0.272780,14.068130,1.541960,0.007337,0.006847,1.167917,49.429022,0.456733,-17.046991,0.740283,-18.055197,1.144077,-13.609631,1.524715,-5.858096,23,V,25,4
0.272410,14.068130,1.535340,0.007369,0.007520,1.428390,55.004565,0.455113,-17.273684,0.737721,-17.899210,1.138546,-13.493923,1.521800,-5.760932,24,V,25,4
0.271560,14.068130,1.540640,0.007343,0.007808,1.257637,51.510320,0.455884,-17.228917,0.740434,-17.997046,1.144648,-13.669734,1.533734,-5.706548,25,V,25,4
0.271230,11.144800,1.633780,0.008741,0.007537,1.319850,52.850181,0.455830,-17.121473,0.738373,-17.879363,1.143476,-13.734539,1.531842,-5.735593,26,V,25,4
0.272210,11.144800,1.633480,0.008742,0.007383,1.309130,52.625014,0.454635,-17.001651,0.739631,-17.886799,1.142867,-13.699536,1.538272,-5.825219,27,V,25,4
0.271890,14.068130,1.530380,0.007392,0.007511,1.401652,54.494272,0.456164,-17.221044,0.735742,-17.963720,1.136025,-13.669289,1.525877,-5.773106,28,V,25,4
0.272470,14.068130,1.521900,0.007434,0.007967,1.281909,52.042695,0.455036,-17.094721,0.734500,-17.868297,1.133803,-13.592200,1.524197,-5.933150,29,V,25,4
0.271380,11.144800,1.629160,0.008766,0.008679,1.386763,54.204492,0.455285,-17.098145,0.737156,-17.894137,1.141216,-13.860241,1.536339,-5.787877,30,V,25,4
0.271600,14.068130,1.533340,0.007378,0.007992,1.352511,53.522051,0.454678,-17.166440,0.737475,-17.984032,1.140392,-13.808822,1.540741,-5.774623,31,V,25,4
0.271100,11.144800,1.645720,0.008677,0.008142,1.170130,49.482602,0.457426,-17.198149,0.740968,-18.051877,1.151979,-14.044653,1.560475,-5.904656,32,V,25,4
0.273850,14.068130,1.550280,0.007297,0.006796,1.301656,52.466653,0.457339,-17.167926,0.742308,-18.057411,1.154385,-14.120706,1.569085,-5.726784,33,V,25,4
0.273460,11.144800,1.623280,0.008797,0.007498,1.237870,51.067363,0.455182,-17.045117,0.736638,-17.966977,1.140132,-13.892716,1.543566,-5.956433,34,V,25,4
0.273390,11.144800,1.610820,0.008865,0.007522,1.152722,49.057979,0.454424,-17.065686,0.732798,-17.897504,1.135352,-13.926136,1.535128,-5.944496,35,V,25,4
0.273690,11.144800,1.621020,0.008810,0.007740,1.542384,57.042757,0.456092,-17.084300,0.735176,-17.906949,1.140493,-14.033939,1.548151,-5.834348,36,V,25,4
0.272760,11.144800,1.624960,0.008788,0.007106,1.288645,52.188220,0.453110,-17.098860,0.738277,-17.976901,1.143878,-14.159094,1.557234,-5.752741,37,V,25,4
0.271600,11.144800,1.634920,0.008735,0.008562,1.559974,57.338647,0.453875,-17.096038,0.737036,-17.989062,1.145259,-14.104537,1.559459,-5.836011,38,V,25,4
0.272490,8.817720,1.718320,0.010504,0.007473,1.204174,50.292240,0.454320,-16.957208,0.735016,-17.956170,1.140318,-14.148853,1.553337,-5.845726,39,V,25,4
0.272570,11.144800,1.607480,0.008884,0.008271,1.244237,51.210966,0.453673,-16.981060,0.730847,-17.877502,1.132672,-14.067900,1.543320,-5.978104,40,V,25,4
0.273670,11.144800,1.597340,0.008940,0.008548,1.562159,57.375073,0.452204,-16.951958,0.730792,-17.811688,1.128003,-14.034243,1.535310,-5.877759,41,V,25,4
0.272200,11.144800,1.602200,0.008913,0.008305,1.318841,52.829077,0.451624,-17.018377,0.729964,-17.826375,1.129615,-14.105646,1.542286,-5.826000,42,V,25,4
0.273000,11.144800,1.602820,0.008910,0.008292,1.259600,51.553833,0.452160,-16.879610,0.730901,-17.928968,1.130986,-14.141649,1.549294,-5.797378,43,V,25,4
0.273060,11.144800,1.601180,0.008919,0.008498,1.397401,54.411953,0.453010,-16.860280,0.729894,-17.857996,1.130794,-14.151403,1.545115,-5.857921,44,V,25,4
0.272950,11.144800,1.590800,0.008977,0.008683,1.143022,48.818166,0.452341,-16.913992,0.727749,-17.822285,1.125346,-14.189514,1.535470,-6.000830,45,V,25,4
0.274360,11.144800,1.561040,0.009148,0.007729,1.256285,51.480286,0.448605,-16.708183,0.720992,-17.667469,1.109470,-13.996807,1.513702,-5.831414,46,V,25,4
0.272300,11.144800,1.559400,0.009158,0.008436,1.245474,51.238778,0.449604,-16.710519,0.720546,-17.524784,1.107803,-14.039360,1.510591,-5.845226,47,V,25,4
0.272370,14.068130,1.478160,0.007654,0.008448,1.405367,54.565944,0.448524,-16.752246,0.722625,-17.643702,1.110684,-13.987792,1.516576,-5.880364,48,V,25,4
0.273060,11.144800,1.563640,0.009133,0.007887,1.268395,51.747835,0.449000,-16.721766,0.721742,-17.627079,1.110155,-14.063535,1.520408,-5.880067,49,V,25,4
0.273720,11.144800,1.560180,0.009153,0.007947,1.144865,48.863907,0.448008,-16.698257,0.720667,-17.576586,1.109515,-14.172948,1.513101,-6.017139,50,V,25,4
0.273260,11.144800,1.558980,0.009160,0.007679,1.546279,57.108695,0.448891,-16.726981,0.718365,-17.580815,1.107370,-14.041115,1.513405,-5.943546,51,V,25,4
0.272540,11.144800,1.558160,0.009165,0.007999,1.229723,50.882294,0.448141,-16.625380,0.717091,-17.540070,1.106640,-14.083659,1.512544,-6.094669,52,V,25,4
0.273670,8.817720,1.643560,0.010982,0.007658,1.263662,51.643629,0.448280,-16.621484,0.717839,-17.481892,1.102745,-14.046340,1.509236,-5.924649,53,V,25,4
0.272440,11.144800,1.556320,0.009176,0.008397,1.241471,51.148688,0.448413,-16.504898,0.718213,-17.603263,1.106413,-14.114356,1.517465,-6.045234,54,V,25,4
0.273190,8.817720,1.644920,0.010973,0.008202,1.257387,51.504759,0.447661,-16.590745,0.718059,-17.548391,1.104265,-14.159707,1.521478,-5.877627,55,V,25,4
0.274120,11.144800,1.552740,0.009197,0.007295,1.251101,51.364791,0.449317,-16.650526,0.717319,-17.516492,1.105858,-14.227274,1.522521,-5.885027,56,V,25,4
0.272950,11.144800,1.541900,0.009262,0.009246,1.132310,48.550662,0.447411,-16.546491,0.715834,-17.559212,1.101052,-14.236875,1.509241,-6.083812,57,V,25,4
0.271740,8.817720,1.638000,0.011019,0.009570,1.257222,51.501113,0.447873,-16.691147,0.714931,-17.516717,1.099295,-14.226061,1.514633,-5.921238,58,V,25,4
0.272960,11.144800,1.546860,0.009232,0.009038,1.145216,48.872617,0.446750,-16.593590,0.716441,-17.578142,1.103267,-14.287427,1.516706,-6.056300,59,V,25,4
0.273150,11.144800,1.551260,0.009206,0.008666,1.227792,50.838208,0.446931,-16.670226,0.716713,-17.630500,1.105085,-14.299126,1.527060,-6.087722,60,V,25,4
0.272380,8.817720,1.646700,0.010961,0.008548,1.279095,51.981600,0.446373,-16.612435,0.716406,-17.587035,1.103654,-14.371761,1.524378,-5.900922,61,V,25,4
0.274330,8.817720,1.642420,0.010990,0.007619,1.235640,51.016841,0.447597,-16.603150,0.717541,-17.551716,1.103934,-14.420875,1.528198,-5.868180,62,V,25,4
0.272740,8.817720,1.651060,0.010932,0.008503,1.269054,51.762301,0.447478,-16.577015,0.717471,-17.578839,1.107064,-14.379420,1.535354,-5.981954,63,V,25,4
0.274030,11.144800,1.544480,0.009246,0.008670,1.225213,50.779200,0.446836,-16.559092,0.715128,-17.538857,1.102943,-14.366925,1.526610,-6.094266,64,V,25,4
0.272100,8.817720,1.662560,0.010856,0.009573,1.229101,50.868099,0.448700,-16.494019,0.720144,-17.669257,1.112381,-14.589402,1.547394,-5.855799,65,V,25,4
0.274460,8.817720,1.674620,0.010778,0.007921,1.249690,51.333258,0.449301,-16.626516,0.722255,-17.648383,1.122125,-14.663753,1.570049,-6.014702,66,V,25,4
0.273030,8.817720,1.678380,0.010754,0.008136,1.229051,50.866960,0.449078,-16.723392,0.724383,-17.798500,1.121691,-14.757106,1.571046,-5.821441,67,V,25,4
0.273610,8.817720,1.666520,0.010831,0.009331,1.131060,48.519254,0.447438,-16.593991,0.719771,-17.729866,1.116085,-14.675489,1.556763,-6.039693,68,V,25,4
0.272510,11.144800,1.541900,0.009262,0.009090,1.501804,56.341706,0.446849,-16.402365,0.713593,-17.487623,1.100386,-14.471475,1.525595,-5.996692,69,V,25,4
0.273870,8.817720,1.642740,0.010987,0.009117,1.272879,51.846099,0.446736,-16.496748,0.715296,-17.591296,1.104843,-14.618390,1.535808,-5.922429,70,V,25,4
0.272760,8.817720,1.671400,0.010799,0.010248,1.247369,51.281289,0.448438,-16.644345,0.722344,-17.705655,1.118917,-14.749533,1.574641,-5.861672,71,V,25,4
0.273110,8.817720,1.678580,0.010753,0.008718,1.358876,53.650563,0.449450,-16.645113,0.723405,-17.715291,1.122596,-14.871311,1.578858,-5.865180,72,V,25,4
0.273720,8.817720,1.680620,0.010740,0.008593,1.169624,49.470369,0.448600,-16.826860,0.723997,-17.744033,1.124432,-14.889374,1.582927,-6.038383,73,V,25,4
0.275430,6.975450,1.757040,0.012986,0.008279,1.494974,56.221124,0.446844,-16.431546,0.716407,-17.547026,1.109953,-14.694344,1.553972,-5.917517,74,V,25,4
0.275050,8.817720,1.621980,0.011128,0.008562,1.262950,51.627931,0.445931,-16.319801,0.710668,-17.533221,1.095502,-14.563550,1.531531,-5.960303,75,V,25,4
0.273640,8.817720,1.625140,0.011106,0.009203,1.276019,51.914646,0.445260,-16.490798,0.711189,-17.486226,1.095791,-14.643376,1.527798,-5.947167,76,V,25,4
0.273890,8.817720,1.653300,0.010917,0.008622,1.218366,50.621830,0.447683,-16.487551,0.716985,-17.656442,1.109891,-14.902613,1.560690,-5.922087,77,V,25,4
0.274350,8.817720,1.665900,0.010835,0.008006,1.336765,53.200772,0.447978,-16.508179,0.718931,-17.672908,1.117170,-14.972292,1.571760,-5.898350,78,V,25,4
0.275280,8.817720,1.660620,0.010869,0.008629,1.220023,50.660023,0.447721,-16.465478,0.719093,-17.710419,1.115383,-15.038437,1.575578,-5.827589,79,V,25,4
0.273920,8.817720,1.631820,0.011061,0.009184,1.228640,50.857583,0.445811,-16.418622,0.712006,-17.576491,1.099765,-14.818510,1.544926,-5.879929,80,V,25,4
0.274810,8.817720,1.626620,0.011096,0.008732,1.136750,48.661887,0.444902,-16.260304,0.709811,-17.494891,1.096850,-14.735711,1.533289,-6.085859,81,V,25,4
0.346300,35.931340,0.783560,0.005653,0.012969,1.164997,49.358156,0.469627,-10.640899,0.646761,-12.702908,0.895745,-7.985936,1.051097,-6.606148,1,V,25,5
0.363170,28.409090,0.853020,0.006568,0.012447,1.212458,50.485184,0.488893,-10.452596,0.665548,-12.334140,0.919383,-7.986728,1.078913,-6.492194,2,V,25,5
0.372890,28.409090,0.855660,0.006547,0.010890,1.147913,48.939365,0.496674,-10.377961,0.676313,-12.261253,0.932956,-7.974189,1.091808,-6.473952,3,V,25,5
0.375240,28.409090,0.861740,0.006501,0.012018,1.224518,50.763270,0.501091,-10.253555,0.681322,-12.230660,0.938184,-7.966548,1.102003,-6.412189,4,V,25,5
0.376430,28.409090,0.867160,0.006460,0.011979,1.236358,51.033130,0.502478,-10.233809,0.683132,-12.177679,0.941906,-7.959549,1.106699,-6.240121,5,V,25,5
0.377890,28.409090,0.867820,0.006456,0.010780,1.152435,49.050901,0.504150,-10.260346,0.686033,-12.298049,0.946208,-8.042133,1.110851,-6.454196,6,V,25,5
0.377730,28.409090,0.872840,0.006418,0.011719,1.129736,48.485959,0.502593,-10.339027,0.685109,-12.282611,0.948991,-8.152609,1.111867,-6.450519,7,V,25,5
0.377150,28.409090,0.870060,0.006439,0.011931,1.156883,49.160147,0.503644,-10.328545,0.684057,-12.267478,0.947483,-8.121163,1.112593,-6.459192,8,V,25,5
0.379340,28.409090,0.867080,0.006461,0.011091,1.186546,49.876403,0.504486,-10.265593,0.686597,-12.326866,0.948897,-8.137061,1.114105,-6.455226,9,V,25,5
0.378980,28.409090,0.861760,0.006501,0.012688,1.213831,50.516999,0.505565,-9.937394,0.684546,-12.165081,0.943007,-8.021835,1.105619,-6.250043,10,V,25,5
0.383800,28.409090,0.856180,0.006543,0.010303,1.190930,49.980492,0.508205,-10.069296,0.687093,-12.107426,0.946892,-8.020982,1.111068,-6.439146,11,V,25,5
0.384870,28.409090,0.867460,0.006458,0.011075,1.201376,50.226729,0.510518,-10.154963,0.691659,-12.228682,0.956868,-8.174890,1.124470,-6.399497,12,V,25,5
0.386000,35.931340,0.806080,0.005495,0.011189,1.209334,50.412596,0.511512,-10.183153,0.694238,-12.141994,0.957657,-8.262169,1.124123,-6.194235,13,V,25,5
0.385840,28.409090,0.871300,0.006430,0.011783,1.203304,50.271883,0.512301,-10.110441,0.694047,-12.128105,0.959040,-8.202343,1.128185,-6.192121,14,V,25,5
0.385930,28.409090,0.863120,0.006491,0.011854,1.200494,50.206024,0.511018,-9.953542,0.689326,-12.094328,0.952193,-8.166427,1.114385,-6.287057,15,V,25,5
0.385640,28.409090,0.861460,0.006503,0.012190,1.116125,48.141014,0.510480,-9.899380,0.689139,-11.969670,0.950885,-8.105699,1.114177,-6.455489,16,V,25,5
0.386280,28.409090,0.859160,0.006521,0.012234,1.122437,48.301557,0.511001,-9.931804,0.689939,-12.060931,0.951598,-8.095286,1.115598,-6.468432,17,V,25,5
0.392840,28.409090,0.870280,0.006437,0.009763,1.137262,48.674686,0.518782,-9.983808,0.699966,-12.038174,0.966239,-8.236582,1.132741,-6.279584,18,V,25,5
0.391920,22.482020,0.931440,0.007600,0.010021,1.482953,56.007014,0.516816,-10.047660,0.698779,-12.139672,0.965868,-8.265454,1.135831,-6.256571,19,V,25,5
0.394150,28.409090,0.869960,0.006440,0.009870,1.461566,55.620158,0.519865,-9.946746,0.701750,-12.061608,0.971034,-8.266106,1.140079,-6.271087,20,V,25,5
0.397530,28.409090,0.857500,0.006533,0.009149,1.199900,50.192076,0.521621,-9.863931,0.699010,-11.903254,0.964460,-8.105651,1.131218,-6.179064,21,V,25,5
0.398870,28.409090,0.857940,0.006530,0.009543,1.106605,47.896992,0.522321,-9.736402,0.701009,-11.818311,0.965787,-8.138791,1.131400,-6.389780,22,V,25,5
0.398970,28.409090,0.855100,0.006552,0.010221,1.224160,50.755081,0.523118,-9.788838,0.701046,-11.926866,0.965366,-8.113733,1.135852,-6.212407,23,V,25,5
0.400980,28.409090,0.865300,0.006474,0.009728,1.180438,49.730619,0.524109,-9.797586,0.705432,-11.980592,0.975767,-8.311441,1.148446,-6.357249,24,V,25,5
0.400020,22.482020,0.930940,0.007604,0.009972,1.113304,48.068961,0.524704,-9.752913,0.704684,-11.967297,0.975328,-8.329941,1.145131,-6.300842,25,V,25,5
0.398340,28.409090,0.867260,0.006460,0.011217,1.222008,50.705661,0.524000,-9.790595,0.703146,-11.899149,0.973898,-8.339078,1.148547,-6.280905,26,V,25,5
0.400860,28.409090,0.850460,0.006587,0.009328,1.404180,54.543069,0.523104,-9.612943,0.699756,-11.897259,0.965209,-8.178988,1.133497,-6.242139,27,V,25,5
0.399440,28.409090,0.855160,0.006551,0.009856,1.485505,56.052666,0.522711,-9.624798,0.700405,-11.863118,0.967679,-8.234307,1.135324,-6.290446,28,V,25,5
0.400280,28.409090,0.850640,0.006586,0.009938,1.296507,52.356892,0.523690,-9.798966,0.699816,-11.827316,0.967977,-8.243978,1.135893,-6.212119,29,V,25,5
0.403850,28.409090,0.858000,0.006529,0.010195,1.282909,52.064352,0.526815,-9.716633,0.706135,-11.854182,0.978573,-8.342076,1.150405,-6.194752,30,V,25,5
0.404370,28.409090,0.862760,0.006493,0.010721,1.207108,50.360754,0.528747,-9.603403,0.707893,-11.927398,0.980282,-8.373068,1.154938,-6.116978,31,V,25,5
0.407050,28.409090,0.856260,0.006543,0.009696,1.189853,49.954960,0.528513,-9.567943,0.709513,-11.753098,0.981631,-8.425147,1.156608,-6.338362,32,V,25,5
0.408130,22.482020,0.921700,0.007681,0.010247,1.148937,48.964680,0.530918,-9.432272,0.710410,-11.864465,0.982371,-8.425654,1.154537,-6.226058,33,V,25,5
0.407520,22.482020,0.924260,0.007659,0.010081,1.171695,49.520425,0.529881,-9.589340,0.709895,-11.910374,0.983350,-8.416137,1.159029,-6.379396,34,V,25,5
0.407010,22.482020,0.925340,0.007650,0.011304,1.146468,48.903618,0.530520,-9.521122,0.710440,-11.847135,0.984011,-8.425666,1.158188,-6.362940,35,V,25,5
0.407600,28.409090,0.859480,0.006518,0.010567,1.158022,49.188039,0.529902,-9.541092,0.709508,-11.820392,0.982899,-8.489818,1.158602,-6.364726,36,V,25,5
0.408040,22.482020,0.924220,0.007660,0.010129,1.193651,50.044878,0.531006,-9.621595,0.709578,-11.796387,0.984561,-8.500009,1.161407,-6.343599,37,V,25,5
0.407620,22.482020,0.924720,0.007656,0.010812,1.120639,48.255939,0.531185,-9.562656,0.709475,-11.855885,0.985055,-8.510516,1.160101,-6.351192,38,V,25,5
0.409510,22.482020,0.919280,0.007701,0.009037,1.173622,49.566916,0.530762,-9.511710,0.709376,-11.780701,0.984211,-8.457576,1.160333,-6.346039,39,V,25,5
0.409220,22.482020,0.916100,0.007728,0.009732,1.223885,50.748772,0.530819,-9.438236,0.708449,-11.887867,0.982388,-8.524959,1.160289,-6.207247,40,V,25,5
0.409900,28.409090,0.853100,0.006567,0.009807,1.281713,52.038444,0.531606,-9.582634,0.709273,-11.863939,0.983263,-8.594193,1.158502,-6.179941,41,V,25,5
0.410160,28.409090,0.853640,0.006563,0.009752,1.198261,50.153564,0.531591,-9.420861,0.710706,-11.877049,0.985839,-8.580744,1.163594,-6.315858,42,V,25,5
0.411420,22.482020,0.918880,0.007704,0.009476,1.506437,56.423085,0.533026,-9.534072,0.710648,-11.788393,0.986194,-8.611444,1.163417,-6.233213,43,V,25,5
0.410300,22.482020,0.909700,0.007782,0.011069,1.180556,49.733453,0.531586,-9.316377,0.707523,-11.702644,0.980079,-8.510370,1.155167,-6.374467,44,V,25,5
0.411820,28.409090,0.842240,0.006652,0.010361,1.087356,47.396441,0.532393,-9.272581,0.707749,-11.598180,0.976497,-8.479539,1.146925,-6.354326,45,V,25,5
0.412860,22.482020,0.903140,0.007838,0.010209,1.201611,50.232238,0.533713,-9.287282,0.707342,-11.593439,0.977017,-8.429914,1.152004,-6.337216,46,V,25,5
0.414940,22.482020,0.914120,0.007744,0.009633,1.134994,48.617958,0.535140,-9.487744,0.712326,-11.676247,0.989870,-8.636868,1.166744,-6.364084,47,V,25,5
0.414290,28.409090,0.851780,0.006577,0.010373,1.191543,49.995023,0.536148,-9.461455,0.712386,-11.744503,0.989156,-8.663993,1.168405,-6.099306,48,V,25,5
0.415380,28.409090,0.847560,0.006610,0.009452,1.205131,50.314614,0.535970,-9.240754,0.713436,-11.644123,0.990162,-8.679115,1.171128,-6.287797,49,V,25,5
0.415640,22.482020,0.906720,0.007807,0.009209,1.124106,48.343840,0.536029,-9.140831,0.710166,-11.584322,0.982972,-8.563299,1.158224,-6.378716,50,V,25,5
0.414630,22.482020,0.905080,0.007822,0.010294,1.212435,50.484658,0.535433,-9.284312,0.710254,-11.645553,0.982191,-8.541219,1.160512,-6.226910,51,V,25,5
0.414330,22.482020,0.907080,0.007804,0.011606,1.418802,54.823050,0.535875,-9.204411,0.709890,-11.599061,0.982852,-8.549196,1.158858,-6.199047,52,V,25,5
0.418140,22.482020,0.912380,0.007759,0.009843,1.200567,50.207747,0.538581,-9.277443,0.714547,-11.668421,0.992876,-8.716203,1.173087,-6.104706,53,V,25,5
0.418220,22.482020,0.911520,0.007766,0.010407,1.108733,47.951750,0.538466,-9.194232,0.715923,-11.608047,0.994403,-8.756728,1.174301,-6.336973,54,V,25,5
0.419020,22.482020,0.914140,0.007744,0.009601,1.286056,52.132389,0.541211,-9.299711,0.717265,-11.616820,0.994733,-8.792761,1.173620,-6.161936,55,V,25,5
0.419870,28.409090,0.833000,0.006725,0.011125,1.095774,47.616527,0.539167,-9.081433,0.712662,-11.537173,0.985805,-8.586580,1.160834,-6.360008,56,V,25,5
0.420470,22.482020,0.895960,0.007901,0.010320,1.156907,49.160727,0.539551,-9.152758,0.712192,-11.467126,0.985717,-8.610566,1.163906,-6.376181,57,V,25,5
0.420570,22.482020,0.897660,0.007886,0.010037,1.198847,50.167333,0.540742,-9.199686,0.713700,-11.476581,0.987546,-8.622023,1.163105,-6.177357,58,V,25,5
0.420670,22.482020,0.907960,0.007797,0.010897,1.189578,49.948433,0.541666,-9.185814,0.716591,-11.489906,0.996767,-8.845520,1.180214,-6.286786,59,V,25,5
0.421240,22.482020,0.910860,0.007772,0.010428,1.494048,56.204716,0.543387,-9.203847,0.717724,-11.554429,0.999015,-8.819079,1.180320,-6.207386,60,V,25,5
0.422160,22.482020,0.908380,0.007793,0.009270,1.142856,48.814035,0.543119,-9.187769,0.717948,-11.563318,0.998322,-8.802885,1.182389,-6.340951,61,V,25,5
0.422390,22.482020,0.897100,0.007891,0.009419,1.088437,47.424789,0.539898,-8.994588,0.713428,-11.410242,0.988978,-8.710635,1.166705,-6.345716,62,V,25,5
0.421290,22.482020,0.898740,0.007877,0.010741,1.196111,50.102938,0.541617,-9.088141,0.714556,-11.467263,0.990450,-8.665953,1.171637,-6.297683,63,V,25,5
0.422280,22.482020,0.897420,0.007888,0.010295,1.203223,50.269989,0.541587,-9.034300,0.713443,-11.434527,0.989464,-8.684897,1.172284,-6.250261,64,V,25,5
0.422970,22.482020,0.906860,0.007806,0.010445,1.202183,50.245646,0.543489,-9.156222,0.717505,-11.562480,0.997237,-8.832519,1.181937,-6.293091,65,V,25,5
0.422210,22.482020,0.904560,0.007826,0.010738,1.106760,47.900973,0.542497,-9.160311,0.717564,-11.505054,0.996767,-8.934827,1.180504,-6.346772,66,V,25,5
0.424160,22.482020,0.904120,0.007830,0.009727,1.192139,50.009112,0.542873,-9.123050,0.718596,-11.495105,0.999397,-8.941320,1.185380,-6.103992,67,V,25,5
0.422430,22.482020,0.899540,0.007870,0.010736,1.161178,49.265145,0.542446,-8.944138,0.714462,-11.491548,0.990532,-8.733269,1.172882,-6.361354,68,V,25,5
0.424660,22.482020,0.895460,0.007906,0.009973,1.163495,49.321611,0.542838,-9.023022,0.714436,-11.470299,0.993853,-8.812355,1.176109,-6.339529,69,V,25,5
0.422820,22.482020,0.895460,0.007906,0.010840,1.107892,47.930115,0.542729,-8.933697,0.714529,-11.468323,0.990980,-8.814173,1.171580,-6.371754,70,V,25,5
0.425110,22.482020,0.902680,0.007842,0.009922,1.187835,49.907051,0.545407,-9.013621,0.717595,-11.565560,1.001178,-8.932430,1.189810,-6.266317,71,V,25,5
0.423800,22.482020,0.904560,0.007826,0.010457,1.082204,47.260824,0.545365,-9.052736,0.717178,-11.441533,1.000407,-9.060074,1.183606,-6.298146,72,V,25,5
0.425200,22.482020,0.900640,0.007860,0.010376,1.389017,54.248609,0.543535,-8.970274,0.716818,-11.414183,0.998379,-9.004883,1.183033,-6.181459,73,V,25,5
0.425150,22.482020,0.900040,0.007865,0.010005,1.189609,49.949172,0.546044,-9.031740,0.718896,-11.478765,1.001212,-9.051637,1.189593,-6.078079,74,V,25,5
0.424180,22.482020,0.899500,0.007870,0.011478,1.205285,50.318205,0.544624,-9.033948,0.716703,-11.494393,0.997629,-9.000222,1.186540,-6.225781,75,V,25,5
0.426420,22.482020,0.898280,0.007881,0.010325,1.175732,49.617708,0.545057,-8.991695,0.717066,-11.469038,0.998959,-9.018023,1.188387,-6.298349,76,V,25,5
0.425030,22.482020,0.899620,0.007869,0.010505,1.099181,47.705058,0.544622,-8.994667,0.717368,-11.444481,1.000364,-9.054666,1.187566,-6.347391,77,V,25,5
0.426110,22.482020,0.900380,0.007862,0.011009,1.191762,50.000210,0.545802,-9.038775,0.717753,-11.557542,1.000758,-9.148219,1.190017,-6.093184,78,V,25,5
0.425080,22.482020,0.899160,0.007873,0.010392,1.200443,50.204830,0.544587,-9.097788,0.717199,-11.455370,1.001268,-9.110988,1.193396,-6.266888,79,V,25,5
0.425550,17.796130,0.967840,0.009240,0.009951,1.083016,47.282251,0.545590,-9.063758,0.716376,-11.513295,1.002313,-9.196372,1.189156,-6.362868,80,V,25,5
0.426350,22.482020,0.896280,0.007898,0.009572,1.167227,49.412290,0.546017,-9.031797,0.715808,-11.422854,0.999542,-9.150062,1.189561,-6.312357,81,V,25,5
0.426430,22.482020,0.893240,0.007925,0.010422,1.148261,48.947984,0.544954,-8.929968,0.717227,-11.421821,1.000039,-9.168560,1.190230,-6.341967,82,V,25,5
0.426500,22.482020,0.893240,0.007925,0.010210,1.180805,49.739414,0.546114,-8.968719,0.718389,-11.425505,1.002715,-9.187675,1.192278,-6.092853,83,V,25,5
0.425920,22.482020,0.897420,0.007888,0.009905,1.106504,47.894387,0.546920,-8.884422,0.717739,-11.413929,1.002856,-9.278386,1.193684,-6.361944,84,V,25,5
0.425710,22.482020,0.899720,0.007868,0.010359,1.075661,47.087599,0.547032,-8.889572,0.717493,-11.488900,1.004076,-9.234981,1.192621,-6.316344,85,V,25,5
0.425930,22.482020,0.888140,0.007971,0.011385,1.168969,49.454520,0.546277,-8.927666,0.714330,-11.310243,0.994747,-9.032578,1.184511,-6.314356,86,V,25,5
0.428200,22.482020,0.883420,0.008013,0.010852,1.121372,48.274556,0.545874,-8.943151,0.715133,-11.298579,0.994947,-9.142091,1.179448,-6.241879,87,V,25,5
0.428600,22.482020,0.882880,0.008018,0.010102,1.180929,49.742379,0.545955,-8.803793,0.714613,-11.348071,0.996034,-9.159120,1.186189,-6.257811,88,V,25,5
0.427680,22.482020,0.896640,0.007895,0.010511,1.126099,48.394238,0.547729,-8.959713,0.718678,-11.388634,1.004419,-9.320067,1.197959,-6.337174,89,V,25,5
0.428090,22.482020,0.895560,0.007905,0.010721,1.078645,47.166734,0.547853,-8.907236,0.718210,-11.357462,1.004702,-9.306360,1.196311,-6.340441,90,V,25,5
0.427230,22.482020,0.897520,0.007888,0.010830,1.153818,49.084929,0.547746,-8.827276,0.719396,-11.417877,1.005145,-9.383200,1.200066,-6.301802,91,V,25,5
0.429400,22.482020,0.883140,0.008016,0.009960,1.123896,48.338527,0.547220,-8.765527,0.716522,-11.252715,0.998470,-9.175392,1.186616,-6.356126,92,V,25,5
0.428520,22.482020,0.882620,0.008021,0.011290,1.112856,48.057487,0.546445,-8.775642,0.714646,-11.187283,0.995941,-9.154052,1.185021,-6.388657,93,V,25,5
0.428730,22.482020,0.879880,0.008046,0.010581,1.175530,49.612839,0.546075,-8.713808,0.714014,-11.210043,0.995170,-9.239063,1.185475,-6.138407,94,V,25,5
0.429960,22.482020,0.887440,0.007977,0.011359,1.191618,49.996790,0.547220,-8.838165,0.717763,-11.292823,1.001836,-9.335310,1.193993,-6.110772,95,V,25,5
0.430210,22.482020,0.888520,0.007967,0.009993,1.170719,49.496839,0.547834,-8.929818,0.719076,-11.328276,1.005189,-9.382437,1.199880,-6.101245,96,V,25,5
0.429190,22.482020,0.889320,0.007960,0.010825,1.088221,47.419147,0.549404,-8.798494,0.717971,-11.302338,1.005228,-9.370701,1.199116,-6.359935,97,V,25,5
0.431400,22.482020,0.886460,0.007986,0.009752,1.073581,47.032290,0.549207,-8.837464,0.718900,-11.286908,1.005847,-9.367197,1.197511,-6.355126,98,V,25,5
0.430460,22.482020,0.880180,0.008043,0.010541,1.057026,46.587980,0.549330,-8.668605,0.716188,-11.212090,0.999436,-9.312521,1.188150,-6.388105,99,V,25,5
0.432950,22.482020,0.875740,0.008084,0.010797,1.168759,49.449424,0.548538,-8.566928,0.716441,-11.207979,0.998631,-9.253132,1.189819,-6.107303,100,V,25,5
0.430540,22.482020,0.883600,0.008012,0.011750,1.060846,46.691142,0.549907,-8.712623,0.716537,-11.303348,1.001702,-9.354302,1.190549,-6.335308,101,V,25,5
0.432640,17.796130,0.955220,0.009362,0.009741,1.180763,49.738410,0.550910,-8.765762,0.719574,-11.264010,1.007452,-9.461523,1.205210,-6.242789,102,V,25,5
0.432610,17.796130,0.960320,0.009313,0.010168,1.159506,49.224321,0.552134,-8.740332,0.720018,-11.263951,1.008346,-9.531411,1.205731,-6.065084,103,V,25,5
0.433060,17.796130,0.960240,0.009314,0.010402,1.092129,47.521460,0.551817,-8.773885,0.722777,-11.311865,1.011513,-9.506983,1.208092,-6.343041,104,V,25,5
0.432530,17.796130,0.945840,0.009455,0.011188,1.077984,47.149213,0.551764,-8.437792,0.716129,-11.162924,1.000084,-9.281844,1.190455,-6.397593,105,V,25,5
0.434140,17.796130,0.948520,0.009429,0.010058,1.173832,49.571973,0.552307,-8.587435,0.718684,-11.172981,1.004531,-9.393968,1.200980,-6.276060,106,V,25,5
0.433780,22.482020,0.876760,0.008074,0.010513,1.162473,49.296726,0.551683,-8.679223,0.717802,-11.154750,1.004067,-9.383444,1.196955,-6.067738,107,V,25,5
0.434500,17.796130,0.957020,0.009345,0.011451,1.065920,46.827604,0.554009,-8.704889,0.721524,-11.178435,1.009506,-9.565677,1.206881,-6.345836,108,V,25,5
0.436080,17.796130,0.960180,0.009314,0.011081,1.373608,53.945021,0.554930,-8.646257,0.725218,-11.175892,1.015351,-9.563619,1.212156,-6.172044,109,V,25,5
0.437980,17.796130,0.953040,0.009384,0.010316,1.121807,48.285585,0.557353,-8.596336,0.724258,-11.117100,1.013291,-9.603830,1.214538,-6.298172,110,V,25,5
0.438990,17.796130,0.941440,0.009500,0.008931,1.064917,46.800666,0.554645,-8.573190,0.721338,-11.088293,1.007353,-9.439847,1.200445,-6.344771,111,V,25,5
0.439040,17.796130,0.941460,0.009499,0.009516,1.327845,53.016608,0.556086,-8.565383,0.720261,-11.180018,1.004548,-9.372633,1.198906,-6.154321,112,V,25,5
0.437550,22.482020,0.874340,0.008097,0.010663,1.087091,47.389480,0.554049,-8.589354,0.720685,-11.106243,1.006691,-9.436033,1.202649,-6.336202,113,V,25,5
0.437600,22.482020,0.880960,0.008036,0.010602,1.040224,46.129469,0.556167,-8.591110,0.723843,-11.174134,1.013592,-9.594595,1.210958,-6.298124,114,V,25,5
0.440360,17.796130,0.952020,0.009394,0.009648,1.142102,48.795300,0.557869,-8.582749,0.724561,-11.164139,1.016720,-9.632307,1.214927,-6.176105,115,V,25,5
0.441220,17.796130,0.948760,0.009426,0.009206,1.163028,49.310246,0.558349,-8.504959,0.724318,-11.127569,1.014187,-9.631875,1.219181,-6.126366,116,V,25,5
0.440380,17.796130,0.953140,0.009383,0.010435,1.082095,47.257953,0.558540,-8.549386,0.725380,-11.176101,1.017587,-9.725926,1.219460,-6.334887,117,V,25,5
0.439810,17.796130,0.954360,0.009371,0.010988,1.157195,49.167771,0.559227,-8.570326,0.726035,-11.131799,1.016552,-9.694893,1.220079,-6.091775,118,V,25,5
0.439560,17.796130,0.957900,0.009336,0.011386,1.110277,47.991390,0.559740,-8.549039,0.726310,-11.148918,1.018524,-9.717397,1.222406,-6.312788,119,V,25,5
0.441200,17.796130,0.950360,0.009410,0.010282,1.108225,47.938676,0.557187,-8.559900,0.726478,-11.104414,1.017155,-9.678051,1.220688,-6.321599,120,V,25,5
0.441650,17.796130,0.953300,0.009381,0.010508,1.068053,46.884747,0.558419,-8.527423,0.727018,-11.101620,1.019115,-9.762744,1.222224,-6.346785,121,V,25,5
0.439790,17.796130,0.954680,0.009368,0.011671,1.151261,49.022000,0.559711,-8.520476,0.726029,-11.108384,1.016914,-9.749118,1.221869,-6.069192,122,V,25,5
0.441140,17.796130,0.947320,0.009441,0.010404,1.090460,47.477805,0.559115,-8.538641,0.724964,-11.020823,1.015798,-9.739176,1.220002,-6.323948,123,V,25,5
0.440800,17.796130,0.949760,0.009416,0.011308,1.352803,53.527958,0.559103,-8.566246,0.725855,-11.047729,1.016449,-9.710301,1.219980,-6.130577,124,V,25,5
0.440390,22.482020,0.881420,0.008032,0.011301,1.158123,49.190492,0.559947,-8.511839,0.726251,-11.077024,1.018303,-9.743903,1.225797,-6.238295,125,V,25,5
0.441040,17.796130,0.951120,0.009403,0.010958,1.143469,48.829279,0.558206,-8.453107,0.725935,-11.107515,1.018006,-9.790313,1.226058,-6.258976,126,V,25,5
0.440750,17.796130,0.952360,0.009391,0.010412,1.442086,55.261023,0.558562,-8.512452,0.725712,-11.192929,1.019094,-9.822312,1.222613,-6.193197,127,V,25,5
0.441320,17.796130,0.950100,0.009413,0.010098,1.044630,46.250439,0.558988,-8.428952,0.725597,-11.092229,1.019004,-9.907903,1.223492,-6.331850,128,V,25,5
0.441020,17.796130,0.940760,0.009506,0.009985,1.120355,48.248730,0.558043,-8.407061,0.722056,-11.005587,1.010431,-9.723306,1.214178,-6.312519,129,V,25,5
0.440500,17.796130,0.938800,0.009526,0.011587,1.035789,46.007165,0.557993,-8.538373,0.721097,-11.054932,1.009222,-9.700523,1.208370,-6.370384,130,V,25,5
0.440410,17.796130,0.940280,0.009511,0.011137,1.051912,46.449238,0.557180,-8.537990,0.721731,-10.973337,1.009494,-9.722538,1.209716,-6.374855,131,V,25,5
0.441510,17.796130,0.947920,0.009435,0.010236,1.083104,47.284558,0.559156,-8.479146,0.724849,-11.152709,1.017759,-9.910068,1.226077,-6.335126,132,V,25,5
0.442100,17.796130,0.941860,0.009495,0.009801,1.087887,47.410378,0.558525,-8.458707,0.725186,-11.116053,1.016195,-9.883165,1.223881,-6.347792,133,V,25,5
0.441370,17.796130,0.946800,0.009446,0.010810,1.051518,46.438514,0.559842,-8.473111,0.724909,-11.084519,1.017805,-9.953830,1.224642,-6.348044,134,V,25,5
0.443930,17.796130,0.936620,0.009548,0.010504,1.052215,46.457483,0.559368,-8.383388,0.723413,-10.950082,1.012802,-9.838686,1.213722,-6.301603,135,V,25,5
0.443020,17.796130,0.932520,0.009590,0.009929,1.458914,55.571643,0.559172,-8.265632,0.720733,-11.023987,1.008914,-9.760746,1.210504,-6.208500,136,V,25,5
0.442210,17.796130,0.934300,0.009572,0.011092,1.212286,50.481186,0.559052,-8.255045,0.721483,-10.856942,1.009719,-9.787154,1.210655,-6.180427,137,V,25,5
0.443500,17.796130,0.938680,0.009527,0.009775,1.133035,48.568859,0.559773,-8.392791,0.723650,-10.979672,1.015195,-9.914764,1.224597,-6.098176,138,V,25,5
0.443060,17.796130,0.940260,0.009511,0.010901,1.027118,45.766422,0.561038,-8.320285,0.723794,-10.961467,1.016692,-9.994829,1.223016,-6.338591,139,V,25,5
0.443150,17.796130,0.944040,0.009473,0.010643,1.140360,48.751968,0.559696,-8.387035,0.725131,-11.011130,1.018060,-10.015064,1.231549,-6.212349,140,V,25,5
0.444000,17.796130,0.936680,0.009548,0.009719,1.137879,48.690097,0.561341,-8.479821,0.724632,-10.982896,1.016905,-9.999024,1.226801,-6.123816,141,V,25,5
0.442820,17.796130,0.934900,0.009566,0.011286,1.041540,46.165657,0.559856,-8.234566,0.722224,-10.956386,1.011876,-9.903370,1.216468,-6.391499,142,V,25,5
0.444670,17.796130,0.930420,0.009612,0.010358,1.139600,48.733029,0.560685,-8.312254,0.721953,-10.871167,1.009653,-9.832283,1.216848,-6.123569,143,V,25,5
0.444210,17.796130,0.928920,0.009628,0.010907,1.127422,48.427637,0.561207,-8.287012,0.721903,-10.832924,1.011106,-9.889384,1.218986,-6.289899,144,V,25,5
0.444160,17.796130,0.942240,0.009491,0.011083,1.120715,48.257876,0.560978,-8.271226,0.726798,-11.030432,1.021023,-10.152414,1.228970,-6.200293,145,V,25,5
0.445340,17.796130,0.939940,0.009515,0.009745,1.141050,48.769146,0.563060,-8.353278,0.726352,-11.018778,1.020018,-10.091438,1.234718,-6.142234,146,V,25,5
0.444620,17.796130,0.942580,0.009488,0.011413,1.103285,47.811343,0.563315,-8.221320,0.727301,-10.915813,1.021613,-10.099593,1.236478,-6.312612,147,V,25,5
0.446730,17.796130,0.926300,0.009655,0.010185,1.138380,48.702581,0.560828,-8.272827,0.722312,-10.854858,1.011566,-9.906703,1.214728,-6.213903,148,V,25,5
0.446860,17.796130,0.928340,0.009634,0.010060,1.135902,48.640687,0.563179,-8.350966,0.724191,-10.840894,1.013296,-9.935298,1.224115,-6.204818,149,V,25,5
0.447770,17.796130,0.921240,0.009708,0.009918,1.044158,46.237501,0.562166,-8.108106,0.721045,-10.769667,1.011382,-9.887188,1.213216,-6.407141,150,V,25,5
0.447850,17.796130,0.936360,0.009551,0.010305,1.281233,52.028023,0.565303,-8.279320,0.726362,-10.918290,1.022381,-10.181152,1.234565,-6.156700,151,V,25,5
0.446460,17.796130,0.940760,0.009506,0.011304,1.077800,47.144342,0.564275,-8.304205,0.726751,-10.897254,1.022649,-10.195265,1.235573,-6.378907,152,V,25,5
0.447890,17.796130,0.939560,0.009519,0.010757,1.082076,47.257436,0.564451,-8.266324,0.726735,-10.959665,1.024005,-10.200769,1.239545,-6.352224,153,V,25,5
0.447610,17.796130,0.920880,0.009712,0.010025,1.102934,47.802255,0.561605,-8.041761,0.721852,-10.787619,1.011238,-9.937011,1.220002,-6.340961,154,V,25,5
0.447540,17.796130,0.925780,0.009660,0.011488,1.136899,48.665612,0.564206,-8.197871,0.723851,-10.789849,1.014128,-9.935899,1.225541,-6.235793,155,V,25,5
0.449240,17.796130,0.921920,0.009701,0.010569,1.104790,47.850207,0.564650,-8.283572,0.723908,-10.800604,1.015257,-9.984092,1.225172,-6.352504,156,V,25,5
0.449590,17.796130,0.932220,0.009593,0.009884,1.076431,47.108046,0.566099,-8.163030,0.727676,-10.921157,1.022422,-10.282634,1.232386,-6.299400,157,V,25,5
0.449490,17.796130,0.934820,0.009567,0.009648,1.137593,48.682942,0.564654,-8.205103,0.726738,-10.895048,1.022189,-10.242341,1.240721,-6.102231,158,V,25,5
0.448430,17.796130,0.931660,0.009599,0.010818,1.220164,50.663256,0.564584,-8.063730,0.726517,-10.791736,1.020109,-10.172533,1.231986,-6.154216,159,V,25,5
0.448050,17.796130,0.931420,0.009602,0.010881,1.134681,48.610104,0.563492,-8.224956,0.725511,-10.869664,1.018437,-10.161639,1.234146,-6.130111,160,V,25,5
0.448410,17.796130,0.909580,0.009832,0.010952,1.103003,47.804058,0.562668,-7.993705,0.717840,-10.683957,1.004910,-9.885112,1.211870,-6.386096,161,V,25,5
0.449020,17.796130,0.911960,0.009807,0.010721,1.120976,48.264504,0.563069,-8.097847,0.720720,-10.684078,1.008866,-9.985943,1.217635,-6.338074,162,V,25,5
0.450250,17.796130,0.927200,0.009645,0.010093,1.118931,48.212525,0.566668,-8.193018,0.725092,-10.858673,1.019937,-10.209201,1.238462,-6.285192,163,V,25,5
0.449890,17.796130,0.927020,0.009647,0.010604,1.132355,48.551778,0.565948,-8.080580,0.726784,-10.860558,1.019514,-10.257102,1.237624,-6.144222,164,V,25,5
0.450550,17.796130,0.930460,0.009612,0.010187,1.046819,46.310357,0.567215,-8.025559,0.728022,-10.765083,1.024606,-10.287495,1.238088,-6.335275,165,V,25,5
0.447720,17.796130,0.926640,0.009651,0.012720,1.029976,45.846012,0.564635,-8.064504,0.724693,-10.779674,1.018964,-10.266488,1.234223,-6.415559,166,V,25,5
0.448300,17.796130,0.925580,0.009662,0.011907,1.099973,47.725611,0.566342,-8.126106,0.724832,-10.743159,1.017095,-10.228962,1.235208,-6.356141,167,V,25,5
0.450050,17.796130,0.927300,0.009644,0.010977,1.131896,48.540247,0.565579,-8.131979,0.726551,-10.831593,1.021317,-10.284678,1.240889,-6.209916,168,V,25,5
0.450780,17.796130,0.924740,0.009671,0.009848,1.043302,46.214039,0.566168,-8.146384,0.724951,-10.708773,1.019651,-10.258525,1.236660,-6.433285,169,V,25,5
0.450520,17.796130,0.923760,0.009681,0.010774,1.125065,48.368092,0.566851,-8.162461,0.724685,-10.794590,1.020229,-10.283569,1.241113,-6.256601,170,V,25,5
0.451320,17.796130,0.923560,0.009683,0.010235,1.143273,48.824408,0.566202,-8.112397,0.726409,-10.747859,1.020219,-10.409927,1.238478,-6.129928,171,V,25,5
0.452610,17.796130,0.914180,0.009783,0.009968,1.104217,47.835402,0.567006,-7.877874,0.723696,-10.638706,1.016488,-10.191876,1.233786,-6.308140,172,V,25,5
0.454200,17.796130,0.922040,0.009699,0.010271,1.130615,48.508070,0.568753,-8.069929,0.728335,-10.703956,1.024138,-10.382982,1.244445,-6.132887,173,V,25,5
0.452130,17.796130,0.919700,0.009724,0.010142,1.054132,46.509548,0.568365,-8.051856,0.724946,-10.649711,1.020387,-10.318109,1.237717,-6.439865,174,V,25,5
0.453950,14.068130,0.994700,0.011373,0.010427,1.080883,47.225954,0.568840,-7.984832,0.728298,-10.643013,1.020908,-10.317603,1.243227,-6.397597,175,V,25,5
0.454570,17.796130,0.928380,0.009633,0.009461,1.045251,46.267460,0.570266,-8.050050,0.729486,-10.699633,1.029143,-10.506264,1.255418,-6.407223,176,V,25,5
0.453220,17.796130,0.928960,0.009627,0.011462,1.262680,51.621968,0.571077,-8.104586,0.729887,-10.789158,1.029796,-10.602426,1.253715,-6.179285,177,V,25,5
0.456070,17.796130,0.924240,0.009676,0.009297,1.039266,46.103105,0.570823,-8.026450,0.730760,-10.784722,1.030082,-10.608627,1.257923,-6.457724,178,V,25,5
0.453550,17.796130,0.918860,0.009733,0.010548,1.121596,48.280237,0.568865,-8.013265,0.726377,-10.604566,1.022532,-10.392483,1.246147,-6.162904,179,V,25,5
0.451990,14.068130,0.998980,0.011325,0.011826,1.159545,49.225267,0.569214,-7.913851,0.726768,-10.739387,1.022928,-10.520188,1.243755,-6.158068,180,V,25,5
0.453450,17.796130,0.916840,0.009754,0.010624,1.111689,48.027606,0.567552,-7.903883,0.726293,-10.646805,1.022510,-10.496105,1.248667,-6.301528,181,V,25,5
0.454880,14.068130,0.999480,0.011319,0.009715,1.077770,47.143565,0.570351,-8.040188,0.728222,-10.704396,1.028502,-10.614486,1.261355,-6.383310,182,V,25,5
0.454490,14.068130,1.003140,0.011278,0.011186,1.014202,45.403993,0.570571,-8.043107,0.729404,-10.767115,1.030598,-10.739581,1.259976,-6.480416,183,V,25,5
0.454670,17.796130,0.925360,0.009665,0.010646,1.116159,48.141898,0.571725,-8.022637,0.729943,-10.628075,1.030721,-10.748693,1.265369,-6.215057,184,V,25,5
0.455340,14.068130,0.990780,0.011418,0.010317,1.123108,48.318560,0.570128,-7.933402,0.726402,-10.593648,1.024276,-10.663139,1.248992,-6.324747,185,V,25,5
0.455530,17.796130,0.908100,0.009848,0.009712,1.053046,46.480061,0.569339,-7.930265,0.725296,-10.665026,1.022538,-10.608574,1.250727,-6.470327,186,V,25,5
0.459060,14.068130,0.988520,0.011445,0.009063,1.085114,47.337509,0.572454,-7.955603,0.729083,-10.615235,1.027467,-10.672945,1.258954,-6.377590,187,V,25,5
0.457290,14.068130,1.000180,0.011311,0.009636,1.014264,45.405732,0.572192,-7.951215,0.729924,-10.730245,1.030691,-10.862281,1.264145,-6.422148,188,V,25,5
0.457270,14.068130,1.002460,0.011285,0.009887,1.400467,54.471354,0.572325,-8.048543,0.730390,-10.738061,1.032937,-10.917370,1.267563,-6.261867,189,V,25,5
0.456540,14.068130,1.000040,0.011313,0.010584,1.028479,45.804359,0.573165,-8.051922,0.730243,-10.659857,1.033663,-10.999581,1.274287,-6.484072,190,V,25,5
0.458630,14.068130,0.990360,0.011423,0.009302,0.992281,44.778002,0.572964,-7.912390,0.728863,-10.647984,1.030640,-10.939706,1.265150,-6.490883,191,V,25,5
0.456930,14.068130,0.980940,0.011533,0.010317,0.982270,44.487555,0.571297,-7.870274,0.725598,-10.638123,1.023893,-10.945197,1.255757,-6.524144,192,V,25,5
0.458250,14.068130,0.982420,0.011516,0.008473,1.039678,46.114451,0.572050,-7.908616,0.725605,-10.629273,1.025964,-10.909200,1.263732,-6.494858,193,V,25,5
0.456420,14.068130,0.988860,0.011441,0.011053,1.370614,53.885506,0.572325,-7.892497,0.727814,-10.597953,1.029137,-11.044301,1.268708,-6.300428,194,V,25,5
0.459940,14.068130,0.984040,0.011497,0.008401,1.156958,49.161982,0.572826,-7.855287,0.728914,-10.661132,1.031256,-11.248358,1.278186,-6.189876,195,V,25,5
0.458160,14.068130,0.991340,0.011412,0.009721,1.047312,46.323837,0.573008,-7.964835,0.727781,-10.664007,1.032308,-11.309359,1.277314,-6.436146,196,V,25,5
0.455970,14.068130,0.994900,0.011371,0.011712,1.089859,47.462059,0.573566,-7.942180,0.728583,-10.652415,1.032204,-11.343218,1.280324,-6.386203,197,V,25,5
0.459260,14.068130,0.978460,0.011562,0.009965,1.341348,53.294783,0.572315,-7.774181,0.725878,-10.513949,1.027300,-11.599507,1.281928,-6.312813,198,V,25,5
0.460030,14.068130,0.967400,0.011694,0.008929,1.286450,52.140904,0.573126,-7.862336,0.725074,-10.491790,1.028533,-11.802774,1.287049,-6.254348,199,V,25,5
0.459460,11.144800,1.060500,0.013466,0.010684,1.012861,45.366084,0.572332,-7.792319,0.725922,-10.502019,1.031127,-11.982300,1.305000,-6.503818,200,V,25,5
0.459760,11.144800,1.064420,0.013416,0.010030,0.965067,43.981565,0.575929,-7.823377,0.731242,-10.610338,1.037157,-12.403450,1.326458,-6.549566,201,V,25,5
0.459160,11.144800,1.065760,0.013399,0.010179,0.940981,43.258345,0.574587,-7.889468,0.729766,-10.606225,1.038331,-12.728504,1.338759,-6.606029,202,V,25,5
0.460230,11.144800,1.054760,0.013539,0.009462,0.931067,42.955587,0.573813,-7.886078,0.728589,-10.566486,1.037100,-13.099723,1.349396,-6.590125,203,V,25,5
0.458470,11.144800,1.057220,0.013508,0.011074,0.948108,43.474173,0.572671,-7.909351,0.727982,-10.549819,1.037368,-13.319256,1.366756,-6.591295,204,V,25,5
0.455650,8.817720,1.154120,0.015639,0.011825,0.932085,42.986803,0.573489,-7.912444,0.725988,-10.608195,1.035279,-13.547472,1.367810,-6.625030,205,V,25,5
0.455610,8.817720,1.150460,0.015689,0.011253,1.014252,45.405381,0.571716,-7.862578,0.724859,-10.555041,1.034550,-13.671487,1.386654,-6.424836,206,V,25,5
0.458890,8.817720,1.150060,0.015694,0.010507,1.249987,51.339891,0.572713,-7.844301,0.727320,-10.610214,1.036594,-14.068181,1.394470,-6.245767,207,V,25,5
0.457950,8.817720,1.146300,0.015746,0.011240,1.041761,46.171728,0.574320,-7.750454,0.727096,-10.593779,1.035276,-14.219110,1.401714,-6.525948,208,V,25,5
0.460450,8.817720,1.140720,0.015823,0.009637,0.903536,42.098953,0.573813,-7.865554,0.727202,-10.494902,1.036325,-14.308747,1.413889,-6.717152,209,V,25,5
0.459920,6.975450,1.248640,0.018273,0.009903,0.961326,43.870383,0.573935,-7.764544,0.726997,-10.465019,1.036143,-14.462397,1.432457,-6.621964,210,V,25,5
0.460400,6.975450,1.240720,0.018390,0.009889,0.910008,42.302459,0.572650,-7.817577,0.727600,-10.599769,1.035681,-14.596102,1.435876,-6.751808,211,V,25,5
0.459220,8.817720,1.137160,0.015872,0.010750,0.915554,42.475798,0.573653,-7.846269,0.725303,-10.534491,1.033918,-14.756231,1.444836,-6.735761,212,V,25,5
0.459000,8.817720,1.134400,0.015911,0.010125,1.463133,55.648770,0.572448,-7.858094,0.726141,-10.506424,1.033330,-14.923424,1.447801,-6.402145,213,V,25,5
0.458480,8.817720,1.130980,0.015959,0.010274,1.060924,46.693257,0.572882,-7.847963,0.726938,-10.588864,1.030077,-15.040068,1.465377,-6.404227,214,V,25,5
0.458540,6.975450,1.234720,0.018479,0.009576,1.436985,55.165878,0.572329,-7.865696,0.726180,-10.552978,1.031333,-15.190495,1.465051,-6.429240,215,V,25,5
0.457240,8.817720,1.127220,0.016012,0.010343,1.040491,46.136808,0.572862,-7.712992,0.726224,-10.513424,1.029095,-15.351272,1.471893,-6.684079,216,V,25,5
0.457320,8.817720,1.116780,0.016162,0.010549,1.128879,48.464376,0.571765,-7.751419,0.723542,-10.458179,1.024671,-15.312887,1.472720,-6.395159,217,V,25,5
0.456680,6.975450,1.219180,0.018715,0.009521,0.902719,42.073176,0.570682,-7.550826,0.720581,-10.465744,1.020260,-15.263673,1.470167,-6.891303,218,V,25,5
0.456770,5.517300,1.322660,0.021809,0.009865,1.153113,49.067581,0.569486,-7.642124,0.718740,-10.434256,1.015801,-15.505932,1.469977,-6.445188,219,V,25,5
0.456220,5.517300,1.325060,0.021770,0.009495,1.118731,48.207430,0.569589,-7.670066,0.719121,-10.417162,1.017444,-15.485884,1.481937,-6.481822,220,V,25,5
0.456140,6.975450,1.227000,0.018595,0.009777,0.917402,42.533327,0.569427,-7.824993,0.721978,-10.481476,1.023715,-15.644870,1.506899,-6.872400,221,V,25,5
0.456690,6.975450,1.234600,0.018481,0.009260,1.031844,45.897894,0.571132,-7.845664,0.722766,-10.538262,1.021489,-15.713323,1.518588,-6.583921,222,V,25,5
0.455780,5.517300,1.341880,0.021497,0.010585,1.103374,47.813643,0.571877,-7.715457,0.722296,-10.495746,1.022759,-15.932351,1.523036,-6.499936,223,V,25,5
0.455980,6.975450,1.218440,0.018726,0.009812,0.889057,41.638909,0.570588,-7.760410,0.721214,-10.469104,1.022389,-15.872174,1.524090,-7.004089,224,V,25,5
0.456200,6.975450,1.209280,0.018868,0.009766,0.887006,41.573211,0.569019,-7.710301,0.718924,-10.385472,1.015920,-15.829272,1.516446,-7.030241,225,V,25,5
0.455620,6.975450,1.209680,0.018862,0.009765,0.920298,42.623305,0.570693,-7.664344,0.718958,-10.401130,1.014829,-15.848279,1.523943,-6.965785,226,V,25,5
0.455300,6.975450,1.213920,0.018796,0.010281,0.939329,43.208098,0.569295,-7.628461,0.718065,-10.381360,1.014054,-15.938609,1.532258,-6.931256,227,V,25,5
0.456800,6.975450,1.215480,0.018772,0.009652,0.904629,42.133414,0.571143,-7.667705,0.723550,-10.458097,1.019818,-16.120159,1.555119,-7.016177,228,V,25,5
0.456430,5.517300,1.345180,0.021444,0.010311,0.885763,41.533322,0.571328,-7.742707,0.721099,-10.436905,1.018839,-16.206591,1.559018,-7.079403,229,V,25,5
0.455340,5.517300,1.344980,0.021448,0.010351,0.889745,41.660931,0.570734,-7.821275,0.719819,-10.451039,1.018763,-16.330986,1.562734,-7.113470,230,V,25,5
0.456330,4.369410,1.468180,0.024810,0.010516,0.981554,44.466646,0.572491,-7.762056,0.721834,-10.487489,1.015430,-16.230814,1.579326,-6.866526,231,V,25,5
0.454830,4.369410,1.449960,0.025121,0.010269,0.938567,43.184904,0.570814,-7.622455,0.717331,-10.408625,1.010132,-16.191926,1.563990,-6.999892,232,V,25,5
0.456310,5.517300,1.314980,0.021937,0.010182,1.124229,48.346947,0.570537,-7.708353,0.718877,-10.392061,1.008583,-16.392104,1.559503,-6.933117,233,V,25,5
0.456430,5.517300,1.321600,0.021827,0.010421,0.930759,42.946122,0.570643,-7.611599,0.719447,-10.391083,1.010929,-16.477222,1.567111,-7.147208,234,V,25,5
0.456570,4.369410,1.467560,0.024820,0.010485,1.035257,45.992430,0.572206,-7.627592,0.721670,-10.403736,1.011005,-16.531887,1.600956,-6.793255,235,V,25,5
0.458110,4.369410,1.465480,0.024855,0.009139,1.031636,45.892127,0.571723,-7.682469,0.721297,-10.374332,1.011447,-16.590988,1.607434,-6.790549,236,V,25,5
0.456830,4.369410,1.465480,0.024855,0.010580,1.286234,52.136232,0.572264,-7.584719,0.722177,-10.381603,1.010982,-16.609677,1.603453,-6.936953,237,V,25,5
0.456180,4.369410,1.451520,0.025094,0.009995,0.882784,41.437559,0.573520,-7.724791,0.722154,-10.408078,1.013879,-16.669188,1.618266,-7.249109,238,V,25,5
0.457560,4.369410,1.444840,0.025210,0.009651,0.943830,43.344824,0.572508,-7.524697,0.720397,-10.291692,1.006290,-16.575355,1.613302,-7.092417,239,V,25,5
0.456650,4.369410,1.436220,0.025362,0.010228,0.879917,41.345098,0.572566,-7.675608,0.720192,-10.353069,1.008209,-16.658128,1.611567,-7.296599,240,V,25,5
0.457570,4.369410,1.442040,0.025259,0.010244,0.931346,42.964138,0.571780,-7.602731,0.718077,-10.251284,1.005129,-16.609800,1.623279,-7.156057,241,V,25,5
0.457350,5.517300,1.301160,0.022170,0.010041,1.015936,45.452919,0.573023,-7.514148,0.719041,-10.352591,1.005477,-16.863850,1.618913,-7.177557,242,V,25,5
0.462710,4.369410,1.435680,0.025371,0.006526,0.882970,41.443544,0.573867,-7.637438,0.723095,-10.342435,1.009223,-16.833082,1.652355,-7.298903,243,V,25,5
0.456960,4.369410,1.462000,0.024914,0.010272,0.988912,44.680587,0.573557,-7.663799,0.721835,-10.387349,1.006272,-16.845445,1.662739,-7.040812,244,V,25,5
0.457150,5.517300,1.319980,0.021854,0.008761,1.459702,55.586074,0.573495,-7.663998,0.722942,-10.336524,1.009338,-17.041791,1.659573,-6.893524,245,V,25,5
0.460760,3.456860,1.580920,0.029122,0.007139,1.040224,46.129473,0.573247,-7.561300,0.722864,-10.330529,1.004860,-17.031139,1.674452,-6.946226,246,V,25,5
0.457630,3.456860,1.577920,0.029178,0.009606,1.076148,47.100528,0.572764,-7.549150,0.720478,-10.276582,1.000465,-16.995821,1.661692,-6.925384,247,V,25,5
0.457690,4.369410,1.444620,0.025214,0.009556,0.967846,44.063884,0.572347,-7.522813,0.719159,-10.220147,0.999359,-16.887544,1.667227,-7.150919,248,V,25,5
0.457850,4.369410,1.425020,0.025561,0.009541,1.609737,58.150644,0.572805,-7.457472,0.718186,-10.216087,1.001461,-16.954835,1.662673,-7.007647,249,V,25,5
0.457940,4.369410,1.441780,0.025264,0.009404,0.884442,41.490883,0.574053,-7.671982,0.722741,-10.384039,1.006679,-16.998405,1.700304,-7.404968,250,V,25,5
0.464660,4.369410,1.501180,0.024264,0.008140,1.151349,49.024164,0.581110,-7.746907,0.735732,-10.589177,1.029485,-17.242179,1.787441,-8.139451,251,V,25,5
0.463200,3.456860,1.655460,0.027811,0.008531,1.243882,51.202985,0.583694,-7.723393,0.735801,-10.616209,1.028940,-17.419716,1.788299,-7.887744,252,V,25,5
0.463490,4.369410,1.491360,0.024424,0.008256,1.095974,47.621713,0.583113,-7.777091,0.735587,-10.667429,1.029768,-17.335511,1.804480,-8.261089,253,V,25,5
0.463360,4.369410,1.501740,0.024255,0.008550,1.534139,56.902424,0.582237,-7.816613,0.736265,-10.609297,1.028192,-17.363354,1.805699,-8.013445,254,V,25,5
0.464160,3.456860,1.651320,0.027881,0.007893,1.211117,50.454045,0.583982,-7.739755,0.737664,-10.622133,1.027558,-17.571850,1.809840,-8.128584,255,V,25,5
0.463060,4.369410,1.485200,0.024525,0.008124,1.095895,47.619679,0.584594,-7.615856,0.736316,-10.566820,1.026213,-17.392696,1.824236,-8.266368,256,V,25,5
0.463680,3.456860,1.633460,0.028186,0.007943,1.144544,48.855957,0.582101,-7.600276,0.736039,-10.545379,1.022547,-17.477443,1.835257,-8.042895,257,V,25,5
0.463750,2.735470,1.810180,0.032142,0.008026,1.017386,45.493764,0.581706,-7.740989,0.735873,-10.614762,1.025803,-17.516192,1.841129,-8.399519,258,V,25,5
0.463300,3.456860,1.655100,0.027817,0.007755,1.125945,48.390336,0.582055,-7.821196,0.737436,-10.553367,1.025278,-17.698739,1.848316,-8.236595,259,V,25,5
0.464450,2.735470,1.814220,0.032070,0.008362,1.003079,45.088062,0.583446,-7.681080,0.738151,-10.646223,1.026690,-17.611177,1.862458,-8.426712,260,V,25,5
0.463530,3.456860,1.635460,0.028151,0.007816,1.088233,47.419450,0.581789,-7.648352,0.737988,-10.600446,1.023723,-17.501175,1.883386,-8.246259,261,V,25,5
0.466050,3.456860,1.633060,0.028193,0.006736,1.298529,52.400052,0.582272,-7.757761,0.735720,-10.558320,1.020476,-17.779912,1.879172,-8.131684,262,V,25,5
0.463240,2.735470,1.822640,0.031922,0.008224,0.991747,44.762578,0.582846,-7.803354,0.736776,-10.529135,1.023143,-17.675496,1.899603,-8.434970,263,V,25,5
0.462810,2.735470,1.821880,0.031935,0.007997,1.006379,45.182168,0.582478,-7.700661,0.735617,-10.559728,1.021634,-17.602628,1.909515,-8.420106,264,V,25,5
0.463400,2.735470,1.805760,0.032220,0.009169,0.969154,44.102551,0.582785,-7.635121,0.734165,-10.528929,1.018803,-17.713582,1.899627,-8.511375,265,V,25,5
0.463890,2.735470,1.816280,0.032034,0.008214,1.031824,45.897346,0.585302,-7.736919,0.736483,-10.489896,1.018167,-17.709774,1.934100,-8.363651,266,V,25,5
0.465350,2.735470,1.817160,0.032018,0.007480,0.988721,44.675051,0.582157,-7.660979,0.735976,-10.579462,1.016588,-17.679987,1.945964,-8.463801,267,V,25,5
0.464460,2.735470,1.815660,0.032045,0.007458,0.957489,43.755906,0.582780,-7.702980,0.735385,-10.525985,1.016557,-17.752629,1.957606,-8.527918,268,V,25,5
0.465000,2.735470,1.799300,0.032336,0.008391,1.408792,54.631799,0.584187,-7.657815,0.736267,-10.498510,1.016297,-18.012349,1.966023,-8.014676,269,V,25,5
0.463790,3.456860,1.613120,0.028541,0.008315,1.131748,48.536549,0.583521,-7.663418,0.735971,-10.547523,1.011580,-17.878409,1.990225,-8.094546,270,V,25,5
0.464280,2.735470,1.788980,0.032522,0.007176,1.188258,49.917097,0.582331,-7.663203,0.734696,-10.534136,1.009652,-18.047787,1.988667,-8.395936,271,V,25,5
0.462740,2.160540,1.985220,0.037106,0.008476,1.005478,45.156505,0.580500,-7.867946,0.733289,-10.451108,1.003700,-17.824546,2.004264,-8.418971,272,V,25,5
0.463100,2.735470,1.788840,0.032525,0.009487,1.727949,59.941139,0.581463,-7.672608,0.731519,-10.401473,1.007019,-17.929045,2.002149,-8.160834,273,V,25,5
0.465090,2.160540,1.973640,0.037324,0.007965,0.917316,42.530662,0.584608,-7.575333,0.733845,-10.427794,1.006413,-17.773220,2.031379,-8.660235,274,V,25,5
0.467900,2.735470,1.780380,0.032680,0.008516,0.895625,41.848417,0.585433,-7.586480,0.734510,-10.323596,1.006490,-17.874385,2.048056,-8.744573,275,V,25,5
0.289140,11.144800,1.645500,0.008679,0.005427,1.254435,51.439147,0.484138,-16.499445,0.770331,-17.302836,1.167802,-13.554529,1.561550,-5.328797,1,V,25,8
0.290000,8.817720,1.761600,0.010246,0.005808,1.379029,54.052336,0.487815,-16.667610,0.776942,-17.234818,1.178217,-13.532612,1.584510,-5.277175,2,V,25,8
0.292180,11.144800,1.670120,0.008551,0.005471,1.510539,56.494830,0.488453,-16.628036,0.780462,-17.258616,1.184004,-13.651487,1.591128,-5.276169,3,V,25,8
0.292240,11.144800,1.680200,0.008499,0.005974,1.586982,57.783865,0.489125,-16.561239,0.782254,-17.284812,1.187294,-13.645274,1.600968,-5.305912,4,V,25,8
0.292670,11.144800,1.669260,0.008555,0.006043,1.322793,52.911578,0.489953,-16.672476,0.782310,-17.330850,1.184930,-13.748660,1.604925,-5.233915,5,V,25,8
0.292920,8.817720,1.772300,0.010184,0.005639,1.298079,52.390446,0.491520,-16.623566,0.780898,-17.340601,1.186807,-13.771591,1.604271,-5.305072,6,V,25,8
0.292090,8.817720,1.774840,0.010170,0.005965,1.370329,53.879843,0.489516,-16.546097,0.780947,-17.272225,1.186534,-13.721058,1.610950,-5.350441,7,V,25,8
0.292600,8.817720,1.775120,0.010168,0.005452,1.310889,52.662115,0.489762,-16.657097,0.780731,-17.361334,1.188018,-13.864005,1.612224,-5.267037,8,V,25,8
0.291480,11.144800,1.674460,0.008529,0.006316,1.388167,54.231979,0.490268,-16.492715,0.779914,-17.368642,1.187023,-13.924750,1.612674,-5.340332,9,V,25,8
0.291840,11.144800,1.673700,0.008532,0.005806,1.534866,56.914841,0.488720,-16.568284,0.780678,-17.302646,1.186865,-13.870153,1.615856,-5.376905,10,V,25,8
0.292730,8.817720,1.767360,0.010213,0.005496,1.359425,53.661605,0.487781,-16.536719,0.778806,-17.267871,1.184999,-13.880505,1.618834,-5.376556,11,V,25,8
0.292750,8.817720,1.758640,0.010263,0.006302,1.362137,53.716108,0.487240,-16.478873,0.777279,-17.320344,1.180537,-13.820065,1.609662,-5.411075,12,V,25,8
0.293390,11.144800,1.662540,0.008590,0.005987,1.304041,52.517305,0.488252,-16.416352,0.775940,-17.363849,1.181814,-13.851073,1.609869,-5.504221,13,V,25,8
0.293440,8.817720,1.757860,0.010268,0.004774,1.353050,53.532964,0.488417,-16.493179,0.777903,-17.263162,1.180806,-13.820737,1.613505,-5.422658,14,V,25,8
0.293560,8.817720,1.758780,0.010262,0.005542,1.244360,51.213746,0.488523,-16.417374,0.775554,-17.283057,1.180988,-13.883064,1.608008,-5.542554,15,V,25,8
0.291840,8.817720,1.754840,0.010286,0.006698,1.568850,57.486178,0.487327,-16.430827,0.774674,-17.233583,1.176932,-13.785456,1.605307,-5.428481,16,V,25,8
0.291370,8.817720,1.751920,0.010303,0.007307,1.341175,53.291239,0.486623,-16.341686,0.774748,-17.254161,1.176105,-13.835502,1.608011,-5.423399,17,V,25,8
0.292390,11.144800,1.646040,0.008676,0.006100,1.521765,56.689818,0.485240,-16.280004,0.770505,-17.104687,1.170497,-13.746953,1.592617,-5.512045,18,V,25,8
0.292160,8.817720,1.735040,0.010403,0.006825,1.304352,52.523919,0.484958,-16.343444,0.770511,-17.156910,1.167714,-13.817297,1.593637,-5.435548,19,V,25,8
0.294250,8.817720,1.731860,0.010422,0.005888,1.321927,52.893541,0.484843,-16.322749,0.769835,-17.192509,1.168903,-13.808145,1.597325,-5.472928,20,V,25,8
0.291360,8.817720,1.740440,0.010371,0.006546,1.314873,52.745941,0.485178,-16.274588,0.770347,-17.215381,1.169846,-13.897294,1.595112,-5.461991,21,V,25,8
0.293290,11.144800,1.635000,0.008734,0.005519,1.348430,53.439243,0.484062,-16.406881,0.768884,-17.141335,1.166677,-13.824876,1.596594,-5.612735,22,V,25,8
0.293360,11.144800,1.625340,0.008786,0.006209,1.493951,56.202993,0.482670,-16.247028,0.765558,-17.101418,1.161336,-13.768237,1.583718,-5.570433,23,V,25,8
0.291730,11.144800,1.618700,0.008822,0.007525,1.289884,52.214895,0.483362,-16.216110,0.764555,-17.024824,1.157519,-13.875312,1.581855,-5.527155,24,V,25,8
0.291650,8.817720,1.706100,0.010579,0.006306,1.273352,51.856435,0.483194,-16.234067,0.760991,-17.036349,1.151437,-13.849073,1.576081,-5.521545,25,V,25,8
0.291710,8.817720,1.702360,0.010603,0.007089,1.328462,53.029380,0.482811,-16.170338,0.760782,-16.981528,1.151390,-13.811171,1.581383,-5.578007,26,V,25,8
0.292850,8.817720,1.694940,0.010649,0.006719,1.269559,51.773385,0.480851,-16.089355,0.757898,-16.942980,1.147398,-13.889807,1.572307,-5.552032,27,V,25,8
0.291800,6.975450,1.803580,0.012651,0.006726,1.331251,53.087117,0.481198,-16.136559,0.760617,-16.992441,1.149877,-13.808260,1.580918,-5.659076,28,V,25,8
0.294100,8.817720,1.691160,0.010673,0.005859,1.575863,57.601891,0.480037,-16.133369,0.758017,-16.983131,1.148324,-13.877622,1.578369,-5.635287,29,V,25,8
0.292780,11.144800,1.595240,0.008952,0.007161,1.569798,57.501867,0.479331,-16.072587,0.757268,-16.904146,1.145426,-13.867297,1.572225,-5.667239,30,V,25,8
0.292510,6.975450,1.786580,0.012771,0.006673,1.296058,52.347289,0.479320,-16.163785,0.755811,-16.875454,1.141727,-13.846636,1.575444,-5.685074,31,V,25,8
0.294390,4.369410,2.036300,0.017888,0.006356,1.397142,54.406917,0.479616,-16.092834,0.756739,-17.064261,1.146614,-15.599844,1.747031,-5.507568,32,V,25,8
0.293410,4.369410,2.028920,0.017953,0.007162,1.271507,51.816067,0.479165,-16.020855,0.755743,-17.001065,1.143131,-15.660363,1.750762,-5.562210,33,V,25,8
0.291670,5.517300,1.911880,0.015088,0.007228,1.159106,49.214539,0.479784,-15.908307,0.756043,-17.115832,1.145510,-15.712906,1.749884,-5.697012,34,V,25,8
0.293970,4.369410,2.027940,0.017961,0.006226,1.263430,51.638515,0.478806,-16.020763,0.754416,-17.085341,1.140343,-15.662785,1.749899,-5.548949,35,V,25,8
0.291740,5.517300,1.873900,0.015394,0.006921,1.165403,49.368019,0.477889,-15.903135,0.750630,-16.863245,1.133120,-15.717704,1.724566,-5.664824,36,V,25,8
0.291970,5.517300,1.861940,0.015493,0.007472,1.309606,52.635065,0.477035,-15.829795,0.748551,-16.903572,1.128459,-15.717617,1.722292,-5.617560,37,V,25,8
0.293250,4.369410,1.989960,0.018304,0.006146,1.269933,51.781586,0.476737,-15.885491,0.748738,-16.848556,1.129484,-15.640204,1.727985,-5.729135,38,V,25,8
0.292010,5.517300,1.878540,0.015356,0.007377,1.151637,49.031255,0.476281,-15.872022,0.746879,-16.802769,1.130088,-15.778811,1.728068,-5.800809,39,V,25,8
0.293190,4.369410,1.993640,0.018271,0.007155,1.324311,52.943194,0.476592,-15.710828,0.746973,-16.750454,1.123197,-15.745092,1.724084,-5.656444,40,V,25,8
0.292020,4.369410,1.976800,0.018426,0.006654,1.168540,49.444125,0.478036,-15.707445,0.744398,-16.777818,1.124929,-15.790543,1.726141,-5.841436,41,V,25,8
0.291670,4.369410,1.969400,0.018495,0.006928,1.513903,56.553465,0.475446,-15.756245,0.741939,-16.696082,1.118828,-15.713296,1.716104,-5.735386,42,V,25,8
0.292370,5.517300,1.836520,0.015707,0.007416,1.132745,48.561571,0.475890,-15.760088,0.740674,-16.683273,1.114363,-15.853960,1.708611,-5.815393,43,V,25,8
0.291700,5.517300,1.845340,0.015632,0.007591,1.147275,48.923589,0.475287,-15.569083,0.740931,-16.594148,1.114585,-15.823809,1.710011,-5.878246,44,V,25,8
0.292450,5.517300,1.840920,0.015670,0.006548,1.122462,48.302189,0.475152,-15.692659,0.739016,-16.628426,1.113647,-15.935370,1.714005,-5.857655,45,V,25,8
0.292690,5.517300,1.825480,0.015802,0.007588,1.161898,49.282711,0.475226,-15.746558,0.738877,-16.574349,1.111017,-15.943019,1.713267,-5.795604,46,V,25,8
0.293080,4.369410,1.969860,0.018491,0.007770,1.226930,50.818507,0.475477,-15.731454,0.740149,-16.575999,1.108871,-16.075349,1.755089,-5.697937,47,V,25,8
0.292220,5.517300,1.831860,0.015747,0.007942,1.103917,47.827660,0.475454,-15.613502,0.738324,-16.670907,1.108475,-16.331341,1.779001,-5.858486,48,V,25,8
0.296120,4.369410,1.931880,0.018855,0.007711,1.108188,47.937727,0.478133,-15.534997,0.740346,-16.340896,1.104873,-16.207565,1.762051,-5.898918,49,V,25,8
0.296860,3.456860,2.076960,0.022167,0.007995,1.194367,50.061794,0.479755,-15.329187,0.741444,-16.263695,1.104799,-16.165879,1.761377,-5.713489,50,V,25,8
0.297260,3.456860,2.065760,0.022287,0.007300,1.279665,51.993989,0.479216,-15.246599,0.740480,-16.274100,1.101707,-16.178733,1.755594,-5.769564,51,V,25,8
0.297140,4.369410,1.934220,0.018832,0.007776,1.270678,51.797912,0.479509,-15.382124,0.737386,-16.111074,1.096717,-16.053269,1.750073,-5.806541,52,V,25,8
0.297980,4.369410,1.927100,0.018901,0.006728,1.220025,50.660054,0.478615,-15.294382,0.738304,-16.184363,1.095629,-16.052183,1.750262,-5.857997,53,V,25,8
0.298930,4.369410,1.907880,0.019092,0.007262,1.377254,54.017257,0.477735,-15.305367,0.737280,-16.144669,1.097851,-16.222243,1.760445,-5.822267,54,V,25,8
0.297280,3.456860,2.061680,0.022331,0.006742,1.234735,50.996311,0.478518,-15.274401,0.736538,-16.098298,1.095770,-16.275514,1.760869,-5.785333,55,V,25,8
0.296460,4.369410,1.928420,0.018888,0.008588,1.213978,50.520411,0.478660,-15.295886,0.735384,-16.078065,1.090677,-16.177713,1.761347,-5.816913,56,V,25,8
0.297260,3.456860,2.043620,0.022529,0.007668,1.185916,49.861402,0.477664,-15.264577,0.733244,-16.081937,1.088711,-16.304107,1.754875,-5.785220,57,V,25,8
0.298890,4.369410,1.900300,0.019168,0.006561,1.421353,54.871503,0.477449,-15.147864,0.734152,-16.059381,1.091514,-16.289715,1.763234,-5.876162,58,V,25,8
0.298300,3.456860,2.055260,0.022401,0.007623,1.088098,47.415916,0.478256,-15.217882,0.733360,-16.178350,1.090748,-16.472230,1.771171,-5.959496,59,V,25,8
0.298500,3.456860,2.045260,0.022511,0.007942,1.186418,49.873346,0.479105,-15.162296,0.733315,-16.067381,1.085628,-16.524040,1.782873,-5.798476,60,V,25,8
0.298610,3.456860,2.048960,0.022470,0.008012,1.306037,52.559626,0.477187,-15.020750,0.732279,-16.051652,1.087764,-16.550599,1.789574,-5.862440,61,V,25,8
0.298290,3.456860,2.050940,0.022448,0.008188,1.222810,50.724087,0.478438,-15.141268,0.733033,-16.000479,1.087972,-16.616160,1.798990,-5.848099,62,V,25,8
0.300050,3.456860,2.047380,0.022487,0.008066,1.214782,50.539038,0.479772,-15.067156,0.732087,-15.965386,1.084793,-16.678473,1.805238,-5.846489,63,V,25,8
0.301260,3.456860,2.039060,0.022579,0.006975,1.182996,49.791789,0.478082,-14.997193,0.729352,-16.020585,1.081860,-16.641812,1.810577,-5.842421,64,V,25,8
0.298810,2.735470,2.179400,0.026696,0.008509,1.294446,52.312783,0.478892,-14.957293,0.730290,-16.024621,1.081287,-16.719562,1.814935,-5.904444,65,V,25,8
0.300750,4.369410,1.887760,0.019295,0.007534,1.181273,49.750599,0.478361,-15.025859,0.729266,-16.053364,1.077745,-16.623104,1.825270,-5.999472,66,V,25,8
0.303150,3.456860,2.036780,0.022604,0.006769,1.192450,50.016469,0.482169,-15.124442,0.734682,-15.990114,1.084962,-16.753217,1.861500,-5.944618,67,V,25,8
0.301380,4.369410,1.901440,0.019156,0.006965,1.512583,56.530479,0.480806,-15.107487,0.734555,-16.045605,1.086607,-16.773925,1.871812,-5.949095,68,V,25,8
0.301780,2.735470,2.215820,0.026258,0.007963,1.291685,52.253593,0.481180,-15.198803,0.736321,-16.071371,1.091384,-17.009547,1.897212,-5.913454,69,V,25,8
0.301550,2.735470,2.233340,0.026052,0.007317,1.132923,48.566050,0.480330,-15.076540,0.735308,-16.096301,1.091075,-17.000402,1.917270,-6.077370,70,V,25,8
0.299490,3.456860,2.063800,0.022309,0.007495,1.163032,49.310339,0.480417,-15.088206,0.736212,-16.086587,1.087183,-17.192691,1.927275,-5.903772,71,V,25,8
0.302370,2.160540,2.420180,0.030438,0.007104,1.476548,55.891968,0.482271,-15.118530,0.739352,-16.160774,1.091004,-17.244628,1.989247,-5.968783,72,V,25,8
0.304290,2.735470,2.238320,0.025994,0.006366,1.124455,48.352683,0.483041,-14.905789,0.741225,-16.154996,1.090832,-17.552599,2.046637,-6.071679,73,V,25,8
0.303640,2.160540,2.448840,0.030081,0.006426,1.094086,47.572522,0.483133,-15.184018,0.741572,-16.198685,1.093528,-17.478508,2.090898,-6.180492,74,V,25,8
0.303090,2.735470,2.276880,0.025553,0.006816,1.004565,45.130482,0.483473,-15.145275,0.743747,-16.312138,1.099224,-17.686592,2.121222,-6.281031,75,V,25,8
0.304580,2.160540,2.475780,0.029754,0.007455,1.025307,45.715894,0.485691,-15.083498,0.745982,-16.194946,1.103622,-17.736538,2.171297,-6.305157,76,V,25,8
0.305100,2.735470,2.261020,0.025733,0.006030,1.106317,47.889574,0.485715,-15.225405,0.744380,-16.243407,1.097920,-18.000302,2.180506,-6.234104,77,V,25,8
0.302810,2.735470,2.251380,0.025843,0.007735,1.004121,45.117811,0.483407,-15.091823,0.739762,-16.173531,1.090020,-18.009432,2.158667,-6.354922,78,V,25,8
0.308410,2.160540,2.443840,0.030143,0.007826,1.483874,56.023510,0.488967,-14.743459,0.742473,-15.973774,1.091398,-17.698693,2.158214,-6.246586,79,V,25,8
0.309040,2.160540,2.455940,0.029994,0.007349,1.090209,47.471231,0.487679,-14.751751,0.743424,-15.972099,1.088732,-17.741538,2.170035,-6.329566,80,V,25,8
0.308920,2.735470,2.240540,0.025968,0.007187,1.058612,46.630873,0.490680,-14.891633,0.743533,-15.912784,1.091757,-17.987753,2.177170,-6.353883,81,V,25,8
0.308500,2.160540,2.447880,0.030093,0.007009,0.997394,44.925247,0.488826,-14.611918,0.742784,-15.931221,1.092030,-17.851587,2.183960,-6.469047,82,V,25,8
0.308730,2.735470,2.241160,0.025961,0.007350,1.176234,49.629782,0.489482,-14.834165,0.743302,-15.964777,1.090083,-18.070073,2.182463,-6.248086,83,V,25,8
0.307890,2.735470,2.233420,0.026051,0.007351,1.256550,51.486179,0.488041,-14.679529,0.737713,-15.854426,1.084410,-17.970182,2.162247,-6.281983,84,V,25,8
0.308380,2.160540,2.437880,0.030217,0.007185,1.124564,48.355430,0.487060,-14.707731,0.737053,-15.736074,1.078317,-18.041036,2.161266,-6.259943,85,V,25,8
0.307780,2.160540,2.422180,0.030412,0.007708,1.475896,55.880223,0.486807,-14.763015,0.736569,-15.783182,1.079501,-17.861526,2.158674,-6.350897,86,V,25,8
0.587500,22.482020,0.607280,0.011657,0.014183,2.833002,70.557865,0.681035,-4.697344,0.782885,-6.595294,0.983481,-6.947497,1.144217,-7.607945,1,IX,45,2
0.592610,17.796130,0.661220,0.013525,0.012523,1.759471,60.388150,0.686123,-4.816981,0.790045,-6.702531,0.991458,-6.971646,1.164342,-7.317081,2,IX,45,2
0.579960,17.796130,0.670940,0.013329,0.013029,1.542373,57.042576,0.674435,-4.861842,0.778190,-6.739272,0.982566,-7.044230,1.156595,-7.286222,3,IX,45,2
0.573430,17.796130,0.674580,0.013257,0.013041,1.372050,53.914065,0.668561,-4.942397,0.774743,-6.881318,0.978036,-7.097036,1.136248,-7.833028,4,IX,45,2
0.559650,22.482020,0.620280,0.011413,0.012788,1.477655,55.911902,0.655331,-4.968690,0.759038,-6.957363,0.964166,-7.264742,1.123496,-7.809223,5,IX,45,2
0.555760,22.482020,0.622700,0.011369,0.013163,0.967518,44.054183,0.650814,-5.031510,0.755279,-7.027727,0.961779,-7.355293,1.134882,-8.160247,6,IX,45,2
0.557810,17.796130,0.678100,0.013189,0.013825,1.840789,61.487189,0.654185,-5.085773,0.758079,-7.074168,0.966592,-7.318847,1.136095,-7.240744,7,IX,45,2
0.554430,17.796130,0.675380,0.013242,0.012964,2.308360,66.577356,0.651214,-5.092112,0.755292,-7.093438,0.964454,-7.444802,1.131974,-7.264277,8,IX,45,2
0.522460,17.796130,0.675200,0.013245,0.012937,1.458208,55.558710,0.620306,-5.356973,0.722462,-7.401934,0.931027,-7.667228,1.093804,-8.030000,9,IX,45,2
0.527350,17.796130,0.674460,0.013260,0.012798,1.795042,60.878256,0.622712,-5.398047,0.727331,-7.328349,0.936027,-7.653555,1.099793,-7.868308,10,IX,45,2
0.528820,17.796130,0.676840,0.013213,0.012385,2.624561,69.142350,0.624680,-5.305311,0.729314,-7.291645,0.938483,-7.760812,1.108610,-7.487671,11,IX,45,2
0.519330,17.796130,0.677260,0.013205,0.012011,2.720882,69.820214,0.614620,-5.405008,0.719937,-7.428244,0.931242,-7.839892,1.098704,-7.578340,12,IX,45,2
0.510700,17.796130,0.680700,0.013138,0.012440,1.332530,53.113533,0.607383,-5.396078,0.712556,-7.484876,0.924287,-7.984541,1.105078,-7.613722,13,IX,45,2
0.494540,17.796130,0.678480,0.013181,0.013771,2.152165,65.078134,0.591834,-5.587953,0.696196,-7.662993,0.908223,-8.105620,1.076597,-7.917617,14,IX,45,2
0.481820,17.796130,0.682380,0.013106,0.013728,1.526315,56.768275,0.579684,-5.656269,0.684205,-7.803825,0.897004,-8.271560,1.065114,-8.200222,15,IX,45,2
0.463410,17.796130,0.677280,0.013205,0.011012,1.370206,53.877378,0.558554,-5.960117,0.663643,-8.141818,0.877497,-8.526148,1.047215,-8.456929,16,IX,45,2
0.462480,17.796130,0.682580,0.013102,0.011962,1.738464,60.091604,0.561135,-5.914473,0.665063,-7.995579,0.880236,-8.618112,1.051321,-8.234594,17,IX,45,2
0.455920,14.068130,0.735560,0.015380,0.012102,2.597464,68.943749,0.553154,-6.090955,0.659641,-8.108858,0.872947,-8.713390,1.047333,-7.943813,18,IX,45,2
0.458200,17.796130,0.679360,0.013164,0.011732,0.953306,43.630592,0.554664,-6.029419,0.660372,-8.181769,0.875162,-8.750662,1.057308,-8.786052,19,IX,45,2
0.451450,17.796130,0.682100,0.013111,0.012356,1.540303,57.007444,0.549290,-6.104270,0.653899,-8.203795,0.868671,-8.835785,1.042691,-8.389466,20,IX,45,2
0.442780,17.796130,0.680000,0.013152,0.012189,1.420027,54.846329,0.539622,-6.080677,0.645396,-8.295620,0.860668,-8.949574,1.035779,-8.535483,21,IX,45,2
0.442490,17.796130,0.683980,0.013075,0.012675,1.370592,53.885077,0.541097,-6.173241,0.647068,-8.318343,0.861493,-9.026620,1.037355,-8.525249,22,IX,45,2
0.444190,17.796130,0.681100,0.013131,0.012130,2.125371,64.802734,0.542603,-6.047825,0.647571,-8.334270,0.862828,-9.069799,1.040552,-8.181982,23,IX,45,2
0.446130,17.796130,0.677460,0.013201,0.011155,1.356255,53.597747,0.542759,-6.218095,0.647644,-8.411262,0.864529,-9.160530,1.042714,-8.502957,24,IX,45,2
0.447440,14.068130,0.736960,0.015351,0.011015,1.112135,48.039034,0.545852,-6.167995,0.648951,-8.301596,0.866454,-9.145739,1.048200,-8.743209,25,IX,45,2
0.441490,17.796130,0.678780,0.013175,0.012056,1.349139,53.453664,0.540780,-6.233590,0.645194,-8.293210,0.860142,-9.230950,1.039370,-8.548151,26,IX,45,2
0.436890,17.796130,0.676580,0.013218,0.010773,1.141195,48.772735,0.534509,-6.279933,0.639265,-8.440882,0.856338,-9.266952,1.051456,-8.251588,27,IX,45,2
0.433610,14.068130,0.738160,0.015326,0.011422,1.591366,57.855114,0.532417,-6.334902,0.636705,-8.398961,0.854398,-9.467466,1.046992,-8.010388,28,IX,45,2
0.433250,17.796130,0.681080,0.013131,0.011624,1.109018,47.959074,0.531255,-6.191959,0.637157,-8.455371,0.855053,-9.475657,1.038002,-8.712688,29,IX,45,2
0.430330,14.068130,0.742400,0.015239,0.012453,2.406685,67.436657,0.530213,-6.269965,0.634183,-8.488748,0.855265,-9.528152,1.039123,-8.124295,30,IX,45,2
0.432400,17.796130,0.681880,0.013116,0.011337,1.197647,50.139122,0.532709,-6.223320,0.635267,-8.481639,0.855371,-9.589430,1.040064,-8.679147,31,IX,45,2
0.430960,14.068130,0.740340,0.015281,0.010524,2.056981,64.073330,0.530381,-6.294598,0.634323,-8.522174,0.854992,-9.630157,1.044677,-7.959441,32,IX,45,2
0.426080,17.796130,0.682360,0.013106,0.012183,1.460509,55.600834,0.526281,-6.300776,0.631106,-8.575639,0.850252,-9.668779,1.035751,-8.465394,33,IX,45,2
0.425250,14.068130,0.744000,0.015206,0.011312,0.950147,43.535639,0.522279,-6.294371,0.630508,-8.549669,0.851486,-9.728759,1.050245,-8.818490,34,IX,45,2
0.424760,14.068130,0.741240,0.015262,0.011231,1.958542,62.951870,0.524033,-6.411976,0.629178,-8.618979,0.849548,-9.882690,1.044261,-7.952796,35,IX,45,2
0.423400,14.068130,0.740640,0.015275,0.010487,2.410829,67.471570,0.522263,-6.397378,0.626912,-8.603228,0.848598,-9.842936,1.038284,-8.146428,36,IX,45,2
0.424350,14.068130,0.742960,0.015227,0.011472,1.605221,58.078443,0.523158,-6.341539,0.628973,-8.632362,0.849983,-9.842502,1.039444,-8.418657,37,IX,45,2
0.424730,14.068130,0.737000,0.015350,0.010318,1.602982,58.042540,0.522958,-6.429112,0.627635,-8.646457,0.849812,-9.935300,1.048564,-7.938085,38,IX,45,2
0.420980,14.068130,0.744380,0.015198,0.012354,1.890081,62.117671,0.522112,-6.358832,0.626102,-8.623669,0.848442,-9.943934,1.040819,-8.259881,39,IX,45,2
0.420660,14.068130,0.744160,0.015203,0.011016,2.418232,67.533667,0.521161,-6.494671,0.624484,-8.609476,0.848694,-9.971274,1.042339,-8.112878,40,IX,45,2
0.425420,14.068130,0.742400,0.015239,0.011976,1.491781,56.164482,0.526045,-6.346291,0.630858,-8.645427,0.852177,-9.930447,1.045230,-8.392150,41,IX,45,2
0.425510,14.068130,0.737900,0.015332,0.011298,1.798456,60.924517,0.525421,-6.343939,0.628565,-8.487718,0.851379,-9.935798,1.045309,-8.251297,42,IX,45,2
0.422160,14.068130,0.738780,0.015313,0.011737,2.275806,66.279083,0.522866,-6.409027,0.625880,-8.583995,0.849086,-10.125490,1.047036,-8.006678,43,IX,45,2
0.413010,14.068130,0.743900,0.015208,0.011670,1.292253,52.265772,0.513424,-6.507373,0.618884,-8.806933,0.842485,-10.213107,1.038878,-8.540327,44,IX,45,2
0.410070,14.068130,0.743660,0.015213,0.010708,2.301497,66.515062,0.509374,-6.410883,0.613890,-8.804060,0.839393,-10.269410,1.038819,-8.166949,45,IX,45,2
0.409810,14.068130,0.745380,0.015178,0.011402,1.413758,54.726908,0.509728,-6.496607,0.615375,-8.690421,0.840973,-10.312112,1.047799,-7.978066,46,IX,45,2
0.406380,14.068130,0.747980,0.015125,0.011495,1.421713,54.878334,0.507967,-6.478240,0.613002,-8.826305,0.838495,-10.388556,1.035510,-8.437668,47,IX,45,2
0.403550,14.068130,0.745200,0.015181,0.010402,2.172878,65.287208,0.503927,-6.517285,0.608415,-8.925258,0.835859,-10.437026,1.034385,-8.079064,48,IX,45,2
0.402390,14.068130,0.743680,0.015212,0.011004,2.238342,65.926856,0.503657,-6.668024,0.608458,-8.845869,0.834991,-10.539965,1.033662,-8.148942,49,IX,45,2
0.403000,14.068130,0.744360,0.015199,0.011035,1.284235,52.093051,0.505179,-6.714930,0.608445,-8.953392,0.834389,-10.631997,1.032771,-8.486513,50,IX,45,2
0.401390,14.068130,0.749000,0.015104,0.011604,1.959099,62.958479,0.503913,-6.707872,0.608771,-8.932187,0.835465,-10.611084,1.037820,-7.975094,51,IX,45,2
0.402870,14.068130,0.745400,0.015177,0.010637,1.849006,61.594098,0.503682,-6.679601,0.608162,-8.813797,0.834944,-10.552683,1.036569,-8.268778,52,IX,45,2
0.404930,14.068130,0.740580,0.015276,0.010253,2.028887,63.762187,0.506188,-6.609796,0.610035,-8.890023,0.835273,-10.583571,1.039138,-8.003472,53,IX,45,2
0.405950,14.068130,0.743620,0.015214,0.011012,1.746591,60.206974,0.507432,-6.537578,0.612277,-8.909232,0.837369,-10.627459,1.043125,-7.911460,54,IX,45,2
0.404220,14.068130,0.741920,0.015248,0.011867,1.540599,57.012465,0.507195,-6.532473,0.610134,-8.917785,0.836231,-10.641339,1.040770,-8.216566,55,IX,45,2
0.406970,14.068130,0.736320,0.015364,0.010017,1.181671,49.760119,0.506286,-6.656523,0.608218,-8.927944,0.835898,-10.786568,1.041614,-8.420024,56,IX,45,2
0.404460,14.068130,0.745500,0.015175,0.010440,1.025652,45.725521,0.505849,-6.516853,0.610524,-8.925500,0.836594,-10.795187,1.043514,-8.623960,57,IX,45,2
0.405220,14.068130,0.739420,0.015300,0.010766,0.997097,44.916706,0.505890,-6.645250,0.608737,-8.854993,0.836230,-10.818590,1.045365,-8.646295,58,IX,45,2
0.407540,14.068130,0.738860,0.015312,0.011060,1.843937,61.528232,0.507868,-6.533219,0.610229,-8.819499,0.838669,-10.811568,1.047770,-7.928816,59,IX,45,2
0.406850,14.068130,0.740980,0.015268,0.010813,1.014362,45.408511,0.506858,-6.582857,0.610252,-8.942851,0.838619,-10.841061,1.048888,-8.561164,60,IX,45,2
0.402810,14.068130,0.746980,0.015145,0.010026,1.200911,50.215810,0.504322,-6.588956,0.608616,-8.859907,0.838334,-10.845883,1.056301,-7.839064,61,IX,45,2
0.402460,11.144800,0.810680,0.017616,0.011332,1.681564,59.260707,0.505247,-6.681243,0.609981,-8.920457,0.838310,-10.967902,1.052461,-7.833855,62,IX,45,2
0.401560,14.068130,0.747980,0.015125,0.011479,1.253240,51.412531,0.504313,-6.662751,0.607460,-8.891745,0.836729,-10.882883,1.046450,-8.303343,63,IX,45,2
0.398630,14.068130,0.751740,0.015049,0.011264,0.913837,42.422217,0.501861,-6.629979,0.607273,-8.944644,0.835741,-10.926933,1.053855,-8.589700,64,IX,45,2
0.397180,14.068130,0.750840,0.015067,0.012272,0.973117,44.219418,0.501803,-6.598761,0.605358,-8.956494,0.835635,-10.978459,1.058367,-8.362995,65,IX,45,2
0.397610,14.068130,0.750780,0.015069,0.009671,1.817934,61.185907,0.500833,-6.582356,0.604903,-9.051187,0.835981,-11.055381,1.049264,-7.902189,66,IX,45,2
0.393940,14.068130,0.756360,0.014957,0.011292,1.758108,60.369069,0.499332,-6.669776,0.604117,-8.974937,0.836565,-11.110463,1.049717,-7.867860,67,IX,45,2
0.395050,14.068130,0.755040,0.014984,0.009802,1.902799,62.276206,0.499405,-6.784530,0.602651,-8.995582,0.835739,-11.118528,1.049741,-7.957032,68,IX,45,2
0.395880,11.144800,0.817660,0.017465,0.009685,1.350140,53.473987,0.497702,-6.712169,0.602512,-8.972050,0.835127,-11.260572,1.048056,-8.153140,69,IX,45,2
0.392340,14.068130,0.754840,0.014987,0.009870,1.860016,61.736205,0.496314,-6.729064,0.601107,-9.019990,0.834140,-11.166618,1.048424,-7.961851,70,IX,45,2
0.393430,14.068130,0.750520,0.015074,0.008760,0.924222,42.744783,0.496800,-6.719412,0.600628,-8.982772,0.832863,-11.266793,1.054200,-8.499987,71,IX,45,2
0.391860,14.068130,0.749580,0.015093,0.009522,0.976719,44.325211,0.494569,-6.618324,0.599734,-9.072401,0.831679,-11.292746,1.059196,-8.198385,72,IX,45,2
0.392610,11.144800,0.813080,0.017564,0.009672,1.009353,45.266684,0.494218,-6.740104,0.599205,-9.052817,0.830570,-11.336041,1.060261,-8.088839,73,IX,45,2
0.392560,14.068130,0.746480,0.015155,0.009656,1.774285,60.594071,0.495736,-6.712490,0.598813,-9.142575,0.831250,-11.288114,1.049706,-7.928786,74,IX,45,2
0.389600,11.144800,0.814800,0.017527,0.010132,1.342590,53.320187,0.494038,-6.835532,0.597338,-9.089956,0.829263,-11.415433,1.048597,-8.096424,75,IX,45,2
0.389450,14.068130,0.752340,0.015037,0.010073,1.181884,49.765204,0.493721,-6.690269,0.597870,-9.127084,0.829961,-11.472491,1.049101,-8.177519,76,IX,45,2
0.393890,11.144800,0.809900,0.017633,0.008143,1.326868,52.996335,0.494950,-6.860213,0.598443,-9.207310,0.830974,-11.476488,1.050923,-7.990654,77,IX,45,2
0.392900,11.144800,0.812600,0.017574,0.009049,1.138887,48.715231,0.495215,-6.794236,0.599189,-9.133039,0.831187,-11.552733,1.051743,-8.078544,78,IX,45,2
0.392580,14.068130,0.745980,0.015165,0.009003,1.733552,60.021482,0.494300,-6.671884,0.597717,-9.123991,0.831684,-11.478227,1.052629,-7.896808,79,IX,45,2
0.390950,11.144800,0.816320,0.017494,0.010205,0.978633,44.381290,0.495448,-6.688182,0.597180,-9.092501,0.830697,-11.494273,1.062318,-8.114938,80,IX,45,2
0.391330,14.068130,0.747120,0.015142,0.009807,1.159648,49.227790,0.494679,-6.756392,0.598635,-9.052335,0.829787,-11.530712,1.051542,-8.092851,81,IX,45,2
0.389060,11.144800,0.821380,0.017386,0.010526,0.922303,42.685452,0.494373,-6.712772,0.599276,-9.243741,0.832255,-11.584911,1.062300,-8.322735,82,IX,45,2
0.390430,14.068130,0.756940,0.014946,0.008899,1.564568,57.415157,0.494668,-6.988243,0.599198,-9.141138,0.834351,-11.605590,1.057748,-7.831165,83,IX,45,2
0.390010,14.068130,0.751440,0.015055,0.008397,1.020538,45.582378,0.494651,-6.820889,0.599697,-9.106327,0.833596,-11.640032,1.068078,-7.847518,84,IX,45,2
0.390080,11.144800,0.821720,0.017379,0.009145,1.616214,58.253683,0.494899,-6.701970,0.599258,-9.079150,0.833076,-11.658489,1.057863,-7.862959,85,IX,45,2
0.389870,11.144800,0.822680,0.017359,0.009784,1.051883,46.448456,0.495092,-6.616736,0.599192,-9.075949,0.833573,-11.687936,1.065097,-7.703000,86,IX,45,2
0.390180,11.144800,0.825080,0.017308,0.009151,1.614385,58.224649,0.495774,-6.765661,0.600375,-9.037921,0.835003,-11.629911,1.060413,-7.838314,87,IX,45,2
0.391430,11.144800,0.822800,0.017356,0.008231,1.517934,56.623503,0.496186,-6.713256,0.600788,-9.090292,0.836893,-11.723462,1.064225,-7.735881,88,IX,45,2
0.389630,14.068130,0.759860,0.014888,0.009589,1.561643,57.366491,0.495999,-6.760590,0.601073,-9.130412,0.837558,-11.745124,1.066623,-7.753629,89,IX,45,2
0.392100,14.068130,0.753360,0.015017,0.008108,1.047109,46.318273,0.496090,-6.856664,0.601525,-9.041398,0.837163,-11.761761,1.066842,-7.945623,90,IX,45,2
0.390050,11.144800,0.826680,0.017275,0.008842,1.529002,56.814451,0.496270,-6.854578,0.600354,-9.108145,0.837190,-11.782298,1.065657,-7.771819,91,IX,45,2
0.391350,11.144800,0.826960,0.017269,0.008330,0.917872,42.547965,0.495300,-6.658219,0.600915,-9.097778,0.837904,-11.799090,1.070517,-8.254210,92,IX,45,2
0.389510,11.144800,0.829420,0.017218,0.009327,1.370247,53.878208,0.497624,-6.686101,0.600396,-9.193545,0.837739,-11.834131,1.070384,-7.759017,93,IX,45,2
0.389570,11.144800,0.827420,0.017259,0.009108,1.524170,56.731330,0.495892,-6.745411,0.600271,-9.048662,0.838347,-11.891325,1.072375,-7.733466,94,IX,45,2
0.388640,11.144800,0.832240,0.017159,0.009459,1.377127,54.014740,0.494975,-6.824999,0.600625,-9.103835,0.838922,-11.871290,1.074151,-7.695581,95,IX,45,2
0.390710,11.144800,0.829420,0.017218,0.008232,1.183707,49.808745,0.496295,-6.627897,0.601108,-9.182074,0.839509,-11.933659,1.074121,-7.587357,96,IX,45,2
0.390790,11.144800,0.829100,0.017224,0.008830,1.069932,46.934990,0.496173,-6.775938,0.600711,-9.058120,0.839626,-11.942309,1.072439,-7.799004,97,IX,45,2
0.389800,11.144800,0.830640,0.017192,0.009520,1.078909,47.173735,0.495976,-6.855056,0.601116,-9.081242,0.840732,-12.007226,1.076732,-7.542633,98,IX,45,2
0.391190,11.144800,0.833860,0.017126,0.007732,1.297432,52.376649,0.496565,-6.858956,0.601042,-9.267146,0.842273,-11.986978,1.078246,-7.613915,99,IX,45,2
0.389820,11.144800,0.838560,0.017030,0.008857,1.443940,55.295482,0.497871,-6.896134,0.602220,-9.199082,0.843771,-12.049198,1.080840,-7.630060,100,IX,45,2
0.391570,11.144800,0.829140,0.017223,0.007880,1.209051,50.406029,0.498602,-6.774056,0.603846,-9.108588,0.841564,-12.057158,1.080894,-7.564744,101,IX,45,2
0.392180,11.144800,0.831560,0.017173,0.007958,1.011376,45.324052,0.497664,-6.774651,0.601664,-9.159903,0.842291,-12.002419,1.087164,-7.611112,102,IX,45,2
0.391510,11.144800,0.831180,0.017181,0.007789,1.421240,54.869364,0.498157,-6.784040,0.602778,-9.026207,0.842566,-12.034790,1.080894,-7.630486,103,IX,45,2
0.392950,11.144800,0.831160,0.017182,0.007525,0.934137,43.049680,0.498410,-6.738059,0.603727,-9.035366,0.843863,-12.090153,1.085015,-7.972257,104,IX,45,2
0.390690,11.144800,0.837640,0.017049,0.008427,1.170386,49.488797,0.500672,-6.791689,0.604970,-9.148956,0.845404,-12.183468,1.085102,-7.500402,105,IX,45,2
0.392250,11.144800,0.836820,0.017065,0.007917,1.302777,52.490472,0.501393,-6.765311,0.606564,-9.078532,0.845159,-12.109689,1.086835,-7.521691,106,IX,45,2
0.392200,11.144800,0.832160,0.017161,0.008272,0.990466,44.725573,0.500753,-6.846363,0.606328,-9.103174,0.844768,-12.190626,1.084932,-7.680823,107,IX,45,2
0.391460,11.144800,0.831600,0.017172,0.008335,1.031419,45.886085,0.499964,-6.805371,0.605163,-9.153149,0.843404,-12.216056,1.086744,-7.691521,108,IX,45,2
0.392370,11.144800,0.833220,0.017139,0.008153,1.079566,47.191120,0.501085,-6.923531,0.605582,-9.191229,0.845744,-12.315498,1.087504,-7.566979,109,IX,45,2
0.392630,11.144800,0.834500,0.017113,0.008011,1.005902,45.168576,0.500915,-6.793739,0.606098,-9.164046,0.845846,-12.239734,1.095249,-7.546781,110,IX,45,2
0.394390,11.144800,0.831340,0.017178,0.007083,1.230484,50.899635,0.501362,-6.885554,0.607223,-9.077122,0.845798,-12.224362,1.090994,-7.493738,111,IX,45,2
0.393900,11.144800,0.833800,0.017127,0.007324,1.015556,45.442194,0.501640,-6.778463,0.606643,-9.107102,0.847097,-12.305749,1.090740,-7.564997,112,IX,45,2
0.394220,11.144800,0.834120,0.017121,0.006660,0.933901,43.042429,0.500966,-6.708464,0.606988,-9.112704,0.847810,-12.386576,1.093205,-7.733958,113,IX,45,2
0.393560,11.144800,0.835980,0.017083,0.006623,1.336462,53.194546,0.500875,-6.708102,0.607111,-9.152256,0.847754,-12.272404,1.093593,-7.497939,114,IX,45,2
0.393190,11.144800,0.835900,0.017084,0.007778,1.037866,46.064500,0.501907,-6.774608,0.606346,-9.039897,0.847480,-12.339002,1.093375,-7.503328,115,IX,45,2
0.393430,11.144800,0.837000,0.017062,0.007465,1.271710,51.820507,0.501665,-6.692494,0.607394,-9.184291,0.849093,-12.373887,1.096454,-7.467674,116,IX,45,2
0.394340,11.144800,0.837040,0.017061,0.006807,1.296216,52.350654,0.502534,-6.844820,0.607132,-9.179519,0.848940,-12.342515,1.097978,-7.449923,117,IX,45,2
0.393150,11.144800,0.842880,0.016943,0.007840,1.083918,47.306007,0.503037,-6.719830,0.607355,-9.221579,0.851164,-12.480422,1.097858,-7.403905,118,IX,45,2
0.393820,11.144800,0.835220,0.017098,0.007878,1.182423,49.778107,0.502118,-6.727454,0.607938,-9.061481,0.848046,-12.369301,1.098095,-7.462560,119,IX,45,2
0.393120,11.144800,0.838340,0.017034,0.007759,1.220606,50.673419,0.503616,-6.833520,0.606679,-9.130901,0.848986,-12.369943,1.099335,-7.473171,120,IX,45,2
0.396100,11.144800,0.831560,0.017173,0.006080,1.124676,48.358266,0.503089,-6.795918,0.607658,-9.122003,0.849164,-12.407152,1.098972,-7.489465,121,IX,45,2
0.393860,11.144800,0.841400,0.016972,0.007832,1.289997,52.217323,0.503278,-6.769743,0.608041,-9.086740,0.851144,-12.420863,1.102250,-7.469595,122,IX,45,2
0.394570,11.144800,0.836180,0.017078,0.007333,1.303712,52.510322,0.503635,-6.815752,0.607250,-9.180356,0.849989,-12.447481,1.103000,-7.475711,123,IX,45,2
0.394270,11.144800,0.836480,0.017072,0.007893,1.298327,52.395749,0.502462,-6.771574,0.607345,-9.102042,0.849276,-12.441932,1.102655,-7.462342,124,IX,45,2
0.392800,11.144800,0.835720,0.017088,0.007633,1.423072,54.904099,0.500515,-6.723585,0.604951,-9.112101,0.847641,-12.497974,1.101733,-7.648209,125,IX,45,2
0.393130,11.144800,0.836760,0.017067,0.007212,1.219687,50.652279,0.502765,-6.704735,0.606836,-9.085845,0.848844,-12.539456,1.101966,-7.534210,126,IX,45,2
0.393420,11.144800,0.839140,0.017018,0.007366,1.249401,51.326788,0.502989,-6.647567,0.606967,-9.069569,0.850871,-12.594682,1.103623,-7.507238,127,IX,45,2
0.392930,11.144800,0.836680,0.017068,0.006824,1.167061,49.408281,0.503596,-6.637173,0.607047,-9.141081,0.848651,-12.572812,1.107223,-7.516356,128,IX,45,2
0.394090,11.144800,0.834700,0.017109,0.007083,1.159830,49.232253,0.503820,-6.888950,0.607747,-9.067182,0.849507,-12.605761,1.107329,-7.449788,129,IX,45,2
0.392340,11.144800,0.838000,0.017041,0.007269,0.951848,43.586792,0.503403,-6.762457,0.608324,-9.086944,0.848801,-12.560639,1.111061,-7.875980,130,IX,45,2
0.394490,11.144800,0.837000,0.017062,0.006571,1.341369,53.295220,0.503854,-6.723169,0.607357,-9.051951,0.850035,-12.542630,1.105247,-7.523522,131,IX,45,2
0.394320,11.144800,0.836280,0.017076,0.006760,1.275107,51.894755,0.503407,-6.702008,0.607355,-9.052551,0.849909,-12.643958,1.107397,-7.542380,132,IX,45,2
0.395170,11.144800,0.837020,0.017061,0.006011,1.176825,49.643978,0.502379,-6.649000,0.608683,-9.083167,0.850954,-12.676419,1.110605,-7.417648,133,IX,45,2
0.394010,11.144800,0.839340,0.017014,0.006172,1.002079,45.059484,0.504141,-6.703817,0.608754,-9.042181,0.851587,-12.759347,1.110357,-7.582863,134,IX,45,2
0.395900,11.144800,0.833660,0.017130,0.005649,0.990448,44.725047,0.504554,-6.812036,0.608065,-9.097215,0.851951,-12.784901,1.114839,-7.373385,135,IX,45,2
0.396730,11.144800,0.830480,0.017196,0.005307,1.230195,50.893064,0.504480,-6.735592,0.608992,-9.105282,0.850623,-12.635469,1.111929,-7.444240,136,IX,45,2
0.393930,11.144800,0.839100,0.017019,0.006197,1.351899,53.509665,0.504185,-6.594251,0.607979,-9.145619,0.851779,-12.661322,1.111936,-7.505791,137,IX,45,2
0.393770,11.144800,0.841080,0.016979,0.007853,1.310577,52.655554,0.502724,-6.696430,0.608304,-9.092005,0.852114,-12.668584,1.111492,-7.469744,138,IX,45,2
0.395470,11.144800,0.839160,0.017018,0.005477,0.961425,43.873326,0.504983,-6.709177,0.609426,-9.102201,0.853826,-12.780330,1.113216,-7.547364,139,IX,45,2
0.396410,8.817720,0.912700,0.019776,0.005346,0.979496,44.406532,0.506148,-6.755785,0.609322,-9.067160,0.853524,-12.786859,1.120615,-7.339584,140,IX,45,2
0.394450,11.144800,0.842480,0.016951,0.006023,1.214139,50.524133,0.505364,-6.701030,0.610022,-9.037848,0.854643,-12.793064,1.117302,-7.432527,141,IX,45,2
0.395270,11.144800,0.839960,0.017002,0.005788,1.282769,52.061312,0.504302,-6.575315,0.609760,-9.061547,0.854161,-12.720529,1.116201,-7.470511,142,IX,45,2
0.395700,11.144800,0.837960,0.017042,0.006732,1.253463,51.417498,0.505511,-6.739831,0.608827,-9.093150,0.853613,-12.749752,1.116468,-7.428040,143,IX,45,2
0.394950,11.144800,0.844360,0.016913,0.006703,1.287353,52.160378,0.505566,-6.624516,0.609230,-9.112080,0.855137,-12.753318,1.119939,-7.468808,144,IX,45,2
0.396200,11.144800,0.844320,0.016914,0.005856,1.222729,50.722235,0.506182,-6.762249,0.611163,-9.142416,0.856821,-12.794234,1.121504,-7.447105,145,IX,45,2
0.396860,11.144800,0.837600,0.017049,0.005845,0.993037,44.799826,0.506728,-6.760947,0.610077,-9.176700,0.854966,-12.846884,1.121286,-7.317103,146,IX,45,2
0.395510,11.144800,0.838560,0.017030,0.006221,1.025180,45.712358,0.506028,-6.675556,0.610815,-9.087853,0.855125,-12.903533,1.121894,-7.357083,147,IX,45,2
0.395990,8.817720,0.916820,0.019687,0.004879,1.201023,50.218448,0.506115,-6.755724,0.611065,-9.040185,0.855890,-12.798176,1.122371,-7.387999,148,IX,45,2
0.396770,11.144800,0.835260,0.017097,0.005849,0.981432,44.463096,0.507092,-6.673991,0.610391,-9.097365,0.854611,-12.931295,1.120248,-7.461209,149,IX,45,2
0.395820,8.817720,0.917400,0.019675,0.006052,0.996294,44.893629,0.507477,-6.779975,0.610439,-9.139819,0.855953,-12.894031,1.131048,-7.369082,150,IX,45,2
0.395810,11.144800,0.844480,0.016911,0.005416,0.948693,43.491811,0.507548,-6.681847,0.611178,-9.108937,0.857577,-12.968216,1.125126,-7.438377,151,IX,45,2
0.396190,11.144800,0.840140,0.016998,0.005232,1.068371,46.893263,0.508274,-6.730070,0.611628,-9.094722,0.855890,-12.905552,1.127505,-7.271725,152,IX,45,2
0.396230,8.817720,0.920520,0.019608,0.005003,0.990423,44.724308,0.507333,-6.786603,0.611919,-9.142342,0.857336,-12.995752,1.127416,-7.269792,153,IX,45,2
0.396960,11.144800,0.841040,0.016980,0.005176,1.212749,50.491934,0.508044,-6.732255,0.612378,-9.053671,0.857299,-12.965212,1.129765,-7.336119,154,IX,45,2
0.395540,11.144800,0.843340,0.016933,0.005939,0.981702,44.470989,0.509317,-6.755905,0.612532,-9.141211,0.858036,-13.056657,1.128877,-7.255661,155,IX,45,2
0.396010,11.144800,0.840960,0.016981,0.005368,1.014327,45.407517,0.508078,-6.821844,0.612359,-9.057795,0.857098,-13.051502,1.131807,-7.245552,156,IX,45,2
0.396720,11.144800,0.842660,0.016947,0.004804,1.009346,45.266498,0.509449,-6.816078,0.613079,-9.084762,0.859230,-13.023768,1.132306,-7.258957,157,IX,45,2
0.394830,11.144800,0.851320,0.016775,0.005888,1.155499,49.126196,0.508422,-6.756168,0.614080,-9.149286,0.860536,-13.069274,1.136341,-7.295875,158,IX,45,2
0.397300,11.144800,0.840200,0.016997,0.004604,1.199382,50.179907,0.509565,-6.766362,0.612392,-9.032063,0.857964,-12.957625,1.135426,-7.295692,159,IX,45,2
0.396820,11.144800,0.844640,0.016907,0.005256,0.991634,44.759334,0.508653,-6.703406,0.612277,-9.172892,0.858833,-12.980462,1.135675,-7.457340,160,IX,45,2
0.398130,11.144800,0.840200,0.016997,0.004211,0.957140,43.745461,0.509524,-6.698021,0.613838,-9.004065,0.859117,-13.025380,1.133753,-7.230319,161,IX,45,2
0.396050,11.144800,0.844420,0.016912,0.004171,0.999881,44.996584,0.508994,-6.756620,0.612797,-9.062596,0.859363,-13.143203,1.136886,-7.211710,162,IX,45,2
0.395520,11.144800,0.853560,0.016731,0.004343,1.099112,47.703280,0.509172,-6.741230,0.612932,-9.080040,0.861398,-13.020425,1.138644,-7.249335,163,IX,45,2
0.395060,11.144800,0.851140,0.016778,0.003891,1.022126,45.626894,0.507585,-6.742607,0.614277,-9.050498,0.860984,-13.115491,1.138799,-7.220688,164,IX,45,2
0.396870,11.144800,0.845320,0.016894,0.004587,0.980862,44.446461,0.510183,-6.785406,0.614377,-9.022390,0.860860,-13.114122,1.137557,-7.246430,165,IX,45,2
0.395450,11.144800,0.847560,0.016849,0.005289,1.097129,47.651781,0.509641,-6.637317,0.614035,-9.034629,0.860331,-13.132330,1.139060,-7.261618,166,IX,45,2
0.397320,8.817720,0.924460,0.019524,0.003123,1.145129,48.870464,0.508071,-6.658119,0.614334,-9.080512,0.861412,-13.107397,1.141122,-7.238337,167,IX,45,2
0.398230,8.817720,0.926060,0.019491,0.003905,1.154112,49.092137,0.509250,-6.665976,0.614987,-9.045968,0.861954,-13.134580,1.144717,-7.202027,168,IX,45,2
0.396270,8.817720,0.930000,0.019408,0.003949,0.936442,43.120102,0.508932,-6.732179,0.613568,-9.143664,0.862725,-13.160814,1.143262,-7.155714,169,IX,45,2
0.396530,11.144800,0.849220,0.016816,0.004030,0.930946,42.951875,0.507970,-6.715603,0.613333,-9.018616,0.862453,-13.215760,1.141746,-7.199895,170,IX,45,2
0.395960,11.144800,0.851280,0.016775,0.005153,1.141279,48.774824,0.510581,-6.715182,0.613765,-9.018712,0.861692,-13.143125,1.143933,-7.240680,171,IX,45,2
0.396220,8.817720,0.927960,0.019451,0.004522,1.109767,47.978306,0.510121,-6.718147,0.613937,-9.089632,0.861699,-13.198748,1.145585,-7.127373,172,IX,45,2
0.396760,11.144800,0.846380,0.016873,0.003841,1.001877,45.053710,0.510017,-6.739470,0.614261,-8.945807,0.861839,-13.294998,1.145319,-7.065295,173,IX,45,2
0.396500,11.144800,0.854320,0.016716,0.004531,0.946026,43.411283,0.510537,-6.585195,0.614062,-9.046298,0.864563,-13.253481,1.147772,-7.315071,174,IX,45,2
0.395870,8.817720,0.934560,0.019313,0.004056,1.118989,48.214004,0.510522,-6.673212,0.614131,-9.067377,0.864613,-13.176826,1.151620,-7.076023,175,IX,45,2
0.397960,11.144800,0.850780,0.016785,0.003602,1.053506,46.492563,0.510398,-6.689247,0.614755,-9.075570,0.864571,-13.205004,1.149568,-7.184880,176,IX,45,2
0.396220,8.817720,0.932020,0.019366,0.003026,1.016585,45.471193,0.510866,-6.710896,0.614490,-9.003236,0.863481,-13.269012,1.148987,-7.060191,177,IX,45,2
0.397270,8.817720,0.932320,0.019360,0.003078,1.032638,45.919922,0.510353,-6.708204,0.614782,-9.023249,0.864541,-13.181467,1.149209,-7.207452,178,IX,45,2
0.397090,8.817720,0.933000,0.019346,0.003126,1.039222,46.101892,0.510453,-6.645406,0.614480,-9.026188,0.865333,-13.213705,1.150920,-7.171294,179,IX,45,2
0.397110,11.144800,0.852220,0.016757,0.004340,0.883940,41.474744,0.511632,-6.667989,0.615525,-9.084517,0.865702,-13.390283,1.151437,-7.096597,180,IX,45,2
0.396870,8.817720,0.936220,0.019279,0.002893,0.964905,43.976756,0.511072,-6.795784,0.615978,-9.077727,0.865633,-13.399167,1.154478,-7.168629,181,IX,45,2
0.396830,8.817720,0.936280,0.019278,0.002570,0.878700,41.305778,0.511699,-6.688298,0.616637,-8.977673,0.865760,-13.331039,1.152911,-7.072470,182,IX,45,2
0.396730,11.144800,0.850400,0.016793,0.004073,0.912288,42.373834,0.512098,-6.701456,0.615827,-9.040038,0.865081,-13.357686,1.152739,-7.253791,183,IX,45,2
0.398880,11.144800,0.851520,0.016771,0.002691,0.956601,43.729342,0.512061,-6.661345,0.616904,-8.920083,0.867150,-13.346287,1.154694,-7.146136,184,IX,45,2
0.398150,8.817720,0.933640,0.019332,0.003025,0.880086,41.350561,0.512465,-6.769770,0.616771,-9.033254,0.866224,-13.440192,1.156925,-6.967653,185,IX,45,2
0.396630,8.817720,0.935100,0.019302,0.003183,0.996429,44.897510,0.512964,-6.618662,0.616461,-9.118841,0.865904,-13.335420,1.159333,-6.972712,186,IX,45,2
0.397850,8.817720,0.935300,0.019298,0.002756,0.965642,43.998624,0.513032,-6.678620,0.617749,-9.012584,0.866906,-13.409213,1.158076,-7.136837,187,IX,45,2
0.397470,8.817720,0.936940,0.019264,0.003470,0.915713,42.480727,0.512775,-6.682155,0.617218,-9.038088,0.866885,-13.414246,1.158674,-7.091533,188,IX,45,2
0.398160,8.817720,0.936160,0.019280,0.002438,1.047604,46.331814,0.511821,-6.664877,0.618143,-8.946752,0.868011,-13.456923,1.161209,-7.117905,189,IX,45,2
0.397940,8.817720,0.934500,0.019315,0.003111,0.879059,41.317375,0.513119,-6.731332,0.617957,-9.085599,0.866903,-13.476618,1.159823,-6.967123,190,IX,45,2
0.398590,8.817720,0.935700,0.019290,0.002529,1.093631,47.560666,0.512917,-6.766992,0.617047,-9.087675,0.868111,-13.429314,1.164942,-7.081081,191,IX,45,2
0.398210,8.817720,0.934940,0.019305,0.002281,1.027416,45.774730,0.512882,-6.770852,0.617881,-9.072850,0.868442,-13.438639,1.164596,-7.085374,192,IX,45,2
0.398110,8.817720,0.936140,0.019281,0.002743,1.036096,46.015646,0.513418,-6.734245,0.618832,-9.110802,0.868820,-13.486595,1.166775,-7.103156,193,IX,45,2
0.397620,8.817720,0.936540,0.019272,0.001112,1.064703,46.794924,0.513315,-6.670743,0.618368,-9.036844,0.867622,-13.468628,1.165230,-7.072512,194,IX,45,2
0.398280,8.817720,0.935020,0.019304,0.002429,1.023885,45.676145,0.513719,-6.590844,0.617962,-9.100811,0.869036,-13.515928,1.170335,-7.128315,195,IX,45,2
0.398460,8.817720,0.936860,0.019266,0.002893,1.057113,46.590340,0.513216,-6.654750,0.619403,-9.117414,0.868939,-13.467429,1.168577,-7.072155,196,IX,45,2
0.399350,8.817720,0.936500,0.019273,0.001878,0.868717,40.981391,0.514659,-6.726362,0.620153,-9.045815,0.870126,-13.625749,1.167867,-7.019115,197,IX,45,2
0.397840,8.817720,0.937920,0.019244,0.002163,1.054461,46.518472,0.514897,-6.606520,0.620404,-9.019052,0.869115,-13.554641,1.172605,-6.940653,198,IX,45,2
0.399210,8.817720,0.934620,0.019312,0.001925,1.027806,45.785623,0.514085,-6.720139,0.620593,-9.086936,0.869127,-13.495783,1.170245,-6.940967,199,IX,45,2
0.399570,8.817720,0.932780,0.019350,0.002162,0.991962,44.768810,0.515105,-6.728706,0.618597,-9.011784,0.868768,-13.526711,1.169620,-6.940766,200,IX,45,2
0.400050,8.817720,0.930520,0.019397,0.001997,1.070954,46.962271,0.514116,-6.620624,0.618775,-9.032592,0.868085,-13.529039,1.169648,-6.994765,201,IX,45,2
0.400000,8.817720,0.933780,0.019329,0.000564,0.967844,44.063837,0.515733,-6.706299,0.619243,-8.989696,0.868707,-13.605167,1.170398,-6.971617,202,IX,45,2
0.399140,8.817720,0.936060,0.019282,0.002806,0.885106,41.512234,0.515585,-6.727801,0.620169,-8.998679,0.869305,-13.587037,1.172248,-6.922367,203,IX,45,2
0.398970,8.817720,0.940700,0.019187,0.001791,0.908714,42.261863,0.515993,-6.759803,0.620347,-9.046034,0.871339,-13.632328,1.171628,-6.981305,204,IX,45,2
0.399310,8.817720,0.936360,0.019276,0.002756,0.962620,43.908882,0.515748,-6.745688,0.620002,-9.095418,0.869876,-13.542364,1.174998,-6.973120,205,IX,45,2
0.399580,8.817720,0.935740,0.019289,0.002460,0.991137,44.744965,0.514788,-6.721283,0.620828,-8.958672,0.870631,-13.546004,1.176616,-7.172896,206,IX,45,2
0.400170,8.817720,0.938640,0.019229,0.000831,0.967824,44.063240,0.515098,-6.674125,0.621360,-9.015403,0.870856,-13.614512,1.173540,-7.064152,207,IX,45,2
0.399310,8.817720,0.935420,0.019296,0.001336,0.959446,43.814345,0.516901,-6.643569,0.622306,-8.943574,0.869525,-13.714446,1.176058,-6.938678,208,IX,45,2
0.400250,8.817720,0.937600,0.019251,0.001777,0.953336,43.631493,0.515217,-6.752024,0.621546,-8.953102,0.870625,-13.726649,1.178424,-6.919106,209,IX,45,2
0.399990,8.817720,0.940380,0.019194,0.000875,1.007172,45.204737,0.516435,-6.658111,0.620942,-8.994749,0.872924,-13.765908,1.178886,-7.049621,210,IX,45,2
0.400780,11.144800,0.856040,0.016682,0.000730,0.930522,42.938862,0.517108,-6.473865,0.621004,-8.955965,0.873064,-13.674734,1.176534,-7.073537,211,IX,45,2
0.402150,11.144800,0.849740,0.016806,0.000239,0.965908,44.006493,0.516997,-6.625531,0.621356,-8.995104,0.872142,-13.773708,1.177530,-7.063225,212,IX,45,2
0.400620,8.817720,0.940520,0.019191,0.000537,0.856491,40.579742,0.517263,-6.603840,0.622333,-8.996208,0.872158,-13.733750,1.177652,-6.951414,213,IX,45,2
0.401580,8.817720,0.937240,0.019258,0.000606,0.969681,44.118130,0.516755,-6.633947,0.622689,-9.092804,0.873239,-13.751187,1.181405,-7.148938,214,IX,45,2
0.401100,8.817720,0.938200,0.019238,0.000299,0.926524,42.815832,0.517339,-6.653424,0.623021,-9.008732,0.872363,-13.780098,1.182040,-6.921869,215,IX,45,2
0.402210,8.817720,0.935780,0.019288,0.001017,1.060310,46.676703,0.517437,-6.743859,0.622008,-8.947842,0.873526,-13.723462,1.186378,-6.931122,216,IX,45,2
0.401620,8.817720,0.938300,0.019236,0.000927,1.057163,46.591676,0.518198,-6.615296,0.622791,-9.083714,0.873638,-13.754161,1.184973,-6.969319,217,IX,45,2
0.403140,8.817720,0.933760,0.019330,0.000599,0.964596,43.967596,0.517907,-6.581073,0.622286,-8.949366,0.873327,-13.806406,1.182697,-6.871223,218,IX,45,2
0.401170,8.817720,0.939140,0.019219,0.000771,0.927084,42.833092,0.517250,-6.678456,0.623485,-8.952892,0.872843,-13.783400,1.182699,-6.898686,219,IX,45,2
0.403130,8.817720,0.939160,0.019219,0.000315,0.891853,41.728265,0.518926,-6.638195,0.623454,-9.032328,0.874278,-13.820758,1.185681,-6.959941,220,IX,45,2
0.402160,8.817720,0.941080,0.019180,0.001246,0.854147,40.502203,0.519433,-6.808568,0.622981,-8.984521,0.875000,-13.856072,1.184819,-6.942550,221,IX,45,2
0.403030,8.817720,0.941020,0.019181,0.000138,0.852915,40.461355,0.520237,-6.628475,0.622727,-9.064471,0.875546,-13.846493,1.186865,-6.949498,222,IX,45,2
0.402890,8.817720,0.940680,0.019188,0.000000,0.885213,41.515686,0.518587,-6.634418,0.623372,-9.004539,0.875518,-13.868182,1.186630,-7.016272,223,IX,45,2
0.402490,8.817720,0.939580,0.019210,0.000668,1.022513,45.637741,0.518862,-6.655559,0.623731,-8.982345,0.875637,-13.790102,1.189451,-6.996641,224,IX,45,2
0.403060,8.817720,0.940460,0.019192,0.000000,1.004034,45.115335,0.519240,-6.679967,0.624027,-9.021201,0.875633,-13.787908,1.190159,-7.062300,225,IX,45,2
0.401820,8.817720,0.942700,0.019147,0.001568,0.855233,40.538164,0.520185,-6.682412,0.623939,-8.946374,0.876100,-13.886929,1.191043,-6.894585,226,IX,45,2
0.402610,8.817720,0.941700,0.019167,0.000000,0.980198,44.427068,0.519334,-6.786788,0.624539,-9.073817,0.876785,-13.850256,1.195203,-7.098216,227,IX,45,2
0.403410,8.817720,0.941660,0.019168,0.000356,0.858827,40.656858,0.521169,-6.804369,0.624842,-9.014454,0.876672,-13.936859,1.193418,-6.931892,228,IX,45,2
0.402150,8.817720,0.943420,0.019132,0.000000,1.030721,45.866714,0.521424,-6.691806,0.625769,-9.041449,0.877465,-13.829799,1.197483,-6.982512,229,IX,45,2
0.404600,8.817720,0.935860,0.019286,0.000000,0.985101,44.569986,0.520404,-6.565384,0.624078,-9.002697,0.875053,-13.895863,1.194866,-6.838465,230,IX,45,2
0.403160,8.817720,0.942460,0.019151,0.000757,0.991300,44.749690,0.520698,-6.721157,0.624650,-9.005275,0.877740,-13.887433,1.195642,-7.024240,231,IX,45,2
0.403480,8.817720,0.940600,0.019189,0.000000,1.052570,46.467134,0.521274,-6.801049,0.626553,-9.039917,0.877256,-13.882770,1.200439,-6.864874,232,IX,45,2
0.403020,8.817720,0.942800,0.019145,0.000397,0.953820,43.646011,0.522430,-6.686108,0.625691,-9.070247,0.877884,-13.964958,1.199331,-6.828700,233,IX,45,2
0.404530,8.817720,0.943060,0.019139,0.000000,0.868049,40.959589,0.522199,-6.743304,0.626813,-9.047097,0.878070,-14.017588,1.200916,-6.840637,234,IX,45,2
0.403170,8.817720,0.944220,0.019116,0.000000,0.993835,44.822837,0.522435,-6.753378,0.628112,-8.964131,0.878922,-14.012091,1.203926,-6.791853,235,IX,45,2
0.403420,8.817720,0.941840,0.019164,0.000000,0.964459,43.963516,0.522449,-6.713258,0.627248,-9.035549,0.876931,-14.033257,1.201431,-6.826127,236,IX,45,2
0.403810,6.975450,1.033900,0.022068,0.000000,1.033363,45.940010,0.523408,-6.674464,0.627997,-8.994800,0.879236,-13.907634,1.203907,-6.949382,237,IX,45,2
0.403750,8.817720,0.947020,0.019059,0.000000,0.863258,40.802657,0.521687,-6.566098,0.628178,-9.034470,0.880561,-14.017121,1.201391,-6.915545,238,IX,45,2
0.404510,8.817720,0.943960,0.019121,0.000000,1.052713,46.471009,0.523479,-6.633574,0.628156,-8.980182,0.879763,-14.002852,1.207759,-6.839912,239,IX,45,2
0.402790,8.817720,0.948220,0.019035,0.000000,0.947760,43.463675,0.522773,-6.633386,0.628555,-8.930700,0.880485,-14.096890,1.206802,-6.801735,240,IX,45,2
0.403620,8.817720,0.950080,0.018998,0.000000,0.903537,42.098979,0.522247,-6.635145,0.628104,-8.933139,0.881746,-14.025316,1.204682,-6.953242,241,IX,45,2
0.403740,8.817720,0.947300,0.019054,0.000000,0.896077,41.862797,0.523049,-6.660639,0.627018,-9.013028,0.880625,-14.069897,1.202921,-7.000182,242,IX,45,2
0.404010,8.817720,0.946580,0.019068,0.000000,0.876627,41.238667,0.522980,-6.624471,0.628353,-8.927790,0.879882,-14.092232,1.205185,-6.830228,243,IX,45,2
0.403930,8.817720,0.948060,0.019038,0.000000,0.990759,44.734050,0.523148,-6.702415,0.628287,-9.021076,0.881032,-14.027366,1.209793,-7.008379,244,IX,45,2
0.405660,8.817720,0.947220,0.019055,0.000000,0.902929,42.079802,0.523682,-6.759549,0.629145,-9.004652,0.882815,-14.117781,1.208954,-7.015726,245,IX,45,2
0.404340,8.817720,0.952860,0.018942,0.000000,0.946426,43.423377,0.524063,-6.746977,0.629295,-8.856722,0.884050,-14.107127,1.210747,-6.943864,246,IX,45,2
0.403710,8.817720,0.950280,0.018994,0.000000,0.999863,44.996078,0.524266,-6.694490,0.629340,-9.020359,0.882346,-14.031820,1.210622,-6.954001,247,IX,45,2
0.404910,8.817720,0.945880,0.019082,0.000000,1.033398,45.940986,0.522683,-6.644523,0.629264,-9.043954,0.881743,-14.048196,1.212324,-6.810888,248,IX,45,2
0.405030,8.817720,0.949520,0.019009,0.000000,0.986584,44.613067,0.523518,-6.662486,0.629296,-8.873316,0.883636,-14.022378,1.212460,-6.985339,249,IX,45,2
0.404540,6.975450,1.042960,0.021877,0.000000,1.056464,46.572769,0.525853,-6.713499,0.629806,-8.943625,0.883924,-14.104389,1.215669,-6.897623,250,IX,45,2
0.405630,8.817720,0.951880,0.018962,0.000000,0.869551,41.008628,0.524147,-6.697158,0.630147,-8.952751,0.885199,-14.227879,1.213079,-6.904563,251,IX,45,2
0.403570,8.817720,0.954060,0.018919,0.000000,0.905969,42.175615,0.525414,-6.643516,0.629828,-9.028588,0.883157,-14.206790,1.214069,-6.794012,252,IX,45,2
0.404640,8.817720,0.952460,0.018950,0.000000,1.055880,46.556951,0.525094,-6.629384,0.630615,-8.967733,0.883722,-14.130489,1.216134,-6.889310,253,IX,45,2
0.404550,6.975450,1.036060,0.022022,0.000000,1.021008,45.595554,0.525884,-6.573252,0.630324,-9.008040,0.883946,-14.107666,1.216420,-6.931283,254,IX,45,2
0.404140,8.817720,0.956460,0.018871,0.000000,0.917767,42.544671,0.525208,-6.610514,0.629892,-8.974537,0.885414,-14.120612,1.214852,-6.947872,255,IX,45,2
0.405390,8.817720,0.956020,0.018880,0.000000,0.888945,41.635325,0.524297,-6.682922,0.632104,-9.003086,0.885859,-14.198122,1.218005,-6.903042,256,IX,45,2
0.405420,8.817720,0.954180,0.018916,0.000000,0.979891,44.418097,0.525801,-6.716630,0.631272,-8.934497,0.886025,-14.272993,1.221036,-6.925725,257,IX,45,2
0.405310,8.817720,0.951340,0.018973,0.000000,0.972426,44.199086,0.526115,-6.614284,0.632011,-8.967337,0.884444,-14.231541,1.222988,-6.743648,258,IX,45,2
0.405640,8.817720,0.953460,0.018930,0.000000,0.908331,42.249829,0.525532,-6.658655,0.631416,-8.939524,0.885615,-14.259225,1.220151,-6.923881,259,IX,45,2
0.403810,8.817720,0.952040,0.018959,0.000000,1.042872,46.202251,0.525777,-6.650073,0.631394,-9.007837,0.884823,-14.146195,1.222026,-6.810448,260,IX,45,2
0.407420,6.975450,1.038560,0.021969,0.000000,1.021280,45.603175,0.526802,-6.652460,0.633074,-8.975597,0.884751,-14.168631,1.224028,-6.902510,261,IX,45,2
0.407250,6.975450,1.039180,0.021956,0.000000,1.045109,46.263564,0.526882,-6.568477,0.632844,-9.002623,0.885301,-14.236469,1.225444,-6.860866,262,IX,45,2
0.406400,8.817720,0.949220,0.019015,0.000000,0.936544,43.123233,0.527584,-6.667149,0.632771,-8.924316,0.884287,-14.228625,1.225052,-6.722984,263,IX,45,2
0.405730,8.817720,0.956160,0.018877,0.000000,0.869927,41.020900,0.528120,-6.643771,0.632751,-8.882816,0.886566,-14.327230,1.225356,-6.873587,264,IX,45,2
0.407310,8.817720,0.951960,0.018960,0.000000,0.847230,40.272259,0.527992,-6.605238,0.633397,-8.963810,0.886022,-14.365834,1.224960,-6.844598,265,IX,45,2
0.406360,8.817720,0.954220,0.018915,0.000000,0.879893,41.344315,0.526796,-6.665756,0.634082,-8.941664,0.886894,-14.290425,1.224502,-6.919619,266,IX,45,2
0.405590,8.817720,0.952320,0.018953,0.000000,1.018701,45.530754,0.527282,-6.605159,0.633379,-8.887444,0.885792,-14.309210,1.228896,-6.776067,267,IX,45,2
0.408420,6.975450,1.044760,0.021839,0.000000,1.041469,46.163707,0.531130,-6.674590,0.636604,-8.854637,0.888411,-14.180775,1.230363,-6.813608,268,IX,45,2
0.409310,6.975450,1.041980,0.021897,0.000000,1.044694,46.252198,0.530218,-6.612030,0.635311,-8.905678,0.888381,-14.208941,1.231570,-6.886527,269,IX,45,2
0.408020,6.975450,1.044900,0.021836,0.000000,1.055839,46.555843,0.530046,-6.741447,0.635562,-8.967061,0.887875,-14.256335,1.232467,-6.871821,270,IX,45,2
0.407810,8.817720,0.950880,0.018982,0.000000,1.053255,46.485729,0.530477,-6.608649,0.635248,-8.893865,0.887668,-14.180796,1.233044,-6.822555,271,IX,45,2
0.407530,6.975450,1.037740,0.021987,0.000000,0.994632,44.845804,0.527411,-6.678940,0.633832,-8.882366,0.887021,-14.300532,1.228419,-6.898624,272,IX,45,2
0.405470,8.817720,0.953720,0.018925,0.000000,0.905160,42.150129,0.528456,-6.586906,0.634169,-8.964098,0.885950,-14.321318,1.228618,-6.791263,273,IX,45,2
0.406520,8.817720,0.948100,0.019037,0.000000,1.041856,46.174330,0.528795,-6.713777,0.633657,-8.948701,0.885450,-14.326642,1.234286,-6.794215,274,IX,45,2
0.405910,8.817720,0.953500,0.018930,0.000000,0.880472,41.362999,0.529626,-6.774664,0.634120,-8.877671,0.887310,-14.488935,1.232011,-6.942627,275,IX,45,2
0.406210,6.975450,1.043760,0.021860,0.000000,1.031230,45.880839,0.528845,-6.690694,0.632994,-8.920091,0.886364,-14.323200,1.233572,-6.885339,276,IX,45,2
0.405720,8.817720,0.954820,0.018904,0.000000,0.894357,41.808093,0.528793,-6.792508,0.633408,-8.903387,0.887116,-14.507031,1.232500,-6.900733,277,IX,45,2
0.406320,8.817720,0.950340,0.018993,0.000000,0.850063,40.366638,0.527572,-6.681563,0.632338,-8.952474,0.885239,-14.422812,1.230991,-6.835215,278,IX,45,2
0.405110,8.817720,0.948820,0.019023,0.000000,0.944662,43.369997,0.527269,-6.707959,0.633440,-8.929937,0.884508,-14.478593,1.234413,-6.763714,279,IX,45,2
0.406700,6.975450,1.045180,0.021830,0.000000,1.051654,46.442205,0.528652,-6.612260,0.633093,-8.921018,0.888300,-14.437152,1.237821,-6.854128,280,IX,45,2
0.406210,6.975450,1.042160,0.021893,0.000000,1.024611,45.696461,0.528742,-6.691938,0.632821,-8.960064,0.888094,-14.436354,1.239765,-6.902628,281,IX,45,2
0.406030,6.975450,1.042840,0.021879,0.000000,0.995168,44.861225,0.527292,-6.616898,0.633370,-8.958622,0.888105,-14.463484,1.239891,-6.886678,282,IX,45,2
0.408110,8.817720,0.946560,0.019068,0.000000,0.975609,44.292668,0.529176,-6.639094,0.633700,-8.955711,0.885920,-14.447551,1.239233,-6.742451,283,IX,45,2
0.400470,8.817720,0.953900,0.018922,0.000000,1.044126,46.236628,0.523257,-6.849139,0.626141,-9.008003,0.882117,-14.522861,1.233365,-6.924939,284,IX,45,2
0.396160,8.817720,0.953500,0.018930,0.000000,0.878976,41.314689,0.519689,-6.823040,0.623893,-8.964684,0.877239,-14.665629,1.226542,-6.903676,285,IX,45,2
0.398430,8.817720,0.948380,0.019032,0.000000,0.920116,42.617656,0.519614,-6.863688,0.623878,-9.100029,0.877237,-14.684462,1.232778,-6.820290,286,IX,45,2
0.395890,8.817720,0.952560,0.018948,0.000000,0.992279,44.777951,0.519184,-6.836692,0.624090,-9.071075,0.876894,-14.624374,1.233658,-6.799004,287,IX,45,2
0.395150,6.975450,1.054840,0.021630,0.000000,1.004564,45.130450,0.518783,-6.782023,0.624147,-9.113680,0.877850,-14.678432,1.235052,-6.796057,288,IX,45,2
0.396180,8.817720,0.955900,0.018882,0.000000,0.862919,40.791521,0.519832,-6.862283,0.623489,-9.084961,0.878259,-14.768557,1.230508,-6.897373,289,IX,45,2
0.396120,6.975450,1.047340,0.021785,0.000000,1.052902,46.476160,0.518256,-6.876284,0.623173,-9.092864,0.877887,-14.632216,1.233505,-6.899772,290,IX,45,2
0.394820,8.817720,0.953080,0.018938,0.000000,0.945926,43.408244,0.518134,-6.910144,0.623310,-9.140853,0.875159,-14.727659,1.235499,-6.807595,291,IX,45,2
0.394410,6.975450,1.050520,0.021719,0.000000,1.054723,46.525576,0.518248,-6.877186,0.622956,-9.093758,0.876576,-14.699515,1.235867,-6.912869,292,IX,45,2
0.393930,6.975450,1.051520,0.021699,0.000000,1.054305,46.514250,0.518378,-6.871146,0.623627,-9.049122,0.876233,-14.722045,1.238513,-6.887954,293,IX,45,2
0.394120,8.817720,0.952120,0.018957,0.000000,0.933880,43.041802,0.517888,-6.843677,0.623620,-9.238582,0.875458,-14.823220,1.238938,-6.861490,294,IX,45,2
0.395080,6.975450,1.044140,0.021852,0.000000,1.024662,45.697874,0.517111,-6.900772,0.623168,-9.153840,0.876740,-14.776762,1.237036,-6.980573,295,IX,45,2
0.395420,6.975450,1.041020,0.021917,0.000000,1.023613,45.668526,0.518764,-6.786253,0.621898,-9.074032,0.877869,-14.780320,1.237262,-6.987200,296,IX,45,2
0.397070,8.817720,0.950660,0.018986,0.000000,0.878214,41.290063,0.519524,-6.926975,0.622671,-9.111681,0.877328,-14.818232,1.237871,-6.946815,297,IX,45,2
0.393950,6.975450,1.050220,0.021725,0.000000,1.051963,46.450617,0.519101,-6.839320,0.622259,-9.191257,0.876562,-14.797792,1.240396,-6.941549,298,IX,45,2
0.393400,8.817720,0.958560,0.018830,0.000000,0.856782,40.589365,0.519768,-6.856079,0.623702,-9.208195,0.877382,-14.855985,1.238755,-6.884078,299,IX,45,2
0.394380,8.817720,0.954800,0.018904,0.000000,0.945337,43.390455,0.517321,-6.884527,0.624153,-9.098740,0.876715,-14.813958,1.241163,-6.854869,300,IX,45,2
0.393630,6.975450,1.049960,0.021731,0.000000,1.040324,46.132223,0.518793,-6.872366,0.623581,-9.131993,0.877043,-14.798047,1.244389,-6.934685,301,IX,45,2
0.394200,6.975450,1.043600,0.021863,0.000000,0.972833,44.211048,0.518059,-6.883319,0.623545,-9.101608,0.877593,-14.899824,1.243853,-6.963087,302,IX,45,2
0.393770,6.975450,1.054980,0.021627,0.000000,0.975736,44.296393,0.520219,-6.883692,0.622992,-9.095524,0.875991,-14.843002,1.242960,-6.817491,303,IX,45,2
0.393880,6.975450,1.048740,0.021756,0.000000,0.963934,43.947917,0.519031,-6.869843,0.623202,-9.121045,0.878982,-14.864387,1.242272,-6.981151,304,IX,45,2
0.393790,6.975450,1.052160,0.021685,0.000000,1.033812,45.952446,0.519046,-6.844798,0.623506,-9.156749,0.878643,-14.858201,1.246766,-6.960888,305,IX,45,2
0.393880,6.975450,1.055880,0.021609,0.000000,0.963815,43.944402,0.517913,-6.988463,0.625434,-9.048833,0.877864,-14.818273,1.250037,-6.989093,306,IX,45,2
0.393200,6.975450,1.055980,0.021607,0.000000,1.067396,46.867147,0.519579,-6.934567,0.625237,-9.075565,0.878150,-14.866378,1.249777,-6.917882,307,IX,45,2
0.392810,6.975450,1.054000,0.021647,0.000000,1.054619,46.522753,0.519577,-6.926509,0.623565,-9.077082,0.879147,-14.849774,1.248338,-6.952025,308,IX,45,2
0.393300,8.817720,0.958280,0.018835,0.000000,0.864460,40.842119,0.518730,-6.893384,0.623889,-9.168614,0.878313,-15.009664,1.246253,-6.996045,309,IX,45,2
0.390940,8.817720,0.961860,0.018765,0.000000,0.914338,42.437868,0.519189,-6.810009,0.623539,-9.111315,0.877671,-14.958205,1.242501,-6.913868,310,IX,45,2
1.532300,17.796130,0.647940,0.013803,0.011693,2.075861,64.278593,1.620087,-1.938077,1.719739,-3.013073,1.922579,-3.730135,2.086802,-4.074409,1,IX,45,1
1.644610,17.796130,0.659660,0.013557,0.012215,1.254205,51.434026,1.734381,-1.874087,1.835581,-2.855151,2.040614,-3.557914,2.206973,-3.991930,2,IX,45,1
1.492730,17.796130,0.663600,0.013477,0.013224,1.317630,52.803733,1.585500,-1.990039,1.685620,-3.098598,1.892128,-3.865300,2.074753,-4.002929,3,IX,45,1
1.373490,17.796130,0.666500,0.013418,0.013795,1.029973,45.845928,1.464547,-2.183478,1.567165,-3.387446,1.775622,-4.142903,1.947424,-4.586586,4,IX,45,1
1.388010,17.796130,0.665460,0.013439,0.012286,1.161594,49.275297,1.479719,-2.184332,1.582178,-3.354637,1.790824,-4.159103,1.959563,-4.421662,5,IX,45,1
1.384960,14.068130,0.723300,0.015641,0.014785,0.960985,43.860229,1.477698,-2.173932,1.579197,-3.335655,1.789268,-4.165670,1.967248,-4.505875,6,IX,45,1
1.445330,17.796130,0.669720,0.013354,0.013019,0.993448,44.811692,1.537487,-2.119245,1.639388,-3.224853,1.850763,-4.066445,2.024940,-4.336427,7,IX,45,1
1.410560,17.796130,0.670860,0.013331,0.014018,1.385946,54.188468,1.505010,-2.115633,1.605470,-3.307210,1.816596,-4.117722,1.997481,-4.005303,8,IX,45,1
1.399600,17.796130,0.666660,0.013415,0.013021,1.061920,46.720103,1.493457,-2.160153,1.592919,-3.315140,1.803857,-4.162907,1.977819,-4.405254,9,IX,45,1
1.426410,17.796130,0.668500,0.013378,0.013045,1.942546,62.761121,1.519200,-2.139589,1.620265,-3.245654,1.832140,-4.104802,2.003973,-4.068565,10,IX,45,1
1.426230,17.796130,0.672860,0.013291,0.013442,1.130563,48.506767,1.519811,-2.125597,1.620824,-3.270498,1.833420,-4.201300,2.008398,-4.274729,11,IX,45,1
1.369370,17.796130,0.673360,0.013282,0.013374,1.151981,49.039741,1.462272,-2.205765,1.564729,-3.389611,1.778509,-4.317938,1.967099,-4.174870,12,IX,45,1
1.388190,17.796130,0.673540,0.013278,0.013903,1.106539,47.895287,1.481934,-2.173529,1.582803,-3.380101,1.797368,-4.322457,1.974655,-4.348719,13,IX,45,1
1.432680,17.796130,0.670720,0.013334,0.013128,2.208417,65.638361,1.524738,-2.128417,1.628096,-3.298512,1.840433,-4.229036,2.018955,-3.978138,14,IX,45,1
1.384150,17.796130,0.670760,0.013333,0.013835,2.087624,64.404948,1.476546,-2.203271,1.578302,-3.370387,1.791358,-4.349039,1.970985,-4.131841,15,IX,45,1
1.403150,17.796130,0.670260,0.013343,0.013005,1.067965,46.882381,1.495026,-2.163891,1.597189,-3.330648,1.812567,-4.355060,2.004489,-4.149115,16,IX,45,1
1.393990,17.796130,0.670740,0.013333,0.011768,1.459406,55.580649,1.486334,-2.153426,1.588455,-3.313499,1.803644,-4.362986,1.984974,-4.188281,17,IX,45,1
1.404580,14.068130,0.731620,0.015463,0.013033,2.095856,64.492697,1.497009,-2.146866,1.598670,-3.328157,1.815217,-4.392221,1.999137,-4.040289,18,IX,45,1
1.401740,14.068130,0.722800,0.015652,0.011125,2.108979,64.631414,1.493171,-2.174897,1.593605,-3.332326,1.809418,-4.388382,1.994456,-4.037376,19,IX,45,1
1.395920,14.068130,0.729240,0.015514,0.012771,0.929332,42.902288,1.488500,-2.166233,1.590170,-3.370656,1.806319,-4.421476,1.996210,-4.406103,20,IX,45,1
1.494980,14.068130,0.732740,0.015440,0.013478,1.931789,62.631435,1.589960,-1.984308,1.689231,-3.129390,1.906554,-4.205556,2.091523,-3.786338,21,IX,45,1
1.520970,17.796130,0.672340,0.013302,0.012685,1.618051,58.282793,1.615351,-1.988970,1.716339,-3.107693,1.932076,-4.170862,2.117630,-3.832282,22,IX,45,1
1.509870,14.068130,0.729880,0.015500,0.012419,1.877328,61.957020,1.604450,-1.998717,1.705345,-3.129552,1.921700,-4.247000,2.109756,-3.763794,23,IX,45,1
1.423810,14.068130,0.730380,0.015489,0.013411,0.920446,42.627896,1.516878,-2.135726,1.618398,-3.276097,1.836138,-4.426231,2.033538,-4.298605,24,IX,45,1
1.426860,14.068130,0.726380,0.015575,0.013391,1.659898,58.933285,1.519330,-2.150125,1.620236,-3.306218,1.838492,-4.454644,2.026301,-4.063968,25,IX,45,1
1.391520,17.796130,0.670280,0.013343,0.012538,1.201089,50.219994,1.486295,-2.126753,1.586338,-3.361600,1.804552,-4.554944,2.006220,-4.011794,26,IX,45,1
1.423740,17.796130,0.669400,0.013360,0.012164,0.961098,43.863581,1.517054,-2.124861,1.618372,-3.291565,1.836932,-4.508918,2.040779,-4.186955,27,IX,45,1
1.416210,14.068130,0.734140,0.015410,0.012645,1.998315,63.415626,1.511185,-2.138735,1.612361,-3.293870,1.831844,-4.579964,2.026059,-3.960435,28,IX,45,1
1.348780,14.068130,0.727660,0.015547,0.011844,1.077908,47.147216,1.441091,-2.229196,1.542768,-3.418769,1.763020,-4.806038,1.957257,-4.363438,29,IX,45,1
1.366820,14.068130,0.732400,0.015447,0.012732,0.928603,42.879874,1.461205,-2.186957,1.562384,-3.399010,1.782772,-4.773408,1.983319,-4.434083,30,IX,45,1
1.418140,14.068130,0.735100,0.015390,0.012910,1.038714,46.087874,1.512366,-2.149862,1.613906,-3.318952,1.834861,-4.629808,2.030335,-4.194416,31,IX,45,1
1.325810,14.068130,0.732180,0.015451,0.012518,1.280936,52.021587,1.420872,-2.282815,1.521517,-3.484984,1.742957,-4.882481,1.938708,-4.285542,32,IX,45,1
1.253330,14.068130,0.730620,0.015484,0.011369,1.176638,49.639492,1.345230,-2.372383,1.447893,-3.753931,1.668975,-5.169940,1.866162,-4.528887,33,IX,45,1
1.305270,14.068130,0.732640,0.015442,0.011448,0.902124,42.054362,1.400230,-2.296477,1.500421,-3.541138,1.722669,-4.980509,1.927973,-4.522170,34,IX,45,1
1.268640,14.068130,0.730720,0.015482,0.012095,0.899004,41.955667,1.361703,-2.335071,1.463408,-3.652501,1.685054,-5.115431,1.892800,-4.650963,35,IX,45,1
1.297480,14.068130,0.732420,0.015446,0.013007,0.950868,43.557321,1.391983,-2.299286,1.494833,-3.560529,1.716056,-5.090342,1.919220,-4.562613,36,IX,45,1
1.228930,14.068130,0.729620,0.015506,0.011897,1.759415,60.387369,1.324193,-2.430051,1.424343,-3.736467,1.646651,-5.280019,1.850841,-4.342153,37,IX,45,1
1.208780,14.068130,0.732900,0.015436,0.012680,1.938877,62.717016,1.304057,-2.466447,1.404732,-3.785648,1.627545,-5.359850,1.830993,-4.407438,38,IX,45,1
1.163320,14.068130,0.731480,0.015466,0.012265,1.359775,53.668642,1.257429,-2.525929,1.358978,-3.947494,1.580749,-5.513272,1.784091,-4.712836,39,IX,45,1
1.191680,14.068130,0.731240,0.015471,0.011868,1.062027,46.722962,1.286822,-2.534236,1.385852,-3.849994,1.609032,-5.440848,1.812547,-4.756020,40,IX,45,1
1.257440,14.068130,0.731400,0.015468,0.012436,1.495338,56.227567,1.351924,-2.350798,1.451578,-3.662867,1.675115,-5.192955,1.879173,-4.433738,41,IX,45,1
1.266530,14.068130,0.733400,0.015426,0.011802,0.966502,44.024104,1.360841,-2.361260,1.460957,-3.643205,1.684258,-5.269612,1.891018,-4.568847,42,IX,45,1
1.299800,11.144800,0.803320,0.017777,0.014096,1.137140,48.671617,1.397345,-2.273275,1.496486,-3.581384,1.721783,-5.222873,1.926939,-4.354524,43,IX,45,1
1.264640,14.068130,0.733340,0.015427,0.012433,1.623930,58.375653,1.361610,-2.393966,1.461241,-3.670361,1.684349,-5.290372,1.893179,-4.317617,44,IX,45,1
1.308250,14.068130,0.732600,0.015442,0.012859,1.120085,48.241851,1.403883,-2.290703,1.504388,-3.534260,1.726400,-5.165079,1.935157,-4.384092,45,IX,45,1
1.320770,14.068130,0.732600,0.015442,0.012744,1.101014,47.752598,1.417414,-2.195379,1.515459,-3.547410,1.739992,-5.107033,1.947443,-4.340438,46,IX,45,1
1.190480,14.068130,0.735240,0.015387,0.012822,1.112462,48.047413,1.285534,-2.474437,1.386741,-3.853455,1.611405,-5.576453,1.819881,-4.661791,47,IX,45,1
1.130260,14.068130,0.733860,0.015416,0.012627,1.446942,55.351156,1.226710,-2.647360,1.327468,-4.055474,1.551599,-5.840122,1.765219,-4.690193,48,IX,45,1
1.136970,14.068130,0.738500,0.015319,0.012925,1.815558,61.154249,1.233321,-2.612046,1.335140,-4.008950,1.561952,-5.819227,1.775854,-4.588494,49,IX,45,1
1.171620,14.068130,0.730780,0.015481,0.011929,1.306303,52.565246,1.266903,-2.544809,1.366431,-3.911628,1.592266,-5.693060,1.805882,-4.608731,50,IX,45,1
1.192800,14.068130,0.733980,0.015413,0.012754,0.896113,41.863915,1.288683,-2.479207,1.388003,-3.868473,1.615255,-5.663742,1.833547,-4.770439,51,IX,45,1
1.215770,14.068130,0.737200,0.015346,0.012512,1.729640,59.965432,1.312677,-2.473914,1.411969,-3.835380,1.639022,-5.578704,1.854758,-4.378828,52,IX,45,1
1.152290,11.144800,0.799900,0.017853,0.011981,0.927374,42.842045,1.247742,-2.590757,1.348646,-4.018616,1.575746,-5.905159,1.794867,-4.819000,53,IX,45,1
1.089610,14.068130,0.737240,0.015345,0.012028,1.685866,59.324977,1.186374,-2.709077,1.286440,-4.212802,1.515718,-6.145902,1.734360,-4.669153,54,IX,45,1
1.174440,14.068130,0.739580,0.015297,0.012156,0.950078,43.533555,1.271180,-2.503448,1.371421,-3.923547,1.597972,-5.754012,1.827137,-4.636746,55,IX,45,1
1.178730,14.068130,0.732140,0.015452,0.011220,0.890589,41.687897,1.274046,-2.483686,1.374384,-3.867108,1.601699,-5.782878,1.826184,-4.792317,56,IX,45,1
1.107900,14.068130,0.737800,0.015334,0.013599,1.689315,59.376333,1.205672,-2.596223,1.306565,-4.115358,1.533439,-6.030758,1.754174,-4.694415,57,IX,45,1
1.139750,14.068130,0.735320,0.015385,0.011365,1.662141,58.967464,1.236733,-2.630122,1.335720,-4.081618,1.564604,-5.988559,1.785670,-4.562263,58,IX,45,1
1.084970,11.144800,0.801980,0.017807,0.011967,1.645480,58.711884,1.181823,-2.729152,1.281829,-4.206405,1.509848,-6.229502,1.733791,-4.733422,59,IX,45,1
1.071360,11.144800,0.804440,0.017752,0.012933,1.523425,56.718473,1.169146,-2.757894,1.268766,-4.236020,1.497893,-6.276776,1.720329,-4.788652,60,IX,45,1
1.099540,14.068130,0.739380,0.015301,0.012570,1.627175,58.426698,1.198144,-2.704052,1.296483,-4.117283,1.526155,-6.173487,1.750502,-4.634092,61,IX,45,1
1.036900,11.144800,0.806140,0.017715,0.013024,1.694517,59.453506,1.135651,-2.854574,1.235674,-4.310538,1.464462,-6.452907,1.688104,-4.874525,62,IX,45,1
1.005330,14.068130,0.736880,0.015353,0.011769,0.895758,41.852659,1.101689,-2.889304,1.203137,-4.458777,1.432261,-6.629111,1.664207,-5.281377,63,IX,45,1
0.994250,14.068130,0.736320,0.015364,0.012615,1.318257,52.816866,1.091491,-2.893618,1.192198,-4.528782,1.420925,-6.684705,1.648792,-5.035612,64,IX,45,1
0.988280,11.144800,0.801060,0.017827,0.011623,1.527251,56.784375,1.084742,-2.941891,1.184073,-4.550491,1.414170,-6.774599,1.642183,-4.942068,65,IX,45,1
0.929870,14.068130,0.734580,0.015401,0.011281,1.661501,58.957714,1.027575,-3.099421,1.128215,-4.797384,1.357034,-7.014969,1.586480,-5.167063,66,IX,45,1
1.017580,14.068130,0.734400,0.015405,0.011736,1.615974,58.249867,1.113673,-2.877032,1.215285,-4.413563,1.444276,-6.627155,1.673661,-4.887048,67,IX,45,1
1.033550,11.144800,0.803300,0.017777,0.010860,0.937262,43.145137,1.130403,-2.823595,1.229754,-4.370575,1.459666,-6.565428,1.698995,-5.029698,68,IX,45,1
1.050310,11.144800,0.808160,0.017671,0.012302,1.434525,55.119851,1.149280,-2.759021,1.248326,-4.329388,1.479230,-6.514846,1.709147,-4.780393,69,IX,45,1
1.018460,14.068130,0.736560,0.015359,0.012432,0.898125,41.927798,1.116942,-2.877381,1.216506,-4.447641,1.447306,-6.693410,1.682811,-5.155186,70,IX,45,1
0.967600,14.068130,0.735880,0.015374,0.012738,0.911064,42.335527,1.066506,-3.022854,1.166620,-4.619139,1.397859,-6.961128,1.630943,-5.318293,71,IX,45,1
1.000250,11.144800,0.804520,0.017751,0.011339,1.596814,57.943269,1.096982,-2.899454,1.196634,-4.503192,1.427763,-6.787881,1.659551,-4.944682,72,IX,45,1
0.951290,14.068130,0.735320,0.015385,0.011742,1.333927,53.142344,1.049108,-3.051166,1.148947,-4.693800,1.379845,-7.058634,1.614484,-5.147427,73,IX,45,1
0.945640,14.068130,0.735300,0.015386,0.010706,0.982569,44.496250,1.043062,-3.043832,1.142824,-4.698800,1.374477,-7.109551,1.617848,-5.085253,74,IX,45,1
0.926470,11.144800,0.811320,0.017602,0.012528,0.886577,41.559453,1.026825,-3.161822,1.126539,-4.830231,1.358959,-7.300074,1.598926,-5.453517,75,IX,45,1
0.895460,11.144800,0.803280,0.017778,0.011603,1.362905,53.731497,0.991804,-3.244160,1.093817,-4.980849,1.324383,-7.421340,1.560899,-5.300511,76,IX,45,1
0.889240,14.068130,0.736000,0.015371,0.011315,1.108323,47.941205,0.987413,-3.288509,1.087484,-4.944487,1.319774,-7.460807,1.559746,-5.176431,77,IX,45,1
0.854290,11.144800,0.810180,0.017627,0.012442,0.946998,43.440643,0.954443,-3.317569,1.054158,-5.112869,1.286732,-7.705273,1.523520,-5.645934,78,IX,45,1
0.848080,11.144800,0.811820,0.017591,0.012195,0.891296,41.710493,0.947098,-3.418286,1.047647,-5.132363,1.281340,-7.739083,1.523455,-5.723591,79,IX,45,1
0.848360,11.144800,0.807080,0.017694,0.011299,1.017565,45.498809,0.946561,-3.419680,1.045846,-5.196795,1.280041,-7.815055,1.524746,-5.278267,80,IX,45,1
0.801770,11.144800,0.812440,0.017577,0.011721,1.199592,50.184856,0.900293,-3.552632,1.000489,-5.412114,1.236056,-8.126229,1.476339,-5.643542,81,IX,45,1
0.792420,11.144800,0.808360,0.017666,0.011136,0.898058,41.925663,0.889900,-3.591701,0.991965,-5.450972,1.224874,-8.150887,1.472369,-5.939009,82,IX,45,1
0.783430,14.068130,0.735680,0.015378,0.011392,1.200327,50.202096,0.881581,-3.696454,0.981724,-5.523373,1.213596,-8.156557,1.454884,-5.744116,83,IX,45,1
0.759590,11.144800,0.807220,0.017691,0.011312,1.492104,56.170224,0.858767,-3.714793,0.958728,-5.590913,1.192661,-8.396533,1.435078,-5.765879,84,IX,45,1
0.755390,11.144800,0.813760,0.017549,0.012234,0.918661,42.572474,0.856119,-3.769404,0.956732,-5.604843,1.190979,-8.487961,1.434862,-6.029558,85,IX,45,1
0.769170,11.144800,0.810560,0.017618,0.011960,1.026647,45.753303,0.870032,-3.719326,0.970281,-5.573570,1.204170,-8.440612,1.447970,-5.803521,86,IX,45,1
0.711770,11.144800,0.810180,0.017627,0.010890,1.292328,52.267380,0.811043,-3.906015,0.911690,-5.967478,1.146538,-8.822239,1.389707,-5.873807,87,IX,45,1
0.708990,11.144800,0.808400,0.017665,0.010866,1.273369,51.856804,0.808479,-3.909998,0.909387,-5.948676,1.144076,-8.871838,1.389109,-5.903158,88,IX,45,1
0.693700,11.144800,0.807820,0.017678,0.011288,1.515036,56.573188,0.792653,-4.012927,0.893161,-6.100913,1.127882,-9.011347,1.374771,-6.050057,89,IX,45,1
0.691390,11.144800,0.808360,0.017666,0.011145,0.981549,44.466508,0.790703,-4.069203,0.891633,-6.069929,1.126891,-9.071517,1.373363,-6.116061,90,IX,45,1
0.680770,11.144800,0.815280,0.017516,0.011735,1.190431,49.968663,0.780084,-4.157989,0.881086,-6.085371,1.119262,-9.167560,1.367277,-5.944906,91,IX,45,1
0.688460,11.144800,0.813900,0.017546,0.012155,1.168152,49.434717,0.787792,-4.059333,0.889969,-6.136945,1.126473,-9.123954,1.376475,-5.978326,92,IX,45,1
0.720810,11.144800,0.813740,0.017549,0.011486,1.347757,53.425565,0.820176,-3.879594,0.921126,-5.915314,1.158174,-8.879473,1.405734,-5.829654,93,IX,45,1
0.701700,11.144800,0.808140,0.017671,0.011985,1.024040,45.680470,0.800789,-4.020993,0.901294,-6.047936,1.137872,-9.018275,1.389163,-5.790936,94,IX,45,1
0.706840,11.144800,0.809700,0.017637,0.011290,1.239421,51.102430,0.807035,-3.990260,0.906591,-5.969557,1.142394,-8.991304,1.396526,-5.858203,95,IX,45,1
0.711090,11.144800,0.813240,0.017560,0.011777,0.994886,44.853132,0.811679,-3.942850,0.914287,-5.959742,1.149216,-9.081242,1.400319,-5.888546,96,IX,45,1
0.700970,11.144800,0.811720,0.017593,0.010862,1.324411,52.945278,0.800853,-4.079670,0.901391,-6.030604,1.138270,-9.112368,1.392350,-5.860812,97,IX,45,1
0.681710,11.144800,0.809700,0.017637,0.011309,1.092925,47.542249,0.781726,-4.108736,0.882564,-6.175849,1.118763,-9.293829,1.372460,-5.897605,98,IX,45,1
0.682790,11.144800,0.813340,0.017558,0.011764,1.101032,47.753046,0.784444,-4.224106,0.885373,-6.133461,1.120569,-9.260688,1.372474,-5.986381,99,IX,45,1
0.695990,11.144800,0.813120,0.017563,0.011100,0.972613,44.204568,0.796881,-4.006321,0.898435,-6.044246,1.133869,-9.210643,1.385567,-5.982806,100,IX,45,1
0.713830,11.144800,0.815860,0.017504,0.011593,1.089282,47.446962,0.816655,-3.940983,0.915602,-5.883550,1.153370,-9.114784,1.409399,-5.745622,101,IX,45,1
0.696730,8.817720,0.887960,0.020327,0.010126,0.978654,44.381898,0.798631,-4.026918,0.897356,-6.059793,1.136110,-9.242247,1.392376,-5.926392,102,IX,45,1
0.690550,11.144800,0.816020,0.017500,0.011521,0.946555,43.427269,0.791528,-4.110662,0.893349,-6.179543,1.130066,-9.289833,1.394680,-5.794842,103,IX,45,1
0.673880,11.144800,0.818480,0.017448,0.010376,1.239588,51.106209,0.773757,-4.122683,0.875043,-6.223492,1.114485,-9.426783,1.373608,-5.920281,104,IX,45,1
0.670350,11.144800,0.819600,0.017424,0.009771,1.299197,52.414301,0.770691,-4.195280,0.872845,-6.240752,1.111784,-9.492414,1.372104,-5.953544,105,IX,45,1
0.661480,11.144800,0.816640,0.017487,0.010826,1.213242,50.503363,0.761941,-4.245058,0.862905,-6.263108,1.102945,-9.625823,1.362916,-5.970153,106,IX,45,1
0.652090,11.144800,0.817280,0.017473,0.010736,1.230247,50.894241,0.753286,-4.436414,0.855068,-6.402287,1.093887,-9.686102,1.355938,-5.990204,107,IX,45,1
0.660370,11.144800,0.814720,0.017528,0.010175,0.916096,42.492664,0.760708,-4.266620,0.862532,-6.330877,1.101596,-9.702374,1.362841,-6.081385,108,IX,45,1
0.659290,11.144800,0.818860,0.017440,0.010239,1.042715,46.197923,0.761001,-4.124037,0.861492,-6.334715,1.101259,-9.714036,1.363544,-5.959965,109,IX,45,1
0.678570,11.144800,0.816680,0.017486,0.010659,0.910643,42.322335,0.779937,-4.055181,0.881336,-6.218549,1.120307,-9.546485,1.381080,-6.040657,110,IX,45,1
0.680240,11.144800,0.817300,0.017473,0.010266,1.238375,51.078791,0.781982,-4.143245,0.881874,-6.159921,1.121161,-9.459182,1.385807,-5.808656,111,IX,45,1
0.714970,8.817720,0.895700,0.020151,0.010640,0.935473,43.090505,0.817925,-4.021420,0.917736,-5.954870,1.157750,-9.222801,1.427394,-5.652105,112,IX,45,1
0.678750,11.144800,0.821360,0.017387,0.010603,0.946247,43.417959,0.782748,-4.134899,0.882824,-6.164219,1.122912,-9.629483,1.394640,-5.814913,113,IX,45,1
0.676350,11.144800,0.813840,0.017547,0.010483,1.102181,47.782790,0.777420,-4.139395,0.878275,-6.131346,1.117520,-9.638740,1.382112,-5.886960,114,IX,45,1
0.679390,11.144800,0.813140,0.017562,0.009809,0.913313,42.405867,0.779970,-4.096136,0.879684,-6.207840,1.119417,-9.622567,1.383766,-5.986369,115,IX,45,1
0.704540,11.144800,0.821940,0.017374,0.011864,1.228814,50.861554,0.807090,-3.977369,0.907164,-5.963268,1.147543,-9.325859,1.412409,-5.755078,116,IX,45,1
0.686900,8.817720,0.895560,0.020154,0.010023,1.159328,49.219973,0.789155,-4.105773,0.890513,-6.069576,1.130337,-9.516153,1.399119,-5.819830,117,IX,45,1
0.689710,8.817720,0.895700,0.020151,0.010312,0.949693,43.521957,0.791795,-4.050141,0.892262,-6.117802,1.132513,-9.547915,1.401838,-5.775348,118,IX,45,1
0.710560,11.144800,0.821600,0.017382,0.009619,0.929688,42.913241,0.812653,-4.027863,0.912663,-5.991830,1.154051,-9.391871,1.428450,-5.861611,119,IX,45,1
0.725970,11.144800,0.815660,0.017508,0.010615,0.948862,43.496913,0.828530,-3.855301,0.927835,-5.833876,1.166878,-9.270685,1.435570,-5.647373,120,IX,45,1
0.708990,11.144800,0.821640,0.017381,0.011423,1.182669,49.783964,0.812477,-4.029898,0.912608,-6.012745,1.152567,-9.372728,1.421889,-5.702232,121,IX,45,1
0.676600,11.144800,0.818040,0.017457,0.010744,1.173882,49.573162,0.777818,-4.145489,0.878920,-6.187381,1.119185,-9.682072,1.389893,-5.850583,122,IX,45,1
0.697900,11.144800,0.822300,0.017367,0.010264,1.132018,48.543327,0.800728,-3.992649,0.901056,-6.111769,1.142329,-9.519381,1.416541,-5.645982,123,IX,45,1
0.712210,8.817720,0.900860,0.020036,0.010155,0.924294,42.747014,0.816017,-3.954912,0.915930,-5.895516,1.157815,-9.478996,1.430776,-5.617306,124,IX,45,1
0.728400,11.144800,0.825080,0.017308,0.011137,1.078185,47.154540,0.831105,-3.863932,0.931414,-5.826256,1.173205,-9.251541,1.445719,-5.579462,125,IX,45,1
0.720350,11.144800,0.820460,0.017406,0.009357,1.154777,49.108493,0.822948,-3.838430,0.922045,-5.884641,1.163328,-9.339271,1.437186,-5.635690,126,IX,45,1
0.702240,11.144800,0.817360,0.017472,0.009897,1.097663,47.665664,0.804528,-3.996083,0.904564,-5.963563,1.144919,-9.455933,1.418097,-5.690575,127,IX,45,1
0.699870,11.144800,0.817820,0.017462,0.009193,0.965590,43.997077,0.802515,-4.030251,0.903574,-6.104264,1.142675,-9.606001,1.419523,-5.639142,128,IX,45,1
0.710160,8.817720,0.899280,0.020071,0.009393,0.957840,43.766402,0.812678,-3.983085,0.913503,-5.941952,1.154710,-9.515301,1.431658,-5.594404,129,IX,45,1
0.713730,11.144800,0.820380,0.017407,0.008769,0.888946,41.635353,0.816116,-3.987748,0.916659,-5.984082,1.157792,-9.580197,1.435162,-5.680266,130,IX,45,1
0.724620,11.144800,0.819100,0.017435,0.010162,0.869588,41.009840,0.827108,-3.925848,0.928160,-5.883795,1.168362,-9.433596,1.444597,-5.499470,131,IX,45,1
0.709880,8.817720,0.894420,0.020180,0.009481,0.933997,43.045393,0.810606,-3.968469,0.911173,-5.974573,1.151775,-9.527688,1.427855,-5.625997,132,IX,45,1
0.712670,8.817720,0.897900,0.020102,0.011136,0.899179,41.961226,0.818786,-3.970757,0.917445,-6.002513,1.157321,-9.449989,1.438509,-5.527842,133,IX,45,1
0.720270,8.817720,0.895580,0.020154,0.008854,0.970732,44.149154,0.823342,-3.936761,0.924133,-5.892107,1.163395,-9.521348,1.445833,-5.494317,134,IX,45,1
0.732970,11.144800,0.825920,0.017291,0.010157,0.886885,41.569330,0.837369,-3.872500,0.937519,-5.804375,1.179442,-9.468805,1.460969,-5.633755,135,IX,45,1
0.723870,11.144800,0.819500,0.017426,0.009521,0.912053,42.366481,0.827753,-3.948700,0.927935,-5.842754,1.168178,-9.524102,1.449931,-5.499108,136,IX,45,1
0.699930,11.144800,0.822680,0.017359,0.011185,0.939224,43.204912,0.804879,-3.920578,0.905192,-6.042435,1.145422,-9.731652,1.426573,-5.605993,137,IX,45,1
0.683650,8.817720,0.893480,0.020201,0.009014,0.937203,43.143336,0.785596,-4.125148,0.885359,-6.116423,1.125980,-9.791323,1.410764,-5.687366,138,IX,45,1
0.681090,8.817720,0.896720,0.020128,0.009156,1.089932,47.463973,0.783992,-4.186443,0.884588,-6.190597,1.125040,-9.833795,1.410402,-5.675707,139,IX,45,1
0.664550,8.817720,0.901380,0.020024,0.009707,0.879704,41.338212,0.769171,-4.195027,0.869627,-6.235499,1.110913,-10.090316,1.394168,-5.816689,140,IX,45,1
0.667620,8.817720,0.902540,0.019998,0.010014,0.963174,43.925350,0.773019,-4.162161,0.872931,-6.245558,1.115066,-9.999499,1.404348,-5.851152,141,IX,45,1
0.676320,11.144800,0.822000,0.017373,0.009334,0.875971,41.217430,0.782782,-4.099678,0.882344,-6.169799,1.123083,-9.998712,1.409718,-5.810928,142,IX,45,1
0.695010,8.817720,0.896320,0.020137,0.009536,0.906744,42.199995,0.798853,-3.985840,0.898662,-6.094115,1.139246,-9.820376,1.423550,-5.619339,143,IX,45,1
0.715970,8.817720,0.900640,0.020041,0.009076,0.875962,41.217130,0.820024,-3.960490,0.919344,-5.922462,1.161782,-9.682721,1.447846,-5.680453,144,IX,45,1
0.723000,8.817720,0.903500,0.019977,0.009383,1.039991,46.123058,0.829827,-3.884112,0.928636,-5.881588,1.169956,-9.588494,1.461403,-5.439350,145,IX,45,1
0.741850,8.817720,0.900600,0.020042,0.008431,0.841038,40.065116,0.845573,-3.852143,0.945008,-5.780309,1.187017,-9.500213,1.477152,-5.375703,146,IX,45,1
0.754790,8.817720,0.903840,0.019970,0.008790,1.062882,46.745973,0.858628,-3.767165,0.959288,-5.746158,1.201890,-9.389458,1.495284,-5.378052,147,IX,45,1
0.755070,11.144800,0.822740,0.017357,0.008054,0.908363,42.250837,0.858674,-3.716490,0.958563,-5.736487,1.200873,-9.420024,1.492085,-5.508354,148,IX,45,1
0.765030,8.817720,0.901780,0.020015,0.009030,1.045031,46.261445,0.869440,-3.722851,0.969467,-5.671622,1.210821,-9.344074,1.505983,-5.289186,149,IX,45,1
0.761630,8.817720,0.900800,0.020037,0.007869,0.921088,42.647789,0.865259,-3.639398,0.965868,-5.649401,1.206938,-9.493498,1.501952,-5.296733,150,IX,45,1
0.755790,8.817720,0.905480,0.019934,0.008919,1.046815,46.310241,0.859876,-3.788035,0.961412,-5.712309,1.204228,-9.476194,1.501994,-5.366202,151,IX,45,1
0.762250,11.144800,0.824120,0.017328,0.007581,0.863635,40.815038,0.866248,-3.772579,0.967313,-5.691127,1.210125,-9.531673,1.506156,-5.401399,152,IX,45,1
0.772950,8.817720,0.904260,0.019960,0.008327,0.880853,41.375307,0.877549,-3.694387,0.977082,-5.621453,1.219699,-9.372911,1.514075,-5.288488,153,IX,45,1
0.776310,8.817720,0.899640,0.020063,0.007994,0.940170,43.233699,0.880471,-3.742764,0.979965,-5.517661,1.221015,-9.373316,1.518171,-5.221875,154,IX,45,1
0.787050,8.817720,0.900880,0.020035,0.008286,1.039839,46.118864,0.891080,-3.617606,0.989814,-5.507736,1.232406,-9.247312,1.530454,-5.278679,155,IX,45,1
0.799380,8.817720,0.903280,0.019982,0.008490,1.048229,46.348885,0.903439,-3.586524,1.004352,-5.509845,1.246682,-9.213796,1.548335,-5.208508,156,IX,45,1
0.798030,8.817720,0.908400,0.019869,0.009242,0.863688,40.816776,0.904256,-3.624592,1.004361,-5.436361,1.246301,-9.253546,1.546364,-5.241946,157,IX,45,1
0.791670,8.817720,0.905520,0.019933,0.007902,0.869384,41.003180,0.897049,-3.645793,0.998274,-5.481708,1.239247,-9.357772,1.540161,-5.226784,158,IX,45,1
0.776870,8.817720,0.905960,0.019923,0.009178,1.022288,45.631433,0.882984,-3.685781,0.982632,-5.540370,1.225757,-9.400168,1.526712,-5.304197,159,IX,45,1
0.773770,8.817720,0.905300,0.019938,0.007456,1.033927,45.955640,0.878147,-3.673018,0.978612,-5.601684,1.221245,-9.444667,1.523264,-5.329497,160,IX,45,1
0.754710,8.817720,0.905480,0.019934,0.008668,0.967675,44.058840,0.860484,-3.713592,0.960842,-5.674121,1.201465,-9.536412,1.505001,-5.274697,161,IX,45,1
0.760990,8.817720,0.906880,0.019903,0.007750,1.036462,46.025747,0.868406,-3.729131,0.967510,-5.679748,1.208990,-9.591755,1.516282,-5.290184,162,IX,45,1
0.763430,8.817720,0.910640,0.019821,0.008429,0.874883,41.182118,0.870011,-3.737953,0.970612,-5.632658,1.214954,-9.586211,1.518785,-5.414793,163,IX,45,1
0.758750,8.817720,0.907160,0.019897,0.007665,1.032308,45.910777,0.864709,-3.772615,0.964372,-5.663894,1.208136,-9.585870,1.513429,-5.339644,164,IX,45,1
0.758860,8.817720,0.904060,0.019965,0.008148,0.888477,41.620347,0.864441,-3.702466,0.964121,-5.659876,1.206365,-9.570157,1.513359,-5.279241,165,IX,45,1
0.770600,8.817720,0.908620,0.019865,0.008297,0.965518,43.994949,0.875972,-3.677901,0.977524,-5.672273,1.220050,-9.491624,1.524570,-5.330268,166,IX,45,1
0.778270,8.817720,0.906880,0.019903,0.008347,0.876840,41.245589,0.884420,-3.682130,0.984937,-5.558444,1.226476,-9.500611,1.535810,-5.199166,167,IX,45,1
0.774840,8.817720,0.905540,0.019932,0.006845,0.999321,44.980545,0.881067,-3.725022,0.979730,-5.590395,1.223137,-9.540402,1.533847,-5.185532,168,IX,45,1
0.773570,8.817720,0.913380,0.019761,0.008379,0.864927,40.857420,0.880665,-3.647891,0.981391,-5.597317,1.224348,-9.650936,1.533295,-5.284907,169,IX,45,1
0.772510,8.817720,0.910920,0.019815,0.007669,0.897599,41.911109,0.879459,-3.700128,0.980107,-5.601644,1.222599,-9.525449,1.533707,-5.228802,170,IX,45,1
0.762100,8.817720,0.909100,0.019854,0.007983,1.035002,45.985379,0.869043,-3.748119,0.970031,-5.638333,1.213056,-9.631164,1.523651,-5.319022,171,IX,45,1
0.758320,8.817720,0.909760,0.019840,0.007868,0.899287,41.964625,0.862984,-3.768121,0.965296,-5.684163,1.209131,-9.693217,1.518222,-5.455404,172,IX,45,1
0.750300,8.817720,0.909600,0.019843,0.007233,0.933661,43.035086,0.856552,-3.758717,0.956646,-5.728619,1.201095,-9.816481,1.514674,-5.474654,173,IX,45,1
0.742210,8.817720,0.909280,0.019850,0.007614,0.900559,42.004893,0.850167,-3.789819,0.949450,-5.818399,1.192741,-9.949431,1.505690,-5.321286,174,IX,45,1
0.738530,8.817720,0.907300,0.019894,0.006970,0.945982,43.409941,0.843408,-3.870814,0.944670,-5.796781,1.187906,-9.897725,1.504933,-5.428746,175,IX,45,1
0.735290,8.817720,0.911480,0.019802,0.006670,0.870084,41.026023,0.840988,-3.885872,0.942627,-5.876107,1.186470,-9.971203,1.497152,-5.440115,176,IX,45,1
0.736510,8.817720,0.906020,0.019922,0.007316,0.884713,41.499590,0.841368,-3.825877,0.941382,-5.891708,1.184770,-9.904980,1.499815,-5.365732,177,IX,45,1
0.738250,8.817720,0.908740,0.019862,0.007620,0.949670,43.521264,0.844459,-3.814355,0.944378,-5.898332,1.188308,-9.911186,1.506122,-5.484479,178,IX,45,1
0.739700,8.817720,0.910260,0.019829,0.007080,0.851481,40.413778,0.846371,-3.878148,0.945809,-5.789306,1.190335,-10.059305,1.506637,-5.450051,179,IX,45,1
0.737970,8.817720,0.910840,0.019816,0.006512,0.862368,40.773444,0.846058,-3.933372,0.944609,-5.858604,1.189417,-10.057516,1.506817,-5.342480,180,IX,45,1
0.737320,8.817720,0.912040,0.019790,0.006122,0.868203,40.964605,0.842430,-3.898125,0.943868,-5.837887,1.189025,-10.062786,1.508467,-5.513341,181,IX,45,1
0.738130,8.817720,0.907180,0.019896,0.006205,0.867925,40.955517,0.844875,-3.885033,0.943560,-5.843418,1.187862,-10.046542,1.506926,-5.362555,182,IX,45,1
0.737490,8.817720,0.915200,0.019722,0.007581,0.870567,41.041765,0.845744,-3.870848,0.946709,-5.789739,1.191500,-10.039923,1.509668,-5.507786,183,IX,45,1
0.741460,8.817720,0.912600,0.019778,0.007610,1.002645,45.075663,0.848714,-3.868729,0.948326,-5.870518,1.193886,-9.992952,1.517184,-5.404313,184,IX,45,1
0.746880,8.817720,0.910280,0.019828,0.006024,0.955130,43.685286,0.854449,-3.853417,0.955809,-5.825290,1.199138,-9.957123,1.524902,-5.431223,185,IX,45,1
0.750310,8.817720,0.914340,0.019740,0.007653,1.020242,45.574064,0.858794,-3.752816,0.959232,-5.754813,1.203190,-9.922484,1.529786,-5.336034,186,IX,45,1
0.753530,8.817720,0.911700,0.019798,0.006541,0.946192,43.416304,0.861703,-3.875588,0.962042,-5.734631,1.205731,-9.984549,1.532628,-5.230661,187,IX,45,1
0.756310,8.817720,0.916200,0.019700,0.006442,0.873707,41.143930,0.862850,-3.737794,0.964485,-5.750693,1.209392,-9.958341,1.534057,-5.422100,188,IX,45,1
0.757250,8.817720,0.915420,0.019717,0.007607,0.847195,40.271116,0.866742,-3.816533,0.967375,-5.678598,1.210834,-9.990629,1.535736,-5.352507,189,IX,45,1
0.760480,8.817720,0.913860,0.019751,0.007230,0.959900,43.827891,0.868821,-3.771829,0.969310,-5.720156,1.213085,-9.909995,1.542381,-5.221131,190,IX,45,1
0.764870,6.975450,1.000080,0.022815,0.006744,1.021953,45.622064,0.873706,-3.818368,0.972475,-5.711569,1.217108,-9.887136,1.548154,-5.282378,191,IX,45,1
0.768580,8.817720,0.911780,0.019796,0.005554,1.003827,45.109435,0.875226,-3.804700,0.975620,-5.695292,1.220735,-9.842430,1.550398,-5.313033,192,IX,45,1
0.772390,8.817720,0.912520,0.019780,0.007062,0.838968,39.995580,0.881748,-3.689251,0.980569,-5.644150,1.224467,-9.857616,1.550221,-5.341605,193,IX,45,1
0.776330,6.975450,0.999680,0.022824,0.006401,1.017628,45.500590,0.884308,-3.705223,0.984664,-5.596980,1.228397,-9.741502,1.556950,-5.264475,194,IX,45,1
0.780230,8.817720,0.910680,0.019820,0.006163,1.020372,45.577717,0.887636,-3.697757,0.987849,-5.540421,1.231548,-9.802423,1.563723,-5.221701,195,IX,45,1
0.782750,8.817720,0.909160,0.019853,0.005462,0.976234,44.310987,0.888860,-3.694722,0.990866,-5.571640,1.233099,-9.827573,1.567973,-5.156195,196,IX,45,1
0.784090,8.817720,0.916920,0.019685,0.006035,0.819421,39.331916,0.892356,-3.666497,0.993596,-5.560822,1.238060,-9.836459,1.568633,-5.218939,197,IX,45,1
0.783620,8.817720,0.909860,0.019838,0.006240,0.939854,43.224076,0.890782,-3.653171,0.990804,-5.546964,1.235157,-9.761367,1.569492,-5.327659,198,IX,45,1
0.781190,8.817720,0.912180,0.019787,0.005928,0.826829,39.584935,0.889059,-3.655025,0.988384,-5.553920,1.232592,-9.816799,1.564406,-5.194606,199,IX,45,1
0.779040,8.817720,0.914200,0.019743,0.006045,0.858369,40.641762,0.887429,-3.763117,0.985864,-5.579560,1.231279,-9.880926,1.562804,-5.274953,200,IX,45,1
0.776260,8.817720,0.919280,0.019634,0.005101,0.849121,40.335282,0.884676,-3.784150,0.985787,-5.573837,1.231398,-9.944723,1.564795,-5.350578,201,IX,45,1
0.776120,8.817720,0.915120,0.019724,0.004887,0.843580,40.150293,0.883559,-3.751122,0.983745,-5.599117,1.228930,-9.985980,1.563353,-5.280293,202,IX,45,1
0.774170,8.817720,0.915680,0.019712,0.004704,0.948450,43.484489,0.883035,-3.761563,0.983647,-5.603663,1.227652,-9.911979,1.566030,-5.191267,203,IX,45,1
0.774690,8.817720,0.916840,0.019687,0.004859,0.843997,40.164253,0.882440,-3.702472,0.983104,-5.619530,1.228860,-9.958401,1.561665,-5.345715,204,IX,45,1
0.773710,8.817720,0.918380,0.019654,0.006561,0.840492,40.046769,0.882341,-3.628745,0.983435,-5.591700,1.228146,-9.969268,1.560925,-5.284831,205,IX,45,1
0.775440,8.817720,0.916840,0.019687,0.007028,0.864740,40.851299,0.885459,-3.716697,0.984471,-5.617601,1.229511,-9.989989,1.565861,-5.231613,206,IX,45,1
0.776490,6.975450,1.009080,0.022611,0.005570,1.022932,45.649465,0.885150,-3.724108,0.986696,-5.572283,1.230851,-9.910057,1.573106,-5.233005,207,IX,45,1
0.777850,8.817720,0.919040,0.019639,0.005166,0.862701,40.784364,0.886784,-3.725789,0.987916,-5.639017,1.232278,-10.014040,1.572967,-5.218792,208,IX,45,1
0.778210,8.817720,0.921100,0.019596,0.005409,0.929863,42.918624,0.888511,-3.758705,0.988914,-5.671024,1.233756,-9.966111,1.576007,-5.175090,209,IX,45,1
0.776960,8.817720,0.918220,0.019657,0.005722,0.857762,40.621731,0.886894,-3.720479,0.986982,-5.607590,1.231062,-9.986916,1.571689,-5.252763,210,IX,45,1
0.774280,8.817720,0.921280,0.019592,0.005031,0.892657,41.753930,0.884175,-3.724783,0.985211,-5.604700,1.230631,-10.004575,1.569538,-5.308348,211,IX,45,1
0.772590,8.817720,0.916580,0.019692,0.005528,0.905629,42.164917,0.882599,-3.725766,0.983116,-5.621353,1.227607,-10.032221,1.573166,-5.248566,212,IX,45,1
0.772180,8.817720,0.924400,0.019526,0.004475,0.915117,42.462165,0.882412,-3.715309,0.982954,-5.627983,1.229590,-10.084173,1.572597,-5.320109,213,IX,45,1
0.770040,8.817720,0.925460,0.019503,0.005713,0.883238,41.452171,0.880608,-3.827257,0.981262,-5.638073,1.228470,-10.139232,1.573364,-5.300687,214,IX,45,1
0.770690,8.817720,0.918240,0.019657,0.005065,0.898926,41.953183,0.880298,-3.693173,0.981106,-5.607675,1.225253,-10.089949,1.574064,-5.237383,215,IX,45,1
0.772270,6.975450,1.009260,0.022607,0.004031,0.939395,43.210117,0.881537,-3.758312,0.981623,-5.689926,1.226027,-10.065804,1.575742,-5.366092,216,IX,45,1
0.771270,8.817720,0.922500,0.019566,0.005800,0.837852,39.958018,0.882511,-3.726960,0.983502,-5.613460,1.227376,-10.126434,1.571204,-5.329242,217,IX,45,1
0.773190,8.817720,0.922980,0.019556,0.005033,0.916762,42.513418,0.884509,-3.755691,0.982705,-5.572719,1.230748,-10.119027,1.575918,-5.326107,218,IX,45,1
0.774250,8.817720,0.918680,0.019647,0.004609,0.943989,43.349614,0.886154,-3.742290,0.986099,-5.638497,1.230425,-10.136605,1.580933,-5.205917,219,IX,45,1
0.775820,6.975450,1.013020,0.022523,0.005087,1.039831,46.118649,0.886385,-3.780718,0.986770,-5.616069,1.232048,-10.062411,1.585813,-5.264050,220,IX,45,1
0.775980,6.975450,1.012720,0.022530,0.005047,1.034452,45.970164,0.885554,-3.705625,0.988211,-5.588558,1.233845,-10.096360,1.586993,-5.292297,221,IX,45,1
0.775610,6.975450,1.007980,0.022636,0.003604,1.045321,46.269380,0.886007,-3.735193,0.986584,-5.617274,1.232154,-10.085331,1.584174,-5.301818,222,IX,45,1
0.773050,8.817720,0.922540,0.019565,0.004819,0.862212,40.768299,0.884174,-3.722726,0.985594,-5.657978,1.230428,-10.182163,1.580342,-5.261091,223,IX,45,1
0.774400,6.975450,1.014560,0.022489,0.004033,1.012602,45.358765,0.885002,-3.741202,0.985573,-5.649198,1.229915,-10.113090,1.584712,-5.239178,224,IX,45,1
0.774630,6.975450,1.013300,0.022517,0.003169,1.046041,46.289092,0.885252,-3.758022,0.985279,-5.666218,1.231295,-10.144439,1.587867,-5.281309,225,IX,45,1
0.773070,6.975450,1.016820,0.022439,0.003955,1.010649,45.303462,0.885581,-3.723552,0.986675,-5.656420,1.231417,-10.166689,1.588303,-5.227879,226,IX,45,1
0.773080,6.975450,1.011800,0.022550,0.005108,0.877874,41.279058,0.885713,-3.790013,0.985704,-5.591925,1.231398,-10.180612,1.588181,-5.431864,227,IX,45,1
0.773340,8.817720,0.925400,0.019504,0.003186,0.842148,40.102353,0.885207,-3.705762,0.984815,-5.597836,1.231500,-10.234662,1.584072,-5.307755,228,IX,45,1
0.774240,8.817720,0.923440,0.019546,0.004518,0.836742,39.920622,0.884432,-3.776770,0.986054,-5.649582,1.232348,-10.214355,1.585830,-5.415668,229,IX,45,1
0.774550,6.975450,1.015680,0.022464,0.004662,1.047955,46.341387,0.885257,-3.771717,0.987145,-5.666229,1.231369,-10.170728,1.591696,-5.267626,230,IX,45,1
0.775060,6.975450,1.011160,0.022565,0.004063,0.884020,41.477330,0.887789,-3.691786,0.987913,-5.623656,1.234684,-10.252200,1.594144,-5.442038,231,IX,45,1
0.775210,6.975450,1.012680,0.022531,0.004184,1.041951,46.176962,0.886157,-3.729330,0.987680,-5.652453,1.233742,-10.170150,1.591214,-5.337920,232,IX,45,1
0.776900,8.817720,0.920740,0.019603,0.004390,0.835285,39.871506,0.887073,-3.707134,0.987683,-5.642470,1.232828,-10.255802,1.589048,-5.381772,233,IX,45,1
0.775480,8.817720,0.922780,0.019560,0.004675,0.844828,40.192051,0.887104,-3.798669,0.988503,-5.654340,1.232298,-10.236361,1.589033,-5.264593,234,IX,45,1
0.776200,8.817720,0.921580,0.019585,0.003412,0.886256,41.549169,0.889118,-3.760466,0.990610,-5.641071,1.234085,-10.231869,1.593289,-5.253559,235,IX,45,1
0.777500,8.817720,0.924620,0.019521,0.004370,0.847976,40.297132,0.889402,-3.730011,0.990779,-5.651100,1.237635,-10.279002,1.598111,-5.427873,236,IX,45,1
0.779320,8.817720,0.924380,0.019526,0.003401,0.879908,41.344813,0.890189,-3.718777,0.991665,-5.580266,1.237718,-10.312013,1.599559,-5.263533,237,IX,45,1
0.778320,8.817720,0.927480,0.019461,0.004047,0.930052,42.924435,0.889453,-3.765553,0.990603,-5.585527,1.237313,-10.282001,1.597434,-5.322942,238,IX,45,1
0.777790,6.975450,1.018960,0.022392,0.003238,1.068669,46.901222,0.890158,-3.740428,0.991359,-5.651811,1.237682,-10.194424,1.599938,-5.324462,239,IX,45,1
0.780130,8.817720,0.924060,0.019533,0.004397,0.944054,43.351599,0.891065,-3.695252,0.992691,-5.597284,1.238139,-10.238671,1.601387,-5.226761,240,IX,45,1
0.779670,6.975450,1.023460,0.022293,0.004713,1.050759,46.417847,0.892518,-3.768424,0.993721,-5.595308,1.239416,-10.208511,1.606430,-5.269144,241,IX,45,1
0.781360,6.975450,1.020500,0.022358,0.004502,1.078958,47.175027,0.893248,-3.695549,0.994586,-5.613510,1.242489,-10.302227,1.607800,-5.312399,242,IX,45,1
0.781400,8.817720,0.929840,0.019411,0.005247,0.889784,41.662168,0.895208,-3.743637,0.996168,-5.595639,1.242003,-10.303890,1.606684,-5.278964,243,IX,45,1
0.782070,8.817720,0.923780,0.019539,0.002707,0.845533,40.215608,0.893230,-3.774299,0.994787,-5.608299,1.239955,-10.326705,1.604948,-5.332615,244,IX,45,1
0.783260,6.975450,1.019900,0.022371,0.003545,1.033604,45.946693,0.895729,-3.729389,0.996092,-5.596105,1.240381,-10.191330,1.608590,-5.256287,245,IX,45,1
0.783010,8.817720,0.924240,0.019529,0.003119,0.845357,40.209734,0.895378,-3.730518,0.995921,-5.588346,1.241563,-10.318004,1.607016,-5.318762,246,IX,45,1
0.781950,8.817720,0.925620,0.019500,0.004636,0.990226,44.718637,0.895198,-3.739886,0.995712,-5.607770,1.241384,-10.307720,1.611937,-5.242288,247,IX,45,1
0.779300,8.817720,0.928800,0.019433,0.002893,0.892661,41.754059,0.893874,-3.684338,0.995084,-5.603675,1.240273,-10.372336,1.611490,-5.272508,248,IX,45,1
0.781260,8.817720,0.923980,0.019534,0.002221,0.922955,42.705623,0.893243,-3.725377,0.993590,-5.592443,1.239877,-10.374206,1.612265,-5.262367,249,IX,45,1
0.778430,6.975450,1.018200,0.022409,0.003357,0.884731,41.500189,0.890439,-3.772687,0.993133,-5.666457,1.238628,-10.350978,1.612672,-5.459361,250,IX,45,1
0.777550,6.975450,1.018060,0.022412,0.002096,0.916092,42.492542,0.889685,-3.778325,0.991697,-5.603557,1.236360,-10.334220,1.612539,-5.392335,251,IX,45,1
0.776240,6.975450,1.017100,0.022433,0.002666,1.091236,47.498096,0.889735,-3.763999,0.990044,-5.629232,1.236916,-10.416504,1.609064,-5.359763,252,IX,45,1
0.774260,8.817720,0.925740,0.019497,0.002379,0.827696,39.614427,0.886894,-3.732578,0.988111,-5.620960,1.233553,-10.482495,1.605549,-5.420514,253,IX,45,1
0.772920,6.975450,1.012620,0.022532,0.002758,1.004157,45.118835,0.885466,-3.772371,0.986968,-5.689360,1.234407,-10.487946,1.607741,-5.380053,254,IX,45,1
0.770320,8.817720,0.928360,0.019442,0.003742,0.878698,41.305699,0.885224,-3.709705,0.985910,-5.684798,1.231979,-10.535032,1.607437,-5.296433,255,IX,45,1
0.769320,8.817720,0.927160,0.019467,0.003119,0.850446,40.379375,0.883285,-3.737222,0.983403,-5.664782,1.229394,-10.524265,1.603203,-5.380500,256,IX,45,1
0.768670,6.975450,1.019720,0.022375,0.003136,1.115226,48.118074,0.882929,-3.766507,0.982539,-5.646957,1.228158,-10.436919,1.604246,-5.375581,257,IX,45,1
0.767930,6.975450,1.022460,0.022315,0.004041,0.896333,41.870908,0.881660,-3.843409,0.981688,-5.699256,1.226958,-10.522524,1.608020,-5.309455,258,IX,45,1
0.771050,6.975450,1.023220,0.022299,0.001184,0.908609,42.258569,0.882726,-3.762874,0.985143,-5.653994,1.229349,-10.417391,1.610651,-5.403085,259,IX,45,1
0.774280,8.817720,0.922760,0.019560,0.000000,0.850673,40.386924,0.887384,-3.843293,0.987682,-5.701469,1.232912,-10.519906,1.609008,-5.380071,260,IX,45,1
0.775730,8.817720,0.923220,0.019551,0.000000,0.819252,39.326100,0.888216,-3.768957,0.989288,-5.663351,1.234391,-10.517195,1.611099,-5.453338,261,IX,45,1
0.773450,8.817720,0.925100,0.019511,0.002073,0.871790,41.081600,0.887074,-3.742946,0.988890,-5.655284,1.232620,-10.508616,1.610732,-5.283447,262,IX,45,1
0.776000,6.975450,1.014100,0.022499,0.001431,1.018229,45.517504,0.890003,-3.761544,0.989755,-5.624551,1.236813,-10.443986,1.611864,-5.389706,263,IX,45,1
0.781340,6.975450,1.013480,0.022513,0.000582,0.962628,43.909109,0.894103,-3.732471,0.994525,-5.636167,1.240480,-10.449777,1.618675,-5.344344,264,IX,45,1
0.782590,6.975450,1.019580,0.022378,0.001035,0.987759,44.647162,0.897444,-3.755887,0.997989,-5.573740,1.244582,-10.476849,1.624455,-5.346578,265,IX,45,1
0.786530,6.975450,1.024120,0.022279,0.001717,1.042561,46.193702,0.900748,-3.707630,1.001188,-5.618014,1.245797,-10.411052,1.631267,-5.276502,266,IX,45,1
0.787960,6.975450,1.027460,0.022207,0.000000,0.989854,44.707871,0.902310,-3.741794,1.002747,-5.608572,1.247391,-10.444604,1.632833,-5.265817,267,IX,45,1
0.788910,6.975450,1.021680,0.022332,0.000286,0.822605,39.440896,0.902397,-3.675477,1.002759,-5.576881,1.248988,-10.429914,1.630815,-5.427262,268,IX,45,1
0.789860,8.817720,0.933240,0.019341,0.001520,0.937327,43.147128,0.904320,-3.622689,1.006672,-5.589215,1.252623,-10.441466,1.632079,-5.291197,269,IX,45,1
0.791140,8.817720,0.930300,0.019402,0.001404,0.842293,40.107200,0.905121,-3.631817,1.008070,-5.585980,1.252116,-10.439103,1.634937,-5.345938,270,IX,45,1
0.793480,8.817720,0.930660,0.019394,0.000782,0.840613,40.050836,0.907305,-3.629528,1.009135,-5.499689,1.255520,-10.439622,1.638375,-5.356937,271,IX,45,1
0.793100,6.975450,1.021320,0.022340,0.000814,0.812961,39.109750,0.908567,-3.726414,1.009890,-5.529374,1.257659,-10.423717,1.642077,-5.470488,272,IX,45,1
0.793480,8.817720,0.931480,0.019377,0.001226,0.817997,39.283056,0.908682,-3.675706,1.008740,-5.549807,1.255316,-10.438524,1.638250,-5.394169,273,IX,45,1
0.792850,6.975450,1.031720,0.022115,0.000000,1.068484,46.896285,0.907380,-3.735078,1.008898,-5.552916,1.254056,-10.381567,1.641302,-5.270670,274,IX,45,1
0.792360,6.975450,1.022080,0.022324,0.000000,1.038413,46.079574,0.906736,-3.674822,1.008436,-5.493410,1.254611,-10.421780,1.637698,-5.342595,275,IX,45,1
0.792600,8.817720,0.925980,0.019492,0.000000,0.884587,41.495543,0.906968,-3.708971,1.007867,-5.661438,1.252665,-10.471392,1.638776,-5.318206,276,IX,45,1
0.790230,8.817720,0.929540,0.019418,0.000000,0.900509,42.003326,0.905902,-3.736977,1.005333,-5.597608,1.251732,-10.477844,1.639675,-5.324543,277,IX,45,1
0.788250,6.975450,1.026040,0.022237,0.000000,1.162221,49.290583,0.904183,-3.659939,1.006166,-5.598319,1.250939,-10.438880,1.642889,-5.337165,278,IX,45,1
0.788160,6.975450,1.028640,0.022181,0.000000,1.123062,48.317414,0.902263,-3.739046,1.003942,-5.605138,1.250085,-10.459681,1.640436,-5.322403,279,IX,45,1
0.786220,8.817720,0.931340,0.019380,0.000000,0.802799,38.757449,0.901652,-3.730733,1.002006,-5.563769,1.249624,-10.549285,1.638774,-5.495091,280,IX,45,1
0.785430,8.817720,0.930640,0.019395,0.000000,0.868395,40.970871,0.902183,-3.809282,1.002327,-5.564388,1.247835,-10.574041,1.639369,-5.361030,281,IX,45,1
0.786500,6.975450,1.020840,0.022351,0.000000,0.848569,40.316903,0.900319,-3.776548,1.003488,-5.580877,1.247545,-10.527491,1.643759,-5.508261,282,IX,45,1
0.784710,8.817720,0.928040,0.019449,0.000000,0.887870,41.600904,0.900308,-3.719482,1.001265,-5.604086,1.245910,-10.612703,1.642616,-5.270321,283,IX,45,1
0.784360,6.975450,1.025060,0.022259,0.000000,1.156027,49.139159,0.898852,-3.769492,0.999814,-5.610185,1.246362,-10.483545,1.641827,-5.354023,284,IX,45,1
0.783680,8.817720,0.927940,0.019451,0.000000,0.891897,41.729665,0.899413,-3.655046,1.000486,-5.663933,1.244558,-10.651680,1.641112,-5.286395,285,IX,45,1
0.784130,6.975450,1.030540,0.022140,0.000000,1.040701,46.142590,0.899433,-3.741887,0.999713,-5.642469,1.243784,-10.558911,1.640316,-5.318581,286,IX,45,1
0.784120,8.817720,0.927040,0.019470,0.000000,0.847628,40.285531,0.900092,-3.739991,1.000741,-5.555621,1.245394,-10.696685,1.641366,-5.405798,287,IX,45,1
0.784560,6.975450,1.019180,0.022387,0.000000,1.086589,47.376286,0.899317,-3.785406,1.000570,-5.568300,1.247818,-10.633026,1.644208,-5.368801,288,IX,45,1
0.785270,6.975450,1.026880,0.022219,0.000000,1.152296,49.047483,0.900562,-3.751387,1.001807,-5.632073,1.247182,-10.557426,1.647051,-5.344320,289,IX,45,1
0.784880,6.975450,1.025060,0.022259,0.000000,0.803376,38.777572,0.901067,-3.721134,1.001882,-5.602857,1.250081,-10.641264,1.649624,-5.536617,290,IX,45,1
0.785570,5.517300,1.122940,0.025688,0.000000,0.793367,38.427318,0.901661,-3.756749,1.002872,-5.614171,1.248864,-10.613437,1.646469,-5.508584,291,IX,45,1
0.787960,8.817720,0.928320,0.019443,0.000000,0.869426,41.004543,0.903866,-3.715597,1.004058,-5.592994,1.248922,-10.657871,1.649023,-5.382251,292,IX,45,1
0.789340,6.975450,1.024560,0.022270,0.000000,1.151058,49.016997,0.903828,-3.745239,1.005923,-5.543411,1.252834,-10.505136,1.651325,-5.367309,293,IX,45,1
0.792490,6.975450,1.023040,0.022303,0.000000,1.132505,48.555541,0.908767,-3.743015,1.010388,-5.533168,1.255384,-10.562690,1.657619,-5.354661,294,IX,45,1
0.794950,6.975450,1.026580,0.022226,0.000000,1.167614,49.421695,0.911047,-3.683194,1.011923,-5.561884,1.259226,-10.548597,1.660900,-5.350625,295,IX,45,1
0.797510,6.975450,1.022420,0.022316,0.000000,1.124817,48.361840,0.912566,-3.646357,1.013564,-5.571408,1.259952,-10.527597,1.661194,-5.330367,296,IX,45,1
0.796010,6.975450,1.026820,0.022220,0.000000,1.168068,49.432685,0.912455,-3.674020,1.013451,-5.502101,1.258831,-10.497266,1.662428,-5.340869,297,IX,45,1
0.796060,8.817720,0.929820,0.019412,0.000000,0.902656,42.071176,0.910920,-3.730553,1.013385,-5.528983,1.258201,-10.591873,1.661351,-5.342239,298,IX,45,1
0.795910,5.517300,1.121820,0.025714,0.000000,0.835832,39.889961,0.912371,-3.732629,1.012391,-5.562796,1.259245,-10.642702,1.662027,-5.409268,299,IX,45,1
0.307450,2.735470,2.560700,0.022721,0.006436,1.049925,46.395133,0.498762,-15.866170,0.785887,-17.795125,1.211811,-17.859487,2.207762,-4.935241,1,IX,25,8
0.309510,2.735470,2.546080,0.022852,0.004242,1.297953,52.387773,0.501040,-15.860648,0.789795,-17.734752,1.218773,-17.722054,2.130983,-4.716463,2,IX,25,8
0.308360,3.456860,2.357880,0.019526,0.005109,1.168930,49.453567,0.502721,-15.928289,0.792437,-17.759726,1.218361,-17.470503,2.111301,-4.718577,3,IX,25,8
0.309890,3.456860,2.366880,0.019452,0.005017,1.161622,49.275983,0.501611,-16.071400,0.794735,-17.850900,1.220699,-17.529271,2.099545,-4.636568,4,IX,25,8
0.308910,3.456860,2.368500,0.019439,0.005723,1.153282,49.071757,0.502804,-15.908801,0.795393,-17.759639,1.219699,-17.547855,2.084580,-4.683112,5,IX,25,8
0.309880,3.456860,2.369680,0.019429,0.005491,1.135057,48.619527,0.501763,-15.945103,0.793658,-17.692738,1.219504,-17.524530,2.077003,-4.681475,6,IX,25,8
0.310150,3.456860,2.356920,0.019534,0.005208,1.286981,52.152349,0.502589,-15.925946,0.794296,-17.673342,1.219630,-17.445476,2.078517,-4.672672,7,IX,25,8
0.309950,4.369410,2.188440,0.016644,0.005575,1.145269,48.873933,0.502583,-15.826198,0.794663,-17.750925,1.222333,-17.360188,2.082410,-4.789512,8,IX,25,8
0.309060,3.456860,2.352420,0.019571,0.004845,1.317439,52.799741,0.502289,-15.882415,0.793637,-17.745420,1.217881,-17.387570,2.073644,-4.695262,9,IX,25,8
0.308750,3.456860,2.368700,0.019437,0.006051,1.139286,48.725193,0.503034,-15.847212,0.794088,-17.683960,1.219844,-17.489659,2.074395,-4.662186,10,IX,25,8
0.309430,2.735470,2.533960,0.022961,0.005121,1.187458,49.898089,0.502165,-15.962844,0.792780,-17.729109,1.219876,-17.459861,2.064168,-4.710192,11,IX,25,8
0.310970,2.735470,2.519700,0.023091,0.005214,1.199664,50.186542,0.500594,-15.734545,0.790923,-17.644701,1.215568,-17.389317,2.049185,-4.726059,12,IX,25,8
0.309130,2.735470,2.526060,0.023033,0.006442,1.057155,46.591473,0.502687,-15.796506,0.791228,-17.620987,1.215778,-17.341756,2.046852,-4.867174,13,IX,25,8
0.310220,3.456860,2.359700,0.019511,0.005395,1.147966,48.940676,0.501697,-15.897069,0.791152,-17.615093,1.215359,-17.388735,2.042826,-4.713250,14,IX,25,8
0.310690,3.456860,2.348800,0.019602,0.005172,1.148738,48.959767,0.500871,-15.897256,0.790777,-17.594911,1.213355,-17.350883,2.034432,-4.719117,15,IX,25,8
0.309570,2.735470,2.509240,0.023187,0.005696,1.261620,51.598543,0.499731,-15.809364,0.790314,-17.685068,1.213512,-17.279625,2.027129,-4.757872,16,IX,25,8
0.308780,4.369410,2.160440,0.016860,0.006160,1.129085,48.469551,0.501122,-15.828619,0.788099,-17.534531,1.210962,-17.095582,2.018775,-4.909765,17,IX,25,8
0.309760,3.456860,2.321660,0.019831,0.005394,1.166217,49.387784,0.499083,-15.674708,0.784915,-17.454109,1.202249,-17.127461,1.988817,-4.769384,18,IX,25,8
0.310350,3.456860,2.308060,0.019948,0.005431,1.128005,48.442345,0.499032,-15.791882,0.785037,-17.535906,1.199973,-17.145521,1.998941,-4.746098,19,IX,25,8
0.310690,3.456860,2.309740,0.019933,0.005862,1.112443,48.046923,0.499095,-15.603367,0.784487,-17.478534,1.202512,-17.164084,2.015718,-4.753676,20,IX,25,8
0.310160,3.456860,2.312600,0.019908,0.005755,1.138954,48.716903,0.497162,-15.672589,0.783863,-17.541283,1.200636,-17.171660,2.012599,-4.772465,21,IX,25,8
0.309880,4.369410,2.135560,0.017056,0.006411,1.441301,55.246411,0.497747,-15.674749,0.783287,-17.580422,1.202115,-16.995015,1.999365,-4.847306,22,IX,25,8
0.309830,3.456860,2.304580,0.019978,0.005512,1.092844,47.540113,0.497488,-15.584689,0.780852,-17.432584,1.195788,-17.191999,1.990044,-4.895772,23,IX,25,8
0.309500,3.456860,2.292420,0.020084,0.005530,1.171376,49.512729,0.497027,-15.663367,0.780459,-17.399563,1.192978,-17.112692,1.985967,-4.865372,24,IX,25,8
0.307620,2.735470,2.452980,0.023719,0.007383,1.047998,46.342569,0.494880,-15.557485,0.777968,-17.254789,1.189871,-17.066923,1.979606,-5.033066,25,IX,25,8
0.309940,3.456860,2.291340,0.020093,0.006419,1.026015,45.735666,0.496620,-15.530115,0.778744,-17.331232,1.189784,-17.168852,1.982012,-5.003997,26,IX,25,8
0.309880,4.369410,2.107420,0.017284,0.006683,1.094747,47.589769,0.494772,-15.572626,0.776766,-17.371755,1.186210,-17.045805,1.988153,-5.031287,27,IX,25,8
0.310040,4.369410,2.108820,0.017273,0.005777,1.126638,48.407860,0.495321,-15.592203,0.775965,-17.290966,1.185841,-17.034788,1.988676,-5.030391,28,IX,25,8
0.309960,4.369410,2.088740,0.017439,0.005467,1.068971,46.909302,0.493521,-15.579762,0.773215,-17.290054,1.179761,-17.085721,1.982737,-5.069272,29,IX,25,8
0.308830,2.735470,2.436380,0.023880,0.006401,1.050265,46.404412,0.493341,-15.486552,0.773263,-17.234844,1.180747,-17.188267,1.986898,-5.101975,30,IX,25,8
0.316690,2.735470,2.444960,0.023797,0.006666,0.975566,44.291394,0.500107,-15.403705,0.783492,-17.450154,1.192220,-17.511194,2.161931,-5.313237,31,IX,25,8
0.312620,2.160540,2.683560,0.027450,0.006744,1.135808,48.638314,0.497610,-15.390614,0.777242,-17.352305,1.178331,-17.866874,2.222013,-5.182345,32,IX,25,8
0.312010,2.735470,2.449640,0.023751,0.006806,1.050163,46.401631,0.497532,-15.392981,0.775554,-17.264805,1.176962,-18.159635,2.234611,-5.193720,33,IX,25,8
0.311720,2.160540,2.668920,0.027601,0.006215,1.107496,47.919939,0.496149,-15.473535,0.774793,-17.309295,1.177860,-18.047996,2.242701,-5.366520,34,IX,25,8
0.310930,2.160540,2.693420,0.027350,0.007686,1.149951,48.989716,0.494782,-15.540750,0.774212,-17.288425,1.172612,-18.153667,2.251888,-5.277159,35,IX,25,8
0.310380,2.160540,2.658460,0.027709,0.006553,1.254986,51.451415,0.492754,-15.436967,0.770966,-17.129946,1.166253,-18.057174,2.230097,-5.339469,36,IX,25,8
0.310400,2.735470,2.430200,0.023941,0.006668,1.000478,45.013704,0.492496,-15.307663,0.769005,-17.117264,1.162346,-18.309572,2.225272,-5.401533,37,IX,25,8
0.311380,2.160540,2.660020,0.027693,0.006784,1.081170,47.233512,0.491473,-15.261150,0.768279,-17.097947,1.157743,-18.320938,2.233386,-5.326676,38,IX,25,8
0.309930,2.160540,2.662000,0.027673,0.006959,1.223141,50.731700,0.491330,-15.231574,0.767219,-17.130034,1.156129,-18.242728,2.236602,-5.385799,39,IX,25,8
0.311260,2.735470,2.418360,0.024058,0.006748,1.052731,46.471500,0.493258,-15.166681,0.765147,-16.983667,1.156982,-18.379676,2.229909,-5.392848,40,IX,25,8
0.312010,2.160540,2.650580,0.027792,0.006166,1.117544,48.177206,0.492472,-15.251587,0.763954,-17.028874,1.151142,-18.309047,2.233962,-5.398795,41,IX,25,8
0.310740,2.735470,2.420780,0.024034,0.008076,1.190740,49.975990,0.491840,-15.065195,0.761989,-16.921761,1.147688,-18.238779,2.216740,-5.492911,42,IX,25,8
0.310250,2.160540,2.614440,0.028176,0.007771,1.116806,48.158398,0.490244,-15.253119,0.760596,-16.909469,1.143977,-18.228171,2.220970,-5.553978,43,IX,25,8
0.310540,2.735470,2.392780,0.024316,0.007503,0.995204,44.862288,0.490883,-14.976735,0.758707,-16.887569,1.143067,-18.487442,2.220452,-5.547981,44,IX,25,8
0.309560,2.735470,2.390500,0.024339,0.008349,1.033310,45.938549,0.492088,-15.061666,0.759260,-16.792506,1.142204,-18.510401,2.230061,-5.509315,45,IX,25,8
0.312880,2.160540,2.594860,0.028389,0.006780,1.176762,49.642476,0.490104,-14.917958,0.759606,-16.746100,1.134692,-18.080459,2.230293,-5.557695,46,IX,25,8
0.311950,2.160540,2.573840,0.028620,0.006762,1.136368,48.652344,0.491983,-14.939096,0.761653,-16.925325,1.140695,-18.114501,2.271660,-5.664309,47,IX,25,8
0.313720,2.735470,2.384680,0.024398,0.005875,1.048339,46.351885,0.492212,-15.087670,0.759708,-16.936163,1.140603,-18.479405,2.311934,-5.669994,48,IX,25,8
0.315660,2.160540,2.602740,0.028303,0.007034,1.079501,47.189407,0.493806,-14.845625,0.757593,-16.644896,1.127228,-18.414916,2.297977,-5.638846,49,IX,25,8
0.319030,2.160540,2.592380,0.028416,0.006361,1.086500,47.373952,0.499016,-14.859394,0.764182,-16.523851,1.137765,-18.326748,2.301970,-5.748755,50,IX,25,8
0.319070,2.160540,2.595880,0.028377,0.006580,1.082851,47.277886,0.499429,-14.751060,0.765354,-16.503002,1.137708,-18.326557,2.304489,-5.757284,51,IX,25,8
0.319070,2.160540,2.618100,0.028137,0.006548,1.085112,47.337444,0.500392,-14.808629,0.766124,-16.443452,1.135631,-18.429129,2.301910,-5.657986,52,IX,25,8
0.321490,2.735470,2.351580,0.024742,0.006168,0.979380,44.403138,0.500993,-14.551847,0.767803,-16.292208,1.137016,-18.333784,2.298984,-5.767421,53,IX,25,8
0.319600,2.735470,2.352000,0.024737,0.006314,0.992508,44.784557,0.500809,-14.791503,0.763790,-16.395299,1.133910,-18.503056,2.315092,-5.721161,54,IX,25,8
0.319680,2.160540,2.589340,0.028449,0.005333,1.098837,47.696134,0.500209,-14.833445,0.763441,-16.426489,1.133104,-18.323181,2.321304,-5.837289,55,IX,25,8
0.319070,2.160540,2.605040,0.028278,0.006174,1.084961,47.333480,0.499986,-14.781638,0.762929,-16.347575,1.127599,-18.427553,2.317052,-5.746300,56,IX,25,8
0.321560,2.735470,2.332820,0.024941,0.006384,0.947771,43.464003,0.502086,-14.729169,0.762489,-16.216835,1.127816,-18.457527,2.312810,-5.844612,57,IX,25,8
0.321640,1.709520,2.799820,0.033252,0.006223,1.058145,46.618238,0.499247,-14.762073,0.764244,-16.284490,1.124967,-18.289371,2.332008,-5.810468,58,IX,25,8
0.322830,1.709520,2.799000,0.033262,0.006325,1.059550,46.656181,0.500178,-14.558975,0.763437,-16.269911,1.125137,-18.373912,2.344120,-5.849539,59,IX,25,8
0.321790,2.160540,2.547260,0.028919,0.006906,0.964506,43.964916,0.499785,-14.611060,0.761739,-16.263692,1.126535,-18.353716,2.352000,-5.979539,60,IX,25,8
0.322340,1.709520,2.815740,0.033064,0.006051,0.966076,44.011493,0.501645,-14.632420,0.762002,-16.258765,1.124168,-18.484156,2.370421,-5.907742,61,IX,25,8
0.322950,2.160540,2.581340,0.028537,0.006490,1.102025,47.778763,0.500737,-14.610980,0.762706,-16.232109,1.123308,-18.385512,2.386842,-5.986293,62,IX,25,8
0.322750,2.160540,2.560480,0.028770,0.006470,1.032523,45.916716,0.500543,-14.582134,0.761332,-16.212585,1.123217,-18.379750,2.397182,-6.064384,63,IX,25,8
0.323400,2.160540,2.538880,0.029015,0.007222,0.979423,44.404395,0.500141,-14.504231,0.760224,-16.210027,1.122454,-18.557506,2.401115,-6.060726,64,IX,25,8
0.322870,1.709520,2.788420,0.033388,0.006195,1.040473,46.136316,0.500889,-14.419561,0.759856,-16.235560,1.116779,-18.452457,2.417547,-6.060718,65,IX,25,8
0.322880,2.160540,2.560140,0.028774,0.007002,1.030570,45.862523,0.501934,-14.427415,0.759107,-16.183225,1.114814,-18.492206,2.430620,-6.148737,66,IX,25,8
0.322320,1.709520,2.842140,0.032757,0.007343,0.950729,43.553142,0.502589,-14.452428,0.764155,-16.316080,1.125569,-18.701994,2.464294,-6.101822,67,IX,25,8
0.322990,1.709520,2.824920,0.032956,0.006337,1.010255,45.292282,0.502724,-14.412991,0.765171,-16.288212,1.123795,-18.567636,2.490683,-6.136035,68,IX,25,8
0.322410,2.160540,2.572200,0.028639,0.006923,0.907724,42.230771,0.502871,-14.650982,0.766744,-16.295036,1.131356,-18.620259,2.523915,-6.311868,69,IX,25,8
0.324400,1.709520,2.842260,0.032755,0.005145,0.983685,44.528769,0.502269,-14.587709,0.766986,-16.413027,1.126474,-18.635736,2.547446,-6.238514,70,IX,25,8
0.328420,1.709520,2.868160,0.032460,0.006571,0.941496,43.273996,0.509123,-14.637814,0.777592,-16.485118,1.140508,-18.616570,2.660281,-6.400558,71,IX,25,8
0.330080,1.709520,2.865760,0.032487,0.006142,1.086295,47.368551,0.511797,-14.611423,0.779101,-16.382823,1.142683,-18.659728,2.733036,-6.605224,72,IX,25,8
0.327010,1.709520,2.848020,0.032689,0.006255,1.088659,47.430610,0.507089,-14.492614,0.769440,-16.352808,1.130929,-18.771004,2.730054,-6.620968,73,IX,25,8
0.325150,1.353520,3.186800,0.036898,0.006127,0.906371,42.188265,0.504170,-14.613016,0.771579,-16.463399,1.135452,-18.982207,2.756620,-6.622972,74,IX,25,8
0.327600,1.353520,3.207520,0.036659,0.006040,0.874846,41.180915,0.510450,-14.599781,0.779953,-16.548992,1.146137,-18.962378,2.863958,-6.742390,75,IX,25,8
0.324710,1.353520,3.202400,0.036718,0.005775,0.890536,41.686215,0.505311,-14.740154,0.773888,-16.529211,1.136467,-19.105036,2.838037,-6.809846,76,IX,25,8
0.324960,1.353520,3.208340,0.036650,0.006304,0.866148,40.897397,0.505340,-14.572107,0.771592,-16.585352,1.134635,-19.240670,2.850556,-6.849525,77,IX,25,8
0.323810,1.709520,2.870800,0.032430,0.006091,0.896769,41.884766,0.502573,-14.462730,0.766503,-16.417422,1.123296,-19.088810,2.841801,-6.874024,78,IX,25,8
0.330040,1.709520,2.854520,0.032615,0.005948,0.875388,41.198512,0.508877,-14.312458,0.771439,-16.219702,1.128015,-18.993096,2.849590,-6.965711,79,IX,25,8
0.328870,1.709520,2.868440,0.032456,0.006127,0.915782,42.482892,0.507206,-14.169743,0.770133,-16.205571,1.122271,-19.064184,2.845966,-6.879816,80,IX,25,8
0.328370,1.709520,2.871880,0.032418,0.006772,0.895047,41.830031,0.508469,-14.388241,0.770675,-16.365171,1.126608,-19.078486,2.865823,-6.951788,81,IX,25,8
0.327740,1.353520,3.215140,0.036573,0.004994,0.884047,41.478189,0.507495,-14.352651,0.770021,-16.223707,1.127079,-19.096949,2.863902,-6.997819,82,IX,25,8
0.328990,1.709520,2.868380,0.032457,0.006039,0.892346,41.744006,0.507798,-14.280417,0.769042,-16.286506,1.125464,-19.137671,2.877790,-7.027363,83,IX,25,8
0.329690,1.353520,3.205020,0.036688,0.006756,0.851946,40.429200,0.506300,-14.230067,0.766464,-16.207312,1.119683,-19.165853,2.861114,-7.086821,84,IX,25,8
0.328490,1.353520,3.195520,0.036797,0.005790,1.096716,47.641022,0.506566,-14.180643,0.765514,-16.175871,1.116956,-19.128279,2.861939,-7.061784,85,IX,25,8
1.569840,57.368160,0.415340,0.006680,0.013707,1.182905,49.789605,1.648351,-1.650162,1.743873,-2.632510,1.855187,-1.224136,1.934078,-2.719806,1,V,45,1
1.787560,57.368160,0.419820,0.006608,0.013426,1.389146,54.251139,1.864936,-1.522327,1.962807,-2.356910,2.080314,-1.158958,2.157795,-2.497845,2,V,45,1
1.561670,72.517010,0.388540,0.005649,0.012157,1.114677,48.104064,1.639004,-1.784259,1.737328,-2.672335,1.856029,-1.305572,1.935579,-2.863887,3,V,45,1
1.382600,57.368160,0.424980,0.006528,0.014868,1.334037,53.144614,1.462583,-2.060563,1.561222,-2.987313,1.682702,-1.464360,1.760800,-3.095975,4,V,45,1
1.368350,57.368160,0.426480,0.006505,0.013586,1.154706,49.106750,1.449230,-2.023086,1.546890,-3.034848,1.669101,-1.488301,1.749760,-3.067352,5,V,45,1
1.425000,57.368160,0.428560,0.006473,0.013551,1.174904,49.597794,1.503728,-1.915984,1.603459,-2.964090,1.726327,-1.440350,1.807779,-3.000032,6,V,45,1
1.436080,57.368160,0.427740,0.006486,0.015125,1.136920,48.666142,1.517096,-1.936877,1.617020,-2.942472,1.740134,-1.449644,1.822762,-3.094008,7,V,45,1
1.408730,57.368160,0.430920,0.006438,0.013699,1.160733,49.254301,1.488810,-1.923433,1.588314,-2.997772,1.713425,-1.492240,1.794258,-3.031118,8,V,45,1
1.410370,72.517010,0.393380,0.005579,0.014149,1.163306,49.317018,1.490069,-1.932804,1.588776,-3.008312,1.712950,-1.515372,1.796376,-3.038049,9,V,45,1
1.422620,72.517010,0.395080,0.005555,0.013970,1.251427,51.372081,1.502851,-1.898871,1.601366,-2.927238,1.728443,-1.485421,1.807681,-3.043773,10,V,45,1
1.422730,57.368160,0.426000,0.006512,0.012031,1.416854,54.785971,1.501939,-1.954058,1.599400,-2.949978,1.726555,-1.547406,1.808846,-3.060410,11,V,45,1
1.369970,57.368160,0.432860,0.006409,0.014889,1.334503,53.154211,1.452109,-1.991451,1.550302,-3.104109,1.677973,-1.533560,1.759554,-3.152569,12,V,45,1
1.371590,57.368160,0.426600,0.006503,0.013702,1.253483,51.417934,1.451699,-2.000738,1.549838,-3.080983,1.679680,-1.597851,1.761198,-3.137013,13,V,45,1
1.433040,57.368160,0.430240,0.006448,0.016063,1.382278,54.116387,1.515715,-1.945090,1.612882,-2.965043,1.742765,-1.527620,1.823386,-3.043504,14,V,45,1
1.387180,45.362900,0.461400,0.007604,0.014410,1.226391,50.806185,1.467512,-1.930373,1.565774,-3.111172,1.695078,-1.558582,1.776215,-3.113483,15,V,45,1
1.429970,57.368160,0.424280,0.006539,0.013042,1.149622,48.981574,1.509707,-1.929077,1.608252,-2.982904,1.738790,-1.562186,1.823061,-3.109726,16,V,45,1
1.441490,45.362900,0.466740,0.007517,0.013963,1.162433,49.295754,1.522617,-1.897740,1.620202,-2.963027,1.752403,-1.574427,1.836492,-3.094891,17,V,45,1
1.398210,45.362900,0.469260,0.007477,0.015093,1.431280,55.058945,1.479831,-1.946064,1.578872,-3.081385,1.710794,-1.614445,1.794178,-3.118361,18,V,45,1
1.442820,45.362900,0.461980,0.007594,0.013311,1.244923,51.226396,1.522520,-1.868540,1.620718,-3.019932,1.752084,-1.595368,1.835152,-3.033572,19,V,45,1
1.400240,57.368160,0.426100,0.006511,0.012981,1.147037,48.917719,1.479740,-1.928687,1.577866,-3.115876,1.710945,-1.619102,1.796550,-3.149683,20,V,45,1
1.475510,57.368160,0.427760,0.006486,0.012180,1.087400,47.397579,1.555666,-1.852126,1.652399,-2.945466,1.786473,-1.553104,1.870167,-3.061673,21,V,45,1
1.548450,57.368160,0.429620,0.006458,0.014704,1.347376,53.417807,1.630322,-1.789963,1.727552,-2.822393,1.863759,-1.520618,1.946433,-2.889623,22,V,45,1
1.548900,45.362900,0.464100,0.007560,0.013794,1.171551,49.516956,1.629711,-1.784943,1.727153,-2.812416,1.863080,-1.535766,1.949079,-2.888402,23,V,45,1
1.459990,45.362900,0.462480,0.007586,0.013363,1.402539,54.511406,1.540742,-1.854622,1.637090,-2.948928,1.773666,-1.638207,1.855699,-3.035265,24,V,45,1
1.445970,45.362900,0.463360,0.007572,0.014054,1.078010,47.149925,1.527076,-1.860961,1.622936,-2.992116,1.759278,-1.602157,1.841450,-3.052146,25,V,45,1
1.386490,57.368160,0.426840,0.006500,0.013465,1.095565,47.611081,1.466449,-1.925985,1.564313,-3.080366,1.700545,-1.685867,1.783544,-3.139474,26,V,45,1
1.403590,57.368160,0.428780,0.006470,0.014948,1.121175,48.269540,1.486165,-1.905832,1.582816,-3.094731,1.720828,-1.692656,1.807880,-3.110896,27,V,45,1
1.458050,57.368160,0.427800,0.006485,0.014772,1.153970,49.088670,1.539607,-1.848172,1.636350,-2.969459,1.775254,-1.683467,1.862185,-3.014262,28,V,45,1
1.375110,45.362900,0.462180,0.007591,0.013825,1.121374,48.274605,1.456420,-2.016802,1.552088,-3.104382,1.691922,-1.728003,1.777498,-3.248460,29,V,45,1
1.361550,45.362900,0.461520,0.007602,0.013551,1.339106,53.248844,1.441689,-2.013787,1.538961,-3.173484,1.680201,-1.775590,1.764622,-3.218412,30,V,45,1
1.434300,45.362900,0.465360,0.007539,0.014590,1.051864,46.447924,1.515854,-1.858292,1.613017,-2.996847,1.753982,-1.707296,1.839057,-3.156657,31,V,45,1
1.352740,57.368160,0.425600,0.006518,0.013418,1.146192,48.896783,1.433254,-1.985016,1.530718,-3.144590,1.672218,-1.798737,1.758169,-3.185505,32,V,45,1
1.243270,45.362900,0.461500,0.007602,0.013720,1.360654,53.686327,1.324625,-2.131979,1.421618,-3.433358,1.562857,-1.927772,1.648577,-3.452379,33,V,45,1
1.311590,57.368160,0.427840,0.006484,0.013488,1.106477,47.893685,1.394070,-2.075331,1.489119,-3.317511,1.631879,-1.867260,1.718408,-3.255783,34,V,45,1
1.280290,45.362900,0.466780,0.007516,0.014317,1.056940,46.585659,1.362418,-2.088791,1.458763,-3.378069,1.601450,-1.882984,1.684841,-3.433460,35,V,45,1
1.293890,45.362900,0.466040,0.007528,0.015254,1.133340,48.576497,1.376338,-2.083001,1.473276,-3.354156,1.616338,-1.909400,1.703532,-3.399812,36,V,45,1
1.242000,57.368160,0.422980,0.006559,0.013653,1.160300,49.243726,1.321545,-2.151233,1.418563,-3.436155,1.561809,-1.970460,1.649280,-3.494232,37,V,45,1
1.205470,45.362900,0.461360,0.007605,0.013426,1.253382,51.415684,1.285899,-2.214856,1.381676,-3.570838,1.526263,-2.078049,1.612383,-3.527066,38,V,45,1
1.171420,45.362900,0.464760,0.007549,0.014612,1.153672,49.081334,1.252372,-2.336853,1.348762,-3.582117,1.492400,-2.087593,1.580498,-3.657719,39,V,45,1
1.190410,45.362900,0.458880,0.007646,0.013089,1.065024,46.803551,1.270655,-2.276205,1.366782,-3.533351,1.510960,-2.031227,1.596750,-3.640538,40,V,45,1
1.278410,45.362900,0.461700,0.007599,0.015437,1.140704,48.760512,1.359757,-2.078649,1.457048,-3.379404,1.600835,-1.980792,1.688797,-3.441421,41,V,45,1
1.296470,45.362900,0.462540,0.007585,0.013555,1.121480,48.277291,1.376793,-2.020233,1.472912,-3.380475,1.620446,-1.973936,1.706625,-3.294684,42,V,45,1
1.284020,45.362900,0.459840,0.007630,0.013891,1.102941,47.802459,1.365276,-2.100526,1.460802,-3.386513,1.608134,-1.994055,1.695986,-3.330917,43,V,45,1
1.264760,45.362900,0.463020,0.007577,0.014970,1.102883,47.800940,1.346256,-2.085946,1.441516,-3.400272,1.590475,-2.016082,1.678672,-3.480017,44,V,45,1
1.298060,35.931340,0.497200,0.008909,0.014649,1.111340,48.018658,1.379478,-2.077173,1.475135,-3.335417,1.622843,-1.967366,1.711825,-3.407858,45,V,45,1
1.351620,35.931340,0.502760,0.008810,0.013369,1.131125,48.520893,1.432130,-1.962119,1.528591,-3.173423,1.677141,-1.930483,1.765668,-3.237221,46,V,45,1
1.246230,45.362900,0.461960,0.007595,0.014059,1.190945,49.980839,1.326575,-2.166405,1.423264,-3.463993,1.571947,-2.095504,1.658855,-3.447141,47,V,45,1
1.128330,35.931340,0.499340,0.008871,0.014137,1.065656,46.820500,1.209110,-2.355802,1.304937,-3.793485,1.455252,-2.283035,1.543875,-3.805987,48,V,45,1
1.118660,45.362900,0.460160,0.007624,0.013302,1.067655,46.874077,1.198182,-2.379259,1.294599,-3.836004,1.444692,-2.270427,1.533742,-3.852721,49,V,45,1
1.148970,45.362900,0.460760,0.007615,0.013961,1.126091,48.394045,1.230002,-2.351896,1.326220,-3.743165,1.475881,-2.238873,1.563081,-3.650382,50,V,45,1
1.170560,45.362900,0.462900,0.007579,0.014362,1.121925,48.288572,1.253134,-2.290251,1.346630,-3.698620,1.496901,-2.209621,1.588656,-3.619155,51,V,45,1
1.224510,45.362900,0.462840,0.007580,0.014409,1.204687,50.304224,1.305356,-2.174059,1.401373,-3.540094,1.552245,-2.144939,1.640174,-3.517218,52,V,45,1
1.165910,35.931340,0.502260,0.008819,0.014526,1.083268,47.288889,1.249136,-2.286752,1.344258,-3.697159,1.496199,-2.276226,1.586112,-3.739660,53,V,45,1
1.083140,45.362900,0.457000,0.007677,0.012565,1.312686,52.699966,1.161580,-2.436981,1.258588,-3.937761,1.410975,-2.376647,1.500381,-3.866408,54,V,45,1
1.152750,45.362900,0.462420,0.007587,0.013404,1.109092,47.960976,1.232821,-2.320540,1.328643,-3.768578,1.482071,-2.265726,1.572270,-3.657332,55,V,45,1
1.156780,35.931340,0.501640,0.008830,0.014372,1.123467,48.327658,1.237184,-2.302117,1.333803,-3.747512,1.486411,-2.278391,1.578281,-3.676015,56,V,45,1
1.108200,45.362900,0.462280,0.007590,0.014896,1.211938,50.473109,1.190302,-2.363360,1.285872,-3.837674,1.438791,-2.362081,1.527310,-3.767793,57,V,45,1
1.166680,35.931340,0.501340,0.008835,0.013890,1.103157,47.808040,1.248507,-2.270820,1.342743,-3.684650,1.496827,-2.313370,1.587520,-3.606556,58,V,45,1
1.075450,35.931340,0.501340,0.008835,0.014581,1.130622,48.508232,1.157946,-2.459333,1.252328,-3.969779,1.407530,-2.483144,1.499781,-3.926857,59,V,45,1
1.046180,35.931340,0.504980,0.008771,0.012912,1.107786,47.927387,1.125698,-2.521309,1.222739,-4.100620,1.378143,-2.553153,1.468242,-3.889375,60,V,45,1
1.099300,35.931340,0.501320,0.008836,0.015401,1.118562,48.203123,1.182011,-2.399147,1.275765,-3.857720,1.430759,-2.432384,1.522795,-3.872994,61,V,45,1
1.058960,45.362900,0.461800,0.007597,0.015078,1.115611,48.127919,1.141522,-2.468321,1.234901,-4.011579,1.391446,-2.505139,1.482470,-4.014965,62,V,45,1
0.988850,45.362900,0.458280,0.007656,0.013338,1.179375,49.705175,1.069934,-2.615392,1.165871,-4.295852,1.321387,-2.688039,1.411153,-4.094195,63,V,45,1
0.971070,45.362900,0.463540,0.007569,0.015548,1.065328,46.811715,1.055069,-2.710009,1.148809,-4.327114,1.305792,-2.714832,1.397252,-4.283374,64,V,45,1
1.013650,45.362900,0.462780,0.007581,0.014555,1.030226,45.852956,1.096414,-2.677641,1.191178,-4.199758,1.348880,-2.632724,1.437586,-4.132579,65,V,45,1
0.918800,35.931340,0.499980,0.008859,0.015331,1.100703,47.744526,1.001197,-2.850387,1.095263,-4.509688,1.253306,-2.897804,1.342872,-4.333907,66,V,45,1
0.987430,35.931340,0.502960,0.008807,0.015102,1.091930,47.516251,1.069815,-2.629448,1.165553,-4.327361,1.322733,-2.728648,1.413613,-4.069294,67,V,45,1
1.019190,35.931340,0.501080,0.008840,0.013051,1.100849,47.748313,1.100782,-2.600243,1.194697,-4.144982,1.353533,-2.614521,1.444907,-3.990907,68,V,45,1
1.057310,45.362900,0.462440,0.007587,0.014591,1.092609,47.533991,1.140941,-2.509722,1.235299,-4.043276,1.395116,-2.578505,1.487725,-3.892748,69,V,45,1
1.032090,45.362900,0.459940,0.007628,0.013777,1.029298,45.827138,1.113399,-2.555754,1.208284,-4.176600,1.368366,-2.670760,1.460552,-4.128012,70,V,45,1
0.975840,35.931340,0.501620,0.008830,0.013636,1.100453,47.738042,1.058162,-2.680120,1.153200,-4.355284,1.312948,-2.815222,1.406289,-4.128166,71,V,45,1
0.972550,45.362900,0.460920,0.007612,0.014869,1.148249,48.947672,1.056018,-2.664479,1.148962,-4.323063,1.309907,-2.782501,1.399671,-4.166431,72,V,45,1
0.944200,35.931340,0.501200,0.008838,0.014871,1.089717,47.458341,1.026070,-2.750310,1.121718,-4.483570,1.282750,-2.869124,1.375166,-4.225004,73,V,45,1
0.956880,35.931340,0.505860,0.008756,0.015101,1.272899,51.846521,1.040307,-2.771398,1.136082,-4.456474,1.296956,-2.884099,1.389374,-4.205628,74,V,45,1
0.913450,45.362900,0.461440,0.007603,0.013975,1.058694,46.633067,0.997344,-2.872386,1.092033,-4.565338,1.253085,-2.993332,1.347395,-4.480721,75,V,45,1
0.891460,45.362900,0.459700,0.007632,0.014468,1.346144,53.392734,0.974478,-2.903305,1.068042,-4.708143,1.228758,-3.040745,1.322211,-4.468706,76,V,45,1
0.885000,45.362900,0.461040,0.007610,0.014116,1.343226,53.333192,0.967518,-2.913088,1.061939,-4.688807,1.224391,-3.063729,1.316435,-4.495077,77,V,45,1
0.853870,35.931340,0.502200,0.008820,0.015552,1.098492,47.687184,0.936399,-3.053692,1.031327,-4.802544,1.192766,-3.139428,1.289040,-4.642808,78,V,45,1
0.840060,35.931340,0.501360,0.008835,0.013686,1.098035,47.675330,0.922762,-3.069540,1.016710,-4.963722,1.178942,-3.164803,1.274117,-4.560289,79,V,45,1
0.843230,35.931340,0.506020,0.008753,0.014665,1.292354,52.267941,0.927824,-3.066671,1.022248,-4.922730,1.185400,-3.230348,1.280108,-4.601676,80,V,45,1
0.797370,35.931340,0.499260,0.008872,0.013997,1.082578,47.270701,0.880672,-3.250881,0.976011,-5.213868,1.139177,-3.387005,1.233119,-4.718736,81,V,45,1
0.793690,45.362900,0.460100,0.007625,0.014926,1.077102,47.125846,0.876257,-3.323339,0.971464,-5.188217,1.133920,-3.376463,1.230836,-4.911256,82,V,45,1
0.774200,35.931340,0.502920,0.008807,0.014027,1.092169,47.522492,0.857303,-3.294620,0.952207,-5.285980,1.114425,-3.445575,1.209297,-4.817772,83,V,45,1
0.756590,45.362900,0.460200,0.007624,0.014653,1.048273,46.350084,0.838715,-3.373291,0.934425,-5.389628,1.097676,-3.461914,1.193893,-5.067773,84,V,45,1
0.731100,35.931340,0.505480,0.008763,0.014974,1.025060,45.709000,0.815769,-3.504640,0.910296,-5.532324,1.075068,-3.648497,1.170942,-5.219892,85,V,45,1
0.758450,35.931340,0.505600,0.008761,0.015257,1.095688,47.614287,0.843236,-3.325807,0.938048,-5.462659,1.103481,-3.563693,1.201248,-4.937527,86,V,45,1
0.710860,35.931340,0.500680,0.008847,0.013586,1.014781,45.420344,0.793126,-3.555962,0.889020,-5.686932,1.053066,-3.703019,1.148772,-5.308966,87,V,45,1
0.701110,35.931340,0.501780,0.008827,0.014048,1.248013,51.295711,0.783576,-3.573356,0.878837,-5.804420,1.043130,-3.718582,1.138964,-5.184315,88,V,45,1
0.678400,35.931340,0.499600,0.008866,0.013686,1.089419,47.450532,0.760292,-3.785770,0.855429,-5.945460,1.021062,-3.802195,1.117223,-5.253109,89,V,45,1
0.680730,35.931340,0.502680,0.008812,0.013541,1.023503,45.665449,0.763579,-3.689967,0.858823,-5.900089,1.025630,-3.872843,1.122260,-5.484014,90,V,45,1
0.672720,45.362900,0.463620,0.007568,0.015178,1.128658,48.458811,0.757519,-3.687712,0.851984,-5.893376,1.020143,-3.899816,1.115626,-5.299551,91,V,45,1
0.657140,35.931340,0.509520,0.008693,0.015456,1.347575,53.421866,0.742401,-3.816811,0.837717,-6.144342,1.005896,-3.974280,1.102467,-5.451699,92,V,45,1
0.701220,35.931340,0.506140,0.008751,0.015657,0.986054,44.597684,0.785317,-3.598984,0.880615,-5.717463,1.047912,-3.778566,1.144401,-5.368941,93,V,45,1
0.688150,35.931340,0.502620,0.008813,0.015207,1.099432,47.711573,0.770581,-3.667346,0.865957,-5.833242,1.034444,-3.870341,1.133712,-5.286887,94,V,45,1
0.683320,35.931340,0.504680,0.008777,0.014182,1.016092,45.457320,0.767198,-3.688459,0.862330,-5.884721,1.031282,-3.907555,1.126769,-5.352793,95,V,45,1
0.689510,35.931340,0.505300,0.008766,0.014380,1.176911,49.646036,0.772404,-3.605177,0.869042,-5.830937,1.038474,-3.904932,1.134863,-5.255481,96,V,45,1
0.686880,35.931340,0.508060,0.008718,0.015796,1.121104,48.267737,0.771104,-3.700897,0.867287,-5.937283,1.038301,-3.981084,1.134363,-5.243060,97,V,45,1
0.673260,35.931340,0.505260,0.008767,0.014031,1.082675,47.273238,0.755693,-3.743339,0.850571,-5.934679,1.020538,-4.007750,1.118773,-5.285366,98,V,45,1
0.657400,35.931340,0.507100,0.008735,0.015684,1.072894,47.013996,0.742845,-3.806990,0.836006,-6.055689,1.006308,-4.090620,1.106669,-5.396414,99,V,45,1
0.683110,35.931340,0.504020,0.008788,0.014407,1.005997,45.171274,0.766781,-3.587933,0.862026,-5.882921,1.032589,-4.033584,1.129402,-5.462465,100,V,45,1
0.685100,35.931340,0.504280,0.008784,0.013906,1.081058,47.230564,0.768166,-3.749920,0.864157,-5.987806,1.036253,-4.002205,1.136658,-5.284796,101,V,45,1
0.692800,28.409090,0.554140,0.010110,0.015658,1.044387,46.243784,0.778506,-3.700800,0.872272,-5.893554,1.046227,-3.960086,1.146223,-5.394175,102,V,45,1
0.666440,35.931340,0.505720,0.008759,0.014684,1.079187,47.181076,0.751011,-3.790217,0.845737,-6.050352,1.018445,-4.124390,1.118456,-5.305749,103,V,45,1
0.659390,35.931340,0.503660,0.008794,0.013661,1.032370,45.912475,0.742292,-3.832316,0.837297,-6.146169,1.011034,-4.184435,1.111208,-5.581202,104,V,45,1
0.657990,35.931340,0.507280,0.008732,0.014727,1.075250,47.076686,0.742070,-3.859843,0.839251,-6.082627,1.011866,-4.174596,1.112174,-5.358470,105,V,45,1
0.638910,35.931340,0.506080,0.008752,0.015103,1.074630,47.060197,0.724171,-3.939421,0.818294,-6.248052,0.992903,-4.299774,1.094629,-5.498715,106,V,45,1
0.640690,35.931340,0.504840,0.008774,0.015546,1.064757,46.796387,0.725031,-3.971048,0.820945,-6.214342,0.996033,-4.306575,1.098078,-5.600823,107,V,45,1
0.636870,35.931340,0.506580,0.008744,0.014621,1.023543,45.666584,0.721627,-3.918017,0.817124,-6.224003,0.991112,-4.313419,1.092454,-5.701652,108,V,45,1
0.642020,35.931340,0.505540,0.008762,0.014602,1.052409,46.462755,0.726048,-3.951772,0.821681,-6.239648,0.997423,-4.302898,1.097833,-5.422309,109,V,45,1
0.657890,35.931340,0.507820,0.008722,0.013629,1.127592,48.431918,0.743018,-3.916361,0.837892,-6.096998,1.012819,-4.263671,1.111501,-5.435292,110,V,45,1
0.662350,35.931340,0.507320,0.008731,0.016541,1.146669,48.908609,0.748574,-3.783831,0.843911,-6.111497,1.019735,-4.216775,1.118640,-5.398800,111,V,45,1
0.693440,35.931340,0.504740,0.008776,0.015112,1.076947,47.121740,0.779779,-3.610359,0.872738,-5.861934,1.050571,-4.138637,1.151859,-5.192145,112,V,45,1
0.668270,35.931340,0.511720,0.008656,0.014804,1.092903,47.541671,0.754634,-3.745055,0.848346,-6.067644,1.026150,-4.269582,1.127786,-5.320221,113,V,45,1
0.665830,28.409090,0.551140,0.010165,0.014100,1.080856,47.225217,0.750474,-3.827178,0.844472,-6.063265,1.022555,-4.282515,1.125481,-5.449085,114,V,45,1
0.663310,35.931340,0.505200,0.008768,0.014725,1.117069,48.165094,0.748736,-3.793840,0.842891,-6.064101,1.020292,-4.286119,1.119736,-5.363694,115,V,45,1
0.693690,28.409090,0.554940,0.010095,0.015972,1.028277,45.798725,0.779048,-3.626357,0.874019,-5.874724,1.051879,-4.151454,1.153350,-5.430861,116,V,45,1
0.673500,28.409090,0.553780,0.010116,0.014906,0.996342,44.895008,0.759517,-3.752681,0.853960,-6.022052,1.031314,-4.240808,1.130654,-5.468178,117,V,45,1
0.677070,28.409090,0.551780,0.010153,0.013288,1.155903,49.136123,0.762483,-3.746390,0.855731,-6.071923,1.035296,-4.274778,1.136420,-5.348711,118,V,45,1
0.687390,35.931340,0.506800,0.008740,0.014795,1.061529,46.709563,0.772916,-3.634919,0.868120,-5.920282,1.047181,-4.257947,1.152105,-5.266514,119,V,45,1
0.709760,35.931340,0.506700,0.008742,0.014920,1.024226,45.685695,0.793917,-3.558218,0.888228,-5.759996,1.068722,-4.161854,1.171434,-5.376897,120,V,45,1
0.698520,35.931340,0.505460,0.008763,0.014401,1.074854,47.066148,0.782037,-3.592458,0.876345,-5.762821,1.056653,-4.169385,1.159341,-5.258198,121,V,45,1
0.664410,35.931340,0.507860,0.008722,0.016018,1.073654,47.034219,0.751715,-3.822375,0.845257,-6.088722,1.024778,-4.344952,1.126981,-5.363631,122,V,45,1
0.667810,28.409090,0.551820,0.010152,0.014486,1.227582,50.833409,0.752959,-3.798981,0.847414,-6.098671,1.028600,-4.391285,1.130088,-5.430066,123,V,45,1
0.685730,35.931340,0.507560,0.008727,0.014574,1.036487,46.026436,0.771016,-3.702770,0.865965,-5.964885,1.046844,-4.345894,1.152394,-5.488686,124,V,45,1
0.713580,28.409090,0.553280,0.010126,0.014193,1.028639,45.808799,0.799061,-3.524269,0.893653,-5.835589,1.076840,-4.255995,1.177429,-5.271096,125,V,45,1
0.709380,35.931340,0.504920,0.008773,0.013481,1.113546,48.075132,0.794671,-3.582860,0.888157,-5.853290,1.070142,-4.213517,1.171188,-5.197593,126,V,45,1
0.678510,35.931340,0.506420,0.008747,0.014269,1.073467,47.029245,0.764548,-3.639631,0.857206,-6.012930,1.038852,-4.342309,1.139319,-5.397969,127,V,45,1
0.684910,35.931340,0.503660,0.008794,0.014364,1.022292,45.631559,0.770942,-3.674236,0.864514,-5.977464,1.047107,-4.372690,1.150979,-5.519905,128,V,45,1
0.686120,28.409090,0.553340,0.010124,0.014394,1.068178,46.888090,0.771609,-3.631333,0.865206,-5.959588,1.049277,-4.373026,1.155830,-5.401040,129,V,45,1
0.696390,28.409090,0.555320,0.010088,0.014053,0.965291,43.988217,0.781583,-3.702411,0.875907,-5.896532,1.059498,-4.364519,1.162533,-5.430848,130,V,45,1
0.702500,28.409090,0.553940,0.010113,0.014406,1.004530,45.129494,0.788698,-3.601834,0.881346,-5.873970,1.065120,-4.291648,1.169714,-5.447239,131,V,45,1
0.697330,28.409090,0.551000,0.010167,0.014641,1.070151,46.940828,0.784712,-3.620107,0.877253,-5.820102,1.059673,-4.318287,1.164533,-5.220949,132,V,45,1
0.685150,28.409090,0.553700,0.010118,0.015598,1.330473,53.071031,0.772611,-3.562265,0.865588,-5.973991,1.047967,-4.427800,1.151932,-5.401915,133,V,45,1
0.702510,28.409090,0.555940,0.010077,0.015557,1.036418,46.024538,0.791613,-3.513293,0.883450,-5.838572,1.069073,-4.322398,1.175244,-5.395214,134,V,45,1
0.713740,28.409090,0.556480,0.010067,0.013906,0.982023,44.480335,0.799697,-3.528486,0.892654,-5.764317,1.078632,-4.336378,1.184804,-5.400188,135,V,45,1
0.712320,35.931340,0.507600,0.008726,0.013921,1.350268,53.476575,0.798338,-3.583522,0.891521,-5.821204,1.077609,-4.370045,1.182946,-5.252566,136,V,45,1
0.691410,28.409090,0.552500,0.010140,0.014706,1.057359,46.596992,0.777686,-3.634870,0.869926,-5.890266,1.054506,-4.458521,1.161343,-5.436964,137,V,45,1
0.663520,28.409090,0.554000,0.010112,0.015791,1.028673,45.809756,0.749864,-3.768308,0.844102,-6.095675,1.027294,-4.450127,1.134293,-5.607525,138,V,45,1
0.667250,28.409090,0.552820,0.010134,0.015544,1.017509,45.497239,0.753088,-3.789166,0.847622,-6.101641,1.031971,-4.568501,1.138469,-5.598736,139,V,45,1
0.651860,28.409090,0.554820,0.010097,0.014833,1.035421,45.996983,0.738690,-3.764313,0.831569,-6.198179,1.018575,-4.632837,1.125726,-5.639069,140,V,45,1
0.643690,28.409090,0.551560,0.010157,0.013342,1.060385,46.678723,0.730132,-3.928288,0.823844,-6.252986,1.009280,-4.736556,1.118161,-5.577535,141,V,45,1
0.653950,35.931340,0.508760,0.008706,0.015360,0.987397,44.636655,0.741321,-3.864521,0.834824,-6.202162,1.021057,-4.692272,1.127958,-5.714931,142,V,45,1
0.670280,28.409090,0.553640,0.010119,0.013830,1.058007,46.614502,0.756319,-3.817315,0.849175,-6.028695,1.036279,-4.566884,1.144388,-5.494290,143,V,45,1
0.691120,35.931340,0.504340,0.008783,0.013874,1.343015,53.328868,0.776008,-3.644121,0.869159,-5.917091,1.055780,-4.497811,1.161323,-5.381031,144,V,45,1
0.703880,28.409090,0.554140,0.010110,0.014966,1.368780,53.848982,0.789947,-3.576299,0.883953,-5.858009,1.070974,-4.453468,1.178176,-5.312938,145,V,45,1
0.706350,28.409090,0.559620,0.010011,0.014403,1.047867,46.338992,0.794592,-3.638975,0.887604,-5.862147,1.076756,-4.475836,1.186199,-5.370452,146,V,45,1
0.731380,28.409090,0.559320,0.010016,0.015329,1.304625,52.529709,0.818822,-3.379474,0.911973,-5.679507,1.100661,-4.432709,1.208410,-5.171585,147,V,45,1
0.735500,28.409090,0.559460,0.010014,0.014362,1.079035,47.177069,0.822111,-3.500771,0.915371,-5.700547,1.104852,-4.397519,1.211004,-5.087895,148,V,45,1
0.737350,28.409090,0.557180,0.010055,0.014887,0.959044,43.802340,0.823589,-3.473544,0.919292,-5.725518,1.108198,-4.412971,1.214220,-5.305640,149,V,45,1
0.748800,28.409090,0.556200,0.010072,0.013747,1.020396,45.578393,0.834659,-3.394894,0.929166,-5.555417,1.118292,-4.371135,1.227979,-5.243939,150,V,45,1
0.739120,28.409090,0.555480,0.010085,0.013400,1.067958,46.882198,0.825125,-3.490700,0.918304,-5.627956,1.108885,-4.388957,1.217768,-5.062472,151,V,45,1
0.737720,28.409090,0.559260,0.010017,0.014521,1.323577,52.927918,0.824619,-3.492715,0.918357,-5.688134,1.110015,-4.483841,1.217008,-5.171566,152,V,45,1
0.750160,28.409090,0.556980,0.010058,0.015110,0.987635,44.643572,0.836947,-3.350466,0.931343,-5.596555,1.120229,-4.356548,1.229575,-5.277362,153,V,45,1
0.747680,28.409090,0.556200,0.010072,0.015257,1.151750,49.034048,0.834856,-3.391961,0.928796,-5.534424,1.118445,-4.413102,1.225186,-5.102582,154,V,45,1
0.758180,28.409090,0.557200,0.010054,0.015172,1.048206,46.348257,0.845795,-3.362205,0.938649,-5.520795,1.128433,-4.367292,1.239497,-5.038872,155,V,45,1
0.772530,28.409090,0.557700,0.010045,0.013551,1.067750,46.876623,0.860313,-3.327404,0.952926,-5.447217,1.144751,-4.378423,1.253369,-4.958551,156,V,45,1
0.778560,28.409090,0.556380,0.010069,0.014834,1.352839,53.528691,0.866157,-3.263993,0.959836,-5.434866,1.151044,-4.363327,1.260628,-5.011096,157,V,45,1
0.775180,28.409090,0.554880,0.010096,0.013306,1.006706,45.191468,0.860202,-3.273322,0.954895,-5.495137,1.146411,-4.392177,1.258263,-5.174300,158,V,45,1
0.755570,28.409090,0.559520,0.010013,0.014139,1.019013,45.539535,0.843834,-3.414575,0.936249,-5.551991,1.128392,-4.429498,1.239941,-5.215263,159,V,45,1
0.754310,28.409090,0.557700,0.010045,0.014237,1.120308,48.247525,0.841793,-3.435303,0.935479,-5.538140,1.127328,-4.413824,1.234616,-5.055007,160,V,45,1
0.734470,28.409090,0.555900,0.010078,0.013950,1.374454,53.961805,0.821395,-3.467812,0.915408,-5.682244,1.106326,-4.558164,1.215866,-5.201819,161,V,45,1
0.738820,28.409090,0.555380,0.010087,0.013392,1.013022,45.370637,0.825162,-3.503852,0.918796,-5.712675,1.112137,-4.586487,1.224823,-5.301883,162,V,45,1
0.736890,28.409090,0.559100,0.010020,0.014809,1.019172,45.544010,0.825384,-3.473157,0.918493,-5.646296,1.112050,-4.556044,1.225126,-5.293597,163,V,45,1
0.737370,28.409090,0.562760,0.009955,0.015054,0.947256,43.448455,0.825920,-3.455039,0.920261,-5.678106,1.113505,-4.582047,1.224224,-5.332840,164,V,45,1
0.735570,28.409090,0.557240,0.010054,0.013405,1.065802,46.824419,0.820865,-3.414702,0.915624,-5.669031,1.108270,-4.582823,1.218962,-5.115421,165,V,45,1
0.742210,28.409090,0.552760,0.010135,0.013325,1.055188,46.538205,0.828117,-3.347951,0.921667,-5.653092,1.115033,-4.564818,1.225777,-5.082963,166,V,45,1
0.755700,28.409090,0.558820,0.010025,0.014704,1.081261,47.235935,0.844090,-3.340524,0.937165,-5.564284,1.130865,-4.539660,1.241180,-5.028784,167,V,45,1
0.750440,28.409090,0.556200,0.010072,0.013870,1.053264,46.485988,0.837442,-3.432257,0.931466,-5.625738,1.125553,-4.619398,1.237935,-5.046891,168,V,45,1
0.748300,28.409090,0.561020,0.009986,0.015125,1.064181,46.780896,0.837413,-3.401769,0.931377,-5.585128,1.124986,-4.597159,1.238036,-5.039611,169,V,45,1
0.749920,28.409090,0.558500,0.010031,0.013629,1.042943,46.204187,0.836732,-3.410408,0.929787,-5.604252,1.124405,-4.577458,1.239608,-5.139862,170,V,45,1
0.743990,28.409090,0.556480,0.010067,0.013605,1.003438,45.098310,0.831113,-3.381658,0.923665,-5.605055,1.118505,-4.627921,1.228037,-5.215844,171,V,45,1
0.737280,28.409090,0.552300,0.010143,0.012710,0.952242,43.598643,0.824217,-3.480481,0.917371,-5.695756,1.112219,-4.662329,1.223524,-5.367365,172,V,45,1
0.725890,28.409090,0.563740,0.009938,0.015541,1.016654,45.473158,0.815929,-3.533361,0.909077,-5.673595,1.105442,-4.770633,1.219839,-5.358552,173,V,45,1
0.720100,28.409090,0.559000,0.010022,0.014165,1.149888,48.988148,0.807789,-3.539580,0.901654,-5.770684,1.098457,-4.795510,1.210094,-5.226688,174,V,45,1
0.713450,28.409090,0.559740,0.010009,0.013581,1.033684,45.948900,0.802195,-3.576247,0.894291,-5.873106,1.092260,-4.829412,1.208401,-5.355428,175,V,45,1
0.709980,28.409090,0.560420,0.009997,0.015441,1.084946,47.333097,0.800102,-3.595652,0.891711,-5.866984,1.088531,-4.851834,1.198859,-5.319164,176,V,45,1
0.711530,28.409090,0.556040,0.010075,0.013414,0.942098,43.292281,0.799071,-3.517274,0.891445,-5.836359,1.087462,-4.814567,1.199542,-5.480046,177,V,45,1
0.712730,28.409090,0.559160,0.010019,0.013828,0.949279,43.509474,0.799955,-3.503575,0.893216,-5.848310,1.090163,-4.858305,1.201483,-5.439664,178,V,45,1
0.714400,28.409090,0.562140,0.009966,0.014995,1.052239,46.458116,0.804071,-3.622483,0.897700,-5.858130,1.094470,-4.848797,1.209832,-5.208454,179,V,45,1
0.713640,28.409090,0.556880,0.010060,0.014331,1.027637,45.780896,0.800703,-3.563371,0.895071,-5.847636,1.093197,-4.882727,1.210095,-5.393965,180,V,45,1
0.711260,28.409090,0.562740,0.009955,0.014590,1.111201,48.015091,0.800270,-3.541887,0.895023,-5.840107,1.092804,-4.918550,1.206139,-5.248691,181,V,45,1
0.712370,28.409090,0.559160,0.010019,0.013739,1.048029,46.343421,0.800787,-3.570871,0.893865,-5.894681,1.091953,-4.904542,1.208000,-5.231867,182,V,45,1
0.713420,28.409090,0.560200,0.010000,0.013506,1.071740,46.983227,0.802146,-3.520290,0.894728,-5.827609,1.093326,-4.918201,1.208495,-5.234674,183,V,45,1
0.716040,28.409090,0.557660,0.010046,0.013163,1.080910,47.226658,0.803207,-3.583790,0.896822,-5.831637,1.096697,-4.938196,1.211267,-5.215387,184,V,45,1
0.719980,28.409090,0.559680,0.010010,0.013627,1.046273,46.295434,0.808875,-3.534162,0.902681,-5.843087,1.102245,-4.919018,1.219172,-5.223439,185,V,45,1
0.725370,28.409090,0.559220,0.010018,0.013118,1.265662,51.687727,0.813056,-3.542612,0.905775,-5.817858,1.107256,-4.913011,1.221206,-5.256892,186,V,45,1
0.726600,28.409090,0.563280,0.009946,0.014499,0.978010,44.363068,0.816609,-3.531870,0.911045,-5.788097,1.111736,-4.942143,1.228761,-5.418978,187,V,45,1
0.730150,22.482020,0.613220,0.011544,0.013014,1.055408,46.544167,0.819194,-3.451953,0.912716,-5.740905,1.113840,-4.966053,1.230631,-5.155247,188,V,45,1
0.731190,22.482020,0.614220,0.011526,0.015600,1.050644,46.414736,0.822666,-3.507911,0.914752,-5.729417,1.115613,-4.927495,1.233668,-5.136326,189,V,45,1
0.736060,28.409090,0.560540,0.009994,0.013205,1.009603,45.273795,0.825608,-3.504535,0.917572,-5.733106,1.119883,-4.920012,1.238696,-5.335784,190,V,45,1
0.737840,28.409090,0.563420,0.009943,0.014232,1.030005,45.846814,0.827861,-3.437882,0.921573,-5.690985,1.123791,-4.902128,1.243569,-5.269518,191,V,45,1
0.741260,28.409090,0.562720,0.009956,0.014746,1.285307,52.116227,0.831040,-3.504209,0.924298,-5.690790,1.126253,-4.916935,1.241966,-5.196342,192,V,45,1
0.747330,22.482020,0.607460,0.011654,0.012887,1.063321,46.757787,0.835286,-3.425429,0.928068,-5.651705,1.127924,-4.902133,1.245706,-5.095129,193,V,45,1
0.751170,28.409090,0.560100,0.010002,0.014327,0.946372,43.421734,0.840533,-3.350125,0.932245,-5.589047,1.133151,-4.849981,1.247358,-5.316223,194,V,45,1
0.755020,28.409090,0.553320,0.010125,0.011968,0.952837,43.616525,0.841716,-3.339911,0.934789,-5.652521,1.135969,-4.831613,1.252449,-5.329223,195,V,45,1
0.756510,22.482020,0.607220,0.011658,0.013641,0.972581,44.203629,0.845295,-3.399116,0.939558,-5.573898,1.140024,-4.891529,1.259751,-5.293052,196,V,45,1
0.759090,22.482020,0.609140,0.011622,0.013938,1.038764,46.089251,0.847205,-3.380473,0.941687,-5.577856,1.143587,-4.909360,1.263842,-5.077172,197,V,45,1
0.758450,28.409090,0.559080,0.010020,0.013006,0.939942,43.226766,0.847863,-3.411411,0.939192,-5.569370,1.142492,-4.833778,1.258771,-5.291829,198,V,45,1
0.757890,28.409090,0.553860,0.010115,0.012150,1.029768,45.840213,0.845527,-3.352804,0.938894,-5.603101,1.139775,-4.857959,1.260907,-5.181943,199,V,45,1
0.753010,22.482020,0.615560,0.011500,0.014311,1.018609,45.528169,0.843575,-3.468408,0.935718,-5.600093,1.137539,-4.899599,1.259055,-5.227888,200,V,45,1
0.752790,22.482020,0.614360,0.011523,0.014026,1.056913,46.584909,0.841930,-3.401064,0.934576,-5.629176,1.137304,-4.942730,1.256323,-5.066109,201,V,45,1
0.751010,28.409090,0.558480,0.010031,0.013802,0.991815,44.764569,0.840353,-3.478445,0.932792,-5.674250,1.136556,-4.969255,1.257105,-5.305842,202,V,45,1
0.750430,28.409090,0.558000,0.010040,0.012907,0.959734,43.822927,0.839956,-3.440936,0.932150,-5.589866,1.135192,-4.980146,1.255464,-5.343490,203,V,45,1
0.747700,28.409090,0.564340,0.009927,0.014544,1.022770,45.644931,0.839056,-3.416836,0.930885,-5.653470,1.134861,-4.970249,1.255946,-5.236485,204,V,45,1
0.749240,22.482020,0.610140,0.011603,0.013593,1.052270,46.458966,0.837926,-3.401536,0.931776,-5.653359,1.134765,-4.997753,1.254347,-5.084154,205,V,45,1
0.751140,28.409090,0.556860,0.010060,0.012862,1.129040,48.468436,0.839461,-3.485564,0.932496,-5.598498,1.135459,-5.001452,1.254069,-5.107474,206,V,45,1
0.753210,28.409090,0.559400,0.010015,0.012731,1.183538,49.804728,0.840773,-3.413968,0.934027,-5.613162,1.137790,-5.039438,1.257217,-5.143997,207,V,45,1
0.752110,28.409090,0.560880,0.009988,0.014702,0.932134,42.988316,0.841693,-3.393708,0.933799,-5.596192,1.140315,-5.039002,1.259637,-5.357479,208,V,45,1
0.753660,22.482020,0.612400,0.011560,0.013262,1.061528,46.709540,0.843949,-3.434034,0.936736,-5.620083,1.142860,-5.018900,1.262332,-5.069472,209,V,45,1
0.752300,28.409090,0.560940,0.009987,0.014088,1.141649,48.784043,0.841711,-3.394514,0.935071,-5.604627,1.141163,-5.043295,1.258951,-5.119887,210,V,45,1
0.751410,22.482020,0.611520,0.011576,0.012618,1.107396,47.917348,0.840079,-3.371598,0.932675,-5.648945,1.139374,-5.012320,1.257134,-5.122658,211,V,45,1
0.748690,28.409090,0.558340,0.010034,0.013210,1.027039,45.764235,0.839595,-3.407502,0.932231,-5.654949,1.136517,-5.010634,1.259616,-5.236593,212,V,45,1
0.749040,22.482020,0.613020,0.011548,0.012619,1.028162,45.795539,0.838603,-3.395814,0.931244,-5.589009,1.137553,-5.078481,1.261527,-5.158496,213,V,45,1
0.745520,22.482020,0.617160,0.011471,0.013867,1.363851,53.750458,0.835632,-3.467562,0.929329,-5.676404,1.136210,-5.131658,1.256834,-5.203645,214,V,45,1
0.745590,28.409090,0.564840,0.009918,0.014245,0.925702,42.790480,0.836766,-3.461583,0.929107,-5.670771,1.137135,-5.184719,1.256647,-5.376229,215,V,45,1
0.746470,22.482020,0.614980,0.011511,0.012740,0.946771,43.433805,0.836219,-3.436508,0.928956,-5.634435,1.135096,-5.123664,1.257772,-5.400496,216,V,45,1
0.749070,28.409090,0.560240,0.010000,0.011921,0.920339,42.624576,0.836909,-3.474013,0.929497,-5.643214,1.136291,-5.100499,1.257133,-5.379540,217,V,45,1
0.748480,28.409090,0.561040,0.009985,0.013900,1.003482,45.099568,0.838462,-3.408533,0.931614,-5.633403,1.138024,-5.105619,1.263361,-5.278561,218,V,45,1
0.751430,22.482020,0.612500,0.011558,0.012613,0.940067,43.230553,0.840155,-3.378267,0.932840,-5.625609,1.141603,-5.196567,1.261693,-5.332660,219,V,45,1
0.751280,22.482020,0.615260,0.011506,0.012844,0.930064,42.924788,0.841329,-3.438053,0.933278,-5.641737,1.143061,-5.185125,1.265427,-5.385029,220,V,45,1
0.751130,22.482020,0.616360,0.011486,0.012936,1.280183,52.005249,0.842227,-3.415970,0.934990,-5.607463,1.143514,-5.213713,1.265299,-5.172294,221,V,45,1
0.750420,28.409090,0.559760,0.010008,0.012374,0.981975,44.478937,0.839985,-3.477121,0.934237,-5.653114,1.141653,-5.214165,1.266947,-5.329683,222,V,45,1
0.750520,22.482020,0.615360,0.011504,0.012515,1.033010,45.930238,0.841118,-3.413679,0.932459,-5.687348,1.139939,-5.219966,1.266635,-5.157016,223,V,45,1
0.749670,22.482020,0.612640,0.011555,0.012937,1.028350,45.800767,0.840359,-3.385662,0.931327,-5.668430,1.140349,-5.231733,1.267433,-5.162725,224,V,45,1
0.749490,28.409090,0.562240,0.009964,0.012863,1.181083,49.746070,0.841249,-3.397805,0.933256,-5.691972,1.141515,-5.250641,1.264147,-5.153274,225,V,45,1
0.750040,22.482020,0.616440,0.011484,0.012637,0.927388,42.842465,0.840513,-3.421234,0.932605,-5.660044,1.143144,-5.292609,1.268536,-5.399037,226,V,45,1
0.748860,28.409090,0.565380,0.009909,0.013055,0.928471,42.875816,0.839936,-3.377730,0.931748,-5.683329,1.143272,-5.312509,1.266917,-5.398180,227,V,45,1
0.748860,22.482020,0.615400,0.011503,0.013216,1.136542,48.656680,0.839032,-3.432365,0.930973,-5.614062,1.142252,-5.331254,1.265577,-5.140021,228,V,45,1
0.749900,22.482020,0.616880,0.011476,0.012494,1.017068,45.484818,0.839075,-3.432752,0.932161,-5.696125,1.143262,-5.288625,1.271400,-5.261197,229,V,45,1
0.750230,22.482020,0.616440,0.011484,0.012339,1.023101,45.654197,0.841032,-3.451781,0.933512,-5.694884,1.143936,-5.262039,1.272886,-5.188273,230,V,45,1
0.749800,22.482020,0.619760,0.011423,0.012824,1.191532,49.994755,0.841715,-3.453488,0.933956,-5.594028,1.145885,-5.340621,1.269951,-5.195405,231,V,45,1
0.750160,22.482020,0.623080,0.011362,0.013544,1.279701,51.994779,0.842919,-3.450205,0.934752,-5.671374,1.147296,-5.361567,1.271300,-5.189326,232,V,45,1
0.752040,22.482020,0.616820,0.011477,0.012664,1.352061,53.512940,0.841610,-3.473949,0.934802,-5.632941,1.145909,-5.298161,1.269991,-5.212259,233,V,45,1
0.750070,22.482020,0.617500,0.011464,0.013845,1.045659,46.278616,0.841364,-3.457514,0.934560,-5.691889,1.144715,-5.283922,1.271427,-5.124841,234,V,45,1
0.752780,22.482020,0.614640,0.011518,0.013048,0.947738,43.463001,0.842448,-3.401318,0.936822,-5.603691,1.146883,-5.325089,1.273400,-5.377601,235,V,45,1
0.753990,28.409090,0.561320,0.009980,0.012733,0.969804,44.121760,0.844078,-3.386732,0.937220,-5.637051,1.150167,-5.349390,1.277885,-5.347014,236,V,45,1
0.753370,22.482020,0.618200,0.011451,0.013161,1.039567,46.111388,0.845216,-3.497671,0.937778,-5.691670,1.149588,-5.335959,1.277922,-5.116833,237,V,45,1
0.751910,22.482020,0.620660,0.011406,0.014178,1.025682,45.726364,0.845400,-3.413524,0.937403,-5.632965,1.150751,-5.394146,1.274078,-5.243617,238,V,45,1
0.753230,22.482020,0.616300,0.011487,0.013020,1.101168,47.756580,0.843521,-3.418944,0.935797,-5.614162,1.148568,-5.382775,1.274079,-5.135906,239,V,45,1
0.754680,22.482020,0.617240,0.011469,0.012972,0.959255,43.808638,0.845135,-3.475128,0.937624,-5.604378,1.149966,-5.351582,1.279280,-5.366350,240,V,45,1
0.756870,22.482020,0.614360,0.011523,0.011684,1.398463,54.432547,0.846266,-3.470973,0.938723,-5.586837,1.151979,-5.349629,1.278112,-5.206356,241,V,45,1
0.755180,22.482020,0.621140,0.011397,0.014041,1.065972,46.828983,0.847811,-3.397315,0.940247,-5.634668,1.154051,-5.403917,1.282027,-5.103909,242,V,45,1
0.758360,28.409090,0.559300,0.010017,0.011948,1.140572,48.757248,0.847611,-3.492591,0.940838,-5.689045,1.154978,-5.404816,1.281812,-5.129452,243,V,45,1
0.758170,28.409090,0.563460,0.009943,0.011877,0.919490,42.598215,0.850458,-3.399643,0.941857,-5.587245,1.154902,-5.396024,1.281613,-5.392721,244,V,45,1
0.758350,22.482020,0.618520,0.011445,0.012257,1.077236,47.129407,0.848984,-3.396180,0.940509,-5.606739,1.154972,-5.393583,1.282187,-5.118962,245,V,45,1
0.758960,22.482020,0.615120,0.011509,0.012344,1.015756,45.447825,0.849900,-3.384914,0.942569,-5.538714,1.155147,-5.394194,1.286996,-5.206563,246,V,45,1
0.759040,28.409090,0.559560,0.010012,0.011933,1.058054,46.615789,0.849262,-3.424163,0.942740,-5.563376,1.156183,-5.499760,1.285883,-5.098106,247,V,45,1
0.758350,22.482020,0.615720,0.011497,0.011966,0.916428,42.503025,0.848688,-3.426555,0.942366,-5.644779,1.156659,-5.501049,1.284374,-5.382143,248,V,45,1
0.755040,22.482020,0.617320,0.011468,0.013571,1.081172,47.233586,0.848072,-3.388075,0.939974,-5.653115,1.156414,-5.503196,1.285932,-5.118822,249,V,45,1
0.754870,22.482020,0.617020,0.011473,0.012454,0.920467,42.628538,0.847253,-3.366778,0.938918,-5.665885,1.153758,-5.560224,1.283305,-5.408779,250,V,45,1
0.751840,22.482020,0.616440,0.011484,0.013704,1.398179,54.427038,0.845176,-3.456738,0.937325,-5.641584,1.151780,-5.532573,1.279759,-5.228377,251,V,45,1
0.751320,22.482020,0.615040,0.011510,0.012429,1.014538,45.413468,0.842583,-3.455443,0.935306,-5.584408,1.150902,-5.476892,1.283909,-5.258044,252,V,45,1
0.749000,22.482020,0.617820,0.011458,0.012395,0.917240,42.528298,0.841470,-3.358333,0.932633,-5.628309,1.149109,-5.524248,1.277028,-5.437325,253,V,45,1
0.747610,22.482020,0.619120,0.011434,0.012461,1.191466,49.993186,0.839121,-3.383107,0.932668,-5.705329,1.149202,-5.566573,1.277485,-5.200305,254,V,45,1
0.746710,22.482020,0.618720,0.011442,0.012061,1.077961,47.148608,0.838460,-3.423181,0.931321,-5.723037,1.146734,-5.603420,1.278937,-5.161803,255,V,45,1
0.745210,22.482020,0.616880,0.011476,0.011579,1.014098,45.401056,0.836631,-3.525471,0.929138,-5.718309,1.145963,-5.616679,1.279982,-5.241301,256,V,45,1
0.743260,22.482020,0.617360,0.011467,0.012553,0.945869,43.406540,0.835360,-3.464388,0.927975,-5.663926,1.144404,-5.610081,1.276436,-5.447488,257,V,45,1
0.743010,22.482020,0.616440,0.011484,0.012271,1.039831,46.118651,0.834421,-3.479899,0.925753,-5.734659,1.142715,-5.603845,1.275412,-5.196432,258,V,45,1
0.746670,22.482020,0.614640,0.011518,0.011645,1.068530,46.897513,0.837972,-3.484889,0.929820,-5.689554,1.145628,-5.557652,1.276178,-5.162558,259,V,45,1
0.748460,22.482020,0.619260,0.011432,0.012736,0.910646,42.322438,0.840594,-3.538559,0.932555,-5.670873,1.149123,-5.569300,1.279103,-5.459285,260,V,45,1
0.750180,22.482020,0.615280,0.011506,0.010960,1.400474,54.471486,0.841841,-3.428269,0.934052,-5.672972,1.150345,-5.623411,1.280180,-5.250929,261,V,45,1
0.750290,22.482020,0.614120,0.011527,0.011464,1.000534,45.015293,0.842049,-3.478418,0.933544,-5.666178,1.149247,-5.620996,1.285165,-5.333781,262,V,45,1
0.750420,22.482020,0.616040,0.011491,0.011915,1.065850,46.825714,0.840891,-3.425584,0.934805,-5.674832,1.150104,-5.600303,1.282343,-5.151181,263,V,45,1
0.753810,22.482020,0.614060,0.011529,0.010904,1.023996,45.679260,0.844596,-3.428775,0.937281,-5.665071,1.154314,-5.652155,1.289341,-5.179511,264,V,45,1
0.756430,22.482020,0.621400,0.011392,0.012157,0.936514,43.122320,0.848549,-3.411612,0.940986,-5.619242,1.158092,-5.599030,1.292682,-5.423629,265,V,45,1
0.759780,22.482020,0.616360,0.011486,0.011667,0.912053,42.366476,0.852746,-3.454217,0.944639,-5.625387,1.161816,-5.650455,1.294818,-5.426837,266,V,45,1
0.762280,22.482020,0.616620,0.011481,0.012264,0.965536,43.995474,0.855546,-3.447446,0.947773,-5.630003,1.164637,-5.612813,1.301691,-5.341866,267,V,45,1
0.763940,22.482020,0.619340,0.011430,0.012125,1.103702,47.822116,0.855717,-3.400740,0.948400,-5.583761,1.165461,-5.631245,1.297857,-5.128817,268,V,45,1
0.764540,22.482020,0.616420,0.011484,0.011917,0.969624,44.116442,0.857822,-3.339931,0.949594,-5.591806,1.167079,-5.640688,1.303505,-5.295994,269,V,45,1
0.766760,22.482020,0.622340,0.011375,0.012424,1.070733,46.956365,0.859438,-3.375305,0.951619,-5.549788,1.169005,-5.598583,1.303425,-5.102404,270,V,45,1
0.767370,22.482020,0.620040,0.011417,0.013415,0.995614,44.874072,0.862350,-3.386531,0.953559,-5.614559,1.171703,-5.675400,1.310871,-5.239068,271,V,45,1
0.768000,22.482020,0.623100,0.011361,0.013179,0.916324,42.499766,0.864449,-3.292510,0.954629,-5.557267,1.174506,-5.660896,1.307213,-5.338876,272,V,45,1
0.770360,22.482020,0.618900,0.011438,0.011853,0.926747,42.822735,0.863895,-3.365846,0.956153,-5.536281,1.174545,-5.673441,1.310088,-5.364989,273,V,45,1
0.772060,22.482020,0.614740,0.011516,0.009209,1.011544,45.328807,0.863150,-3.409897,0.955158,-5.483786,1.172776,-5.684064,1.311631,-5.146181,274,V,45,1
0.770610,22.482020,0.615060,0.011510,0.009014,0.965454,43.993036,0.861964,-3.359074,0.953625,-5.583704,1.171163,-5.660368,1.310037,-5.320951,275,V,45,1
0.766390,22.482020,0.622940,0.011364,0.011703,0.953101,43.624443,0.860441,-3.484548,0.951285,-5.547309,1.170701,-5.669447,1.309176,-5.339890,276,V,45,1
0.768460,22.482020,0.615980,0.011493,0.008668,0.944115,43.353434,0.861117,-3.324915,0.952291,-5.579234,1.170993,-5.752489,1.305348,-5.338373,277,V,45,1
0.765900,22.482020,0.618480,0.011446,0.010403,1.061135,46.698956,0.859698,-3.395285,0.953155,-5.549870,1.171574,-5.767675,1.308390,-5.112016,278,V,45,1
0.766750,22.482020,0.616240,0.011488,0.009403,1.131905,48.540488,0.858572,-3.353003,0.951255,-5.628700,1.169225,-5.743230,1.304360,-5.223958,279,V,45,1
0.762440,22.482020,0.621420,0.011392,0.010213,1.396483,54.394137,0.856862,-3.428494,0.948135,-5.625348,1.167799,-5.795552,1.303003,-5.224374,280,V,45,1
0.762680,22.482020,0.619200,0.011433,0.009914,1.255921,51.472198,0.856998,-3.452592,0.948849,-5.623544,1.168084,-5.801021,1.303420,-5.205303,281,V,45,1
0.761910,22.482020,0.618420,0.011447,0.010237,0.935854,43.102168,0.856270,-3.394004,0.946637,-5.648443,1.167311,-5.796153,1.306401,-5.418731,282,V,45,1
0.760900,22.482020,0.619180,0.011433,0.011366,1.157177,49.167341,0.855664,-3.452758,0.948033,-5.599512,1.167445,-5.887407,1.304635,-5.157993,283,V,45,1
0.760210,22.482020,0.622280,0.011376,0.010059,0.965754,44.001924,0.854168,-3.394234,0.946221,-5.609747,1.166282,-5.840074,1.308172,-5.372856,284,V,45,1
0.761240,22.482020,0.614740,0.011516,0.010089,0.936726,43.128765,0.854490,-3.471908,0.946237,-5.680810,1.165488,-5.846598,1.300773,-5.372272,285,V,45,1
0.761820,22.482020,0.618040,0.011454,0.009545,1.051519,46.438554,0.853927,-3.404575,0.945423,-5.619127,1.165361,-5.844653,1.304426,-5.139026,286,V,45,1
0.759580,22.482020,0.619540,0.011427,0.009996,0.918055,42.553627,0.854890,-3.402352,0.946080,-5.622626,1.167581,-5.869430,1.306625,-5.429056,287,V,45,1
0.760270,22.482020,0.621120,0.011397,0.009919,0.907032,42.209050,0.855211,-3.426105,0.946760,-5.559131,1.168746,-5.873995,1.307150,-5.459117,288,V,45,1
0.762760,22.482020,0.619260,0.011432,0.008981,1.140368,48.752161,0.855529,-3.423757,0.948587,-5.640307,1.168848,-5.928428,1.308638,-5.164596,289,V,45,1
0.762610,22.482020,0.619600,0.011425,0.009525,0.899090,41.958404,0.857353,-3.458570,0.948118,-5.584715,1.168681,-5.923271,1.309820,-5.442018,290,V,45,1
0.763470,22.482020,0.619360,0.011430,0.009144,1.029830,45.841950,0.857625,-3.467193,0.949308,-5.600425,1.169270,-5.930674,1.313057,-5.142871,291,V,45,1
0.764190,22.482020,0.620280,0.011413,0.009730,0.962646,43.909663,0.857057,-3.432830,0.950468,-5.625425,1.171678,-5.909036,1.308143,-5.339998,292,V,45,1
0.767160,22.482020,0.619440,0.011428,0.008184,0.976644,44.323037,0.859236,-3.448048,0.951517,-5.626597,1.172958,-5.883492,1.316891,-5.312451,293,V,45,1
0.769250,22.482020,0.621120,0.011397,0.010121,1.003992,45.114126,0.863702,-3.367270,0.956191,-5.629073,1.178295,-5.897029,1.321623,-5.190805,294,V,45,1
0.772280,22.482020,0.618400,0.011448,0.008840,1.192573,50.019391,0.866651,-3.351836,0.959472,-5.554743,1.181067,-5.926239,1.320564,-5.145647,295,V,45,1
0.774390,22.482020,0.617400,0.011466,0.008786,0.976728,44.325482,0.866995,-3.448758,0.959924,-5.628836,1.183264,-5.876288,1.327688,-5.270471,296,V,45,1
0.774340,17.796130,0.678660,0.013178,0.009198,0.987263,44.632786,0.869273,-3.398239,0.961919,-5.533218,1.183899,-5.916612,1.328779,-5.206655,297,V,45,1
0.773570,22.482020,0.621020,0.011399,0.009205,1.023706,45.671128,0.869231,-3.463121,0.960111,-5.548194,1.183067,-5.916457,1.328345,-5.115266,298,V,45,1
0.772410,22.482020,0.620100,0.011416,0.010545,1.018300,45.519482,0.868298,-3.367535,0.959385,-5.619778,1.181737,-5.928537,1.327036,-5.123969,299,V,45,1
0.546710,72.517010,0.382320,0.005741,0.013450,1.169865,49.476189,0.623294,-4.479381,0.721959,-6.283453,0.830726,-2.658583,0.913414,-5.913005,1,V,45,2
0.577190,72.517010,0.392100,0.005597,0.013187,1.114065,48.088422,0.658697,-4.435464,0.757384,-6.150222,0.872667,-2.699952,0.954020,-5.855387,2,V,45,2
0.557190,72.517010,0.402380,0.005454,0.014661,1.162308,49.292706,0.640326,-4.573359,0.740567,-6.329671,0.857070,-2.866843,0.943177,-6.002001,3,V,45,2
0.553640,72.517010,0.405040,0.005419,0.014931,1.086714,47.379565,0.637008,-4.602704,0.738152,-6.339092,0.855937,-2.864490,0.942216,-6.159044,4,V,45,2
0.543470,72.517010,0.404280,0.005429,0.014907,1.108253,47.939399,0.627058,-4.735341,0.729968,-6.603525,0.848218,-2.893980,0.935055,-6.178844,5,V,45,2
0.530350,72.517010,0.403080,0.005445,0.013872,1.149268,48.972836,0.613683,-4.860984,0.715108,-6.680567,0.835302,-3.010954,0.923489,-6.107946,6,V,45,2
0.534960,57.368160,0.437240,0.006345,0.014134,1.108128,47.936183,0.617977,-4.788389,0.721360,-6.619547,0.842215,-2.947234,0.929911,-6.299268,7,V,45,2
0.530870,57.368160,0.437140,0.006346,0.013512,1.048376,46.352895,0.614322,-4.981091,0.715855,-6.706440,0.837739,-3.047824,0.923269,-6.328919,8,V,45,2
0.506460,72.517010,0.407660,0.005384,0.015081,1.038148,46.072275,0.591082,-4.967453,0.693108,-6.913961,0.814182,-3.157814,0.901490,-6.542321,9,V,45,2
0.494970,57.368160,0.432640,0.006412,0.013449,1.109129,47.961910,0.577546,-5.070281,0.679275,-7.050414,0.801713,-3.249575,0.887441,-6.478820,10,V,45,2
0.503830,72.517010,0.401320,0.005469,0.014311,1.137104,48.670723,0.587046,-5.033150,0.688344,-6.998198,0.813048,-3.172194,0.901426,-6.378500,11,V,45,2
0.503020,57.368160,0.436720,0.006353,0.013082,1.114916,48.110169,0.586139,-4.991650,0.688337,-7.043268,0.812725,-3.271171,0.897636,-6.413181,12,V,45,2
0.484690,57.368160,0.439480,0.006313,0.015115,1.104053,47.831173,0.569036,-5.193897,0.671936,-7.257354,0.797297,-3.338755,0.887134,-6.641860,13,V,45,2
0.480000,57.368160,0.434220,0.006389,0.013348,1.039620,46.112849,0.563629,-5.151794,0.665692,-7.302650,0.790635,-3.418897,0.878455,-6.742982,14,V,45,2
0.458870,57.368160,0.435200,0.006375,0.013989,1.250443,51.350093,0.541831,-5.477891,0.643593,-7.541153,0.771419,-3.409229,0.857681,-6.703468,15,V,45,2
0.456590,57.368160,0.435200,0.006375,0.013228,1.149271,48.972934,0.540429,-5.401695,0.641692,-7.489270,0.769815,-3.515903,0.856028,-6.722559,16,V,45,2
0.446070,57.368160,0.438340,0.006329,0.013605,1.204930,50.309906,0.531021,-5.582621,0.632402,-7.726010,0.760747,-3.563838,0.848425,-6.790720,17,V,45,2
0.429300,57.368160,0.434800,0.006381,0.012493,1.024013,45.679728,0.512549,-5.861672,0.615027,-7.925448,0.743698,-3.672633,0.830974,-7.124118,18,V,45,2
0.430330,57.368160,0.435880,0.006365,0.013461,1.137986,48.692748,0.513802,-5.917886,0.616645,-7.915463,0.745705,-3.663642,0.837584,-6.984940,19,V,45,2
0.428780,45.362900,0.476120,0.007369,0.013962,1.137750,48.686870,0.513838,-5.709331,0.616238,-8.053299,0.745896,-3.767630,0.835820,-6.867552,20,V,45,2
0.416740,57.368160,0.433620,0.006398,0.013441,1.034883,45.982108,0.501073,-5.942121,0.602430,-8.194247,0.733632,-3.820058,0.821175,-7.228138,21,V,45,2
0.416010,57.368160,0.437360,0.006343,0.014143,1.054557,46.521080,0.501407,-5.982011,0.602236,-8.146327,0.734909,-3.828451,0.823258,-7.253170,22,V,45,2
0.415900,57.368160,0.436760,0.006352,0.014389,1.146580,48.906387,0.500571,-5.891281,0.601423,-8.061954,0.734683,-3.844310,0.821818,-7.056778,23,V,45,2
0.417200,57.368160,0.431800,0.006425,0.011854,1.112800,48.056064,0.500688,-5.943827,0.601745,-8.226792,0.736100,-3.850295,0.827142,-7.088128,24,V,45,2
0.418200,57.368160,0.434680,0.006382,0.014107,1.133239,48.573960,0.503409,-5.887758,0.604067,-8.101921,0.736436,-3.889520,0.828545,-7.053191,25,V,45,2
0.414590,57.368160,0.439160,0.006317,0.013396,1.059950,46.666981,0.498262,-5.940059,0.601087,-8.154148,0.733425,-3.877272,0.824580,-7.271836,26,V,45,2
0.410040,57.368160,0.436400,0.006357,0.014966,1.045091,46.263082,0.495061,-5.981305,0.596977,-8.218412,0.730866,-3.895869,0.820600,-7.324566,27,V,45,2
0.406040,57.368160,0.433900,0.006394,0.013296,1.084722,47.327193,0.489550,-6.075343,0.591753,-8.197074,0.726476,-3.973684,0.818675,-7.328773,28,V,45,2
0.406580,45.362900,0.472260,0.007429,0.013481,1.125964,48.390821,0.491684,-6.031067,0.592752,-8.283128,0.729187,-4.050416,0.821152,-7.227781,29,V,45,2
0.404200,45.362900,0.476500,0.007363,0.014067,1.129400,48.477481,0.489652,-5.979068,0.591208,-8.254429,0.727443,-4.089017,0.820316,-7.177649,30,V,45,2
0.402880,45.362900,0.472740,0.007422,0.013235,1.201354,50.226213,0.486570,-6.160485,0.588575,-8.411597,0.725962,-4.103167,0.815180,-7.125693,31,V,45,2
0.403620,45.362900,0.472500,0.007425,0.013170,1.243018,51.183539,0.487016,-6.037041,0.588749,-8.398622,0.726203,-4.144625,0.816315,-7.142105,32,V,45,2
0.400360,45.362900,0.470840,0.007452,0.011964,1.056422,46.571641,0.483138,-6.184053,0.585020,-8.476037,0.723975,-4.112749,0.815339,-7.404571,33,V,45,2
0.396650,45.362900,0.474100,0.007400,0.014604,1.015291,45.434713,0.482977,-6.193878,0.583178,-8.583583,0.723204,-4.195442,0.813105,-7.429836,34,V,45,2
0.394940,45.362900,0.477320,0.007350,0.014526,1.068544,46.897868,0.482544,-6.218421,0.581687,-8.491815,0.722276,-4.173667,0.811378,-7.269454,35,V,45,2
0.394290,57.368160,0.433100,0.006406,0.013717,1.013378,45.380690,0.478873,-6.239317,0.580475,-8.602567,0.721029,-4.256856,0.809389,-7.363877,36,V,45,2
0.393800,45.362900,0.473080,0.007416,0.013925,1.110891,48.007145,0.478902,-6.182655,0.579922,-8.533822,0.719861,-4.233979,0.814069,-7.284203,37,V,45,2
0.395880,45.362900,0.474760,0.007390,0.013413,1.126468,48.403548,0.479933,-6.163941,0.581507,-8.554778,0.722074,-4.214821,0.814161,-7.116844,38,V,45,2
0.393160,57.368160,0.436520,0.006355,0.015197,1.109533,47.972281,0.479813,-6.170421,0.580905,-8.576028,0.721961,-4.303351,0.816050,-7.308887,39,V,45,2
0.392970,45.362900,0.472600,0.007424,0.014172,1.015082,45.428829,0.479725,-6.190067,0.578651,-8.636112,0.721305,-4.274620,0.811276,-7.435022,40,V,45,2
0.394280,45.362900,0.474220,0.007398,0.013159,1.040110,46.126327,0.478633,-6.168356,0.579575,-8.503945,0.722150,-4.380984,0.810963,-7.352793,41,V,45,2
0.399250,45.362900,0.470020,0.007465,0.013782,1.042728,46.198275,0.484144,-6.078159,0.584193,-8.592765,0.727343,-4.244341,0.818970,-7.426819,42,V,45,2
0.398000,45.362900,0.465460,0.007538,0.012127,1.152011,49.040468,0.481390,-6.162107,0.580807,-8.575917,0.723906,-4.294009,0.814942,-7.112431,43,V,45,2
0.388830,45.362900,0.475740,0.007375,0.014244,1.080489,47.215526,0.475387,-6.179457,0.575313,-8.625001,0.720071,-4.433477,0.810101,-7.323364,44,V,45,2
0.382070,57.368160,0.440760,0.006294,0.014398,1.111519,48.023244,0.469976,-6.431602,0.569346,-8.778249,0.714887,-4.501341,0.810389,-7.356769,45,V,45,2
0.384730,45.362900,0.471840,0.007436,0.012912,1.101596,47.767645,0.470293,-6.347443,0.570832,-8.758523,0.715845,-4.541289,0.806623,-7.335907,46,V,45,2
0.381620,45.362900,0.474860,0.007388,0.014530,1.092903,47.541661,0.466856,-6.298073,0.566837,-8.817380,0.713404,-4.537192,0.807276,-7.271876,47,V,45,2
0.378150,45.362900,0.474220,0.007398,0.013769,1.002963,45.084748,0.463121,-6.412707,0.563854,-8.852891,0.709699,-4.572395,0.800489,-7.595971,48,V,45,2
0.377010,45.362900,0.471120,0.007447,0.013609,1.024101,45.682178,0.462606,-6.409887,0.563265,-8.884106,0.709607,-4.541068,0.802686,-7.640688,49,V,45,2
0.376160,35.931340,0.511760,0.008655,0.013692,1.004290,45.122627,0.462381,-6.411834,0.561379,-8.807422,0.709376,-4.643337,0.801619,-7.616459,50,V,45,2
0.377210,45.362900,0.474840,0.007389,0.012588,1.044378,46.243557,0.461799,-6.453721,0.562877,-8.917671,0.710986,-4.596604,0.805245,-7.603203,51,V,45,2
0.374530,45.362900,0.472660,0.007423,0.014736,1.022965,45.650414,0.460917,-6.434736,0.560614,-8.912434,0.709037,-4.646018,0.802409,-7.644434,52,V,45,2
0.376930,35.931340,0.510200,0.008682,0.013165,1.018882,45.535848,0.461357,-6.406847,0.561877,-9.033451,0.710821,-4.722719,0.802069,-7.573921,53,V,45,2
0.379290,45.362900,0.472440,0.007426,0.013438,1.003280,45.093808,0.465670,-6.346276,0.565214,-8.884536,0.715358,-4.694722,0.807003,-7.601424,54,V,45,2
0.378580,45.362900,0.477120,0.007353,0.014253,1.267144,51.720340,0.464903,-6.200318,0.564803,-8.959624,0.715398,-4.692210,0.808000,-7.353514,55,V,45,2
0.377920,57.368160,0.434400,0.006386,0.013155,1.046826,46.310546,0.463018,-6.374580,0.564597,-8.893706,0.715233,-4.783165,0.810558,-7.596384,56,V,45,2
0.376130,45.362900,0.477520,0.007347,0.014274,1.050887,46.421339,0.464293,-6.257435,0.564400,-8.912749,0.715199,-4.874533,0.807200,-7.457730,57,V,45,2
0.377820,45.362900,0.471300,0.007444,0.012811,1.057477,46.600193,0.463559,-6.272427,0.562855,-8.845933,0.714183,-4.770370,0.810278,-7.595191,58,V,45,2
0.377850,45.362900,0.474180,0.007399,0.014096,0.988390,44.665463,0.464594,-6.477459,0.564787,-8.865865,0.716096,-4.788327,0.808812,-7.602471,59,V,45,2
0.380670,45.362900,0.468740,0.007485,0.012029,1.030521,45.861157,0.467298,-6.443250,0.565675,-8.860169,0.717672,-4.781490,0.813166,-7.603027,60,V,45,2
0.377310,35.931340,0.515160,0.008598,0.014969,1.094191,47.575271,0.465145,-6.391850,0.565075,-8.918180,0.717224,-4.804518,0.812520,-7.274749,61,V,45,2
0.376270,35.931340,0.516540,0.008575,0.014482,1.334399,53.152068,0.464508,-6.470160,0.564526,-8.892657,0.719037,-4.805523,0.813398,-7.380445,62,V,45,2
0.377500,45.362900,0.472460,0.007426,0.013039,0.987098,44.627992,0.463742,-6.389358,0.563417,-8.872335,0.717494,-4.804825,0.811275,-7.613787,63,V,45,2
0.375710,45.362900,0.475360,0.007381,0.013580,0.980120,44.424781,0.462094,-6.520599,0.562900,-9.026543,0.715716,-4.839997,0.809277,-7.617438,64,V,45,2
0.374210,45.362900,0.473700,0.007407,0.014089,1.086749,47.380504,0.461186,-6.473555,0.560422,-8.799227,0.714495,-4.937910,0.811936,-7.347014,65,V,45,2
0.372430,45.362900,0.477040,0.007355,0.014980,1.089429,47.450807,0.459658,-6.381987,0.560285,-9.049046,0.715759,-4.915938,0.813192,-7.364393,66,V,45,2
0.372330,45.362900,0.476180,0.007368,0.012948,1.009065,45.258519,0.459933,-6.442693,0.560133,-9.134492,0.716014,-4.957864,0.808389,-7.557222,67,V,45,2
0.372050,45.362900,0.476000,0.007371,0.012448,1.018393,45.522107,0.458784,-6.464473,0.559941,-9.104939,0.714748,-4.992212,0.811449,-7.636890,68,V,45,2
0.371390,35.931340,0.513940,0.008619,0.013340,1.024077,45.681511,0.457511,-6.387975,0.557081,-9.034773,0.713655,-5.002718,0.811694,-7.658083,69,V,45,2
0.371160,45.362900,0.471480,0.007441,0.011968,1.360047,53.674110,0.456893,-6.483973,0.556500,-9.140409,0.711779,-5.047053,0.807736,-7.508464,70,V,45,2
0.367030,35.931340,0.515560,0.008591,0.013998,1.074827,47.065437,0.455478,-6.664523,0.555911,-9.276108,0.712983,-5.099626,0.811140,-7.462999,71,V,45,2
0.367520,35.931340,0.517920,0.008552,0.012789,1.017757,45.504224,0.454166,-6.528721,0.555262,-9.209397,0.712602,-5.103970,0.809378,-7.716831,72,V,45,2
0.366000,35.931340,0.515920,0.008585,0.013988,0.979044,44.393318,0.453551,-6.453066,0.554124,-9.244719,0.711372,-5.056147,0.807398,-7.729785,73,V,45,2
0.367920,45.362900,0.471520,0.007441,0.010996,1.072427,47.001552,0.453750,-6.365924,0.553990,-9.234097,0.712915,-5.146296,0.811915,-7.582095,74,V,45,2
0.365990,45.362900,0.472160,0.007431,0.012742,1.071376,46.973527,0.451561,-6.408214,0.551000,-9.160184,0.711057,-5.148701,0.808628,-7.388079,75,V,45,2
0.364760,45.362900,0.477240,0.007352,0.013656,1.076633,47.113392,0.452590,-6.622780,0.551885,-9.126233,0.711052,-5.213541,0.809252,-7.411843,76,V,45,2
0.364910,45.362900,0.474320,0.007397,0.012979,1.034227,45.963949,0.451433,-6.503370,0.552359,-9.232454,0.713165,-5.209230,0.810670,-7.723306,77,V,45,2
0.364420,35.931340,0.515000,0.008601,0.013114,0.989373,44.693932,0.451476,-6.599488,0.551545,-9.315148,0.713226,-5.239440,0.809713,-7.731502,78,V,45,2
0.363930,35.931340,0.520020,0.008518,0.013638,1.069726,46.929481,0.450716,-6.544146,0.552642,-9.294552,0.712492,-5.253694,0.810527,-7.418341,79,V,45,2
0.363370,45.362900,0.476680,0.007360,0.014003,1.019858,45.563274,0.450247,-6.544924,0.551065,-9.261488,0.712342,-5.217109,0.810498,-7.720945,80,V,45,2
0.362930,35.931340,0.517200,0.008564,0.014217,1.013672,45.388997,0.451369,-6.651841,0.550897,-9.328539,0.711988,-5.266378,0.810077,-7.774482,81,V,45,2
0.363040,35.931340,0.519800,0.008521,0.012830,1.073094,47.019326,0.449961,-6.444777,0.550545,-9.254701,0.712754,-5.323793,0.812662,-7.611192,82,V,45,2
0.363020,35.931340,0.518240,0.008547,0.012983,1.079057,47.177643,0.450960,-6.601323,0.550404,-9.362016,0.713431,-5.357364,0.813627,-7.490616,83,V,45,2
0.362560,35.931340,0.519080,0.008533,0.013885,1.036360,46.022935,0.450978,-6.446518,0.550366,-9.229232,0.713579,-5.391024,0.814590,-7.676734,84,V,45,2
0.364180,35.931340,0.515660,0.008590,0.012939,1.004916,45.140486,0.450371,-6.542099,0.550780,-9.225282,0.713797,-5.358213,0.812881,-7.762656,85,V,45,2
0.361120,45.362900,0.481800,0.007282,0.015610,1.042763,46.199252,0.449346,-6.577894,0.550079,-9.297196,0.713371,-5.327277,0.813468,-7.694415,86,V,45,2
0.362750,35.931340,0.518640,0.008540,0.014386,1.057848,46.610214,0.451437,-6.589276,0.550297,-9.353926,0.714528,-5.326702,0.814910,-7.565377,87,V,45,2
0.363620,35.931340,0.518040,0.008550,0.013361,1.043292,46.213759,0.452019,-6.645326,0.550494,-9.311695,0.715297,-5.446068,0.811189,-7.577466,88,V,45,2
0.364280,35.931340,0.517900,0.008553,0.012213,1.075214,47.075710,0.452019,-6.503429,0.550644,-9.223577,0.715540,-5.489050,0.814815,-7.410566,89,V,45,2
0.362610,35.931340,0.520460,0.008511,0.014075,1.027770,45.784621,0.451719,-6.683437,0.551709,-9.297555,0.716916,-5.464927,0.813658,-7.578150,90,V,45,2
0.363400,35.931340,0.519660,0.008524,0.013500,1.385925,54.188055,0.451340,-6.472917,0.550935,-9.285793,0.716344,-5.347302,0.814337,-7.541364,91,V,45,2
0.362270,45.362900,0.478180,0.007337,0.014652,0.984634,44.556407,0.452148,-6.492916,0.550779,-9.310060,0.716479,-5.465206,0.816300,-7.777601,92,V,45,2
0.364090,35.931340,0.514840,0.008603,0.012954,1.065399,46.813617,0.453071,-6.440909,0.550422,-9.363726,0.716356,-5.492653,0.818054,-7.470552,93,V,45,2
0.361520,35.931340,0.523020,0.008469,0.014237,1.070785,46.957748,0.450970,-6.578231,0.551148,-9.445632,0.718788,-5.540720,0.818323,-7.408217,94,V,45,2
0.363270,35.931340,0.518340,0.008545,0.012522,1.023679,45.670398,0.451210,-6.572881,0.551280,-9.498134,0.719636,-5.545505,0.821065,-7.695278,95,V,45,2
0.364070,35.931340,0.516180,0.008581,0.012491,1.136274,48.649992,0.452156,-6.634151,0.550730,-9.320726,0.719184,-5.511297,0.816786,-7.512644,96,V,45,2
0.364220,35.931340,0.516280,0.008579,0.012404,1.011283,45.321426,0.452861,-6.534456,0.550992,-9.377891,0.719125,-5.581658,0.820813,-7.694776,97,V,45,2
0.364220,35.931340,0.519620,0.008524,0.013317,0.990038,44.713183,0.453032,-6.566950,0.551480,-9.472190,0.719067,-5.549943,0.820744,-7.770134,98,V,45,2
0.363950,35.931340,0.519700,0.008523,0.013045,0.966830,44.033813,0.452452,-6.620691,0.551835,-9.393194,0.721396,-5.576433,0.819785,-7.710820,99,V,45,2
0.364280,35.931340,0.519120,0.008533,0.012245,1.002763,45.079043,0.452749,-6.573076,0.551463,-9.366770,0.722037,-5.597022,0.824953,-7.769850,100,V,45,2
0.364060,35.931340,0.520260,0.008514,0.012983,1.068606,46.899550,0.452294,-6.525119,0.552714,-9.410004,0.722699,-5.673577,0.825282,-7.439066,101,V,45,2
0.364280,35.931340,0.520380,0.008512,0.013170,1.324279,52.942523,0.453352,-6.601323,0.550993,-9.289916,0.720804,-5.616704,0.821775,-7.518786,102,V,45,2
0.363140,35.931340,0.520860,0.008504,0.013562,1.094822,47.591729,0.453376,-6.504634,0.551161,-9.397348,0.722428,-5.670049,0.820651,-7.539069,103,V,45,2
0.365320,35.931340,0.517040,0.008567,0.012206,0.985111,44.570275,0.453476,-6.547785,0.552732,-9.304200,0.722807,-5.658676,0.823922,-7.736743,104,V,45,2
0.365210,35.931340,0.518600,0.008541,0.012449,1.160140,49.239815,0.453229,-6.550122,0.552628,-9.369811,0.724552,-5.737050,0.824288,-7.476441,105,V,45,2
0.363670,28.409090,0.566480,0.009890,0.013843,1.040237,46.129813,0.453837,-6.441139,0.553310,-9.391041,0.724400,-5.674228,0.828306,-7.418403,106,V,45,2
0.362650,35.931340,0.521300,0.008497,0.014100,1.073170,47.021334,0.452091,-6.569669,0.551831,-9.428346,0.724720,-5.761151,0.827384,-7.360386,107,V,45,2
0.364550,35.931340,0.519620,0.008524,0.012609,1.057875,46.610942,0.454177,-6.470429,0.552864,-9.364015,0.724349,-5.809667,0.828021,-7.388621,108,V,45,2
0.365340,35.931340,0.520600,0.008508,0.011940,1.056948,46.585872,0.454301,-6.512148,0.552160,-9.377030,0.726463,-5.816068,0.831581,-7.510875,109,V,45,2
0.363440,35.931340,0.524080,0.008452,0.014457,1.048328,46.351577,0.453672,-6.548187,0.552840,-9.441354,0.726088,-5.862906,0.830587,-7.399727,110,V,45,2
0.363720,28.409090,0.568100,0.009861,0.013297,1.021618,45.612666,0.454206,-6.610587,0.552391,-9.390659,0.726996,-5.820504,0.832142,-7.666062,111,V,45,2
0.364100,35.931340,0.523120,0.008467,0.014085,0.966641,44.028229,0.454219,-6.628632,0.553667,-9.344511,0.727321,-5.861386,0.830891,-7.751658,112,V,45,2
0.363980,35.931340,0.525800,0.008424,0.013140,0.983066,44.510738,0.454108,-6.570700,0.552971,-9.394039,0.728495,-5.860600,0.833041,-7.740862,113,V,45,2
0.364910,35.931340,0.521860,0.008488,0.013530,0.978882,44.388584,0.454654,-6.592685,0.552945,-9.421997,0.728688,-5.846338,0.832990,-7.754945,114,V,45,2
0.362800,28.409090,0.572140,0.009792,0.014407,1.057705,46.606352,0.455050,-6.521790,0.553317,-9.326675,0.728651,-5.895015,0.832956,-7.396904,115,V,45,2
0.365750,35.931340,0.519060,0.008534,0.012131,1.003006,45.085972,0.454694,-6.602193,0.554050,-9.471262,0.728977,-5.990390,0.830839,-7.600434,116,V,45,2
0.364960,28.409090,0.569360,0.009840,0.013152,1.052562,46.466920,0.454010,-6.524709,0.554961,-9.420759,0.729522,-5.990695,0.834759,-7.392929,117,V,45,2
0.365250,35.931340,0.523120,0.008467,0.012644,0.980954,44.449153,0.455304,-6.715681,0.553679,-9.419902,0.730106,-5.921826,0.835442,-7.723613,118,V,45,2
0.366160,35.931340,0.516940,0.008569,0.012933,1.059263,46.648453,0.455277,-6.501279,0.553855,-9.296772,0.728637,-5.996924,0.834203,-7.327223,119,V,45,2
0.364850,35.931340,0.520660,0.008507,0.012756,0.951598,43.579290,0.454083,-6.529604,0.553581,-9.403074,0.729373,-5.974465,0.833478,-7.768464,120,V,45,2
0.365350,35.931340,0.522320,0.008480,0.012619,1.031801,45.896691,0.455489,-6.413190,0.553508,-9.447195,0.730657,-6.014730,0.836955,-7.641064,121,V,45,2
0.363730,35.931340,0.528780,0.008377,0.013836,1.062140,46.726016,0.456001,-6.567888,0.554935,-9.391200,0.732334,-6.106432,0.837391,-7.371011,122,V,45,2
0.366530,28.409090,0.565880,0.009900,0.011889,1.081086,47.231313,0.455455,-6.531034,0.554455,-9.405226,0.732665,-6.080969,0.837639,-7.400246,123,V,45,2
0.364140,35.931340,0.525500,0.008429,0.014025,1.052549,46.466561,0.457242,-6.595674,0.553993,-9.504786,0.733173,-6.087703,0.841014,-7.448130,124,V,45,2
0.364340,35.931340,0.523920,0.008454,0.013520,0.999007,44.971549,0.454676,-6.467929,0.554169,-9.436661,0.730996,-6.054580,0.836805,-7.741482,125,V,45,2
0.365150,28.409090,0.563900,0.009935,0.013479,1.052524,46.465874,0.455715,-6.594277,0.554221,-9.401543,0.731007,-6.066333,0.836643,-7.397544,126,V,45,2
0.365780,35.931340,0.520720,0.008506,0.011789,1.319716,52.847375,0.455063,-6.559830,0.552509,-9.328905,0.731327,-6.104164,0.835248,-7.494594,127,V,45,2
0.365670,35.931340,0.519820,0.008521,0.013100,0.983833,44.533097,0.456403,-6.624303,0.554026,-9.419881,0.733500,-6.103907,0.839093,-7.734847,128,V,45,2
0.364380,35.931340,0.521920,0.008487,0.013742,0.962978,43.919522,0.455455,-6.583530,0.553960,-9.411027,0.734272,-6.123125,0.837037,-7.678729,129,V,45,2
0.364950,28.409090,0.567340,0.009875,0.012977,0.951228,43.568173,0.455185,-6.524961,0.552958,-9.427884,0.733060,-6.123144,0.837245,-7.752399,130,V,45,2
0.363880,35.931340,0.524660,0.008442,0.013439,0.962012,43.890805,0.455715,-6.393724,0.552789,-9.398449,0.733339,-6.157745,0.835724,-7.705944,131,V,45,2
0.364570,28.409090,0.569520,0.009837,0.014318,0.970471,44.141443,0.456370,-6.561041,0.554291,-9.411351,0.733405,-6.058120,0.835628,-7.652058,132,V,45,2
0.365110,35.931340,0.521000,0.008502,0.012324,1.062437,46.734020,0.454850,-6.518658,0.554985,-9.391308,0.734404,-6.204728,0.840886,-7.366504,133,V,45,2
0.366780,35.931340,0.518240,0.008547,0.012973,1.335630,53.177422,0.456687,-6.458539,0.553296,-9.379970,0.734881,-6.151955,0.840857,-7.482246,134,V,45,2
0.367170,35.931340,0.516720,0.008572,0.012797,1.140679,48.759893,0.455717,-6.530918,0.555169,-9.520929,0.736204,-6.193693,0.840381,-7.470817,135,V,45,2
0.367130,28.409090,0.565000,0.009915,0.012931,1.020692,45.586700,0.458088,-6.459797,0.555063,-9.480057,0.735068,-6.167108,0.843975,-7.661219,136,V,45,2
0.367230,35.931340,0.517900,0.008553,0.013239,1.327641,53.012361,0.457554,-6.425056,0.555051,-9.447333,0.735477,-6.156039,0.840911,-7.503131,137,V,45,2
0.366500,28.409090,0.567940,0.009864,0.012550,1.039637,46.113300,0.457067,-6.314971,0.554434,-9.494612,0.735495,-6.188763,0.844326,-7.524836,138,V,45,2
0.368190,35.931340,0.515000,0.008601,0.012448,0.950037,43.532323,0.458417,-6.482615,0.554566,-9.414019,0.736213,-6.245134,0.843271,-7.736895,139,V,45,2
0.367860,28.409090,0.564840,0.009918,0.011657,1.201675,50.233732,0.457139,-6.515291,0.555095,-9.474570,0.737958,-6.330609,0.844247,-7.466352,140,V,45,2
0.366280,28.409090,0.567400,0.009874,0.013484,0.981414,44.462561,0.457339,-6.493132,0.555567,-9.327396,0.738873,-6.237390,0.847468,-7.740342,141,V,45,2
0.367590,35.931340,0.519100,0.008533,0.012730,0.955716,43.702860,0.457735,-6.301591,0.556071,-9.387597,0.736891,-6.275225,0.845037,-7.731839,142,V,45,2
0.367950,35.931340,0.518340,0.008545,0.011800,1.048146,46.346602,0.457042,-6.473681,0.554919,-9.428129,0.737572,-6.208330,0.846378,-7.360133,143,V,45,2
0.368450,35.931340,0.517180,0.008565,0.013190,1.067778,46.877369,0.458383,-6.421231,0.556166,-9.324922,0.738499,-6.315677,0.842690,-7.520291,144,V,45,2
0.367190,28.409090,0.567400,0.009874,0.013274,1.053677,46.497196,0.457944,-6.505750,0.556501,-9.505982,0.740359,-6.364096,0.848567,-7.358910,145,V,45,2
0.369390,28.409090,0.563520,0.009942,0.011409,1.190598,49.972625,0.458029,-6.385478,0.555699,-9.357187,0.740195,-6.349001,0.847057,-7.458731,146,V,45,2
0.368920,28.409090,0.565640,0.009904,0.012558,0.962288,43.899005,0.459008,-6.465949,0.557194,-9.413539,0.741024,-6.341788,0.849390,-7.737838,147,V,45,2
0.369400,35.931340,0.513900,0.008619,0.012210,1.034859,45.981443,0.459362,-6.516548,0.555650,-9.301572,0.739959,-6.336681,0.845773,-7.533885,148,V,45,2
0.370790,35.931340,0.511880,0.008653,0.012476,0.946782,43.434130,0.459694,-6.508363,0.556888,-9.312110,0.740794,-6.372471,0.848475,-7.739105,149,V,45,2
0.367170,35.931340,0.521240,0.008498,0.013575,1.042019,46.178817,0.459379,-6.570153,0.557358,-9.418033,0.741631,-6.424245,0.851930,-7.360806,150,V,45,2
0.366830,35.931340,0.523900,0.008455,0.013897,0.987684,44.644997,0.459919,-6.443232,0.556617,-9.368815,0.742477,-6.410493,0.853496,-7.677707,151,V,45,2
0.369780,35.931340,0.516880,0.008570,0.012468,0.947253,43.448343,0.460812,-6.436515,0.557269,-9.462728,0.743388,-6.484646,0.852924,-7.725418,152,V,45,2
0.369670,35.931340,0.517360,0.008562,0.012354,0.936421,43.119482,0.460610,-6.481053,0.557363,-9.487811,0.744723,-6.504219,0.852470,-7.681167,153,V,45,2
0.370080,28.409090,0.563380,0.009944,0.012362,1.027954,45.789729,0.460058,-6.498785,0.557873,-9.437721,0.744224,-6.468806,0.856449,-7.563327,154,V,45,2
0.371600,28.409090,0.564520,0.009924,0.011628,0.991458,44.754237,0.461318,-6.401399,0.557708,-9.399051,0.744590,-6.543784,0.852445,-7.574798,155,V,45,2
0.369240,35.931340,0.521280,0.008497,0.012393,0.938254,43.175383,0.460321,-6.337298,0.558020,-9.466243,0.747113,-6.548105,0.854251,-7.675854,156,V,45,2
0.370760,28.409090,0.565680,0.009904,0.011106,1.034052,45.959100,0.461053,-6.578169,0.558434,-9.278125,0.746216,-6.526487,0.858622,-7.425740,157,V,45,2
0.371780,28.409090,0.565480,0.009907,0.011451,0.950302,43.540302,0.462312,-6.481501,0.558189,-9.384052,0.747141,-6.545626,0.855925,-7.642856,158,V,45,2
0.370290,28.409090,0.565800,0.009901,0.012595,0.956119,43.714908,0.461212,-6.538947,0.558364,-9.465566,0.745780,-6.455572,0.854465,-7.646233,159,V,45,2
0.369010,28.409090,0.571000,0.009811,0.012880,0.975928,44.302016,0.460592,-6.436787,0.558151,-9.338549,0.746270,-6.519634,0.853355,-7.582875,160,V,45,2
0.370960,35.931340,0.517740,0.008555,0.013125,1.165381,49.367483,0.462292,-6.420412,0.558245,-9.301414,0.747181,-6.564377,0.856243,-7.444569,161,V,45,2
0.369420,28.409090,0.571760,0.009798,0.013240,0.942305,43.298561,0.462322,-6.398070,0.559146,-9.388454,0.749148,-6.578079,0.858139,-7.672881,162,V,45,2
0.370190,35.931340,0.518800,0.008538,0.012798,1.039309,46.104272,0.462667,-6.461279,0.560036,-9.361947,0.749385,-6.629857,0.863048,-7.374245,163,V,45,2
0.373670,28.409090,0.563360,0.009944,0.011378,0.986104,44.599142,0.463094,-6.585174,0.560425,-9.440032,0.750128,-6.661097,0.863582,-7.639127,164,V,45,2
0.371550,28.409090,0.568160,0.009860,0.012192,1.044347,46.242690,0.461573,-6.471112,0.559842,-9.377487,0.749747,-6.698714,0.862599,-7.326062,165,V,45,2
0.370290,28.409090,0.569940,0.009830,0.013870,0.959319,43.810551,0.463280,-6.452462,0.561011,-9.439111,0.750705,-6.610533,0.862190,-7.720496,166,V,45,2
0.372830,28.409090,0.566560,0.009888,0.012049,1.124667,48.358050,0.463938,-6.472252,0.559202,-9.334840,0.750551,-6.683825,0.860265,-7.400752,167,V,45,2
0.372230,28.409090,0.565240,0.009911,0.012312,1.281122,52.025610,0.464676,-6.460973,0.560114,-9.334328,0.751203,-6.706109,0.862733,-7.444477,168,V,45,2
0.373100,28.409090,0.567380,0.009874,0.012099,0.938263,43.175660,0.464343,-6.562348,0.561328,-9.406713,0.753252,-6.773396,0.865247,-7.735280,169,V,45,2
0.373140,35.931340,0.520120,0.008516,0.011464,1.029000,45.818863,0.464613,-6.412858,0.561175,-9.411045,0.752796,-6.705692,0.866599,-7.332731,170,V,45,2
0.371400,28.409090,0.569560,0.009836,0.012557,1.102922,47.801965,0.463480,-6.371945,0.560598,-9.446718,0.751605,-6.748834,0.863536,-7.348438,171,V,45,2
0.373840,28.409090,0.566700,0.009886,0.011630,0.915820,42.484084,0.465366,-6.416980,0.560199,-9.514377,0.752379,-6.703192,0.863261,-7.685088,172,V,45,2
0.374440,28.409090,0.566980,0.009881,0.011325,0.958633,43.790080,0.466643,-6.568047,0.561743,-9.460239,0.752791,-6.665290,0.863276,-7.612666,173,V,45,2
0.373500,28.409090,0.566860,0.009883,0.011485,0.944449,43.363550,0.465284,-6.509368,0.561484,-9.292908,0.755385,-6.804265,0.865913,-7.650269,174,V,45,2
0.373070,28.409090,0.567280,0.009876,0.013421,0.993239,44.805649,0.466962,-6.369612,0.561629,-9.362386,0.754610,-6.846321,0.871777,-7.601877,175,V,45,2
0.374570,28.409090,0.565960,0.009899,0.010792,1.027456,45.775871,0.465535,-6.404340,0.561491,-9.472014,0.755634,-6.762377,0.865811,-7.508692,176,V,45,2
0.373890,28.409090,0.564440,0.009925,0.011728,1.005893,45.168335,0.464691,-6.393177,0.561564,-9.484409,0.754873,-6.763296,0.870470,-7.587505,177,V,45,2
0.374990,28.409090,0.564760,0.009920,0.010121,1.039327,46.104762,0.466558,-6.350909,0.562204,-9.410350,0.754662,-6.779189,0.869460,-7.295053,178,V,45,2
0.374540,28.409090,0.569480,0.009837,0.012104,0.948485,43.485542,0.467077,-6.441848,0.563429,-9.392589,0.757785,-6.822165,0.872246,-7.693946,179,V,45,2
0.373470,28.409090,0.570180,0.009825,0.012301,0.956882,43.737747,0.465065,-6.460929,0.562986,-9.386964,0.757193,-6.875941,0.872762,-7.697742,180,V,45,2
0.374640,28.409090,0.567220,0.009877,0.011846,0.977162,44.338202,0.466320,-6.498679,0.562213,-9.368088,0.757401,-6.839198,0.869987,-7.581315,181,V,45,2
0.374810,28.409090,0.568320,0.009858,0.011770,0.958546,43.787481,0.465326,-6.530299,0.563174,-9.355819,0.757024,-6.938124,0.873791,-7.676788,182,V,45,2
0.375190,28.409090,0.567840,0.009866,0.011197,0.990344,44.722028,0.466760,-6.394618,0.562054,-9.454188,0.758212,-6.874591,0.875484,-7.596100,183,V,45,2
0.375790,35.931340,0.516220,0.008580,0.011539,0.937661,43.157286,0.468691,-6.411971,0.562366,-9.378877,0.759482,-6.900832,0.873938,-7.712609,184,V,45,2
0.374590,28.409090,0.571360,0.009805,0.012215,1.023371,45.661767,0.467652,-6.404633,0.564011,-9.458207,0.759574,-6.936984,0.877517,-7.375991,185,V,45,2
0.374230,28.409090,0.570620,0.009818,0.012651,1.169386,49.464606,0.467989,-6.453625,0.564651,-9.440673,0.760924,-6.948474,0.874249,-7.430107,186,V,45,2
0.376000,28.409090,0.567900,0.009865,0.011032,1.023009,45.651628,0.468047,-6.408720,0.564171,-9.430395,0.760247,-6.914269,0.879496,-7.415244,187,V,45,2
0.375790,28.409090,0.565120,0.009913,0.011100,0.920078,42.616469,0.468222,-6.476311,0.563346,-9.435979,0.761104,-7.000485,0.875996,-7.707031,188,V,45,2
0.376730,28.409090,0.565540,0.009906,0.010671,1.060629,46.685311,0.467309,-6.464242,0.564286,-9.335081,0.761839,-6.986636,0.874187,-7.489231,189,V,45,2
0.375080,28.409090,0.570440,0.009821,0.011867,0.959198,43.806925,0.468475,-6.375118,0.565307,-9.372542,0.761169,-6.988467,0.879790,-7.670539,190,V,45,2
0.374400,28.409090,0.571680,0.009800,0.012142,1.138586,48.707723,0.468556,-6.402098,0.565468,-9.457614,0.762532,-7.044206,0.877114,-7.375034,191,V,45,2
0.374910,28.409090,0.567140,0.009878,0.012951,1.038527,46.082723,0.468208,-6.352562,0.564437,-9.464511,0.764019,-7.015618,0.880982,-7.300322,192,V,45,2
0.376470,28.409090,0.570580,0.009819,0.011159,0.976925,44.331276,0.467801,-6.406888,0.565317,-9.439295,0.763826,-7.068609,0.877692,-7.547300,193,V,45,2
0.374710,28.409090,0.570980,0.009812,0.011592,0.945540,43.396587,0.469381,-6.433111,0.565020,-9.427874,0.764004,-7.115310,0.881741,-7.689958,194,V,45,2
0.375460,28.409090,0.569160,0.009843,0.011626,1.049693,46.388821,0.468009,-6.414611,0.564460,-9.466466,0.764427,-7.077020,0.881911,-7.286701,195,V,45,2
0.376430,28.409090,0.571440,0.009804,0.010168,0.927727,42.852922,0.468791,-6.415468,0.564570,-9.444003,0.763566,-7.161819,0.879367,-7.641996,196,V,45,2
0.375580,28.409090,0.570800,0.009815,0.011946,0.999865,44.996138,0.470330,-6.340048,0.565841,-9.499417,0.764931,-7.155614,0.886153,-7.511177,197,V,45,2
0.375500,28.409090,0.571520,0.009802,0.011946,0.994508,44.842242,0.469248,-6.404474,0.566593,-9.423953,0.765714,-7.140774,0.880358,-7.515861,198,V,45,2
0.375060,28.409090,0.571580,0.009801,0.012373,0.939269,43.206293,0.470137,-6.333952,0.567781,-9.466761,0.765997,-7.194579,0.885727,-7.672787,199,V,45,2
0.376660,28.409090,0.569800,0.009832,0.010502,1.373476,53.942394,0.469156,-6.342621,0.564732,-9.408308,0.765158,-7.150752,0.881698,-7.438578,200,V,45,2
0.376470,28.409090,0.569140,0.009843,0.012020,0.937769,43.160592,0.469031,-6.337249,0.565078,-9.325481,0.764632,-7.136332,0.883226,-7.699063,201,V,45,2
0.376050,28.409090,0.572920,0.009778,0.011355,0.966904,44.036016,0.469795,-6.479894,0.564987,-9.396233,0.764192,-7.110125,0.885479,-7.627409,202,V,45,2
0.375690,28.409090,0.573160,0.009774,0.011985,0.972645,44.205517,0.470230,-6.450394,0.566770,-9.362446,0.766117,-7.172172,0.887504,-7.614135,203,V,45,2
0.375090,28.409090,0.574580,0.009750,0.012331,1.222658,50.720611,0.471033,-6.308038,0.568463,-9.428320,0.767135,-7.227313,0.884935,-7.398603,204,V,45,2
0.376050,28.409090,0.574800,0.009746,0.011118,1.009073,45.258758,0.470346,-6.458287,0.568667,-9.484589,0.768366,-7.273009,0.889730,-7.343708,205,V,45,2
0.376790,28.409090,0.572180,0.009791,0.010873,0.941634,43.278186,0.471417,-6.424829,0.567966,-9.298753,0.768661,-7.193649,0.887607,-7.661410,206,V,45,2
0.377850,28.409090,0.565740,0.009903,0.011024,0.941723,43.280887,0.470792,-6.479416,0.566333,-9.316400,0.767279,-7.188284,0.887259,-7.697917,207,V,45,2
0.376590,28.409090,0.571780,0.009798,0.011741,0.957728,43.763025,0.470726,-6.232220,0.568290,-9.382818,0.768589,-7.253101,0.888558,-7.637881,208,V,45,2
0.376860,28.409090,0.573620,0.009766,0.011003,0.926377,42.811324,0.471201,-6.337590,0.568579,-9.374154,0.769548,-7.262688,0.886936,-7.637232,209,V,45,2
0.376810,22.482020,0.623700,0.011350,0.011072,0.920022,42.614733,0.471658,-6.421339,0.569024,-9.430668,0.769876,-7.315629,0.887381,-7.644403,210,V,45,2
0.377790,28.409090,0.572720,0.009782,0.011184,1.042545,46.193265,0.471687,-6.377579,0.567690,-9.435965,0.770160,-7.306334,0.887558,-7.477119,211,V,45,2
0.376200,28.409090,0.577040,0.009709,0.012105,0.946422,43.423259,0.470987,-6.507543,0.569233,-9.421962,0.769699,-7.292383,0.891206,-7.662934,212,V,45,2
0.377180,28.409090,0.574120,0.009758,0.011246,0.973150,44.220388,0.472109,-6.286642,0.568451,-9.443326,0.770011,-7.307303,0.891888,-7.598328,213,V,45,2
0.376920,28.409090,0.571380,0.009805,0.011733,1.051346,46.433833,0.472097,-6.225898,0.569207,-9.372562,0.770368,-7.299325,0.890270,-7.313295,214,V,45,2
0.377570,28.409090,0.570860,0.009814,0.010259,0.918853,42.578450,0.471432,-6.470774,0.566500,-9.385246,0.770710,-7.314698,0.889552,-7.681899,215,V,45,2
0.377120,22.482020,0.627960,0.011273,0.010976,0.914454,42.441468,0.472617,-6.352031,0.569494,-9.423260,0.772722,-7.338952,0.891657,-7.653897,216,V,45,2
0.376780,22.482020,0.627100,0.011289,0.011436,0.903959,42.112303,0.472333,-6.452206,0.569631,-9.473842,0.772369,-7.329114,0.893425,-7.680065,217,V,45,2
0.377550,28.409090,0.574960,0.009744,0.011265,0.949995,43.531052,0.472837,-6.459270,0.569934,-9.281738,0.772246,-7.354251,0.895182,-7.650035,218,V,45,2
0.378190,22.482020,0.626460,0.011300,0.010617,0.927487,42.845533,0.473856,-6.413774,0.570589,-9.291260,0.772653,-7.370862,0.895205,-7.692217,219,V,45,2
0.377780,22.482020,0.624940,0.011328,0.010302,0.924772,42.761797,0.472358,-6.345060,0.568727,-9.270399,0.773338,-7.442460,0.892008,-7.590638,220,V,45,2
0.377130,22.482020,0.629700,0.011242,0.010646,0.898972,41.954668,0.472515,-6.482943,0.569827,-9.358455,0.774578,-7.487911,0.895313,-7.678356,221,V,45,2
0.376980,22.482020,0.632620,0.011190,0.010781,1.060504,46.681941,0.472227,-6.390437,0.570622,-9.372341,0.775436,-7.520889,0.897277,-7.249485,222,V,45,2
0.377550,22.482020,0.629480,0.011246,0.011500,1.007902,45.225471,0.473580,-6.312066,0.569973,-9.347931,0.773663,-7.439085,0.898419,-7.307275,223,V,45,2
0.377500,28.409090,0.573620,0.009766,0.011673,1.323712,52.930724,0.474179,-6.196484,0.571857,-9.336967,0.774172,-7.474561,0.894434,-7.415955,224,V,45,2
0.376620,22.482020,0.631020,0.011219,0.011587,0.911809,42.358848,0.473869,-6.368997,0.570793,-9.359677,0.776387,-7.388778,0.894816,-7.657639,225,V,45,2
0.377390,28.409090,0.579880,0.009661,0.011816,1.004198,45.120014,0.474369,-6.305344,0.571141,-9.444300,0.776743,-7.470806,0.901261,-7.332014,226,V,45,2
0.378290,28.409090,0.577000,0.009709,0.010753,1.042389,46.188990,0.473509,-6.383294,0.571313,-9.454973,0.777294,-7.468505,0.900398,-7.236561,227,V,45,2
0.378820,22.482020,0.625480,0.011318,0.010692,0.994218,44.833887,0.474172,-6.256091,0.570978,-9.395546,0.776554,-7.547353,0.903813,-7.449293,228,V,45,2
0.378270,22.482020,0.633360,0.011177,0.010615,0.913231,42.403297,0.474772,-6.350845,0.572406,-9.511352,0.777783,-7.559062,0.899776,-7.651440,229,V,45,2
0.379220,28.409090,0.576860,0.009712,0.010341,0.971378,44.168187,0.475662,-6.336042,0.572508,-9.464180,0.777751,-7.579070,0.904429,-7.518655,230,V,45,2
0.380890,28.409090,0.579260,0.009671,0.010663,1.033589,45.946279,0.476469,-6.329547,0.573503,-9.318520,0.781193,-7.517470,0.904901,-7.121600,231,V,45,2
0.378690,22.482020,0.629860,0.011239,0.010984,0.927295,42.839595,0.475073,-6.491548,0.572537,-9.347131,0.778591,-7.552637,0.903828,-7.674352,232,V,45,2
0.379170,22.482020,0.628280,0.011268,0.010936,0.952802,43.615453,0.475072,-6.441826,0.572936,-9.440951,0.779533,-7.622736,0.905977,-7.589926,233,V,45,2
0.377990,22.482020,0.631380,0.011212,0.011386,0.927257,42.838422,0.474090,-6.443028,0.572781,-9.403004,0.780082,-7.625283,0.905405,-7.664183,234,V,45,2
0.378690,22.482020,0.632100,0.011200,0.011267,1.206714,50.351573,0.475996,-6.403816,0.573195,-9.388742,0.781587,-7.617331,0.904556,-7.360197,235,V,45,2
0.378290,28.409090,0.583980,0.009593,0.010864,0.940912,43.256259,0.474861,-6.339918,0.573332,-9.435424,0.781510,-7.637915,0.907455,-7.666657,236,V,45,2
0.378440,22.482020,0.636520,0.011122,0.011534,1.039609,46.112544,0.475480,-6.346334,0.573139,-9.381646,0.781167,-7.656738,0.906957,-7.237118,237,V,45,2
0.378450,22.482020,0.636880,0.011115,0.011137,0.994844,44.851916,0.475804,-6.445570,0.574439,-9.352859,0.781877,-7.604797,0.910227,-7.366625,238,V,45,2
0.380320,28.409090,0.579180,0.009673,0.009384,0.905303,42.154622,0.475640,-6.417302,0.574553,-9.310758,0.782267,-7.722522,0.907448,-7.655411,239,V,45,2
0.378010,28.409090,0.583040,0.009609,0.011484,1.017519,45.497500,0.476312,-6.346550,0.574239,-9.463649,0.783524,-7.703355,0.911398,-7.258150,240,V,45,2
0.379280,28.409090,0.586540,0.009551,0.011449,1.035332,45.994520,0.477232,-6.438479,0.573458,-9.402909,0.782660,-7.723234,0.905380,-7.461767,241,V,45,2
0.379130,22.482020,0.634620,0.011155,0.010489,1.052202,46.457131,0.476483,-6.519478,0.574388,-9.294380,0.782446,-7.701125,0.908144,-7.265614,242,V,45,2
0.380320,22.482020,0.630920,0.011220,0.010454,1.008730,45.249003,0.476779,-6.319548,0.573164,-9.394284,0.783262,-7.758959,0.910805,-7.291916,243,V,45,2
0.379070,22.482020,0.635860,0.011133,0.011161,1.032848,45.925741,0.477583,-6.292438,0.575046,-9.444873,0.784621,-7.690736,0.912167,-7.241633,244,V,45,2
0.379860,22.482020,0.632540,0.011192,0.010017,0.959333,43.810952,0.476729,-6.349431,0.576010,-9.368766,0.785072,-7.734190,0.914814,-7.565117,245,V,45,2
0.380400,28.409090,0.580400,0.009652,0.010190,1.119098,48.216767,0.477433,-6.304396,0.575980,-9.448242,0.785834,-7.730837,0.911469,-7.276932,246,V,45,2
0.379540,22.482020,0.633840,0.011169,0.011677,0.929042,42.893364,0.477165,-6.318786,0.574355,-9.367577,0.785959,-7.750413,0.913822,-7.640229,247,V,45,2
0.380730,28.409090,0.579920,0.009660,0.009584,1.095881,47.619307,0.478854,-6.346068,0.575773,-9.381971,0.786098,-7.750023,0.910214,-7.395158,248,V,45,2
0.380110,28.409090,0.580700,0.009647,0.009833,1.083067,47.283578,0.477105,-6.448110,0.575996,-9.363364,0.786087,-7.812104,0.912205,-7.262684,249,V,45,2
0.379890,22.482020,0.639380,0.011072,0.010946,0.922133,42.680168,0.476913,-6.297393,0.574087,-9.334496,0.786582,-7.793410,0.915513,-7.651706,250,V,45,2
0.379640,28.409090,0.584480,0.009585,0.010748,0.973840,44.240678,0.478197,-6.325965,0.575165,-9.442083,0.787225,-7.789817,0.918056,-7.490378,251,V,45,2
0.381100,22.482020,0.635800,0.011134,0.009902,0.923798,42.731676,0.478993,-6.280775,0.575116,-9.356084,0.787881,-7.881111,0.916871,-7.645261,252,V,45,2
0.380150,22.482020,0.637360,0.011107,0.010813,0.912166,42.370020,0.478105,-6.443678,0.576322,-9.326153,0.788776,-7.814782,0.913438,-7.651975,253,V,45,2
0.381740,22.482020,0.633080,0.011182,0.009484,0.907093,42.210961,0.478764,-6.362489,0.575788,-9.454249,0.788235,-7.800518,0.912689,-7.614558,254,V,45,2
0.380630,22.482020,0.633340,0.011178,0.010653,1.021184,45.600495,0.479174,-6.430126,0.576260,-9.371364,0.787441,-7.847817,0.916843,-7.240492,255,V,45,2
0.381040,22.482020,0.638320,0.011090,0.010004,0.938270,43.175870,0.479175,-6.365677,0.575869,-9.330935,0.790347,-7.953606,0.915630,-7.578204,256,V,45,2
0.378390,28.409090,0.590540,0.009487,0.011507,0.968420,44.080860,0.478417,-6.271616,0.576748,-9.400546,0.790757,-7.943810,0.922768,-7.572621,257,V,45,2
0.380080,22.482020,0.638320,0.011090,0.010509,1.013061,45.371749,0.479874,-6.431544,0.576140,-9.272285,0.790892,-8.005510,0.922612,-7.289563,258,V,45,2
0.379090,28.409090,0.589820,0.009498,0.011035,0.914788,42.451900,0.479703,-6.308310,0.576853,-9.300139,0.790519,-7.913331,0.920602,-7.668879,259,V,45,2
0.380470,22.482020,0.638200,0.011092,0.010077,1.002329,45.066645,0.480290,-6.411310,0.576110,-9.410373,0.789568,-7.960477,0.921479,-7.304550,260,V,45,2
0.380000,22.482020,0.641180,0.011041,0.011698,0.906469,42.191341,0.480309,-6.376420,0.577679,-9.255583,0.791779,-7.953718,0.920083,-7.664514,261,V,45,2
0.382090,22.482020,0.634780,0.011152,0.009617,0.978309,44.371810,0.480768,-6.448978,0.576634,-9.254616,0.792380,-8.013634,0.924948,-7.441539,262,V,45,2
0.381860,22.482020,0.639060,0.011078,0.009916,0.984455,44.551186,0.480952,-6.276800,0.578042,-9.298623,0.791879,-7.936173,0.925557,-7.436909,263,V,45,2
0.382440,22.482020,0.637420,0.011106,0.009837,1.315402,52.757037,0.480584,-6.298175,0.578155,-9.247007,0.792105,-7.978637,0.922021,-7.362268,264,V,45,2
0.381820,22.482020,0.638880,0.011081,0.009836,1.036272,46.020490,0.480217,-6.357029,0.578939,-9.383199,0.794719,-8.033513,0.921783,-7.431885,265,V,45,2
0.380410,22.482020,0.642480,0.011019,0.010797,1.309491,52.632631,0.481444,-6.291002,0.578750,-9.335524,0.793489,-7.950242,0.922687,-7.356564,266,V,45,2
0.380890,22.482020,0.640880,0.011046,0.009883,0.905810,42.170588,0.481658,-6.260284,0.578329,-9.381366,0.793290,-7.990131,0.924634,-7.644559,267,V,45,2
0.381950,22.482020,0.640040,0.011061,0.011348,0.983841,44.533323,0.481730,-6.296272,0.578421,-9.312008,0.793216,-7.937590,0.926898,-7.386215,268,V,45,2
0.384680,22.482020,0.639500,0.011070,0.010897,1.043595,46.222086,0.483826,-6.432662,0.580671,-9.283680,0.796106,-7.997454,0.927506,-7.216663,269,V,45,2
0.384930,22.482020,0.636500,0.011122,0.009183,1.056070,46.562097,0.482471,-6.290376,0.580848,-9.294109,0.795150,-8.075180,0.927381,-7.221444,270,V,45,2
0.382370,22.482020,0.640740,0.011048,0.010695,1.013373,45.380568,0.481346,-6.220462,0.579335,-9.368774,0.795489,-8.057303,0.928151,-7.237000,271,V,45,2
0.381850,22.482020,0.640040,0.011061,0.010538,0.912552,42.382068,0.481167,-6.381450,0.579053,-9.329023,0.794933,-8.054935,0.923476,-7.607314,272,V,45,2
0.382260,22.482020,0.633940,0.011167,0.009705,0.915997,42.489592,0.480939,-6.418942,0.579137,-9.281196,0.795668,-8.110772,0.927140,-7.662021,273,V,45,2
0.379850,22.482020,0.645240,0.010971,0.011602,0.903016,42.082550,0.480983,-6.325445,0.576687,-9.377833,0.795336,-8.085816,0.927566,-7.662018,274,V,45,2
0.381460,22.482020,0.640520,0.011052,0.010233,1.169641,49.470781,0.481316,-6.388854,0.577811,-9.252058,0.794919,-8.123849,0.925659,-7.373920,275,V,45,2
0.380490,22.482020,0.639140,0.011076,0.010623,1.124203,48.346299,0.480293,-6.317530,0.578747,-9.278074,0.794340,-8.202939,0.924252,-7.412039,276,V,45,2
0.381970,22.482020,0.637000,0.011113,0.009505,0.917212,42.527436,0.480969,-6.242898,0.577387,-9.404762,0.794986,-8.185007,0.930296,-7.645306,277,V,45,2
0.381440,22.482020,0.636680,0.011119,0.010251,1.043836,46.228682,0.480625,-6.304096,0.578127,-9.337105,0.795856,-8.127298,0.924899,-7.450402,278,V,45,2
0.382150,22.482020,0.635980,0.011131,0.009151,0.964785,43.973188,0.480446,-6.386415,0.577514,-9.300697,0.795483,-8.189091,0.931399,-7.470796,279,V,45,2
0.381480,22.482020,0.639240,0.011074,0.009100,0.946582,43.428091,0.479877,-6.466440,0.578733,-9.370910,0.795376,-8.222764,0.932411,-7.574822,280,V,45,2
0.381080,22.482020,0.638760,0.011083,0.009563,0.951954,43.589994,0.479909,-6.372524,0.578531,-9.384539,0.796848,-8.231761,0.933253,-7.577925,281,V,45,2
0.380930,22.482020,0.639600,0.011068,0.009599,0.927443,42.844163,0.480229,-6.266134,0.577912,-9.500124,0.796939,-8.289809,0.933032,-7.636334,282,V,45,2
0.381500,22.482020,0.638380,0.011089,0.009394,0.988472,44.667832,0.481087,-6.335275,0.578400,-9.455416,0.796586,-8.225112,0.933586,-7.375424,283,V,45,2
0.378330,22.482020,0.637320,0.011108,0.008242,1.283178,52.070169,0.478213,-6.296248,0.574054,-9.409080,0.792819,-8.330242,0.924577,-7.376122,284,V,45,2
0.373460,22.482020,0.636620,0.011120,0.007926,0.898524,41.940457,0.471230,-6.455010,0.568832,-9.396426,0.788741,-8.315874,0.922357,-7.759478,285,V,45,2
0.371330,22.482020,0.637540,0.011104,0.009141,1.001214,45.034764,0.471847,-6.320150,0.568739,-9.533621,0.787274,-8.400218,0.924629,-7.374191,286,V,45,2
0.370400,22.482020,0.643400,0.011003,0.008739,0.978260,44.370374,0.471743,-6.557340,0.568697,-9.494924,0.786821,-8.381635,0.925491,-7.476621,287,V,45,2
0.369650,22.482020,0.642000,0.011027,0.009054,1.002472,45.070744,0.470985,-6.466487,0.568571,-9.543431,0.788599,-8.399225,0.924708,-7.361830,288,V,45,2
0.371270,22.482020,0.638180,0.011093,0.007667,1.346761,53.405289,0.472319,-6.614256,0.567745,-9.505565,0.787824,-8.389976,0.921914,-7.440637,289,V,45,2
0.369340,22.482020,0.641320,0.011038,0.009175,1.192786,50.024426,0.470061,-6.506532,0.568161,-9.522498,0.786376,-8.390618,0.918953,-7.482043,290,V,45,2
0.370010,22.482020,0.641300,0.011039,0.007695,0.910155,42.307046,0.470473,-6.551556,0.567273,-9.527919,0.787159,-8.411314,0.925896,-7.725320,291,V,45,2
0.368160,22.482020,0.644120,0.010991,0.009093,0.899631,41.975544,0.470207,-6.602291,0.566810,-9.666644,0.787057,-8.427048,0.922803,-7.788493,292,V,45,2
0.369830,22.482020,0.640600,0.011051,0.008147,0.915559,42.475927,0.470549,-6.573368,0.566543,-9.518335,0.786264,-8.499742,0.925421,-7.731330,293,V,45,2
0.369830,22.482020,0.639900,0.011063,0.007607,0.907462,42.222542,0.468977,-6.609575,0.567334,-9.470719,0.786924,-8.498996,0.923407,-7.768853,294,V,45,2
0.368040,22.482020,0.644460,0.010985,0.008430,1.393747,54.340935,0.470437,-6.506886,0.566828,-9.512014,0.786877,-8.491646,0.922469,-7.488810,295,V,45,2
0.369640,22.482020,0.641900,0.011029,0.008189,1.012846,45.365656,0.470133,-6.630962,0.566504,-9.473474,0.786173,-8.538033,0.926292,-7.384119,296,V,45,2
0.369470,22.482020,0.639600,0.011068,0.008289,1.016509,45.469079,0.470941,-6.554220,0.567145,-9.545099,0.788081,-8.538674,0.927160,-7.353201,297,V,45,2
0.370710,22.482020,0.638720,0.011083,0.006877,0.908171,42.244812,0.471130,-6.507286,0.568034,-9.450458,0.789077,-8.521187,0.927814,-7.766033,298,V,45,2
0.369510,22.482020,0.641120,0.011042,0.006931,0.927865,42.857154,0.471884,-6.588520,0.567260,-9.686646,0.788968,-8.516893,0.929030,-7.739109,299,V,45,2
0.369140,22.482020,0.641960,0.011027,0.007554,0.917850,42.547259,0.470941,-6.511654,0.567587,-9.507556,0.789263,-8.570956,0.929516,-7.756059,300,V,45,2
0.369030,22.482020,0.640820,0.011047,0.008662,0.900535,42.004136,0.470982,-6.585486,0.566925,-9.624856,0.789171,-8.612860,0.929007,-7.768545,301,V,45,2
0.367660,22.482020,0.641900,0.011029,0.007971,1.405215,54.563010,0.470377,-6.383238,0.567370,-9.497799,0.787921,-8.620501,0.925369,-7.489682,302,V,45,2
0.370400,22.482020,0.639820,0.011064,0.008140,1.344488,53.358961,0.471956,-6.511084,0.567492,-9.444932,0.789703,-8.609351,0.926584,-7.471084,303,V,45,2
0.370730,22.482020,0.637300,0.011108,0.006994,1.008802,45.251042,0.471812,-6.469871,0.568323,-9.599652,0.788369,-8.654851,0.929136,-7.329931,304,V,45,2
0.369360,22.482020,0.640000,0.011061,0.007238,1.130278,48.499595,0.471424,-6.711660,0.567998,-9.536169,0.788944,-8.674231,0.927638,-7.365167,305,V,45,2
0.369550,22.482020,0.640860,0.011046,0.007612,0.910829,42.328168,0.469966,-6.521069,0.568663,-9.643541,0.790255,-8.646302,0.932462,-7.721859,306,V,45,2
0.370090,22.482020,0.640000,0.011061,0.006969,0.904009,42.113851,0.470604,-6.433187,0.568268,-9.508197,0.790310,-8.705340,0.932671,-7.759673,307,V,45,2
0.369950,22.482020,0.641840,0.011030,0.006997,0.911761,42.357347,0.471178,-6.619636,0.568270,-9.602248,0.790598,-8.769986,0.932215,-7.785624,308,V,45,2
0.369150,22.482020,0.640820,0.011047,0.007570,0.953517,43.636941,0.470501,-6.505758,0.567529,-9.463306,0.790742,-8.696196,0.933542,-7.665985,309,V,45,2
0.369080,22.482020,0.641580,0.011034,0.007833,1.237244,51.053185,0.470382,-6.594370,0.568228,-9.526694,0.790672,-8.733402,0.928669,-7.481039,310,V,45,2
