state,T_C,cell,cycle,capacity,SOH,R_s_rel,R_ct_rel,R_sei_rel,C_dl_log,tail_slope,Zmag_0.1Hz_rel,Zmag_1000Hz_rel
V,25,1,0,37.20271307236226,1.0,1.0,1.0,1.0,-2.28578190944278,1.5350700534501658,1.0,1.0
V,25,1,1,36.22303298575675,0.9736664343619255,1.0108136210033793,1.0034606930739371,0.9551929087655252,-2.287282274691368,1.2157739498321558,1.0099214335991291,1.0072296475274176
V,25,1,2,35.58930074895991,0.9566318639109966,1.0147647517546141,1.0054248702240096,0.9674106524624339,-2.2881315331908767,1.304556985406731,1.0165747130477383,1.0131885628262842
V,25,1,3,35.10808143432482,0.9436968042098648,1.0188198596308813,1.0149417761773372,0.9483667701048494,-2.2922230383814903,1.5674988881176255,1.0200601906684001,1.0184153204575495
V,25,1,4,34.767280221266,0.934536149383537,1.019625682349883,1.0161810784267875,0.9994029992858944,-2.29275301340877,1.1890378791081386,1.0230344518167855,1.0196669001329923
V,25,1,5,34.51914390415908,0.9278663047239748,1.0203275279438524,1.018238787822102,1.0280372519338081,-2.2936315460610652,1.5692168158290805,1.02521166909123,1.0218005233670766
V,25,1,6,34.31968901831604,0.9225050052548989,1.0180400311931375,1.018262170883412,1.0490595529919786,-2.293641519181337,1.2723515548436974,1.0276698371338908,1.0220119879190033
V,25,1,7,34.17658494359931,0.9186584020666211,1.0229009617884066,1.013655707805266,1.0375221674356816,-2.2916723796366396,1.4448428144537062,1.025408898718592,1.0186611063927005
V,25,1,8,34.04663311095897,0.9151653279892663,1.0298154406030675,1.0033905438900061,0.883864289470389,-2.287251913294427,1.186863832349619,1.0212298431385785,1.0204995107102852
V,25,1,9,34.1875305046328,0.9189526161206392,1.0317390174161685,1.0000000000000002,0.9108756697674325,-2.28578190944278,1.2693430427767616,1.0205242268138548,1.0215540324159031
V,25,1,10,34.07004892551811,0.9157947394656173,1.0304393033532622,1.0031333302155918,1.0439852128920015,-2.287140570009135,1.2479264815806452,1.0216116953139063,1.0244287573148008
V,25,1,11,33.97043682203633,0.9131171900275421,1.046191837795685,1.0113407847355378,1.0164355364922983,-2.2906794310000698,1.5570033184883527,1.034301278907819,1.0378349472491488
V,25,1,12,33.77003898176319,0.907730544169662,1.0498830257343386,1.083781508675116,0.9228515599726749,-2.2187075551342437,1.5517421462691037,1.035924172385219,1.0367692505056108
V,25,1,13,33.70502981089783,0.9059831132567897,1.0556797504548998,1.086330262357948,0.9608692608487578,-2.2197276962937167,1.267327497966672,1.0413732814085528,1.041330995693834
V,25,1,14,33.71013577575091,0.9061203603667829,1.0615544580192358,0.9968432867230979,0.9026727211103152,-2.2844087978838865,1.4375241865421429,1.0308979870902693,1.044991569249519
V,25,1,15,33.74974794052379,0.9071851258503063,1.065583571614245,0.9880746387317026,0.8681601778256613,-2.2805716616872593,1.2057742751322007,1.0338641066163583,1.0460334590990883
V,25,1,16,33.67808405359693,0.9052588177666064,0.8386794905120873,0.9969602020296497,1.3663063484614815,-2.2844597313613635,1.2559842993289536,0.9609230692828103,0.8822712560388695
V,25,1,17,33.54328285512801,0.9016353938994621,0.8735378216792307,1.004185567974559,1.2363706163017105,-2.28759588490169,1.221851036525954,0.9739539759837954,0.9063460491603319
V,25,1,18,33.57989324102066,0.9026194722870098,0.8789966207434365,0.9994855726511715,1.1956597368218786,-2.28555843899926,1.2447325506745315,0.9798909696840493,0.9106861078259408
V,25,1,19,33.41691785253865,0.8982387329531605,0.8798284377436963,1.0054482532853202,1.2926447715040201,-2.2881416334148827,1.2517494447508888,0.9828698217281729,0.9127140401144479
V,25,1,20,33.54878697370695,0.9017833432860629,0.885859110995581,1.0626432212505261,1.2467038483214337,-2.2101532944056013,1.2630329370034223,0.9749788682777206,0.9108901113915625
V,25,1,21,33.48888424809694,0.9001731723962813,0.8880686249025215,0.9867418042370109,1.266906635597218,-2.2799854373257133,1.2304717844474118,0.9757292022572507,0.914421758657546
V,25,1,22,33.46613782063033,0.8995617538843473,0.8910579672472057,1.0697516718888838,1.23247071569131,-2.2130487921697,1.193922255276782,0.9805825727050602,0.9151159208080749
V,25,1,23,33.3055839253036,0.895246103705436,0.8956849493111515,0.991465182621709,1.1139826535924264,-2.282059377090742,1.495880430466625,0.9826594520203867,0.9177269378257685
V,25,1,24,33.28812477345996,0.8947768058934813,0.8939433324668573,1.0700556516859188,1.1941740689379978,-2.2131721834188993,1.1459576247419776,0.9811707835274824,0.9171870027434655
V,25,1,25,33.26649677962369,0.8941954506091447,0.8958409149987003,0.9819248936070711,1.1774786964029407,-2.2778601797761224,1.2389018370150302,0.9763471196917545,0.9154261992018391
V,25,1,26,33.38786122701813,0.89745769783177,0.8855211853392254,0.9912079689472946,1.4594095348965672,-2.2819466943926314,1.1930674739472227,0.9769816914593051,0.9180691814322465
V,25,1,27,33.38368336771948,0.8973453979763664,0.8990642058747076,1.0567273067389982,1.2254754106799792,-2.2077287483748123,1.1657409882239709,0.9746346881548413,0.9170827938915233
V,25,1,28,33.28306434129424,0.8946407826911982,0.903977125032493,0.9869756348501146,1.1259453646762836,-2.2800883409566337,1.2331152290742264,0.9888282969046613,0.9205028889655599
V,25,1,29,33.09499665320671,0.8895855683652503,0.9022095139069405,0.987536828321564,1.1743072319063308,-2.280335210236052,1.2479439545968396,0.9883523183436456,0.9208671345969354
V,25,1,30,33.05934481065878,0.888627255392791,0.9018195996880687,0.9857363326006641,1.0865732114730335,-2.2795426736640607,1.2311609382391213,0.9892444383346094,0.9201465625928308
V,25,1,31,33.00589383624229,0.8871905060268905,0.8983623602807383,1.064396950848805,1.2550831823632453,-2.210869440033556,1.2391389806580222,0.9889285603905293,0.9167866884194018
V,25,1,32,32.9772992629416,0.8864218907582926,0.8993241486872888,1.0620118785951458,1.2728892236144864,-2.209895192618152,1.5517530971411615,0.9871755838804619,0.9211392162038918
V,25,1,33,32.93551049820543,0.8852986187900658,0.9032232908760073,1.0609128747135574,1.1603955087586402,-2.2094455380901166,1.1333373309886359,0.9876489029064648,0.9200147898184841
V,25,1,34,32.89801374425885,0.8842907150419265,0.9017676111255524,0.982766683814245,1.225830135661681,-2.2782323347428033,1.5240484374745342,0.9884915481504432,0.9200678377894663
V,25,1,35,32.86386624832409,0.8833728385454372,0.9026514166883286,1.060398447364729,1.1711623004140643,-2.2092349014325072,1.211993207183686,0.9920828054668088,0.9188982944782279
V,25,1,36,32.81978651196843,0.8821879858098337,0.899974005718742,1.061006406958799,1.2639989438364454,-2.2094838246907105,1.2421105716828897,0.9898747302523185,0.9208172105370214
V,25,1,37,32.77468513363694,0.8809756715830793,0.9007018455939693,1.0602581489968668,1.180788644106474,-2.2091774373365514,1.2201995624595152,0.9888291425122476,0.9206904985756541
V,25,1,38,32.79736147863905,0.8815852062951848,0.904211073563816,0.9782069868587197,1.2390830312519954,-2.276212669894258,1.4469407887518204,0.9882498337557901,0.9223270725330112
V,25,1,39,32.7567171520958,0.8804926965509575,0.9054587990642058,1.0564233269419634,1.2311992377402168,-2.2076038005861705,1.1376015041026155,0.9911225463762716,0.9231607355083168
V,25,1,40,32.69147203121864,0.878738923358388,0.9098778268780868,1.0533601459103028,1.1089119848580216,-2.206342700979494,1.2233169478376054,0.9932500751152725,0.9198494673738364
V,25,1,41,32.68126906030405,0.8784646699485696,0.9115154665973487,1.054833278772857,1.1662318187437406,-2.2069496410922516,1.1953556831685979,0.994033628197772,0.9259015359796696
V,25,1,42,32.66244596745636,0.8779587097297255,0.9115154665973487,1.047280549969602,1.2261845332373424,-2.203828856183061,1.4983526174951831,0.9858922898977547,0.9238968521221612
V,25,1,43,32.82704886584605,0.8823831961393463,0.9150246945671953,0.9651592386475236,1.2670936038130425,-2.270380881605904,1.2330799111860504,0.9872649680802704,0.9241422014283844
V,25,1,44,32.82063607847807,0.8822108219537457,0.9198856251624642,1.0444511995510453,1.1538321292136076,-2.2026539712831896,1.1450994855798784,0.9866999729552552,0.9298228137592479
V,25,1,45,32.79372694275237,0.8814875108427158,0.9241486872887965,1.0550437263246504,1.177719621159702,-2.2070362776218273,1.2327955141497777,1.0031501313458282,0.9325579013707735
V,25,1,46,32.57228423888191,0.875535184101391,0.9231349103197297,1.0528457185614741,1.1186482560499382,-2.2061305536608034,1.4944426901759735,0.9992319017771202,0.9305074060522293
V,25,1,47,32.50680086351863,0.8737750066854074,0.918118014036912,1.0551840246925126,1.2166400094919898,-2.2070940257080642,1.1210862965072608,0.9987113789171581,0.929228331932046
V,25,1,48,32.48594688021512,0.8732144566184554,0.9194437223810763,1.0377636440162745,1.201066553731202,-2.1998642702475575,1.2269186871253073,0.9919210109033714,0.9308778326185064
V,25,1,49,32.62446184142216,0.8769377055368238,0.9252144528203796,1.0395173736145538,1.1135770336459452,-2.2005975704238643,1.1813245178351468,0.991065299123308,0.9294776223391059
V,25,1,50,32.59866528420086,0.8762443002690112,0.9260202755393814,1.0432352803629052,1.1012900811720474,-2.202148083968557,1.2084887023372672,0.997636961023262,0.9307342676669426
V,25,1,51,32.49096938272863,0.873349460280789,0.924070704445022,1.0512322873310576,1.1342095353656745,-2.20546450951636,1.1787211012687597,1.005969131867357,0.9331239882904842
V,25,1,52,32.36156568089293,0.8698711198279301,0.9214452820379517,1.051816863863817,1.2024984875458933,-2.2057059478762975,1.1957668449508203,1.0052238108612987,0.9298463569949342
V,25,1,53,32.37904717529384,0.8703410182024628,0.9175981284117494,1.0529158677454051,1.2270813702775345,-2.2061594889436016,1.2223328416831882,1.0063094177464769,0.927581534814213
V,25,1,54,32.41866831276366,0.8714060248699268,0.9165063685989083,1.0457138848618062,1.2848635305793878,-2.203178692831399,1.2189994803765871,0.9985015540898304,0.9279369380673606
V,25,1,55,32.45002926487437,0.8722489997371015,0.9199636080062387,1.0412009540289013,1.158461929199416,-2.2013003756365093,1.2287134212812558,0.9995647804782022,0.9258631183852987
V,25,1,56,32.40338637886427,0.8709952501538554,0.9142448661294517,1.0462750783332553,1.2816516020535336,-2.2034116990642856,1.1840072869799456,0.9983455797446349,0.9243904661137577
V,25,1,57,32.22724290634704,0.8662605558810312,0.91772809981804,1.046742739559463,1.1338853245846323,-2.203605775475471,1.4783806014503298,1.005532841579722,0.9258601672718866
V,25,1,58,32.1919600279732,0.8653121605770326,0.9100077982843775,1.0540148716269935,1.3101228958732027,-2.2066125568643757,1.2090752349967118,1.0093349724464002,0.9247088674067457
V,25,1,59,32.1443822305929,0.8640332808005025,0.9094359240966988,1.0539447224430623,1.3208022656351157,-2.2065836517529225,1.2347832690905027,1.0096126399152252,0.9224894005141537
V,25,1,60,32.30144624269487,0.8682551237557855,0.9185599168183001,1.0358462329888227,1.0615496810040033,-2.1990611092717844,1.1108000472431998,0.9962867909187147,0.9222343504538745
V,25,1,61,32.26452231201046,0.8672626173594754,0.9069144788146607,1.0427676191366975,1.3115306163265896,-2.2019533549071606,1.5133899893262814,0.9980018854580899,0.9202918832885342
V,25,1,62,32.24551267472249,0.8667516428708407,0.9144528203795165,1.0338119066548193,1.0858302448423733,-2.198207347997055,1.1588322301603784,0.998803619527561,0.9196850688434934
V,25,1,63,32.05441742521072,0.8616150484203212,0.9083961528463738,1.134452602534724,1.2139534037214152,-2.1369301812292836,1.1798715545439191,1.0089156501370748,0.9192471265850474
V,25,1,64,32.0099561231664,0.8604199392905691,0.9099818040031193,1.047935275686293,1.1633345550058107,-2.2041002781260346,1.1980647044607504,1.0107244959879405,0.9201654420513099
V,25,1,65,32.00483749890768,0.8602823518987905,0.9101117754094099,1.1315998690548568,1.11511110950484,-2.1358367139961314,1.2019431027353948,1.0114251930978346,0.9189661024165772
V,25,1,66,32.09425650820502,0.8626859134111837,0.9089680270340526,1.0397278211663472,1.2723823353721775,-2.200685483298224,1.2174849676859023,1.0050255568435253,0.9176926622777731
V,25,1,67,32.08527439586003,0.8624444763867518,0.9222251104756953,1.0304447458261234,0.9798561596401768,-2.19679052740666,1.2125853111137845,1.006826782964884,0.9246145936912854
V,25,1,68,32.07209060737735,0.8620900993159978,0.9143748375357422,1.0499696020202964,1.2621560409720918,-2.204942544129185,1.4180859762912397,1.010970184407229,0.9234327232662864
V,25,1,69,31.86251295421428,0.8564567022904792,0.9133350662854173,1.0502268156947108,1.2773334976482933,-2.205048921303324,1.1933116454694555,1.017181239306148,0.9221441610536774
V,25,1,70,31.83152439099037,0.8556237371472211,0.916870288536522,1.0451760744516672,1.2048334189458352,-2.202955277823312,1.1407975571532114,1.0165967048656124,0.922739143748734
V,25,1,71,31.79246290022874,0.854573773648977,0.9145048089420328,1.0488472150773978,1.1813093482304124,-2.2044780476582617,1.5623192927852865,1.0159981921309327,0.9237156012120603
V,25,1,72,31.81887438623725,0.8552837080550278,0.9122952950350923,1.0492914932422952,1.2729970893486668,-2.204661970253621,1.3856246878330738,1.0155148357810126,0.924174641772489
V,25,1,73,31.75774631610063,0.8536406001984121,0.915804523004939,1.1343824533507927,1.2289696797489529,-2.1369033256820527,1.1002870636902378,1.0154278097740805,0.9229194151569271
V,25,1,74,31.71533783039643,0.8525006702792766,0.9213672991941773,1.0445914979189077,1.1051822508512439,-2.2027123049947486,1.5576237207937176,1.0189391836937463,0.9260691782026826
V,25,1,75,31.67409284914525,0.8513920150806368,0.9185599168183001,1.1316232521161669,1.1985589720705876,-2.1358456880423953,1.2197038888102893,1.0249008687189267,0.9265725225833715
V,25,1,76,31.636868233334,0.8503914263402713,0.9192357681310112,1.1279754945517466,1.166957329281093,-2.134443490098998,1.2068107740530225,1.0233382306940755,0.9273562898218226
V,25,1,77,31.60066823399992,0.8494183790449392,0.9180660254743956,1.1334705139596877,1.2054070435824815,-2.1365540523628006,1.196586514492877,1.0210443627796197,0.9256162751761594
V,25,1,78,31.61795839137394,0.8498831343261035,0.9239927216012478,1.1252396763784314,1.1711926619738326,-2.1333888626179074,1.213785260425171,1.0236283452367367,0.92826846426518
V,25,1,79,31.59750266391077,0.849333289280572,0.9254224070704445,1.0428143852593184,1.1398143570701713,-2.20197283174284,1.230045366126999,1.0229008619866786,0.9272909374469552
V,25,1,80,31.51869405305143,0.8472149327320576,0.9214712763192099,1.1392928962259739,1.313056184646437,-2.1387792149205445,1.21683623160062,1.0304184158797658,0.9299568672483456
V,25,1,81,31.49502326329974,0.8465786675837161,0.9235768131011178,1.0476312958892577,1.221344023119522,-2.203974281890764,1.1644620550660014,1.029489787370648,0.9288472300443393
V,25,1,82,31.43062269581348,0.8448475957836301,0.9233168702885366,1.1299396717018193,1.22785076077235,-2.1351990822715297,1.5120806305591095,1.027337196462289,0.9283778711928788
V,25,1,83,31.58672448603181,0.8490435744455814,0.9239407330387315,1.1277884300612637,1.1688336718513828,-2.134371460330921,1.1987060730793875,1.0238209000324268,0.9294458201212538
V,25,1,84,31.55741179593024,0.8482556563696992,0.9288796464777749,1.123088434737876,1.1218338954976035,-2.1325577804869464,1.1926933661812151,1.0237648178296737,0.9298056036770601
V,25,1,85,31.5270772007921,0.8474402697316566,0.9291395892903561,1.0404760791282794,1.22479203743526,-2.2009979183608417,1.2152374654849996,1.0290405097041053,0.9318275917284583
V,25,1,86,31.33171625396221,0.8421890143608481,0.9281518066025475,1.1304774821119583,1.2203398241301884,-2.1354057415578005,1.0986012783276546,1.0301618569696918,0.9307107316754237
V,25,1,87,31.27286599478069,0.8406071335161084,0.9293475435404212,1.1297526072113362,1.1197222507078826,-2.135127177723357,1.2067843325662593,1.036883528879004,0.930238056227355
V,25,1,88,31.28581215526498,0.8409551232032881,0.9268260982583831,1.138147126221765,1.2058938766218106,-2.1383422316169796,1.4556717402252506,1.0361755785487023,0.9309374567487448
V,25,1,89,31.39976645365355,0.8440181873988193,0.9272680010397713,1.1227610718795304,1.289528301675373,-2.132431171928762,1.207642883971207,1.0260826761307709,0.9313137515706378
V,25,1,90,31.36124913485381,0.842982851112328,0.9285677151026774,1.124280970864706,1.3191597518095588,-2.133018685495862,1.0984550956411607,1.0252827795426174,0.9310543053705467
V,25,1,91,31.28095766863633,0.8408246357676216,0.9324148687288797,1.126782958424917,1.2953870623456176,-2.133984095517764,1.1783880767673576,1.034521367897193,0.9360939603710757
V,25,1,92,31.09326368437829,0.8357794665109343,0.9375097478554718,1.129635691904784,1.1246534315358185,-2.135082231334504,1.1911877333757903,1.0440969953872197,0.9387070982872678
V,25,1,93,31.00121573397787,0.8333052396925467,0.9300493891343905,1.1392695131646637,1.2072294323502115,-2.138770301287584,1.2131001525753762,1.0438443604993213,0.9339908075980902
V,25,1,94,31.00759647376509,0.8334767524468667,0.9311411489472315,1.1305008651732686,1.2154911214096158,-2.1354147245137938,1.209933513795714,1.0428302466726391,0.9336364768683685
V,25,1,95,31.1182195236244,0.8364502734813176,0.9363140109175982,1.120142169012767,1.1655128379953947,-2.1314169725109426,1.2107096206562624,1.0377588897805357,0.9345817280356975
V,25,1,96,31.14518953483919,0.8371752209108863,0.9402391473875747,1.1195108263573867,1.1378390641528293,-2.13117212329613,1.2106195284053527,1.0356168898437834,0.937969802386597
V,25,1,97,31.1190464594697,0.8364725013184028,0.9365479594489212,1.1268297245475378,1.3241226112873536,-2.1340021201491925,1.1100666124006733,1.039874406697291,0.9380842875014194
V,25,1,98,30.86233274310724,0.8295720982251356,0.9410709643878348,1.1278819623065053,1.065109901435881,-2.134407476708269,1.0929326733805982,1.0488127816901545,0.9400579893925749
V,25,1,99,30.82642149492903,0.8286068124915827,0.9395113075123472,1.1329560866108592,1.2005204271573093,-2.13635690239755,1.1320476548328289,1.0490701606484685,0.9380115959143653
V,25,1,100,30.71305325744758,0.8255595014726004,0.9344684169482713,1.137305336014591,1.3105847463992701,-2.138020902242149,1.3649556875461644,1.0524437895599086,0.9363333570168996
V,25,1,101,30.80376514796829,0.8279978153220303,0.9340265141668832,1.0397745872889679,1.2259613046125704,-2.200705017076031,1.1502137763507316,1.0440662086951142,0.9371260459254317
V,25,1,102,30.85673232399154,0.8294215603032156,0.9375617364179881,1.1265725108731237,1.2800943202794013,-2.1339029754175534,1.1802065721846746,1.0495541456257496,0.9381702565944587
V,25,1,103,30.78593836018667,0.8275186355442828,0.924460618663894,1.1361127998877614,1.4685063028985552,-2.1375652782646006,1.1195933795394168,1.0467662435448923,0.9362138385359202
V,25,1,104,30.50536061593967,0.8199767731080337,0.9340265141668832,1.1318336996679605,1.2374611641900037,-2.1359264461152763,1.1838627142495841,1.0584571396465738,0.9360482653631057
V,25,1,105,30.47258451906036,0.8190957594890658,0.935222251104757,1.13361081232755,1.149531156834291,-2.1366078050062143,1.1322526689412256,1.05890686157306,0.9371821778306513
V,25,1,106,30.34654505543989,0.8157078489521296,0.9340265141668832,1.133727727634102,1.2125712266638784,-2.136652593794157,1.5347626724746577,1.0578298255129177,0.9364698494828467
V,25,1,107,30.50999430875816,0.8201013256590662,0.9309591889784248,1.1288172847589206,1.224001416786118,-2.1347674762994164,1.1964747963897382,1.0462330172740502,0.9341560630025845
V,25,1,108,30.49050816008248,0.8195775426586765,0.9303353262282298,1.1280222606743675,1.2740535536355941,-2.1344614956745356,1.2203959704376162,1.0537705595943119,0.9334333489468993
V,25,1,109,30.39563201067305,0.8170272945295982,0.9308292175721342,1.1293317121077493,1.2140714235970032,-2.134965348949194,1.2078600878686296,1.0574890097371363,0.9332157349077236
V,25,1,110,30.19903753160565,0.8117428821082512,0.929529503509228,1.138147126221765,1.256270437005813,-2.1383422316169796,1.2157235341772594,1.0641657605344081,0.9324674205142794
V,25,1,111,30.21262960289639,0.8121082337229116,0.9310371718221991,1.1352242435579667,1.2326991464333017,-2.137225482696444,1.09196587228178,1.0615721669670382,0.9330066377455053
V,25,1,112,30.10972405590481,0.8093421573136074,0.9307512347283597,1.1330730019174111,1.197513325817307,-2.1364017170672183,1.092524220659124,1.0633600609235982,0.9326525668947795
V,25,1,113,30.0740470285674,0.8083831673800501,0.9319989602287497,1.1357620539681055,1.1896295762404088,-2.137431180192774,1.1956380933907071,1.069152560922844,0.9318644018113963
V,25,1,114,29.95981610005737,0.805312667433236,0.9301013776969067,1.138988916428939,1.2709700656425524,-2.1386633234197543,1.1275172880497042,1.070324553970274,0.9340942790314033
V,25,1,115,29.83495524211074,0.8019564375339875,0.9319469716662335,1.2318664359537952,1.224101818220655,-2.071197687611177,1.2257218460343622,1.069384327824701,0.9345627481780134
V,25,1,116,29.85542577375369,0.802506680512319,0.9353262282297894,1.23034653696862,1.2026397573166057,-2.0706615164241904,1.2158730346301028,1.0700975863201956,0.9348473134237186
V,25,1,117,29.7202432887463,0.7988730077545163,0.9335846113854953,1.1383108076509378,1.1606277163109944,-2.1384046847293736,1.1500617037382501,1.075065643494045,0.9354831743541964
V,25,1,118,29.60306626331841,0.7957233174295132,0.9356641538861451,1.2301828555394474,1.1885929049151926,-2.070603735410234,1.5803658767159603,1.0751952971656382,0.936442368234822
V,25,1,119,29.59823120422579,0.7955933522013532,0.9348583311671433,1.137305336014591,1.1873822242819654,-2.138020902242149,1.214733854380562,1.0774716505926252,0.9365202686688897
V,25,1,120,29.49157476958675,0.7927264528321705,0.9364439823238888,1.2301127063555162,1.1808341431044578,-2.070578969765023,1.1277926170870425,1.0776536867260698,0.934176621655797
V,25,1,121,29.43611792435327,0.7912357861400501,0.9338965427605926,1.236145536173596,1.283636686088156,-2.072703670155962,1.1220650911410783,1.0806769445416344,0.9376073484699141
V,25,1,122,29.26906648007581,0.7867454834045338,0.9358981024174683,1.2376186690361501,1.20577578904614,-2.0732209171495084,1.1986733947013208,1.0860612766978532,0.9382208197489146
V,25,1,123,29.15115968803236,0.7835761771280234,0.9374057707304393,1.2362858345414582,1.1413864721570464,-2.072752958324499,1.0849948921081045,1.0842240732338126,0.9422576899736655
V,25,1,124,29.08010780469557,0.7816663195539645,0.9316610345723941,1.1416078192957022,1.3603776243805157,-2.1396607602272417,1.2041472523689936,1.0819244001184276,0.9369303433295963
V,25,1,125,29.22587649480059,0.7855845469644624,0.9377696906680532,1.2270962914464763,1.178113616115623,-2.0695127088085163,1.1998024079542142,1.0786923475317347,0.9383565201280296
V,25,1,126,29.21081983659194,0.7851798276048996,0.9397192617624123,1.1309451433381659,1.1828404089296225,-2.1355853653844585,1.0860464142928588,1.076443220299257,0.9394997060550565
V,25,1,127,29.13520401886494,0.7831472925696208,0.9387314790746036,1.2260674367488194,1.2091168131792915,-2.069148423344048,1.193840588581954,1.083364784298166,0.9382370424072052
V,25,1,128,28.89590342627968,0.7767149500649276,0.9400831817000261,1.2395828461862226,1.1528807001335852,-2.0739096229098433,1.225388280042294,1.0962458433380902,0.9430186080198123
V,25,1,129,28.75198312198091,0.772846406821352,0.9415908500129971,1.2371743908712531,1.170681146784476,-2.0730649868936473,1.198234770545064,1.0971138989482894,0.9436125625650394
V,25,1,130,28.74296106703735,0.7726038961494552,0.9388614504808942,1.2421783659916759,1.243444401117356,-2.074818026453765,1.4789752378579273,1.0941504313921542,0.9442684644598415
V,25,1,131,28.78605504297217,0.7737622518814955,0.9410189758253185,1.2302062386007577,1.2190408847285668,-2.070611990311478,1.1970018953989057,1.0884672664204458,0.9392462593922151
V,25,1,132,28.82256262987519,0.7747435670568702,0.9444242266701326,1.2261843520553712,1.1367057641887326,-2.069189834811464,1.2055444989285338,1.0900742434584665,0.9436543128202745
V,25,1,133,28.6381253364504,0.7697859368682857,0.9325968286976865,1.2411261282327084,1.4920943252930394,-2.074449983726196,1.1079276536594842,1.0924176930031728,0.9464969385845382
V,25,1,134,28.4162423995751,0.7638217767694316,0.9407850272939954,1.244680353551887,1.2389131620592961,-2.0756918997858294,1.2407347283314356,1.102212554069249,0.9469504258253559
V,25,1,135,28.24440180711366,0.7592027428799625,0.9429945412009357,1.2435579666089884,1.1944949270793885,-2.0753000993019515,1.0991378776032257,1.1009211359559716,0.9472645135228259
V,25,1,136,28.2099645099288,0.7582770765954128,0.943462438263582,1.2419445353785719,1.141271517444241,-2.0747362661308637,1.1773792943641799,1.107372767150707,0.9449329928444749
V,25,1,137,28.31554263130739,0.761114991162913,0.9437743696386796,1.2294813637001358,1.2291571792762312,-2.070356015383419,1.1960063035002237,1.0976863323309813,0.9460514986265225
V,25,1,138,28.41683416645301,0.7638376833211059,0.9462958149207175,1.2248982836833,1.1946176860509738,-2.0687340913449224,1.385847872921537,1.0914253763551347,0.9436192477379073
V,25,1,139,28.2172602621134,0.7584731846634025,0.9445541980764233,1.2225365944909505,1.2289302019489352,-2.0678959330660582,1.148554049082292,1.0870621395013027,0.9430391900114209
V,25,1,140,27.89985864098951,0.74994150525318,0.9448921237327788,1.2386709067951178,1.2142301575847454,-2.0735900024813168,1.2154380304839398,1.1093088827349729,0.9464071470649638
V,25,1,141,27.69998499130378,0.7445689495125016,0.9454899922017157,1.2378524996492541,1.182037957052385,-2.0733029632234503,1.195329366380749,1.1099877960486981,0.9469138269078458
V,25,1,142,27.82581704083672,0.7479512848085375,0.940525084481414,1.2424355796660898,1.307901496573651,-2.0749079450345267,1.1723429496070492,1.1120438904461518,0.9480544354738933
V,25,1,143,27.89720637188042,0.749870212895982,0.9458019235768131,1.221764953467708,1.2260979513982437,-2.0676217283961664,1.243809122206148,1.0921707966392122,0.9456958573076213
V,25,1,144,27.91051548047762,0.7502279585413416,0.9478034832336886,1.2241500257213676,1.2168886559864054,-2.068468711268285,1.196112768876398,1.1018512258434998,0.9477703258019893
V,25,1,145,27.84268086486986,0.7484045803518042,0.9459578892643619,1.221016695505776,1.2294794931399606,-2.067355667519045,1.2172757963267011,1.0969645144218254,0.9452999825973415
V,25,1,146,27.46270752101726,0.7381909880497182,0.9487652716402392,1.23820324556891,1.157499231742168,-2.073426003279208,1.133698853002896,1.1141763358054673,0.948610917181169
V,25,1,147,27.43227475283047,0.7373729625436859,0.9444762152326488,1.2347191694336621,1.284699883908795,-2.07220225599781,1.2139537181215743,1.1092450109146104,0.947576780743195
V,25,1,148,27.35126821539435,0.7351955262562152,0.9455939693267481,1.238857971285601,1.2653994131283088,-2.0736555848257647,1.2110510718363334,1.1170429359953813,0.9500778562335136
V,25,1,149,27.55920127138988,0.7407847169045179,0.9486093059526903,1.2174858532479074,1.2266481313521924,-2.066097988800198,1.1205182143155048,1.0995766467556445,0.945276568610981
V,25,1,150,27.61068518748303,0.7421685922147139,0.9477514946711724,1.2158256558948697,1.2245087179923666,-2.0655053686950744,1.0816105963153588,1.0948176447647506,0.9474427501278468
V,25,1,151,27.59251441284266,0.7416801661527483,0.9528723680790226,1.2153346116073516,1.1780565569545938,-2.0653299316165814,1.3424564446154776,1.099453394204242,0.9508919841167967
V,25,1,152,27.09532685849924,0.7283158840000905,0.9530283337665714,1.2304166861525512,1.2359617360407815,-2.070686277362759,1.0731735329093037,1.112302865228354,0.9538410934794472
V,25,1,153,27.22588997730215,0.7318253893028074,0.9526124252664414,1.2271196745077868,1.218695225421102,-2.069520984473444,1.2170031943025845,1.1126037896956777,0.9519776565241331
V,25,1,154,27.10728983436709,0.7286374459207112,0.9556277618923837,1.2228171912266754,1.1459285927670144,-2.067995600946601,1.123790607516173,1.1134277389704337,0.9519290227468721
V,25,1,155,26.99297850615567,0.7255647848492168,0.9580452300493891,1.217836599167563,1.1448370703075277,-2.0662230868284763,1.1455677225806529,1.1114130229994408,0.9531925213417388
V,25,1,156,27.52707394376926,0.7399211420475409,0.9534702365479595,1.2017958191086378,1.2966443920930637,-2.0604647540572687,1.1242280317779652,1.093213257648939,0.9524470923192248
V,25,1,157,27.17516661099793,0.7304619573884317,0.9636080062386275,1.2036430809521583,1.2219577008757623,-2.0611317889031437,1.2115923255696386,1.1009484701261887,0.9556627080255359
V,25,1,158,26.84469212582561,0.7215788825296299,0.9733818559916819,1.2113361081232754,0.9565583749504664,-2.063898728316967,1.068586751007825,1.114848131730615,0.9579938239265372
V,25,1,159,26.86717896644888,0.7221833234095069,0.9646477774889525,1.21764953467708,1.1788003822318216,-2.0661563723643637,1.1090797287607668,1.1178856653857625,0.9605853969490484
V,25,1,160,26.79925056906384,0.7203574243883006,0.9638679490512088,1.2111724266941026,1.1984135332263999,-2.0638400404398625,1.1424359688466197,1.1107409586514865,0.9573786290912684
V,25,1,161,26.74039916650472,0.7187755128098453,0.9633740577073044,1.2191226675396343,1.2457210440251225,-2.0666814715514565,1.1914520988784976,1.1199681372966466,0.959696010785984
V,25,1,162,26.75406696102184,0.71914289984666,0.9666753314270861,1.2111022775101719,1.1244135146757144,-2.0638148860645584,1.182035102384098,1.1176114822847694,0.9580862715171822
V,25,1,163,26.68851186403614,0.7173807945706768,0.9641798804263063,1.214703268951971,1.2410003429952066,-2.065104265473856,1.2856466779956632,1.1143454889321902,0.9609513448649216
V,25,1,164,26.56393219576817,0.7140321229825146,0.9686249025214454,1.3167937146331197,1.2154908452112563,-1.9980626133915946,1.5930207017065565,1.12206064179422,0.9625467335682976
V,25,1,165,26.46312618566007,0.7113224816208208,0.9665193657395373,1.2144460552775573,1.2546422175569458,-2.0650122937874955,1.0679152094870195,1.1176742964263593,0.9612970821923382
V,25,1,166,26.22057535036637,0.7048027733720724,0.9656615544580193,1.316513117897395,1.2724916126769743,-1.9979700593352872,1.0672766755478318,1.1174661467118914,0.9617642567646915
V,25,1,167,26.44036425572967,0.7107106464063802,0.9685209253964128,1.2079455642332695,1.1841878897491456,-2.0626814285846096,1.2023954722057182,1.1214037281765936,0.9636877796183764
V,25,1,168,26.16872867779962,0.7034091472549152,0.973615804523005,1.2046251695271943,1.127543907738282,-2.0614859983417615,1.4126042484708516,1.119175767193256,0.9627640876535511
V,25,1,169,26.2372498790385,0.7052509807014598,0.9757213413049131,1.3031847729504746,1.1699582930579155,-1.9935508653289573,1.2573741560661478,1.119403598547902,0.9660308504257056
V,25,1,170,26.05508555148399,0.7003544472900339,0.9778788666493372,1.2108450638357575,1.1823367797811244,-2.063722640888141,1.0967097661204621,1.1289790022270643,0.9688319296651177
V,25,1,171,25.72758021380276,0.6915511824032983,0.9747075643358463,1.31983351260347,1.2283570106789592,-1.9990640200795868,1.0607188868011939,1.132047481506884,0.9684672517070749
V,25,1,172,25.63925607930375,0.6891770508627514,0.9752534442422668,1.316863863817051,1.2525121379385427,-1.9980857488240424,1.0554021281063515,1.1327768303024088,0.9697358724445247
V,25,1,173,25.54456671650906,0.6866318235130549,0.9777229009617885,1.313917598091942,1.2584800781664334,-1.9971129979512636,1.2289809302421708,1.135232733307883,0.9708012599773789
V,25,1,174,25.71046974681814,0.6910912571566815,0.9744476215232649,1.3064817845952392,1.3725614228351581,-1.9946482275354631,1.051565863428159,1.1262946725641256,0.9690158963541778
V,25,1,175,25.6252776904335,0.6888013151242567,0.9821679230569276,1.3011270635551608,1.1952832808554819,-1.992864578833475,1.2615166205212474,1.1283255542081623,0.9711292445135903
V,25,1,176,25.54470802337227,0.686635621807629,0.9842214712763193,1.300168358041435,1.199542553105279,-1.9925444609954348,1.5328887882682722,1.128244980408393,0.9725216225975013
V,25,1,177,25.2239648865289,0.678014123256717,0.986067065245646,1.3057802927559277,1.2079613696262972,-1.9944149783183363,1.4741323045778925,1.1386459291475797,0.9732765270098339
V,25,1,178,25.13618802195781,0.6756547022005065,0.9856251624642579,1.309732030117383,1.300268696091901,-1.9957273170298884,1.0471805096875078,1.1416819157047267,0.9770368097301916
V,25,1,179,25.01645756896891,0.672436376355399,0.9897842474655576,1.3072066594958611,1.233071982400373,-1.9948891201928824,1.0824400706836272,1.1466455197228778,0.9789790352011543
V,25,1,180,25.14022988239799,0.6757633464392295,0.9877047049649077,1.295819108637703,1.275110906459383,-1.9910892484353044,1.1414153317877958,1.1379165444338666,0.9764126219832985
V,25,1,181,25.14128817230646,0.6757917930180156,0.9933454639979205,1.1864565308890243,1.1795967990113592,-2.054885896498787,1.2067277559736915,1.1365927078507496,0.977486520528854
V,25,1,182,25.01977191739607,0.6725254652457903,0.9944372238107617,1.2918673712762474,1.0902684478141973,-1.9897627978954247,1.128514624177841,1.1396761353057672,0.9779141342027151
V,25,1,183,24.68763636622115,0.6635977413314378,1.0024694567195218,1.2973857737454988,1.173954924163965,-1.9916139999493145,1.0922904469875307,1.1530152605069506,0.9861008373163852
V,25,1,184,24.58034607147848,0.6607138039547744,1.0022095139069405,1.295398213534116,1.1705509292893086,-1.9909481622971472,1.6253618129829757,1.1519226060949141,0.9879954333054742
V,25,1,185,24.43739088848328,0.6568712029402425,1.0007538341564857,1.302600196417715,1.3297790804842107,-1.9933560078332921,1.1794720951993436,1.1602285185708034,0.9900986852841197
V,25,1,186,24.47441796443944,0.6578664818567058,1.0091499870028595,1.2810410138895383,1.1478691272139017,-1.9861079028750903,1.1610468354895487,1.1518116889307195,0.9890594129421022
V,25,1,187,24.60284718597749,0.6613186285130062,1.0167143228489732,1.272482813449937,1.1658370862875524,-1.9831967938399926,1.295565868323215,1.1456843706135822,0.9914642321778808
V,25,1,188,24.44617935562564,0.6571074348280961,1.0194957109435925,1.2802226067436748,1.1824755680650958,-1.9858303604022016,1.5431171665841368,1.1506492353641438,0.9970468777042082
V,25,1,189,24.13170565879992,0.6486544573204062,1.020249545100078,1.2869569284010662,1.2332741279638764,-1.9881088807812861,1.0691827557735696,1.1647482121614736,0.9982847054717062
V,25,1,190,24.00633882170063,0.6452846268229518,1.017286197036652,1.2848290698218212,1.3129755959260347,-1.9873902226575162,1.0598705904727264,1.1645579785772504,0.997423517390811
V,25,1,191,23.87775886520302,0.64182842844711,1.0231349103197298,1.276785296731048,1.210711217536432,-1.9846627412734188,1.0266303023432015,1.1648506443322846,0.9989401319854213
V,25,1,192,23.75883655914815,0.6386318253976615,1.02783987522745,1.268788289762896,1.1177407068866811,-1.981934030194723,1.426909483439999,1.1571675077859565,0.9989116651442503
V,25,1,193,23.85813853675506,0.6413010387266399,1.0323888744476215,1.2606276013655708,1.1000481445231753,-1.9791316802536916,1.1952362330883688,1.1618462403802856,1.0018905248001337
V,25,1,194,23.94127379310017,0.6435356944675641,1.0368079022615024,1.261913669737642,1.1431351864997348,-1.9795745134014633,1.286198964721194,1.164569324156896,1.0034404173460107
V,25,1,195,23.7094209435586,0.6373035455086805,1.0353782167923058,1.2766917644858065,1.2168605234335252,-1.9846309254105519,1.0394496759149165,1.180599826237798,1.0089870175627125
V,25,1,196,23.36920865788649,0.6281587209091849,1.0421107356381596,1.268507693027171,1.2255839393355314,-1.9818379739085912,1.2949350261911092,1.1822313374848898,1.014115188463012
V,25,1,197,23.16276981665337,0.6226096943951352,1.0448401351702625,1.2714071926296593,1.2949499712083394,-1.9828295325090475,1.491998077510762,1.1845758774433448,1.0144051348426857
V,25,1,198,22.97566076485146,0.617580247982505,1.0541460878606708,1.260393770752467,1.083125411040942,-1.9790511166008917,1.0446107991247948,1.192481533130388,1.0154776634534866
V,25,1,199,22.63580666325588,0.6084450512850346,1.0604886924876527,1.2647196370948883,1.35785906086104,-1.980539130338432,1.4428776416646925,1.197622241343363,1.030027941114752
V,25,1,200,22.62654449600556,0.6081960864519509,1.0657915258643098,1.370902118505355,1.1999203007503019,-1.9143872224172045,1.7115761462348242,1.1978325985294422,1.0284961961203345
V,25,1,201,22.24796851848855,0.598020055021645,1.063919937613725,1.3753916662769492,1.3750492717277354,-1.9158071634090674,1.7235892877942014,1.2085390211550378,1.0321742137938577
V,25,1,202,21.89908360728029,0.5886421123288729,1.0737717702105538,1.3717205256512184,1.2247270637086167,-1.9146464120791187,1.0031881574845078,1.2211164562660113,1.0339383997231728
V,25,1,203,21.52535677656426,0.5785964248009471,1.077021055367819,1.3659215264462425,1.1926711472093854,-1.9128065242675394,1.163730890584173,1.231744250772536,1.0393369827200307
V,25,1,204,21.17509916940563,0.5691815843704293,1.080998180400312,1.357550390497124,1.148223028243383,-1.9101367338603115,1.1867819744687165,1.2320190619738929,1.0392330443007567
V,25,1,205,20.90387068308257,0.561891027743672,1.079516506368599,1.356591684983398,1.3530009108763217,-1.9098299256534317,1.0695628538465427,1.2391100022254096,1.0443762973266342
V,25,1,206,20.72245555297472,0.5570146325798304,1.0840914998700286,1.3509797502689054,1.2200052929751088,-1.9080296143207685,1.045948418313994,1.2525367460490828,1.0428427550162316
V,25,1,207,20.50199729179002,0.551088767421666,1.0837015856511567,1.4694851049899451,1.2049557276453815,-1.8428299879891124,1.1129451379487525,1.260575099904542,1.0400130521165538
V,25,1,208,20.23810550940107,0.5439954196360984,1.083493631401092,1.466959734368424,1.2261503531141544,-1.842082992996133,1.055919390636838,1.2669385225729184,1.0421811366238363
V,25,1,209,20.01322056607057,0.5379505663241079,1.08310371718222,1.4664219239582847,1.2259931517882217,-1.841923744645079,0.9775276841262623,1.2685629282059492,1.0388202532182758
V,25,1,210,19.81331369649931,0.5325771176408782,1.0814920717442162,1.4620025253706217,1.2438700728173981,-1.8406129224536587,1.1887161431342308,1.2759489518579337,1.0411427297417504
V,25,1,211,19.87384448322974,0.5342041706628632,1.085859110995581,1.445634382453351,1.15307744773191,-1.8357232684393823,0.9825771264763511,1.2666974620346052,1.036648618182311
V,25,1,212,19.81227358988485,0.5325491598246717,1.0927216012477257,1.4385493148763036,1.175104676397175,-1.8335895541791538,1.0377512071664594,1.2733201198742155,1.0469448307529212
V,25,1,213,19.58770741245779,0.5265128748636727,1.106940473095919,1.4325398681195345,1.1759824319967487,-1.831771517043614,1.2298783520960834,1.2807460291743447,1.0524690613125425
V,25,1,214,19.15142972317422,0.5147858352675289,1.1095139069404731,1.4466632371510075,1.2480923088700007,-1.8360322448971926,1.1726995990705817,1.3041159230694581,1.0584660189866697
V,25,1,215,18.90305070742499,0.5081094669267008,1.1059526904081103,1.4515035308422581,1.3025035059637853,-1.8374828962666034,1.807219163881578,1.3015775518519186,1.054881838650831
V,25,1,216,18.72801723781161,0.5034046092655693,1.1063945931894983,1.4419866248889308,1.3132680258247453,-1.8346260317727994,1.1629578855885603,1.31436945297133,1.0578327305440005
V,25,1,217,18.53345787665942,0.49817490032542405,1.1075123472835977,1.567764111677501,1.1166983834968287,-1.7691614442952162,1.0743686922763604,1.311374267178139,1.053314490936128
V,25,1,218,18.64136433824327,0.5010754001189194,1.1062906160644659,1.5601879998129353,1.1649782175162622,-1.767057658883021,0.9874223125876755,1.3123278155452909,1.0555743249985634
V,25,1,219,18.53252695365309,0.49814987733840377,1.108240187158825,1.417364261329093,1.1174983939903425,-1.8271462775383307,1.1663469094123828,1.3141598091009208,1.0546709050762744
V,25,1,220,18.38799841978968,0.4942649850300851,1.1074343644398232,1.4286348968806994,1.1934837378664176,-1.8305860539710592,0.9657558217083841,1.320328279225542,1.0554823000027274
V,25,1,221,17.95049196417575,0.4825049164898432,1.103561216532363,1.430154795865875,1.2657436216784022,-1.8310478464605033,1.2255552196840358,1.3272344184418132,1.0572617953621641
V,25,1,222,17.80140141123494,0.47849739820345333,1.1028073823758775,1.5659869990179116,1.2370091374095586,-1.7686688778614117,0.9696404041212355,1.3396625716797297,1.0559470020510342
V,25,1,223,17.62068581369231,0.47363980630710095,1.1024954510007798,1.4281438525931818,1.2044622622573182,-1.8304367544660984,1.4114316321831792,1.3414233527004695,1.0543275436044262
V,25,1,224,17.6972283308864,0.4756972508016787,1.104003119313751,1.4167329186737128,1.1865438741545749,-1.8269527847831126,0.9699241814432782,1.3319904691785736,1.0543524313203319
V,25,1,225,17.56012058138655,0.4720118273963167,1.1082141928775668,1.4106299396717021,1.2668316079544373,-1.8250778968730528,1.1945766093484782,1.3441661323575902,1.0560506725537233
V,25,1,226,17.3907836291737,0.4674600907559412,1.1129711463478036,1.5452228405742878,1.1243752258210666,-1.762871844686704,1.0267981056498565,1.3516398631139221,1.056295144563791
V,25,1,227,17.00359005048073,0.45705242027395654,1.1097738497530543,1.6970022915400087,1.2243375515607549,-1.7017175235176154,1.046233429275196,1.360441906705229,1.0624180217415211
V,25,1,228,16.80653015568288,0.4517554975894589,1.1090460098778268,1.5531263152971986,1.208777958094044,-1.7650875038859952,0.9784608176123348,1.3690712604642272,1.058911273499103
V,25,1,229,16.64711750592802,0.4474705238176593,1.1136989862230309,1.6934246831595194,1.091969506479313,-1.7008009804589805,0.9873065810982702,1.3678018612862846,1.0600515866972502
V,25,1,230,16.52822515000069,0.4442747258204521,1.111177540940993,1.537295982790067,1.2427680727934738,-1.7606382179805602,0.9884339071634697,1.3687449313353193,1.0605289556292132
V,25,1,231,16.6378017750155,0.44722011920618915,1.1144788146607747,1.677337136977973,1.2342787671073294,-1.6966554573063866,1.410085643761054,1.3691705410948687,1.0606043840486887
V,25,1,232,16.52282197319708,0.4441294897245496,1.1164023914738757,1.543211897301595,1.2747905501558465,-1.7623062884976997,1.2826399148457202,1.367286204290803,1.0597465286012675
V,25,1,233,16.34490208810086,0.4393470459078808,1.1220171562256305,1.5332273301220596,1.227754775995712,-1.7594872777292794,1.0316102093614972,1.38759347244036,1.0601032152142522
V,25,1,234,15.95247950649811,0.42879882108246403,1.1266441382895764,1.5375298134031705,1.1614818013206365,-1.7607042713779868,0.9774020682741278,1.4008810930557685,1.0684602335998845
V,25,1,235,15.87147956691234,0.42662156214362756,1.1279698466337407,1.5429079175045597,1.1131685025520344,-1.7622207333301678,1.078795216723828,1.40813969733961,1.0689916002668836
V,25,1,236,15.73522907735909,0.422959181679917,1.1233688588510529,1.5459710985362205,1.2453591381218594,-1.7630820963348732,1.0943794493999146,1.4130993660397861,1.067976528218253
V,25,1,237,15.64323476089266,0.42048639652880465,1.1198856251624643,1.5178646588411355,1.1824136869320017,-1.7551137748829713,0.9670898021422737,1.399467874090774,1.064034514755687
V,25,1,238,15.78212832901257,0.42421982231013816,1.128697686508968,1.5310059392975728,1.2332979410753544,-1.7588576011600339,1.1358922817826482,1.4107970443643978,1.0693192234181768
V,25,1,239,15.72363292907589,0.4226474799967455,1.1274759552898364,1.6746714679885888,1.2113614973012103,-1.6959647158954005,0.958045970655003,1.4042003463687458,1.0712538784424415
V,25,1,240,15.60180849735134,0.41937286850570743,1.1311411489472316,1.660080437730908,1.2090181432793752,-1.6921642266570966,1.234397371761517,1.4208913081152355,1.0735489757186767
V,25,1,241,15.16105195023386,0.40752543828576154,1.133532622822979,1.6652948604031241,1.2272305978609506,-1.6935262364430141,1.3458538671631886,1.4248837570209025,1.07336701225412
V,25,1,242,15.24719980234486,0.4098410718779524,1.1283337665713544,1.6843988214937102,1.2868364944284396,-1.6984800236416961,0.9731750036570002,1.4308823839821523,1.0724251591262595
V,25,1,243,15.05404700087271,0.4046491709244802,1.1301273719781648,1.541037272599729,1.3248392312561088,-1.7616938686751065,1.1573238258842917,1.4454062192100374,1.0775578616354944
V,25,1,244,14.94302490155578,0.40166492353636685,1.1312451260722642,1.5209278398727966,1.2860597145711385,-1.755989335205219,0.9861964567123149,1.4474988419144754,1.0795382877340274
V,25,1,245,14.94140431078974,0.40162136244546226,1.1393293475435404,1.5204835617078987,1.1586845481034918,-1.7558624549306743,1.0942476379967387,1.4475791665301643,1.0787450509958534
V,25,1,246,14.85492866997358,0.3992969179715349,1.1351182739797245,1.512393022494505,1.2805551680770468,-1.7535453907356064,1.027161674382761,1.4525530078271123,1.076975177915531
V,25,1,247,14.68342508890236,0.39468694286736355,1.1339745256043672,1.8318991722396298,1.283957105082069,-1.6336328603425048,1.034908588585833,1.46388951776454,1.0810807447665693
V,25,1,248,14.58581369846852,0.3920631721159138,1.1281258123212894,1.8348454379647383,1.3721283632759356,-1.6343307803549567,1.0868034069115933,1.4661680842121712,1.0792231510484103
V,25,1,249,14.50833149983512,0.3899804692097389,1.131661034572394,1.8206986858719543,1.2782216687661132,-1.630969372677203,0.9950432806446788,1.4646364127605767,1.0749139987146787
V,25,1,250,14.46380246422108,0.3887835394178867,1.1329867429165585,1.8250713183369967,1.2411763360634356,-1.6320111339837788,1.0313100885635145,1.4712743777063968,1.0753748950505972
V,25,1,251,14.39704061212584,0.3869889968541392,1.131011177540941,1.8204180891362296,1.231258982691829,-1.6309024362828293,1.012273979678467,1.4729591169703178,1.075713671165216
V,25,1,252,14.36435894270409,0.386110521422571,1.130361320509488,1.6451620446148811,1.2252317522218092,-1.688243776135693,1.201520579954361,1.4661138937529319,1.0738964553519206
V,25,1,253,14.34901952806598,0.38569820163803614,1.1280218351962568,1.6654819248936068,1.2855557341036787,-1.6935750185027552,0.9798822512481679,1.4639417025336214,1.073496662755447
V,25,1,254,14.22437252176496,0.3823477200197044,1.1317650116974267,1.6726371416545853,1.2530719211769266,-1.6954368310105237,0.9741189149403257,1.4759127670097127,1.0746167297913443
V,25,1,255,14.16182463801703,0.38066644791392357,1.1302313491031974,1.8181265491278116,1.2049903550031424,-1.630355402558504,1.0051897341725313,1.4825680631212552,1.0753921256196057
V,25,1,256,13.90073984097077,0.37364855122078644,1.1285937093839356,1.672777440022448,1.240884902796142,-1.695473257471598,0.9721249766696733,1.4839668041004221,1.0736994171347585
V,25,1,257,13.78056616144688,0.3704183115527777,1.1276839095399012,1.8378150867511578,1.4033378395004112,-1.6350331062865395,1.116884030574709,1.4981146579000788,1.0774269693291139
V,25,1,258,13.97495947893354,0.37564355727903836,1.131427086041071,1.8174484403498106,1.186349083622243,-1.6301933930251105,1.0437350582230362,1.487483236209939,1.074930917759559
V,25,1,259,14.02984605353291,0.37711889523335934,1.130361320509488,1.631132207828649,1.2227473291609625,-1.6845242580014315,1.2236725001772308,1.481078909760311,1.0709630771100034
V,25,1,260,13.984944680478,0.37591195710044484,1.1336365999480116,1.8076275545994482,1.1342760133650953,-1.6278402468127315,1.8521757279834443,1.47820335199673,1.0696339006231574
V,25,2,0,35.06083579015776,1.0,1.0,1.0,1.0,-2.38944688259638,1.6051830465973993,1.0,1.0
V,25,2,1,32.24272071972145,0.9196221365827391,1.011495515284642,1.008809995340168,0.994410509176527,-2.39325625919429,1.35469245990879,1.0134404888786595,1.01138692735364
V,25,2,2,30.33671696697663,0.8652593779721794,1.0202086765513454,1.0779793802423112,0.934448345577538,-2.3204353434754177,1.3420712483994315,1.017896993311337,1.0163747623343262
V,25,2,3,29.34776849107702,0.8370527350439116,1.0202818963939226,1.080513164026095,0.9731200744923735,-2.3214549521129335,1.332959229689948,1.0239189774171524,1.0192982377682043
V,25,2,4,28.71544558164598,0.8190177140530959,1.0240893282079442,1.017343313140727,1.022875099067144,-2.396914417468233,1.1985272457282665,1.024480134149352,1.0185165644457301
V,25,2,5,28.31015295961041,0.8074580175170155,1.018268350723046,1.086789375582479,1.0638684949298545,-2.3239702739157253,1.3339023339399676,1.0280746753271097,1.0187511799814066
V,25,2,6,28.0231162663197,0.7992711991819179,1.018817499542376,1.081430568499534,0.9789883169822745,-2.3218235312932403,1.2244860999516443,1.0264290685309823,1.0175853236574246
V,25,2,7,27.85250551574455,0.7944050644555164,1.0249679663188724,1.0132805219012115,0.9295850593667163,-2.395176576967802,1.343735402448718,1.0265650251979994,1.0170510125847763
V,25,2,8,27.75169908064994,0.7915298781451287,1.019037159070108,0.9457566402609506,0.9960322896072377,-2.4672423729788564,1.5549040650476758,1.0249082782946644,1.0168440238275034
V,25,2,9,27.62321019041145,0.7878651369219728,1.0213435841112941,1.0740913327120225,0.9764544190401979,-2.3188661018935575,1.1922246997621497,1.0236019930614018,1.0173159467429533
V,25,2,10,27.48991992053774,0.7840634514552753,1.0181951308804684,1.0062325256290774,1.0121220921677268,-2.39214523402074,1.276761933127343,1.0251257736970707,1.015250891116715
V,25,2,11,27.28971065855663,0.7783531123413027,1.021929342851913,1.0735816635601119,0.9941770938756518,-2.31865997507182,1.2802524218364828,1.0271409619937089,1.0150657695665009
V,25,2,12,27.24092375915571,0.7769616195744755,1.025773384587223,1.0024172879776327,0.8948985835899131,-2.390495430614941,1.515485644768138,1.0278521189150995,1.015100252185402
V,25,2,13,27.27799865564094,0.778019064317297,1.019586307889438,1.0719507222739981,1.0137853053170505,-2.317999711034816,1.5447776740013968,1.0276859580390592,1.014529690471418
V,25,2,14,27.19133961757911,0.7755473879836098,1.01925681859784,1.0661841798695246,0.9724140440791647,-2.3156571239365507,1.1846256500528602,1.0253851100249871,1.0119908604961527
V,25,2,15,27.12984750275802,0.7737935189318528,1.0234669595460368,1.0607088769804287,0.9668617954515955,-2.3134210932374892,1.280192216951046,1.0259340601360136,1.012980682527766
V,25,2,16,27.05306491902378,0.7716035373754007,1.023906278601501,1.0597041006523766,0.950454601117797,-2.313009504691216,1.2989197976998383,1.0241969357207028,1.0101765360062647
V,25,2,17,26.99833919542272,0.7700426583385004,1.0234303496247483,1.0584372087604845,0.9637263100930676,-2.3124899886221213,1.1893645277894562,1.021125968624435,1.0087005902266601
V,25,2,18,27.08141102706612,0.7724120208984974,1.0215998535603148,0.9932432432432433,0.91757376213687,-2.3865025019495985,1.2848313444609816,1.0245340685519797,1.0075552811730424
V,25,2,19,27.09750433147432,0.7728710317590632,1.019366648361706,1.0595002329916121,1.0179630984641903,-2.3129259463490817,1.2195768827961497,1.025418660351913,1.0067399424185084
V,25,2,20,27.09482561177825,0.7727946297100048,1.019037159070108,1.053384203168686,1.053647788972775,-2.310411691071884,1.2835942103561089,1.0234969051229168,1.0052149375450816
V,25,2,21,27.11561354389192,0.7733875400512782,1.0196595277320153,1.1208498369058715,0.9858990741209624,-2.2358625625223105,1.3242094718013377,1.0267182430700443,1.0064377747306081
V,25,2,22,27.0590528730062,0.7717743249178955,1.0210507047409847,1.0525250465983225,1.0097799564493297,-2.310057329193904,1.2992489101502724,1.0274276201057202,1.0103633748981133
V,25,2,23,26.98225732468753,0.7695839735874739,1.0240893282079442,1.0513164026095059,1.0026508257826514,-2.3095583301149825,1.357582697369377,1.0236715142552173,1.0083897360718015
V,25,2,24,27.02986672120622,0.770941881790337,1.0214168039538716,1.1135397250698975,0.9286132734974716,-2.233020844485651,1.3181655228371898,1.0253552109865756,1.0067858677065464
V,25,2,25,27.11537398413635,0.7733807073631755,1.019586307889438,1.0486661230195713,1.0385220408628506,-2.3084621282195337,1.3882871487264499,1.023616421163591,1.0057331591249774
V,25,2,26,27.16478724473063,0.7747900651118048,1.0254072853743363,1.0399580615097854,0.9554776719779092,-2.304840715613789,1.4661219841776085,1.0194712939037303,1.0046364770776546
V,25,2,27,27.15138659987301,0.7744078538907768,1.0196229178107266,1.0374970876048462,1.0724983823111887,-2.3038117760601025,1.2622010559289578,1.0165405133571557,1.001749211240754
V,25,2,28,27.14474933286498,0.7742185467376971,1.0232106900970164,1.0410938956197577,1.0183175691313917,-2.3053147898276607,1.2611728746531523,1.0227738630689887,1.005830622646425
V,25,2,29,27.04960493178989,0.7715048521285743,1.016730734028922,1.1076566868592732,1.1396078173958886,-2.230720303216629,1.2777798550541954,1.0218087092582588,1.004963816115092
V,25,2,30,27.07044314112343,0.7720991964693157,1.019586307889438,1.0389824091332711,1.0400937740454654,-2.3044330844377483,1.1832873536776798,1.0220335929422442,1.0034268139509754
V,25,2,31,27.09530492456055,0.7728083005986616,1.0254072853743363,1.1003611369990682,0.9253415446037878,-2.2278503729627626,1.2824552466419619,1.0230702112796966,0.9993578801478011
V,25,2,32,27.11337271323987,0.7733236274091078,1.0193300384404174,1.0357496505125816,1.019250319339596,-2.303079685226534,1.2567933506672413,1.0204036545173403,1.003669679564447
V,25,2,33,27.12285137631438,0.7735939764427486,1.0221856123009336,1.0989631873252563,1.0660801996170957,-2.227298274389247,1.2114270197167831,1.0207569130001135,1.0022522323743088
V,25,2,34,27.1039157339096,0.7730538968360298,1.0261028738788212,1.029997670083877,0.9455618056646963,-2.3006611321041017,1.4953711648563175,1.0200963824405345,1.002773734994337
V,25,2,35,27.03669426955538,0.7711366161198328,1.0247116968698518,1.0937645619757688,0.9608769115095254,-2.225238977667452,1.2539856401589644,1.0191268835700082,1.0009680194872623
V,25,2,36,27.00227321300717,0.7701548638092427,1.0254072853743363,1.0929927772600188,0.9890998678045769,-2.2249324216073254,1.25904361124837,1.0229704171209373,1.00011161113597
V,25,2,37,27.01754888159137,0.770590554181133,1.0202086765513454,1.028628844361603,1.0963912120885593,-2.300083588250169,1.1698201249490672,1.01982453270336,1.0001822495961041
V,25,2,38,26.99768025662103,0.7700238641829465,1.0199524071023247,1.0885950605778192,1.0943290728169277,-2.223181488968308,1.2920458256756329,1.0162679742287624,1.0002313603361268
V,25,2,39,26.95755523372565,0.7688794241834117,1.0229544206479957,1.0817509319664493,1.014896468877068,-2.2204424075937967,1.2810183506785942,1.014027371342537,0.9970936496720515
V,25,2,40,26.89334095085735,0.7670479138551175,1.021673073402892,1.078853098788444,0.9834016826101156,-2.219277442893742,1.4623333190123053,1.013105700725146,0.9958076446561412
V,25,2,41,26.82547702204467,0.7651123088621603,1.0232839099395936,1.0806733457595528,1.0167499883070283,-2.2200095695175794,1.3040679450092767,1.016839288105824,0.997345646221762
V,25,2,42,26.79520869432239,0.7642490000721635,1.0211239245835622,1.0815907502329916,0.9927236053296258,-2.2203780940887765,1.2475754848543277,1.0168159039061322,0.995887707802906
V,25,2,43,26.83681276294626,0.7654356251963582,1.0242357678930991,1.0140668685927308,0.9665399032599081,-2.2938914835558193,1.3510560610523061,1.0154370437139832,0.996502152572435
V,25,2,44,26.83496150295599,0.7653828238312868,1.0268716822258832,1.0741495806150978,0.9796419580961205,-2.217379892781557,1.2427032153619797,1.0153731246078632,0.9944741182364505
V,25,2,45,26.86529333717685,0.7662479439442926,1.0230642504118614,1.0740476467847158,0.9624824051893288,-2.217338677478304,1.2776299992032827,1.0164005811188532,0.9956507719493952
V,25,2,46,26.83125370890724,0.7652770706749461,1.0237232289950575,1.073334109972041,0.9897354452706103,-2.217050060784221,1.2672603045057584,1.017300736641428,0.9960090300836191
V,25,2,47,26.77454956277507,0.7636597633616935,1.0229544206479957,1.1374068033550793,1.0261603209489687,-2.1401417544795533,1.255758310598808,1.0136436098339463,0.9965186520553979
V,25,2,48,26.72594324292669,0.7622734210582957,1.0246750869485632,1.1379747204100654,0.9890365129527702,-2.1403585473520494,1.4350017177600727,1.0132521480783045,0.9942552968584452
V,25,2,49,26.73610065781872,0.7625631293514129,1.0190005491488192,1.0687907735321527,1.0975690029671665,-2.2152078256100185,1.3189563815047336,1.015172148169625,0.9932601219759111
V,25,2,50,26.7286355298767,0.7623502100705749,1.0260662639575326,1.0622524464119292,1.0086342385093958,-2.2125428695240204,1.3145850921717661,1.011982492902462,0.9922820214084643
V,25,2,51,26.71334948080914,0.7619142236280654,1.0222588321435109,1.1274609739049395,1.048054668392712,-2.13632745091887,1.4647849215111404,1.0086780682506677,0.9925015273336986
V,25,2,52,26.68181574644721,0.7610148230960684,1.0236500091524805,1.0595147949673813,1.0562131386131366,-2.211422155100365,1.2492737480757832,1.0085126733605216,0.9908316165669268
V,25,2,53,26.57213154308786,0.757886426385396,1.0202086765513454,1.061626281453868,1.0659545366225505,-2.212286790878514,1.2959237427958883,1.0130430830714403,0.9914430061581355
V,25,2,54,26.58548470168984,0.7582672832104272,1.021673073402892,1.058408084808947,1.080748519830194,-2.2109682781785844,1.453491734941828,1.010759563614345,0.9920429819819112
V,25,2,55,26.63317952225281,0.7596276278653131,1.0233937397034596,1.1195683830382106,1.0759821111313885,-2.1332765581949924,1.4722960116998915,1.0058688642923177,0.9911151914462676
V,25,2,56,26.63158159132303,0.7595820519144332,1.0275672707303678,1.1195392590866728,0.9798773284764951,-2.133265260505496,1.2077301503280466,1.0092902049276455,0.9892637794314417
V,25,2,57,26.62626642748769,0.7594304535935275,1.0203551162365,1.054986020503262,1.0593557384257835,-2.2095618344492145,1.287366618846862,1.011614871413656,0.9903147328611206
V,25,2,58,26.58049739204108,0.758125035898395,1.0211239245835622,1.1197285647716682,1.116900585725869,-2.133338690234362,1.3408640738079374,1.0106884387833786,0.9914616018854697
V,25,2,59,26.55401604315695,0.7573697387616516,1.0260662639575326,1.1164666821994407,0.9925818330846972,-2.13207170014628,1.4825867378177495,1.0102648658115165,0.9904098849419829
V,25,2,60,26.54710536262851,0.7571726333483695,1.0213801940325828,1.051753261882572,1.1396999333972095,-2.2082289971646207,1.243854796074313,1.010458407512998,0.9880802648026187
V,25,2,61,26.6279161233656,0.7594775059766419,1.024125938129233,1.112229147250699,1.0537235330227233,-2.1304202049189014,1.2422516855276395,1.0074516034438086,0.9884042676336826
V,25,2,62,26.68697222848341,0.7611618955180455,1.0261028738788212,1.0476613466915192,1.013949286136239,-2.206536050539434,1.2651497365054365,1.0094790803418316,0.9889740309561461
V,25,2,63,26.74264252013778,0.7627497153859906,1.020025626944902,1.1140785181733457,1.1145098874281847,-2.131141733020262,1.2815973795244748,1.0121815147392956,0.9854123655410659
V,25,2,64,26.71812475295723,0.7620504232377002,1.0246750869485632,1.0451858108108107,1.1033516077577605,-2.2055086347816184,1.43926265019433,1.0117393212696946,0.9904079212529966
V,25,2,65,26.62249366419345,0.7593228473939256,1.0188541094636645,1.0450401910531222,1.1204877939576863,-2.2054481228013194,1.476685824056725,1.0104745308764769,0.9894774261238504
V,25,2,66,26.43492830623289,0.7539731358501635,1.0199890170236134,1.108239165890028,1.1239102722398477,-2.1288594271833055,1.2790070017199286,1.0102523491802253,0.9878440850863038
V,25,2,67,26.46448446016693,0.7548161321241523,1.0241991579718104,1.1045113000931965,1.1004067327474558,-2.127396096273246,1.3388012768548683,1.0063730907810688,0.98623616496908
V,25,2,68,26.46581604848655,0.7548541114902915,1.0246750869485632,1.1031861602982291,1.0155067740473296,-2.1268747377264847,1.2203719723050899,1.0076750930352638,0.984328439128787
V,25,2,69,26.45897413005236,0.7546589672993448,1.0214168039538716,1.1036230195712955,1.1145686499590624,-2.127046683335439,1.2151655321483565,1.009266903080028,0.9855951980548545
V,25,2,70,26.46549636601087,0.7548449935537542,1.0282994691561413,1.1011911696178938,0.964092405653456,-2.12608865299525,1.3415896757974703,1.009092759659549,0.987704170485131
V,25,2,71,26.43157170260662,0.7538773992953831,1.0221123924583562,1.1038560111835976,1.1486666572740827,-2.1271383598320384,1.2795387009637682,1.0105936737040753,0.9850366047961892
V,25,2,72,26.4012004757877,0.7530111556324911,1.0219659527732015,1.1008853681267474,1.0657549243444513,-2.125968032391252,1.3074249946184682,1.007232280041013,0.9836047989665965
V,25,2,73,26.391945771158,0.7527471943086627,1.0297272560863995,1.0940849254426839,0.9880968535499772,-2.1232769671038723,1.2581621723380594,1.0076255259517448,0.9866871114872653
V,25,2,74,26.40350026634597,0.753076749920432,1.02145341387516,1.0978127912395153,1.1588605669731076,-2.1247542195263023,1.25349748587385,1.006338767422158,0.9851507977525279
V,25,2,75,26.39674246768573,0.7528840049813015,1.0272377814387699,1.0927597856477167,1.0406822336655668,-2.122750637119649,1.4348325830493773,1.0073560794123508,0.9840362114359115
V,25,2,76,26.38838212744818,0.7526455525870805,1.025114406004027,1.0928034715750232,1.079361559246451,-2.122767998829136,1.1467012531118836,1.006030210064466,0.9845376425675291
V,25,2,77,26.30510679787745,0.7502703858891404,1.0216364634816033,1.091565703634669,1.19725404969533,-2.1222758147697673,1.2230942450953173,1.006293664707343,0.9840785418038897
V,25,2,78,26.27104516896609,0.749298885120727,1.0259198242723777,1.0892649114631876,1.091266709391547,-2.12135944675119,1.4294133796547719,1.0064989622312515,0.9847528026506972
V,25,2,79,26.31108833359018,0.7504409903706917,1.0284825187625848,1.086439888164026,1.0821283970276496,-2.1202316350004624,1.4706609922426297,1.0055977623036343,0.9841581892978728
V,25,2,80,26.31482652109825,0.7505476104048073,1.0245286472634083,1.0891338536812674,1.135888623849698,-2.1213071903209366,1.2636776397370957,1.0061473317730296,0.983594375680559
V,25,2,81,26.34609442481021,0.7514394289541169,1.0259930441149552,1.0862651444547997,1.1150813948855511,-2.1201617771709933,1.2273576238692911,1.0052223548644907,0.9809222369131055
V,25,2,82,26.35588518137999,0.7517186794725123,1.0244920373421196,1.0834692451071761,1.0806827982588223,-2.1190425209739745,1.1552368212962063,1.000568766645205,0.9819712944264425
V,25,2,83,26.22450365409935,0.7479714348812262,1.0199524071023247,1.0780376281453867,1.1313518752081515,-2.1168598526986786,1.2164413539513208,1.0031424905189874,0.9806288527552781
V,25,2,84,26.26808025957448,0.7492143204112786,1.024894746476295,1.0793336439888166,1.0896262454213985,-2.1173816475369054,1.3466049209696591,1.0037452172126378,0.9801517793943377
V,25,2,85,26.29715184732441,0.7500434959598573,1.0287021782903167,1.0780813140726935,1.0148234573268726,-2.1168774515025266,1.4574393029588537,1.0029322155980525,0.9786223909092009
V,25,2,86,26.33219671761109,0.751043040594116,1.0274940508877906,1.1402463886300094,1.0933542758277888,-2.0400605446125235,1.218611467639048,1.001112051561286,0.9818398018129246
V,25,2,87,26.36924529221601,0.75209973458814,1.0258832143510892,1.0815907502329916,1.1418762733541503,-2.118288897365747,1.288610938013665,1.0096236931005587,0.9840063079537371
V,25,2,88,26.41738766359457,0.7534728442215411,1.0352187442796998,1.0785036113699908,1.0925147761607799,-2.1170475365162162,1.3069183500794415,1.0115920617594125,0.9852911522082808
V,25,2,89,26.26232462253527,0.7490501589784577,1.0326926597107815,1.1495514911463185,1.0653904700695724,-2.0435902683119656,1.150827512681412,1.011700387380085,0.9825965475498993
V,25,2,90,26.10639434624439,0.7446027385796932,1.0334980779791323,1.0783434296365333,1.1036174322115866,-2.116983029352057,1.2658474787573861,1.0130439684440118,0.9843090124724859
V,25,2,91,26.08844853656218,0.7440908908362561,1.0330221490023797,1.071164375582479,1.0987624511939404,-2.114082053467044,1.2172015224823527,1.0090790133969372,0.9822785897408914
V,25,2,92,26.06862324057304,0.7435254366608965,1.0267984623833057,1.1431005358807085,1.1440571315051744,-2.041146267534249,1.4424999147146875,1.0081021809100028,0.9823961247739891
V,25,2,93,26.0632855391502,0.743373195526236,1.0305326743547503,1.0721545899347624,1.1854132042614676,-2.1144833419981617,1.1546005998271172,1.0061042997996639,0.981591307783719
V,25,2,94,26.07527890710449,0.7437152686024762,1.0344499359326376,1.1303005591798696,1.0466091455438935,-2.036255781642013,1.2628323966458694,1.0014314893558482,0.9821709018266234
V,25,2,95,26.00189618430204,0.7416222573793082,1.034083836719751,1.135135135135135,1.1093312411891434,-2.0381094055187607,1.1539530782856502,1.0062632464832477,0.9822051570262706
V,25,2,96,25.98325064651109,0.7410904520937028,1.035182134358411,1.1364748369058713,1.0043475952913237,-2.038621663486496,1.394123381276899,1.0080443412111153,0.9818092111159987
V,25,2,97,25.99093970927005,0.7413097584104427,1.0299103056928427,1.1323537977632805,1.1709613278552509,-2.037043980183105,1.2368274124376561,1.0034775226416082,0.9798721338263296
V,25,2,98,26.0010202181231,0.741597273200831,1.0335712978217098,1.1280434529356942,1.0770361244551252,-2.0353876684510666,1.169706037611746,1.0044049594836326,0.9846783335122883
V,25,2,99,25.99529073663753,0.7414338577728629,1.0319238513637197,1.0668540307548926,1.0805356438430955,-2.1123309352312645,1.2622198386247743,1.009119244865136,0.980069748027919
V,25,2,100,25.99972406273651,0.7415603044475947,1.0360241625480506,1.1319606244175209,1.0609197947976654,-2.0368931592418624,1.2756516957396669,1.0104918760942285,0.9792659252385875
V,25,2,101,25.96696880807028,0.7406260638931973,1.0337177375068642,1.1321499301025164,1.0404491016500017,-2.036965783270238,1.4497175288088042,1.0098680393229738,0.9811948283157327
V,25,2,102,25.95307589738295,0.7402298123386,1.0320336811275854,1.130606360671016,1.1581672210179967,-2.036373263613346,1.2159737035284806,1.0097714157089765,0.9810719930922825
V,25,2,103,25.98956909033415,0.7412706658188084,1.0333516382939778,1.054418103448276,1.0728061463353402,-2.1072387866150417,1.3862342023970222,1.004293383489028,0.9824533650358339
V,25,2,104,25.95146609606596,0.7401838978222826,1.0349258649093904,1.125582479030755,1.1002190124212823,-2.0344391633804615,1.2345221012164806,1.0072736136622842,0.9805673945194773
V,25,2,105,25.95034584337618,0.7401519461398844,1.038403807431814,1.120893522833178,1.0730746979802623,-2.0326261987567027,1.4066655117634774,1.002426082408079,0.9808777845705106
V,25,2,106,25.93839834752952,0.7398111814211491,1.0347794252242357,1.1195538210624416,1.1117780694277533,-2.0321068157349527,1.1563562564833,1.002598462391052,0.9799751729601013
V,25,2,107,25.92518907863195,0.739434428597097,1.03686619073769,1.0494087837837838,0.9988232123397768,-2.1051706278583526,1.46467413752615,1.0024369681252268,0.9785121726339406
V,25,2,108,25.9155487409664,0.7391594683045573,1.0341570565623284,1.1156657735321527,1.1423133351675208,-2.030595949156224,1.1944777617076374,1.0005691026562533,0.9791932716184385
V,25,2,109,25.93560668094085,0.7397315579174375,1.039868204283361,1.1098846691519104,1.0113697880809227,-2.0283396917103786,1.2321726796418917,0.9982322931433814,0.9772626537064566
V,25,2,110,25.92199754045996,0.7393434000149179,1.0383305875892366,1.1145445013979496,1.1057944481530138,-2.030159252807812,1.2138410911349613,1.0073451381104355,0.9804310349380875
V,25,2,111,25.89044451258552,0.7384434491961956,1.0365367014460918,1.1170782851817334,1.136749586612912,-2.031145448857708,1.3047254675095743,1.0053448606127104,0.9808816618479793
V,25,2,112,25.88609772773236,0.7383194708381446,1.0339007871133077,1.1198304986020502,1.2404259008799428,-2.03221413052525,1.2697633799627805,1.0103090986069827,0.9787262852378192
V,25,2,113,25.87748296576607,0.738073761864809,1.0320336811275854,1.1200489282385835,1.161325537307388,-2.032298834000798,1.1497744277148934,1.0091263815786837,0.9802331344709896
V,25,2,114,25.88837142426047,0.7383843208759965,1.0390627860150101,1.1177335740913328,1.1006709853307064,-2.031400135501209,1.2674089792941645,1.0118579710389783,0.9809010432147565
V,25,2,115,25.9098633071768,0.7389973091984928,1.034999084751968,1.1128261882572228,1.1407550226436463,-2.029489176590407,1.4714000795148179,1.0055712696656347,0.9800271953228284
V,25,2,116,25.9166768389528,0.7391916437493512,1.0418085301116602,1.1766658900279592,1.019565616953812,-1.9519990280092607,1.3155970351707678,1.0045882675722926,0.9797283158441383
V,25,2,117,25.88338773748863,0.7382421768951265,1.038184147904082,1.1101467847157505,1.1329066294687145,-2.0284422446209036,1.1326711570830144,1.003396576021726,0.980012807667257
V,25,2,118,25.88193522268466,0.7382007484815923,1.034999084751968,1.1086323392357875,1.2096100322194534,-2.0278493821677364,1.2428425403740555,1.0052186926868303,0.9765854382886985
V,25,2,119,25.85596402394614,0.7374600017722451,1.0372688998718653,1.1102195945945943,1.151398135290072,-2.0284707272433358,1.4494611037413394,1.00636141041391,0.9773329825331689
V,25,2,120,25.79543161778723,0.7357335053897516,1.0346695954603697,1.1769134436160298,1.1943186707931561,-1.952090387714994,1.2590664104185263,1.0048747849336714,0.9784696839146139
V,25,2,121,25.80607207933849,0.7360369910686141,1.0367197510525352,1.1035793336439887,1.1636659112792445,-2.0258653981856383,1.2134190288804978,1.0035717445447756,0.9773157037650125
V,25,2,122,25.78009274079559,0.7352960121969639,1.0372688998718653,1.1002883271202237,1.1336155817079765,-2.0245683447726757,1.1742839709701016,1.0011167721738805,0.9760529479485274
V,25,2,123,25.75764144100105,0.7346556595274236,1.0358411129416072,1.1003611369990682,1.19421783432395,-2.0245970825877047,1.2345452012087421,1.0025415690616792,0.9804289697090649
V,25,2,124,25.76142635478969,0.7347636122816391,1.0407102324730002,1.0982205265610439,1.0945468859040317,-2.023751395924975,1.2026916240546768,1.0031300251367392,0.9745339008414241
V,25,2,125,25.73736089129387,0.7340772206724985,1.039392275306608,1.1014678471575023,1.140386285403478,-2.025033663411019,1.4528460954919291,1.0049619177208313,0.975893850020322
V,25,2,126,25.68430747542784,0.7325640389507745,1.0377082189273292,1.0986428238583412,1.1687855839476817,-2.0239183625122803,1.2318026125665775,1.0063358456653826,0.9763933452421132
V,25,2,127,25.69928806082027,0.732991313003284,1.0388797364085667,1.096924510717614,1.143977544771869,-2.023238580065339,1.2562032708821662,1.0021031026079097,0.9776440737767128
V,25,2,128,25.65541858441333,0.7317400742516038,1.043163097199341,1.0929782152842498,1.0601795960679885,-2.021673345075229,1.2608489390604445,1.0031305326823252,0.9769717082249577
V,25,2,129,25.66741517137827,0.7320822391399922,1.0393190554640306,1.08987651444548,1.0512934890596772,-2.0204391333367733,1.3681226219238045,0.9984041084586639,0.9762069156262043
V,25,2,130,25.71058462690946,0.7333135119992463,1.039172615778876,1.0913181500465985,1.1639829281753558,-2.0210132173356397,1.2418084294034064,1.0031938676842176,0.9756236111972818
V,25,2,131,25.66770876770018,0.7320906130510897,1.0381475379827934,1.0923229263746506,1.1528814991946437,-2.021412888188445,1.1505551792671418,1.0009117851876663,0.9761842323434713
V,25,2,132,25.62362401151443,0.7308332341212318,1.037744828848618,1.1585507921714817,1.162521354336696,-1.9452609424923994,1.2502283933212268,1.003661314013009,0.9738274506771774
V,25,2,133,25.58318010370297,0.7296796989330372,1.0387699066447007,1.0861340866728797,1.1372554891583848,-2.018945282771669,1.1340924715210432,0.9988914311313416,0.974055668988887
V,25,2,134,25.56345279695173,0.7291170395923041,1.0388431264872782,1.0872990447343895,1.178409710954001,-2.019410845662841,1.1336487568834777,0.9987482061759988,0.9743564986624456
V,25,2,135,25.59598002553386,0.7300447764202795,1.0371590701079993,1.089774580615098,1.1192787600787033,-2.0203985127987556,1.2233791641081115,1.0005752127855447,0.9726854230479139
V,25,2,136,25.57831754472474,0.7295410097412754,1.0366831411312465,1.154458876980429,1.1622758031364318,-1.9437243314998023,1.1872961165119782,1.0011034790242468,0.9729918353884129
V,25,2,137,25.57806166887704,0.7295337116879936,1.0418085301116602,1.0838478564771667,1.0791532512155908,-2.0180301622298886,1.244811179707727,1.0034198592980763,0.9728532186479627
V,25,2,138,25.51196181335494,0.7276484213338871,1.0425773384587222,1.1538909599254428,1.0374890114378394,-1.943510634906511,1.187095246183515,1.0018864774423926,0.9729275734031845
V,25,2,139,25.48442196549907,0.726862933845206,1.0320336811275854,1.086803937558248,1.3149450285411057,-2.019213042412473,1.2386603157819893,1.0034325130855934,0.9745072950394001
V,25,2,140,25.50365238174988,0.7274114209481919,1.0369028006589784,1.0822751630941287,1.103929171266149,-2.017399531216025,1.3625118621864967,0.9990874817389828,0.9745553786163302
V,25,2,141,25.52118514984852,0.7279114879803521,1.0380010982976386,1.1502359040074557,1.1774072932350588,-1.942132783736463,1.1921157130674216,0.9994763018661137,0.9747109760920595
V,25,2,142,25.50447544855881,0.7274348963386207,1.0412593812923303,1.1488670782851815,1.0697227524825295,-1.9416156485470517,1.209785605357823,1.0020457254407606,0.9741694289065704
V,25,2,143,25.50205566271759,0.727365879562874,1.0407102324730002,1.148590400745573,1.0447876027446303,-1.941511046367994,1.1208348881292538,0.9990204462955363,0.9746473823160018
V,25,2,144,25.46225740575744,0.7262307595332675,1.0434559765696503,1.1432752795899348,1.0708360660983698,-1.9394966770734219,1.3281673316911253,1.0002218582735716,0.9718499755117116
V,25,2,145,25.45987994245742,0.7261629498748141,1.0390993959362989,1.0750815470643058,1.1577188740859143,-2.0145032467853805,1.1473430453225983,0.9988611577945815,0.9734686985163709
V,25,2,146,25.41923632152895,0.7250037184984794,1.0335712978217098,1.1464352283317802,1.256320087169318,-1.9406953868388548,1.2431172553026004,1.0017842117358684,0.974306656782672
V,25,2,147,25.40959610402552,0.724728761633186,1.0362438220757826,1.1466682199440819,1.2073174354483611,-1.9407836401376553,1.1185220375240978,0.9978913068592917,0.9722143054788439
V,25,2,148,25.40132205078209,0.7244927703039161,1.038952956251144,1.1447460391425908,1.1683938691556104,-1.9400550135195662,1.1072220649937528,0.9980570454605703,0.9731510612239684
V,25,2,149,25.38832700442249,0.7241221275035741,1.043272926963207,1.1417317101584346,1.1401585994880952,-1.9389099271934334,1.2370688657658848,1.00142540944533,0.9712478154216356
V,25,2,150,25.34389851157254,0.7228549445671529,1.0399048142046496,1.1419501397949672,1.1570990169496123,-1.9389930060041896,1.2014502218539713,1.0017655524267526,0.9700787549148707
V,25,2,151,25.32310268812732,0.7222618091504822,1.033315028372689,1.1423578751164958,1.2505674828666744,-1.9391480439421045,1.1756107408423786,0.9977531927107903,0.9712944415565776
V,25,2,152,25.34165634777451,0.7227909939011891,1.0328390993959362,1.1401881407269339,1.2479358100851388,-1.9383223835174188,1.1995256684667222,0.9979832766248746,0.971812545759482
V,25,2,153,25.33253555705939,0.72253085205033,1.0369028006589784,1.1371301258154707,1.21210218085818,-1.9371560293723873,1.1924673050651362,0.9976253620294383,0.9707430302920923
V,25,2,154,25.33724920514425,0.7226652940274999,1.0385502471169685,1.1398095293569435,1.108143938443903,-1.9381781475539863,1.2358225024688703,1.001787515595234,0.9695538791360564
V,25,2,155,25.3658116909782,0.7234799490461338,1.0413326011349076,1.1354263746505124,1.1349490743954793,-1.9365048421583801,1.1981297354057867,1.0009676225977953,0.9699986070529482
V,25,2,156,25.32220887208051,0.7222363158606998,1.0373421197144426,1.1380475302889097,1.209200165850769,-1.9375062646351255,1.2385052370176006,1.002747035914101,0.9714891714255091
V,25,2,157,25.26481313687301,0.7205992831455923,1.036500091524803,1.1340575489282387,1.2196129211797042,-1.935980957830511,1.4079154152487752,0.9978819939072473,0.9716925648470371
V,25,2,158,25.25717225807401,0.7203813511246693,1.0318140215998535,1.1360088536812676,1.2612091501074272,-1.9367275801271069,1.2432048339881752,1.0013916559196994,0.9685239215566758
V,25,2,159,25.26213675962322,0.7205229479074421,1.041845140032949,1.1330090866728797,1.1775605933912499,-1.935579256885952,1.2261335155597723,1.0011067387823247,0.97141508970717
V,25,2,160,25.27105289848073,0.7207772527081283,1.0404905729452683,1.1337080615097856,1.1599138616538456,-1.93584709879514,1.2049231981650765,1.0032897776813885,0.9710742977863919
V,25,2,161,25.29344302369225,0.7214158605652122,1.0416987003477942,1.1344070363466916,1.157207744401673,-1.936114775620319,1.3169406606866467,1.0011661136108931,0.9716102516876417
V,25,2,162,25.22455839316224,0.7194511432680464,1.038184147904082,1.1329071528424977,1.1981849942577019,-1.935540182802531,1.4492225761713826,1.0014148746966658,0.9716204325116248
V,25,2,163,25.19563900865259,0.7186263088378938,1.0456159619256817,1.126703751164958,1.06632020886411,-1.9331556042175821,1.1872817997209175,0.9999995105221784,0.9685185687921931
V,25,2,164,25.20426191954335,0.7188722502336542,1.042833607907743,1.128509436160298,1.1584276860181346,-1.933851058821622,1.1534391990143948,0.9978815554448067,0.9696482944158036
V,25,2,165,25.1994440167516,0.7187348347190731,1.041369211056196,1.1264561975768872,1.2000268382580959,-1.9330601727700567,1.186807424350873,0.999924156807445,0.9689583937815891
V,25,2,166,25.18177614824973,0.718230914373089,1.0388431264872782,1.1302714352283318,1.2366277690760012,-1.9345286160271686,1.327673835173871,1.0001467255224779,0.9709556944260275
V,25,2,167,25.20203878819955,0.7188088424085497,1.0401244737323814,1.127169734389562,1.297387375495002,-1.9333351830158467,1.2083925651234058,1.003319087839571,0.9697804076530121
V,25,2,168,25.1985586530338,0.7187095825053752,1.0408932820794436,1.1291938490214353,1.2435072478188782,-1.9341143677692516,1.2697711495708945,1.0007085124331716,0.9698111637336291
V,25,2,169,25.2773532808338,0.7209569512866442,1.0382207578253706,1.1267328751164958,1.2154976130068074,-1.933166830068176,1.2118924183084543,1.0003968503153764,0.9698066562522837
V,25,2,170,25.29547245588136,0.721473743731525,1.0396851546769175,1.1264125116495807,1.229487582497555,-1.9330433297493421,1.1222347182622432,0.9975822860851571,0.9708159571562135
V,25,2,171,25.24570657417722,0.7200543285754805,1.0422112392458356,1.1250728098788445,1.1614190464962935,-1.9325264930198014,1.1029187041792021,0.9978388948991195,0.9691383389714291
V,25,2,172,25.25712094361833,0.7203798875413141,1.043272926963207,1.1256844128611372,1.1348504248751587,-1.9327625165270719,1.116159717655594,1.0001577040764786,0.969906102788351
V,25,2,173,25.23446910929106,0.7197338152553354,1.041845140032949,1.1261212721342029,1.1405549704196885,-1.9329310262482304,1.4511589571695587,1.0040860845608712,0.9707405150884361
V,25,2,174,25.1673782683347,0.717820260160474,1.0415522606626395,1.123762232059646,1.180686340904518,-1.9320202960166373,1.1966424534183218,1.0016855367484514,0.9688519275801943
V,25,2,175,24.96707443262438,0.7121072236285111,1.0414058209774848,1.1229030754892824,1.1857614855530099,-1.9316881353031257,1.1305795361720268,0.9999496547518447,0.9696769716131405
V,25,2,176,25.0117443921034,0.7133812936406002,1.042833607907743,1.1176316402609503,1.1393070949175401,-1.9296445521892256,1.1943190572606266,0.9975122257959204,0.9689075282263826
V,25,2,177,24.86202185581545,0.7091109294888711,1.0433095368844958,1.192203518173346,1.1773894602618995,-1.8559121891039607,1.2456774765142367,0.998378702000754,0.9681807707356254
V,25,2,178,24.86301547476534,0.7091392693423715,1.044590884129599,1.1131902376514444,1.1205836552670485,-1.9279152530346169,1.2743883904592177,0.996172387567598,0.9692285596162329
V,25,2,179,24.88396288210676,0.7097367282126275,1.0424308987735675,1.046525512581547,1.1955373067591828,-2.0028116593812686,1.1542924744539909,0.999270655878235,0.9698050870100401
V,25,2,180,24.88258439862111,0.7096974113094623,1.0382573677466593,1.1186946644920783,1.2521023842309744,-1.9300574307494773,1.1985503283978174,0.9984864419968728,0.9679043604586819
V,25,3,0,36.77170271647176,1.0,1.0,1.0,1.0,-2.164258001933052,1.3400509197622956,1.0,1.0
V,25,3,1,35.63747188938019,0.9691547917746138,1.0281842213038461,1.0080660788683267,0.7939217005932124,-2.1677470030378916,1.2267569048813929,1.0153710768937592,1.0177757690096865
V,25,3,2,34.56487744051866,0.9399857740347564,1.040470605755985,1.0699665730064916,0.727630457501906,-2.0924641183161476,1.4416549369332399,1.0246120406022772,1.026208407473105
V,25,3,3,33.85037605571448,0.9205550343077075,1.0350348114226144,1.0772454219552368,0.9455013792560427,-2.0954085653938974,1.308199864750991,1.029233919444492,1.0298340206277539
V,25,3,4,33.37832429845177,0.9077176696389441,1.0469488811943855,1.074144947195039,0.742253269698616,-2.094156798135715,1.3578659081766222,1.0343121303885032,1.0295476192367679
V,25,3,5,32.96714772444066,0.8965357948919003,1.042555567966045,1.0776450925297936,0.8586038843768424,-2.0955696638125247,1.3186090311043643,1.0397672519591008,1.0341514120801873
V,25,3,6,32.73626916562738,0.8902570930163448,1.0497412412971443,1.0753924038368377,0.7672035807833825,-2.094660872741822,1.4145546825024193,1.0396432377249085,1.032817507260053
V,25,3,7,32.58205807066349,0.8860633493609876,1.0481402881715627,1.0739148338339308,0.7449223456278786,-2.094063749549073,1.2800793706343767,1.0394222958876902,1.0315189221001642
V,25,3,8,32.41429666534978,0.8815011073944614,1.0507837224021743,1.1320366243581048,0.8164256387461777,-2.015238410729721,1.3263465193841832,1.0412203815363474,1.028337564646148
V,25,3,9,32.23381829323368,0.8765930297482432,1.0459808630254293,1.0720497044859993,0.8390972193731507,-2.0933088297231968,1.583716130410741,1.0410010294613024,1.034271565282354
V,25,3,10,32.13150095737159,0.8738105277615659,1.0488104545962247,1.0693610115298904,0.9048718244683037,-2.092218254132779,1.2481035488363308,1.0437432096304113,1.0300877296260629
V,25,3,11,32.00967843234378,0.8704975855797169,1.051007111210395,1.071807479895359,0.7370978628609559,-2.0932106918394697,1.5944923318590742,1.0475844673515307,1.0291323802967174
V,25,3,12,31.87216769521331,0.8667580052238452,1.043560817603038,1.068416335626393,0.9293656182820104,-2.09183442785702,1.3182978859912517,1.0453136360531212,1.0298558267003664
V,25,3,13,31.75289530715434,0.8635144135691801,1.0498529357012547,1.127749249103769,0.846387306490431,-2.0135904796838817,1.4165408298877356,1.0415549888506632,1.0294434538589246
V,25,3,14,31.7060366543117,0.8622401007312911,1.0479541308313787,1.1183509349869198,0.9567515434058079,-2.009956038255124,1.5428984673208224,1.0378810283363666,1.0254747532377237
V,25,3,15,31.68117195316524,0.8615639095486805,1.05257083286794,1.1194409456448016,0.7278629248144195,-2.0103791210766047,1.4453542375666175,1.0435245054222275,1.0257665310103146
V,25,3,16,31.56552006758919,0.8584187768234492,1.0543207118656688,1.1195015017924619,0.8446106152559116,-2.010402613597201,1.4993083239223508,1.0455225963196089,1.0248463152782152
V,25,3,17,31.45425408531401,0.8553929179685276,1.0508209538702111,1.1157833543261308,0.9333177602600311,-2.0089578112379893,1.3287157920591464,1.0445036760969666,1.0236463069054236
V,25,3,18,31.36232693129769,0.8528929751531208,1.0542462489295954,1.1106724154636178,0.7746349009369038,-2.0069639189951536,1.390821801305175,1.036710133176697,1.0241579299138495
V,25,3,19,31.29418619052295,0.8510398996700478,1.0474701217469005,1.1074508284081,0.9528975879299926,-2.005702385427227,1.3107590080110738,1.0381101289676893,1.023588391213005
V,25,3,20,31.24852871676632,0.8497982526865325,1.0505603335939535,1.1054888092239121,0.885094757296203,-2.004932283691181,1.2934699223063246,1.0352007640508876,1.0214609517331605
V,25,3,21,31.21282347364128,0.8488272548679016,1.044789456048252,1.1053313632399961,0.9986293849308713,-2.004870426175151,1.2397285307509,1.0348598151803345,1.0190971198069896
V,25,3,22,31.13388305461208,0.8466804840306121,1.0519751293793516,1.1647975002422244,0.8610190710355851,-1.9258442890416172,1.5645187586702807,1.036487984950984,1.0167228384107938
V,25,3,23,31.04637503844915,0.8443007188933362,1.0453851595368404,1.1003415366728029,1.0078274976542976,-2.0029054404868574,1.3743029385427643,1.0359873886698037,1.015534443672641
V,25,3,24,31.02254868234975,0.843652765321996,1.0491083063405189,1.1620845848270516,0.9612966506649894,-1.9248315993689473,1.2892801545087527,1.0382572498090412,1.0171892239822624
V,25,3,25,31.01906202582761,0.8435579463099686,1.0446405301761048,1.09325646739657,1.0587741224400735,-2.00009998827103,1.4805424422493971,1.0344270409679197,1.0151538097824726
V,25,3,26,30.96766676336544,0.8421602611698908,1.0458319371532818,1.0944675903497723,0.9839645271487684,-2.0005808387396735,1.444948271902948,1.0330508933567364,1.0140591645007764
V,25,3,27,30.89022812859635,0.8400543310919126,1.0497040098291077,1.0903376610793525,0.8272989267749161,-1.9989389462845535,1.416986924369873,1.0319488371639507,1.0127382363482411
V,25,3,28,30.82419341838496,0.8382585287402906,1.0530548419524182,1.1515599263637244,0.736876758236187,-1.9208804023716264,1.2863212539730926,1.0362545690949827,1.0118981037731085
V,25,3,29,30.81132040845278,0.8379084494950775,1.0513049629546893,1.0854568355779477,0.9509530092235468,-1.9969904910042289,1.4069706823248778,1.0367074429937202,1.011129122195052
V,25,3,30,30.76906348060396,0.8367592797605499,1.0463904091738339,1.1499854665245615,1.068209281848833,-1.9202862108958434,1.534852059026028,1.035149026099737,1.0098220075053117
V,25,3,31,30.72573653498971,0.8355810110807358,1.046353177705797,1.0841003778703615,0.9662952193459028,-1.9964474288803549,1.2371317785012559,1.0327920319316393,1.008917120739236
V,25,3,32,30.7350419389924,0.8358340699089994,1.0467999553222385,1.0797766689274293,1.0033443382342186,-1.9947118723827604,1.2900044400439061,1.032058507868611,1.0070659882116904
V,25,3,33,30.63348942289099,0.8330723670614476,1.047693510555121,1.1454316442205212,0.9299193508168052,-1.9185630360675763,1.342169148411806,1.0338254175158503,1.0086711622507119
V,25,3,34,30.57564375621374,0.8314992643111271,1.0454223910048772,1.0781658753996706,1.1305856808092603,-1.9940635151108226,1.1850045828816504,1.0316245245011282,1.0029294447991624
V,25,3,35,30.56924487854976,0.8313252479563958,1.04735842734279,1.074035946129251,1.0158361312266424,-1.9923967497764674,1.3123966676173333,1.0351975270057747,1.0084493628610198
V,25,3,36,30.54764810860488,0.8307379275891177,1.0431885029226702,1.0740965022769111,1.127270169023334,-1.9924212354182167,1.2672635828553769,1.0326086696717518,1.007714372417797
V,25,3,37,30.52219882908036,0.83004583890014,1.0429651141144496,1.0721102606336597,1.1079069226440625,-1.9916173855314578,1.402724262120056,1.0299815527775522,1.0058953978455882
V,25,3,38,30.48588799022077,0.8290583720118221,1.0465393350459808,1.0650978587346185,1.0303185989701615,-1.9887674446662273,1.288773331028178,1.026918244644899,1.003559989859433
V,25,3,39,30.39265797806002,0.8265229981978978,1.0463159462377603,1.0611253754481156,0.9703168965254707,-1.987144633335377,1.295365142536384,1.0291235370530016,1.0026312578320025
V,25,3,40,30.38649457742653,0.826355385599672,1.0511560370825423,1.129856603042341,0.9423603772968743,-1.9126171871385615,1.4980557581109912,1.0301547698596125,1.004197466249087
V,25,3,41,30.36580911385219,0.8257928480491585,1.0521985181875722,1.0589453541323515,1.0062175566406988,-1.9862514824151278,1.2497365365403137,1.029040925426293,1.0008756415036135
V,25,3,42,30.3500148993882,0.8253633271595284,1.0558099705871402,1.0599021412653813,0.862440986396078,-1.9866437026210428,1.1920654620649178,1.0308709894801227,1.0030332830609052
V,25,3,43,30.28888845186448,0.8237010041500383,1.0508209538702111,1.0566563317507993,1.0189660014384656,-1.985311692866067,1.2944509917550897,1.0326395364617706,1.0001692652099632
V,25,3,44,30.30049282674327,0.8240165830876868,1.04735842734279,1.0589816878209477,0.9988713017400239,-1.9862663833254552,1.2025620990267805,1.0303288748069894,1.0004356774613177
V,25,3,45,30.2308513661558,0.8221226957927622,1.0524591384638295,1.0520177308400347,1.050026679987927,-1.9834009926165976,1.2887590320720987,1.029266240073018,1.0008205431340187
V,25,3,46,30.24341072783832,0.8224642454288876,1.054134554525485,1.1246366631140392,0.991149094622201,-1.9106060964941431,1.301663736458528,1.0355976161064828,1.0016790801752584
V,25,3,47,30.1988817891744,0.8212532887591011,1.0534271566327862,1.0524537351031875,1.0722320233809355,-1.9835809468249082,1.2693039277820344,1.036343920406526,1.000642216945316
V,25,3,48,30.21162789698068,0.8215999169232782,1.0529803790163448,1.0535074120724732,1.0213334081182406,-1.9840155285666152,1.2776696096375153,1.0347761520820826,1.0007014165130876
V,25,3,49,30.16230312884091,0.8202585385128172,1.0565545999478758,1.0482390272260438,0.897456323606834,-1.9818382580673934,1.2828251907233799,1.0324025600365383,0.9987904058323347
V,25,3,50,30.15889500792821,0.8201658552629012,1.0520868237834617,1.1158196880147269,1.06154648497885,-1.9071878791311174,1.5239112935546488,1.03357513191898,0.9996780094060906
V,25,3,51,30.10592472248883,0.818725337649458,1.0543207118656688,1.0455745567289991,1.0520069858075258,-1.9807329395542705,1.2530451762051336,1.034314500506377,0.9995517216105384
V,25,3,52,30.0653167131568,0.8176210099645221,1.0575226181168325,1.1105997480864256,0.9925557746672343,-1.9051514297327852,1.2632220495033155,1.0366744084864827,0.9989270839608109
V,25,3,53,30.02150806607352,0.8164296414978218,1.0561078223314346,1.046604011239221,1.050467533199669,-1.98116032797712,1.2401590232145676,1.0378170381299532,1.0007809342839393
V,25,3,54,30.00903740588378,0.8160905040832209,1.059123571242414,1.0415172948357716,0.8720921904047002,-1.979044419070449,1.267213589876589,1.0354032122590002,1.0006579996109848
V,25,3,55,29.99050821093626,0.8155866058794746,1.0520868237834617,1.1083470593934692,1.0389580201212838,-1.904269632475093,1.4639550091008469,1.0352549959631265,0.9985051180292381
V,25,3,56,29.96409596452332,0.814868329475018,1.0526825272720504,1.1123922100571648,1.1325251800515201,-1.9058517979988694,1.2818332500192455,1.0361061270858056,0.9983790609303472
V,25,3,57,29.91042051849619,0.8134086351431836,1.05674075728806,1.1030181183993797,1.0359783143777854,-1.9021765054138169,1.438016715066425,1.035189160613845,0.9986745435894842
V,25,3,58,29.85402317802939,0.8118749193698986,1.058788488030083,1.035679682201337,0.9948466063235305,-1.9766033894934742,1.269597374600911,1.0338397901667462,0.9965343630583821
V,25,3,59,29.85046995038137,0.8117782899677897,1.056889683160207,1.0368544714659431,1.0854453035866294,-1.9770957380019496,1.2924763721189019,1.0358487945970842,0.9967560724010612
V,25,3,60,29.83163142035924,0.8112659794509941,1.0555493503108828,1.034492781707199,1.0629586369007424,-1.9761053977554535,1.1830346632660151,1.033738351670035,0.9967247918234015
V,25,3,61,29.80071071698846,0.810425096351041,1.0534271566327862,1.0966960565836643,1.0357771084915877,-1.8996801409753656,1.5073789901868313,1.032059338810692,0.993757234413081
V,25,3,62,29.80630100382738,0.810577123220235,1.047879667895305,1.0292001744017052,1.2094968464499931,-1.9738777842140998,1.2345585586382237,1.0301919252441567,0.9934006995438
V,25,3,63,29.75601808142043,0.8092096879726846,1.0530176104843816,1.0875399670574555,1.0060987180991958,-1.896039085333424,1.4391909143284647,1.0267346088098832,0.9936101407564026
V,25,3,64,29.70372626816096,0.8077876212910662,1.0534271566327862,1.090482995833737,1.1254232941817026,-1.8972127570139297,1.284260998009476,1.030797805999651,0.9899063973471262
V,25,3,65,29.66263124204469,0.8066700492701802,1.0558844335232138,1.1573248716209668,1.0872745598559894,-1.8212035146544032,1.2987058968811414,1.0311958025107368,0.9890308862834754
V,25,3,66,29.62051833389286,0.805524796126029,1.083882497486876,1.0925903497723086,0.9469276679041494,-1.8980512194257,1.2680555546627734,1.042253876536507,1.0077386336096334
V,25,3,67,29.68504847377018,0.8072796819515476,1.0772552961763282,1.024052901850596,1.1318076266710304,-1.9717003256489436,1.2494449669726944,1.0395789929536,1.0070506748990347
V,25,3,68,29.667550134162,0.8068038176777852,1.0758405003909304,1.0220787714368762,1.1739241643128941,-1.9708623011733397,1.2362551416327063,1.0355743422077144,1.0062777902002726
V,25,3,69,29.67855828091813,0.8071031822963074,1.0843292751033173,1.0877458579595,1.0141718186841104,-1.8961212973185069,1.2822846794935794,1.0357357673504217,1.0031596344501057
V,25,3,70,29.62392872895562,0.8056175412210564,1.0810529059160803,1.088738978781126,1.0802959903920781,-1.8965176308149303,1.401233935172887,1.0346632763291654,1.0028552538184432
V,25,3,71,29.60210990142653,0.8050241820367586,1.0813879891284113,1.0862440654975294,1.1040630464315475,-1.8955212758778297,1.3792849414911093,1.0361218245211858,1.001810632302791
V,25,3,72,29.58326026601537,0.8045115695108579,1.0818719982128895,1.084475825985854,1.139288252037085,-1.894813734720196,1.4873353832725387,1.0398350485100034,1.0049520271868044
V,25,3,73,29.58806453337733,0.8046422207183639,1.0825793961055883,1.151463036527468,1.0826482619003994,-1.8189982292784048,1.1676539612560186,1.0370359165612648,1.0041344425281382
V,25,3,74,29.55809881810338,0.8038273083520534,1.0772552961763282,1.0785413235151633,1.1927305417012417,-1.8924306485358031,1.3180335299025763,1.0375793691786792,1.004380325324249
V,25,3,75,29.51864854300226,0.8027544650462837,1.0789679437060204,1.084548493363046,1.1419546258066666,-1.8948428344777775,1.307691253790567,1.040811216094632,1.0035591111205673
V,25,3,76,29.50513328969872,0.8023869201053341,1.0823932387654045,1.0801400058133899,1.1386141525977975,-1.893073910714371,1.254215814026854,1.0389682997662373,1.0009053251529825
V,25,3,77,29.51701229106223,0.802709967462023,1.0801965821512343,1.1452741982366048,1.121838518113662,-1.8166577048302734,1.2455593961029252,1.0411026870910285,1.003549017703471
V,25,3,78,29.55075498054422,0.803627593978863,1.0830634051900667,1.0821625811452378,1.0547512754224266,-1.8938863719927623,1.3273371777773908,1.0407801780163486,1.0023484071391369
V,25,3,79,29.51203269830703,0.8025745483112268,1.0867493205257084,1.0702814649743242,0.9631243913063116,-1.8890918635297558,1.2794581250811363,1.0415299810312,1.0028938451213592
V,25,3,80,29.44575160417977,0.8007720455922659,1.0760266577311144,1.072885379323709,1.1916993480610005,-1.8901471861172177,1.3549446686453603,1.0399261344359432,1.002007385137048
V,25,3,81,29.4255890718138,0.8002237290641618,1.0794519527904987,1.0744356167038076,1.0738384715272344,-1.8907742555288516,1.2970708451396684,1.041544890395662,1.0019269579894847
V,25,3,82,29.38392699279574,0.7990907361391593,1.0768457500279236,1.1401632593740916,1.1004202243405294,-1.8147152703627152,1.311093737303572,1.036857001786097,0.9988019611395937
V,25,3,83,29.37071419593768,0.7987314164481475,1.0811646003201907,1.1464126538126151,1.1408112209556067,-1.817089199224705,1.1609597196509813,1.0433005321519386,1.0025978264579207
V,25,3,84,29.33960589169908,0.7978854315755279,1.082281544361294,1.0712624745664179,1.121241744432419,-1.8894897513101323,1.363420215720147,1.0381431113645045,0.9999959092092654
V,25,3,85,29.3930053895128,0.799337621544142,1.0758405003909304,1.0694457901366146,1.2423542568473842,-1.8887526343235395,1.2554935427347171,1.0372318727717815,0.9973804175043676
V,25,3,86,29.34808425395623,0.7981159991487111,1.0767712870918502,1.059732584051933,1.2263495383288012,-1.8847901470850774,1.4791031983503566,1.035402791304773,0.99808467275627
V,25,3,87,29.30225251457469,0.7968696130421191,1.0821698499571837,1.0544641992055035,1.0829413040725306,-1.882625698419364,1.190832871956494,1.0324148920347274,0.9967219031612077
V,25,3,88,29.11516886835142,0.7917819061261305,1.0804572024274919,1.0550334269935082,1.1829920329334624,-1.8828600788616137,1.4333778768413339,1.0343689998840082,0.9990315119578254
V,25,3,89,29.09339824838808,0.7911898579381202,1.081648609404669,1.0724130413719601,1.276163846870805,-1.889955945805498,1.277674490741352,1.0491633535441003,0.9995574540435631
V,25,3,90,29.08581055460442,0.7909835119377143,1.0798614989389033,1.1354641023156669,1.190228149732286,-1.8129216367342447,1.278319930692637,1.0446093207652078,1.0010187773211079
V,25,3,91,29.10206738609655,0.7914256136162109,1.091663874306564,1.0670598779188063,1.0685349588834057,-1.8877826495893673,1.2682990720533929,1.0477102176277113,0.9979006660893899
V,25,3,92,29.11889941616696,0.7918833577190661,1.0864142373133774,1.127906695087685,1.1002626794631556,-1.810021402748779,1.1983907509825524,1.0432460654274538,0.9989988733761171
V,25,3,93,29.14332827748026,0.792547696313927,1.0827283219777357,1.125084778606724,1.1866629744183854,-1.8089334772850012,1.206831524131841,1.04280906146818,0.9969514552340022
V,25,3,94,29.02919429773797,0.7894438427713721,1.0862280799731934,1.0591270225753318,1.0917085714471824,-1.8845419078774595,1.3127252926144017,1.0404296242229538,0.9967184599210817
V,25,3,95,28.99254481210452,0.7884471664434894,1.082132618489147,1.1308012789458384,1.133025202912175,-1.8111345191849306,1.2475837530053624,1.0457967050842036,0.9980834224285375
V,25,3,96,28.99988830692422,0.7886468714959403,1.0856696079526418,1.1235708749152211,1.0894781536134928,-1.8083487011164845,1.2250232548781206,1.048393855107132,0.9992119646455406
V,25,3,97,28.97437720190602,0.7879531014735156,1.084589895379575,1.0540524174014148,1.274484746399124,-1.88245606772627,1.4724545860711358,1.0466899061975956,0.9976750972495246
V,25,3,98,29.03468518579778,0.7895931665082181,1.0865259317174876,1.1199496172851466,1.0628172031823995,-1.8069467138580284,1.2180817288401584,1.046488092110726,0.9977856507057228
V,25,3,99,28.98304191255823,0.7881887367585885,1.0928180498157043,1.049425927720182,1.0451335767887897,-1.880545649029746,1.2425999215871402,1.0463808904676706,0.9962656867430891
V,25,3,100,28.91846614522045,0.7864326101022927,1.0884619680554004,1.117418370312954,1.0642704077767202,-1.805964035043035,1.1981520593930082,1.0460903134402477,0.9991741111779834
V,25,3,101,28.87473892064627,0.7852434559064334,1.087531181354481,1.0574677841294446,1.0795314837245549,-1.8838610045259656,1.2255378278829399,1.0495663914392053,0.9980629584522518
V,25,3,102,28.93277010869131,0.7868216038777822,1.0863397743773036,1.1269377967251235,1.0149242579500946,-1.8096481732513026,1.1359571751960689,1.0484350600119359,0.9982248048880716
V,25,3,103,28.91105482319724,0.7862310605009496,1.087158866674113,1.056414107160159,1.1956578589106552,-1.8834280511682082,1.26551898481928,1.0527768569770868,0.9973704053784467
V,25,3,104,28.9184097195295,0.7864310756155329,1.0877545701627014,1.0442180990214125,1.0857226268274642,-1.8783850755010643,1.462529323897306,1.046646575958167,0.9956333100748074
V,25,3,105,28.96362178158653,0.7876606097060709,1.0869354778658922,1.0441817653328165,1.0518287739546202,-1.8783699639118179,1.2393485497930048,1.0469882244344406,0.9939294198458493
V,25,3,106,28.91334982847764,0.7862934727666555,1.0867120890576714,1.0491110357523497,1.1346162561323863,-1.8804153145658484,1.2584226737618474,1.0486334868806062,0.9959520926026382
V,25,3,107,28.92132699160848,0.7865104103175856,1.090062921180982,1.049886154442399,1.1015711723008181,-1.880736067529962,1.2864103575560697,1.049564179828622,0.9969189022597134
V,25,3,108,28.92249197400585,0.7865420918093662,1.0874567184184072,1.115274682685786,1.0532609393574501,-1.8051300717785959,1.1400169554029886,1.0462288781006284,0.995943700862718
V,25,3,109,28.98838505366474,0.7883340425429767,1.0858929967608622,1.1070753802926072,1.1579424485360295,-1.8019254209888145,1.3021999318149464,1.0461524086367209,0.9955198055338997
V,25,3,110,28.87151659940715,0.785155825446023,1.0854089876763842,1.1048469140587152,1.1711308680225718,-1.8010503351701073,1.2720113793737264,1.0462578339331188,0.9952202356980229
V,25,3,111,28.75882762361994,0.7820912685323522,1.0853717562083474,1.1127313244840615,1.1733510135197576,-1.8041385422147167,1.3469265331049602,1.0460395128287394,0.9967099996118132
V,25,3,112,28.69937831115891,0.7804745549164663,1.0818347667448527,1.1144632303071407,1.239326286009944,-1.8048139724703525,1.1700695839708937,1.0450388445232897,0.993394617843579
V,25,3,113,28.64556250707036,0.7790110435717919,1.08302617372203,1.104737912992927,1.2428856585424424,-1.8010074867934782,1.2132602446280663,1.0490936490450868,0.9952236554929142
V,25,3,114,28.62263720963373,0.7783875941326024,1.0857440708887152,1.0409117333591706,1.2419270339536403,-1.8770077631212996,1.406564769955801,1.0479563463934936,0.9958595244223751
V,25,3,115,28.66045347001435,0.7794160006949039,1.0862280799731934,1.039458385815328,1.1201462825938238,-1.8764009663638936,1.3901679215432092,1.04691499156046,0.994449565084594
V,25,3,116,28.74053458039261,0.7815937924331795,1.082840016381846,1.0397975002422246,1.2470924295824868,-1.876542628125323,1.2337689359759427,1.0480378780582622,0.9933437970249395
V,25,3,117,28.65482312340207,0.7792628844072059,1.0893182918202464,1.0964659432225559,1.0862140516645322,-1.7977433749968863,1.2851293574828293,1.0443757718049804,0.9918056897899998
V,25,3,118,28.61655620703928,0.7782222223345832,1.0851111359320897,1.1040112392210055,1.2184275851644446,-1.8007217228620154,1.1512471920601046,1.0443948986978386,0.9918212690071047
V,25,3,119,28.57191405641768,0.7770081868854821,1.082840016381846,1.0959451603526789,1.1995292514895666,-1.797537051346598,1.2101584466689645,1.045387511958412,0.992691751071044
V,25,3,120,28.55212883711582,0.7764701313199183,1.0894672176923936,1.1023277783160546,1.126763297280588,-1.8000589798133806,1.1418926047332536,1.0454806301121786,0.9920538419589419
V,25,3,121,28.61814397943797,0.7782654015262277,1.0893927547563202,1.0911127797694022,1.1253552186638,-1.7956178706988801,1.2374566569909973,1.0439704456302514,0.9907162306188079
V,25,3,122,28.62661603589206,0.7784957976142036,1.089206597416136,1.0988155217517683,1.126628489285421,-1.7986730137661708,1.3556219611455318,1.0424336743740854,0.9904573865977974
V,25,3,123,28.58611999804437,0.7773945149741276,1.0891693659480994,1.1713738978781123,1.103800107752174,-1.7251399696214016,1.2155399230059813,1.0444095759200096,0.9888266801734001
V,25,3,124,28.50506234624735,0.7751901663634032,1.082281544361294,1.02102509446759,1.2387758535884184,-1.868630275291477,1.1641866098704787,1.0441938287955328,0.9885727670983497
V,25,3,125,28.50339679880522,0.775144872093106,1.084403738039391,1.0897078771436872,1.1955228109218985,-1.7950583184583702,1.270375704085288,1.0458631616644607,0.9911011750659174
V,25,3,126,28.48674044747546,0.7746919055427619,1.0847760527197587,1.087273520007751,1.1917307333654241,-1.7940870393163753,1.3042817688965573,1.0480535973985063,0.9904670513591132
V,25,3,127,28.51953582528899,0.7755837700850813,1.0886853568636212,1.1717735684526691,1.1906272537075169,-1.7252881248094865,1.218923991042754,1.0494637052863003,0.9896722433029375
V,25,3,128,28.58240261441382,0.7772934213788917,1.0832867939982873,1.0978102897006103,1.2816987045928205,-1.798275525253517,1.4086301903322889,1.0480724706708233,0.9878780433789311
V,25,3,129,28.58159285867018,0.7772714002135983,1.0913287910942329,1.094891483383393,1.1722829217308754,-1.7971193057971424,1.1643848873220348,1.0477906575928597,0.9903690534052921
V,25,3,130,28.51329929146615,0.7754141686426099,1.0863025429092668,1.0923360139521363,1.154905844384007,-1.796104480609534,1.3565391464229257,1.04635806672812,0.9892307525643362
V,25,3,131,28.50286171673626,0.7751303206301757,1.0883502736512902,1.1664567386881113,1.1719076408225275,-1.7233130637553258,1.2337106552231485,1.0501466947276796,0.9894370219214892
V,25,3,132,28.50801343445927,0.7752704206892547,1.0889459771398786,1.161697025482027,1.141055668634888,-1.721537304703157,1.192928025003243,1.0510637128731393,0.9908499106663855
V,25,3,133,28.48180012459017,0.7745575543291838,1.0877918016307382,1.0879638600910764,1.206091716715953,-1.7943626974138622,1.2237694344839063,1.050386706885327,0.9895386645513181
V,25,3,134,28.48440397876357,0.7746283656863157,1.085595145016568,1.1655483964732098,1.2878204222999836,-1.7229747385727487,1.2572513721844596,1.052827272669398,0.9882783124297033
V,25,3,135,28.47225630726921,0.7742980118925838,1.0857068394206784,1.0834463714756324,1.247447695984995,-1.792555647617576,1.1924706624689536,1.0498181676543945,0.9897468703136004
V,25,3,136,28.42863812746555,0.773111823150116,1.0896906065006142,1.0885815327972095,1.1859505194834283,-1.7946091906466461,1.1433866295434416,1.0493827247418737,0.9880130555777069
V,25,3,137,28.41686349241258,0.7727916140169203,1.0872333296101866,1.088254529599845,1.2284802154578507,-1.7944787116567933,1.2606263649604526,1.0503757939865512,0.9890959788570294
V,25,3,138,28.40304809964075,0.7724159068358208,1.0909192449458283,1.1564649743241935,1.1273814769561736,-1.7195769112489085,1.1887773068235623,1.052829985326156,0.9888577520980154
V,25,3,139,28.37068817525225,0.7715358843729502,1.0860419226330096,1.0885936440267414,1.3532782975477666,-1.794614022449076,1.138480894769009,1.0523352137508792,0.9886730170512366
V,25,3,140,28.41210591801327,0.7726622326163364,1.0879034960348488,1.0854568355779477,1.267542898044998,-1.7933607860976488,1.3190087589458708,1.050502156586294,0.9865947658508383
V,25,3,141,28.36727823264656,0.7714431515824133,1.0906586246695706,1.1611641313826178,1.1966990481946616,-1.7213380392669184,1.2096848505791045,1.0524778485294763,0.9894648335906188
V,25,3,142,28.34879905269243,0.7709406135276321,1.085930228228899,1.1573612053095628,1.270206063820613,-1.7199133480948117,1.4507293859680852,1.0509389115137768,0.9849814886896768
V,25,3,143,28.32843664706041,0.7703868614811461,1.0913287910942329,1.0715531440751864,1.2485968860458563,-1.7877619430841447,1.2524393620357028,1.0504950686294745,0.9876268385832087
V,25,3,144,28.32330778417251,0.7702473829552957,1.0902118470531295,1.1544545102218775,1.190176228142395,-1.718821252134151,1.4861612692270627,1.0540293286746103,0.9856315746297389
V,25,3,145,28.31350753205959,0.7699808668195463,1.0915521799024535,1.1544787326809416,1.1507947554151636,-1.7188303642904617,1.4615872877314882,1.0550017509831335,0.9863245677165199
V,25,3,146,28.33865507391063,0.7706647498054646,1.0902118470531295,1.0828650324580948,1.2859362013649365,-1.792322558013714,1.1283154743201596,1.0542571251954784,0.9862021768707193
V,25,3,147,28.30912800657825,0.769861766392919,1.0885736624595106,1.0815570196686366,1.2212889157541376,-1.7917976485531808,1.2979256125594272,1.0555445034326796,0.9867453439749898
V,25,3,148,28.25136556242537,0.7682909268645389,1.0845154324435013,1.076288634822207,1.3764418165091314,-1.7896769825001042,1.2164149670687403,1.0525741799933992,0.9861118213489851
V,25,3,149,28.23495024006057,0.7678445150545836,1.087158866674113,1.075053289409941,1.2299497772553016,-1.7891782205425413,1.2293210500733425,1.0519211229039829,0.9851889693349362
V,25,3,150,28.24336399959396,0.7680733257680352,1.0866748575896348,1.1562590834221487,1.2133970110128258,-1.7194995848747838,1.4098330138208532,1.0544211823981617,0.9859452186108115
V,25,3,151,28.23469319485475,0.7678375247553363,1.0873450240142968,1.080103672124794,1.1927960650360587,-1.7912136707660302,1.3787281499525168,1.054784125027463,0.9862517083977083
V,25,3,152,28.22612643853801,0.7676045533212204,1.08302617372203,1.1575670962116071,1.366054720394166,-1.7199906008397965,1.3393361139184956,1.055266926304701,0.9868437150386079
V,25,3,153,28.19257871661167,0.7666922289128293,1.0930414386239249,1.0620579401220813,1.101477484467492,-1.7838964383200966,1.2321594176603567,1.0543185488918427,0.9858563679762943
V,25,3,154,28.17204480821144,0.7661338128786696,1.092892512751778,1.1522623776765815,1.2239322312599172,-1.717995809393764,1.2349355408834117,1.0571059087419823,0.9837642303166726
V,25,3,155,28.11110231369145,0.7644764924388225,1.0864514687814142,1.1485442302102509,1.258706954388733,-1.716592151800236,1.232412400641318,1.0552423110323115,0.9833475461350154
V,25,3,156,28.11517986747487,0.7645873807981367,1.0860046911649728,1.1526014921034784,1.272245183422359,-1.7181236048157225,1.2836555337266107,1.0532541524704544,0.9858308725097645
V,25,3,157,28.13131527624596,0.7650261804070507,1.0873450240142968,1.0731033814552855,1.2696445418410798,-1.7883897915522424,1.2403722389112373,1.056425696916108,0.9846516716087022
V,25,3,158,28.19675594798107,0.7668058279865956,1.093004207155888,1.0720375932564674,1.24042492338404,-1.7879582432510661,1.3405843081820012,1.0568101442369304,0.9862272487283364
V,25,3,159,28.1843737095002,0.7664690951848446,1.0860791541010464,1.147526886929561,1.2817052707400176,-1.7162072973428808,1.441274826859518,1.0579273396513842,0.9855698165378957
V,25,3,160,28.11749240999308,0.7646502699859462,1.088722588331658,1.066987210541614,1.2354043237037258,-1.785907441954701,1.221894119183403,1.0565019298451324,0.9832008807727213
V,25,3,161,28.13266097149278,0.7650627763530474,1.0885736624595106,1.0552393178955526,1.299012177298384,-1.7810991926963138,1.1810983756669666,1.0532167229311795,0.9833880576464186
V,25,3,162,28.02904832670507,0.762245048667533,1.0873822554823336,1.0572982269159963,1.2906249559881764,-1.7819457320741652,1.2108971861376412,1.051657450562456,0.9808438058762043
V,25,3,163,28.02666619276389,0.7621802669531929,1.0912543281581595,1.1451409747117527,1.224983742537104,-1.7153033819507746,1.1909626634544033,1.0575391236729743,0.9834244544713986
V,25,3,164,28.0314845203942,0.7623113005272284,1.0879407275028856,1.139424474372638,1.334897609795158,-1.7131299710419443,1.4462910836954221,1.0583730987320037,0.9821316482748029
V,25,3,165,28.06430858220461,0.7632039451258072,1.0890204400759522,1.1482051157833544,1.35182191453234,-1.7164639048710166,1.2090952679698692,1.0611742685481491,0.9808376568385224
V,25,3,166,27.99706906914982,0.7613753783723654,1.0851483674001265,1.1354277686270708,1.2618948360253004,-1.7116039387096376,1.428816620489112,1.0562857560096386,0.9822093351237238
V,25,3,167,27.95771642688117,0.760305190174335,1.0888342827357682,1.0649525239802342,1.2767654346955792,-1.7850784753568256,1.2729223981760545,1.059305801411752,0.9836385121217625
V,25,3,168,27.9222258072052,0.7593400290027238,1.090770319073681,1.1363361108419725,1.266982385988781,-1.7119512353950013,1.448712245483433,1.0555326634099278,0.9833405965236137
V,25,3,169,27.916379161015,0.7591810304859763,1.088871514203805,1.0580491231469817,1.2713516586876086,-1.7822540597852494,1.1077782114405779,1.056109000314027,0.9832346776478138
V,25,3,170,27.9522585141008,0.7601567631944246,1.0898767638407982,1.1437602945451022,1.2486308697180537,-1.7147794433620471,1.3007277846432916,1.058894573268088,0.982300976239833
V,25,3,171,27.94183404445098,0.7598732715723423,1.0898767638407982,1.1387341342893131,1.1655483748814066,-1.7128667664548174,1.332602173719798,1.0552537350876159,0.9817272291012222
V,25,3,172,27.87028859536318,0.7579276056444018,1.0880524219069958,1.0473306850111421,1.19115516772957,-1.7778320559877399,1.1800794901371323,1.055299930555965,0.9833765521278843
V,25,3,173,27.82689051002841,0.7567474023323769,1.0876056442905544,1.1273253560701484,1.298244433509185,-1.7084937027190408,1.1218560560347328,1.056050150774785,0.9795101090610147
V,25,3,174,27.78528172213831,0.7556158586502438,1.0879779589709222,1.0566563317507993,1.304184308004086,-1.7816819879594867,1.0957630762195212,1.0641043631141738,0.9821507695231982
V,25,3,175,27.75411166252054,0.754768194350929,1.092855281283741,1.1369901172367018,1.2590687788307764,-1.712201117152127,1.1962217508594961,1.0705767741000416,0.9835252564363622
V,25,3,176,27.89998966783437,0.7587353210961499,1.0932648274321457,1.1433848464296095,1.2412476470348528,-1.7146368594539751,1.2476553888790642,1.067596630183355,0.9844325145297375
V,25,3,177,27.86395784282346,0.7577554419404652,1.0894299862243568,1.2238760778994282,1.294246782062721,-1.642440866462811,1.1996317661317186,1.072066191951029,0.9872367076881109
V,25,3,178,27.78066352831392,0.7554902676799262,1.0916266428385273,1.1413138261796336,1.2489498990039876,-1.7138495058098286,1.2104572088769603,1.0713839597262214,0.9836656798150257
V,25,3,179,27.77488194970451,0.7553330386646155,1.0890204400759522,1.139775700029067,1.2455156471590378,-1.7132638209489515,1.2164477634187711,1.0694000816915987,0.9824338184818516
V,25,3,180,27.73808568953583,0.7543323708290138,1.0934509847723297,1.1296870458288926,1.271752541198092,-1.7094025760629932,1.1281930443625756,1.0699437446647646,0.983405178932172
V,25,3,181,27.72747613547215,0.7540438458687887,1.0893182918202464,1.1425612828214318,1.350047356812805,-1.7143239306920715,1.2116347756568293,1.0762961282067331,0.9841162954368197
V,25,3,182,27.80459320314533,0.7561410309860457,1.0945306973453963,1.143166844298033,1.2818547049898632,-1.714554047310731,1.2055830810143637,1.0767571872543868,0.9835991468840013
V,25,3,183,27.79958310385429,0.7560047822153626,1.0972858259801184,1.056971223718632,1.1968805651130685,-1.7818113918790026,1.2525228573171214,1.0737350481161143,0.9827657682383385
V,25,3,184,27.72833135365596,0.7540671033771615,1.0944562344093227,1.1390248037980815,1.287239363344178,-1.7129776088818098,1.1980756076006491,1.0740368429740899,0.983601235629504
V,25,3,185,27.67733768745419,0.752680339576884,1.0903980043933132,1.1383586861738204,1.258310263175797,-1.7127235531041698,1.1894015961275277,1.0714904630155073,0.9826171932080533
V,25,3,186,27.66823668495476,0.7524328394116182,1.090621393201534,1.1340713109194842,1.266630334545931,-1.711084791402817,1.198432809825093,1.0723335879893046,0.983427824456036
V,25,3,187,27.70282779149328,0.7533735384813686,1.096839048363677,1.1335626392791396,1.1622606765363246,-1.7108899510581588,1.205244272728524,1.0763848928858262,0.9819259273998855
V,25,3,188,27.82278383743833,0.7566357220922274,1.092334040731226,1.1360575525627359,1.2692793957335682,-1.7118447606005012,1.4165250726105263,1.0749652074550073,0.982035726050086
V,25,3,189,27.85994039086622,0.7576461880397629,1.0927435868796307,1.0467614572231374,1.3261786357705967,-1.7775959512926507,1.1129538837369657,1.0734863734465356,0.9818619851918714
V,25,3,190,27.80011813641232,0.7560193323318518,1.0953870211102426,1.2149137680457318,1.2241479032805205,-1.639248874136947,1.1707888084603513,1.0732099670515032,0.9814125369036338
V,25,3,191,27.75260235787836,0.7547271490761476,1.0915149484344167,1.115650130801279,1.2861881711782985,-1.7039724480430085,1.4599998447189821,1.0579214433519133,0.9780527437659229
V,25,3,192,27.7520589996151,0.7547123725435663,1.088164116311106,1.0431765332816585,1.3329071830873045,-1.776106037027354,1.2863228506731827,1.0595022078569993,0.9773402134597557
V,25,3,193,27.7155718407585,0.753720110663883,1.096168881939015,1.1229289797500241,1.270414554019744,-1.7067967172937661,1.355580262083196,1.0612185445546614,0.980705462517895
V,25,3,194,27.79909324607004,0.7559914606189159,1.092669123943557,1.120119174498595,1.3182602671767518,-1.705708659017449,1.2008970199599254,1.0609558208109915,0.9780974921731401
V,25,3,195,27.78767769422701,0.7556810166905765,1.0840686548270597,1.040463617866486,1.5062699928107002,-1.7749751269133358,1.0838048357090155,1.0581455278853729,0.9781229081071424
V,25,3,196,27.55868549024623,0.7494536139035359,1.0925201980714099,1.110660304234086,1.3417498306726021,-1.7020256775132854,1.1504492250488023,1.0610085510195195,0.9795960455096924
V,25,3,197,27.50134457015653,0.7478942376480542,1.0915149484344167,1.1081169460323612,1.339878430941961,-1.7010300237889904,1.380830344408179,1.059785157813546,0.9796248227775622
V,25,3,198,27.38703986777587,0.7447857413333199,1.0876428757585912,1.1047136905338628,1.390133517797293,-1.6996941635343314,1.3684368973203218,1.0545241994088077,0.9752450918949201
V,25,3,199,27.29571738707691,0.7423022425026266,1.0893927547563202,1.1137728902238155,1.3473471060327435,-1.7032410700954508,1.4458967505869678,1.0618504183593087,0.9782347430638282
V,25,3,200,27.46615036786396,0.7469371374951477,1.0977326035965598,1.0255910280011626,1.1844117779086432,-1.768722441105236,1.1923803507039874,1.057833706650665,0.9769589187881006
V,25,3,201,27.49224010614612,0.747646643347605,1.0969507427677874,1.0248764654587732,1.3078405305008465,-1.7684197485898103,1.1699518502195456,1.0617599833287816,0.9773797736053127
V,25,4,0,35.53421917888683,1.0,1.0,1.0,1.0,-2.223779454930315,1.361820497859467,1.0,1.0
V,25,4,1,34.23352049349796,0.9633958838706749,1.011376478565509,1.010994002057201,0.8760101756197766,-2.2285280339820606,1.334783896839133,1.0153101048573565,1.0122511008032666
V,25,4,2,33.32803503108719,0.9379138138172324,1.0101333534242447,0.9579342497228124,0.9665392326266972,-2.306624916349702,1.4640476542741263,1.0202473610330232,1.0155043471251215
V,25,4,3,32.72731222793072,0.9210083402473108,1.0188728998719205,1.0772919755807588,0.7970368851235266,-2.154023683137978,1.5903773875058036,1.0226818185369628,1.0202761953328658
V,25,4,4,32.31167452005597,0.9093115106143776,1.0139003993068636,1.0134385978973806,0.9860226682246638,-2.229576895771711,1.2273425860564031,1.0203118826239137,1.0190935811864394
V,25,4,5,32.22121235891173,0.9067657346487137,1.0242974459428917,1.0064922053460508,0.8612743980392762,-2.226589870828305,1.321096710827357,1.0214963460851634,1.0156527374489694
V,25,4,6,32.06959932462568,0.9024990576880411,1.0220372184133204,1.00443500447508,0.8648308633874767,-2.2257012943609524,1.284585939654571,1.020529422920946,1.0162793549717462
V,25,4,7,31.7891650911882,0.894607109027914,1.019776990883749,1.0131580705058847,0.9907794710362504,-2.229456663166154,1.3186454677412116,1.0317409642074458,1.0182914998160189
V,25,4,8,31.60870696270835,0.8895286766703212,1.022376252542756,1.0137324837360908,0.919390381862254,-2.229702818048436,1.2806804352757137,1.0335096236155135,1.0190739990271236
V,25,4,9,31.43520214339108,0.8846459235572217,1.0262939802606796,1.014306896966297,0.8022252504607839,-2.2299488334909916,1.2623503645234417,1.0388663031324865,1.0192538230247148
V,25,4,10,31.36526137435192,0.8826776583003699,1.0239207413546298,1.0666853684927664,0.8503619216497157,-2.1497265962094123,1.5008375385144237,1.0267400452920628,1.016277768206854
V,25,4,11,31.49226453007636,0.8862517668261568,1.019550968130792,1.0608210101657785,1.077808492237029,-2.147332370803336,1.4803566296426727,1.0227753024859843,1.014735766006644
V,25,4,12,31.44771278960162,0.8849979967559477,1.028554207790251,1.000908374410559,0.8858069873952159,-2.2241737778549977,1.3077389499864918,1.032026077042313,1.015040828550609
V,25,4,13,31.30953910837555,0.8811095285577167,1.024787161907632,1.061582441656982,0.8565746937014459,-2.1476439849866624,1.1812010194688345,1.029214929660899,1.013181470222833
V,25,4,14,31.22808981972335,0.8788173918361479,1.0277254576960748,1.058964186003019,0.7316432767276185,-2.1465715307942093,1.5017243759092593,1.0307501591089323,1.010508348993356
V,25,4,15,31.1870786242455,0.8776632593850762,1.0222632411662775,1.0580424531452466,0.9315957196202884,-2.14619335199041,1.221090034251135,1.0303503960253582,1.0089855501798588
V,25,4,16,31.18108741659756,0.8774946554932113,1.0242974459428917,1.0469415835103328,0.9325574619762464,-2.1416127081125955,1.1882657716001395,1.0200496264872816,1.009028953552484
V,25,4,17,31.34579970789288,0.8821299702715134,1.0297219920138627,1.04402944201766,0.9512854243758025,-2.140403004311759,1.317981579303901,1.0219152319243627,1.0073110959143672
V,25,4,18,31.2771273329934,0.8801974000198984,1.0232803435545845,1.050548364258139,1.0480986410989206,-2.1431063090919835,1.174492900545609,1.0257454720071988,1.0105059763295232
V,25,4,19,31.13203234013491,0.8761141530480697,1.0274617644842914,1.110380849330074,0.9073643403861832,-2.0659981274805226,1.5562504905269032,1.0283981871409382,1.0090890239694206
V,25,4,20,31.04366723741153,0.8736273922646532,1.0189859112483992,1.0475694305293954,0.9745370197757989,-2.1418730748542334,1.32576732304904,1.0281182457560691,1.0038199562266783
V,25,4,21,31.07727034914143,0.8745730472559937,1.0238077299781514,1.0384188941877397,0.949047870716472,-2.138062839788795,1.3006013900936804,1.0221380144476355,1.0070016495761873
V,25,4,22,31.21932133461674,0.8785706301143702,1.02757477586077,1.0299095633123607,0.9129513764202201,-2.1344893490495664,1.1679167678140392,1.014494934819301,1.0025012154040351
V,25,4,23,31.28700768557315,0.8804754517910662,1.026180968884201,1.0254879172844948,1.0027031696867479,-2.1326208059076883,1.428390213086275,1.0125554562938168,0.9989463019750445
V,25,4,24,31.16909723485391,0.8771572291469818,1.0229789798839752,1.0290279057962304,1.041100108475882,-2.13411741058778,1.2576372012947412,1.0204954890172755,1.0006385248248248
V,25,4,25,31.1015269780778,0.875255674579652,1.021735854742711,1.0912381944722747,1.0048761783721867,-2.0584457228924524,1.3198500763747143,1.019236626361563,1.0005198430561537
V,25,4,26,31.0146292093408,0.8728102073442658,1.0254275597076774,1.0910378177640634,0.9844501493530663,-2.058365969003911,1.3091297974716303,1.0235153558867758,0.99789752447222
V,25,4,27,31.02464503181665,0.8730920714940148,1.0242221050252394,1.0221750223753994,1.001433000978118,-2.131215522639976,1.4016518834199594,1.0152676928187,1.001253523581283
V,25,4,28,31.10935067943151,0.8754758483033048,1.026406991637158,1.0165110407566227,1.0622079307317664,-2.128802358263131,1.2819094327566039,1.0141505100198978,0.9987764109474139
V,25,4,29,31.01862725271178,0.8729227198311972,1.0223009116251038,1.0881523931658188,1.1572443287840066,-2.05721588609054,1.3867633228281588,1.022229389170568,0.9993229060844706
V,25,4,30,30.8350889477395,0.8677576054931472,1.0231296617192798,1.0241520725630855,1.0655292396304972,-2.132054706420749,1.3525107708883586,1.0251577554785967,0.9979903534332142
V,25,4,31,30.66348950949947,0.8629284734000466,1.0212461387779705,1.09921318745909,1.085627470782683,-2.061608094611305,1.1701298869856795,1.0382880987371466,1.0040221672578384
V,25,4,32,30.51056964367973,0.8586250197333174,1.0316055149551722,1.035466677353425,0.9061463606263235,-2.136826385507845,1.3016560509629285,1.0440171472176734,1.0038313109150745
V,25,4,33,30.68431093843333,0.8635144277115524,1.030136367060951,1.0842250096848742,0.9997221044674965,-2.0556455854327442,1.237870077069954,1.0270377069221146,0.9990964971794626
V,25,4,34,30.78901973279656,0.8664611308271072,1.0298726738491677,1.0759026970704926,1.002859895778668,-2.052299160759067,1.1527222181965087,1.0214235629404114,0.9974325066363865
V,25,5,0,37.2108309725774,1.0,1.0,1.0,1.0,-2.2477255397247373,1.1649970270707195,1.0,1.0
V,25,5,1,36.27649850941464,0.9748908465964837,1.0487149870054866,1.0886466894685796,0.9597862533581182,-2.1825964047852677,1.212458076611053,1.026463387461989,1.0410244810799536
V,25,5,2,35.50829943284563,0.9542463445391357,1.0767831360092406,1.0920159273061414,0.8397258409106452,-2.1839384212477517,1.1479126395777852,1.038731764073444,1.0575931458787806
V,25,5,3,34.88361578481848,0.9374586611765278,1.0835691596881318,1.0997753841441626,0.9266461772175952,-2.1870134433526323,1.224517587555373,1.0484309004186367,1.0669972191108927
V,25,5,4,34.38402750885735,0.9240327778274217,1.0870054865723362,1.1066925315227936,0.9237014799445884,-2.1897364276815665,1.2363581878658478,1.0528987256655469,1.069950457211184
V,25,5,5,34.05901097849488,0.9152983174064224,1.0912214842622003,1.107534840982184,0.831193646648629,-2.190066845751956,1.1524345443356847,1.0568491857916653,1.073511603018946
V,25,5,6,33.65405508343294,0.9044155748156865,1.0907594571181056,1.1139414977793662,0.9036306805728481,-2.1925718316119043,1.129736396035451,1.0578157045297236,1.0701962806292238
V,25,5,7,33.45664592242688,0.8991104215620132,1.0890846087207624,1.1103935882382971,0.9199942321888434,-2.191186393912001,1.1568833527368199,1.0585064843987508,1.0724336790906932
V,25,5,8,33.26008890968071,0.8938281688520153,1.0954086052555587,1.1065904334065038,0.8551876715947926,-2.1896963599186536,1.186546001923094,1.0599441971426777,1.074226237459406
V,25,5,9,33.32568072968201,0.8955908765983067,1.0943690441813456,1.0998009086732352,0.978305511563759,-2.187023522713977,1.213830557199779,1.0518715392779239,1.076525397705641
V,25,5,10,33.26056430189428,0.8938409444929011,1.108287611897199,1.0926795650620247,0.7944246339805028,-2.184202269665286,1.1909298809634246,1.057055321797915,1.0821465337936313
V,25,5,11,33.12156491629028,0.8901054894662065,1.1113774184233323,1.10707539945888,0.8539523706216013,-2.18988664887799,1.2013764746529376,1.0698061128832028,1.087070584313691
V,25,5,12,32.8075834713368,0.881667584782356,1.1146404851285014,1.028740619735566,0.862741831070973,-2.2600314279784484,1.2093335617415253,1.06947530307109,1.0891878254603977
V,25,5,13,32.68987691575881,0.8785043510543928,1.1141784579844067,1.1119761090407885,0.9085783068824494,-2.1918049050166353,1.2033038327861512,1.0733401271889258,1.0908679154576888
V,25,5,14,32.5988336667222,0.8760576642522706,1.1144383482529598,1.101536576650161,0.9140297513519743,-2.1877083710718717,1.2004939129431338,1.060211458035355,1.088135583990174
V,25,5,15,32.74854635851202,0.8800810275547497,1.1136009240542881,1.0994180407371485,0.9399182272341754,-2.186872307725888,1.1161245039154062,1.060012837801735,1.0869906368358278
V,25,5,16,32.66772292428123,0.8779089869924103,1.1154490326306672,1.096482719893818,0.9433628785792176,-2.1857112403160905,1.1224367986749935,1.061365243110033,1.0880991607036214
V,25,5,17,32.46556489218695,0.8724762130712027,1.1343921455385504,1.110674358058094,0.752776199464141,-2.1912961940505116,1.1372623827753403,1.0776743055249531,1.1046680193428828
V,25,5,18,32.27708291046739,0.867410967904857,1.1317354894600058,1.1887283679616112,0.772704950629924,-2.119170082635624,1.4829525475998502,1.0806141556006184,1.1004819975920597
V,25,5,19,32.18729483595617,0.8649980125323369,1.1381749927808258,1.110265965592935,0.7610607243412096,-2.191136475579754,1.4615659785247297,1.0846560703839603,1.1069741455392392
V,25,5,20,32.21024502388772,0.8656147734949841,1.1479353161998267,1.0943641839808058,0.7054441745882589,-2.1848713196973684,1.1998998025469163,1.076225373209086,1.1107124176906256
V,25,5,21,32.26934106442092,0.8672029143396954,1.15180479353162,1.0949257236203993,0.7358032303019637,-2.18509410752583,1.1066051506902028,1.0763990254976852,1.11220409377924
V,25,5,22,32.2382917045085,0.866368497071903,1.152093560496679,1.0913012404921132,0.7881106249873376,-2.1836540974167615,1.2241604154096264,1.0806347116183916,1.1138999771538987
V,25,5,23,31.97039387592019,0.8591690386995346,1.157897776494369,1.1043187503190566,0.7501302859000724,-2.188803894697593,1.1804377739504683,1.092616158075984,1.1160101326474172
V,25,5,24,31.92924616364792,0.8580632393610949,1.1551256136298007,1.1880902547348002,0.768885065415164,-2.1189368893601714,1.113304286859974,1.0894620226252028,1.117278953812887
V,25,5,25,31.86358379900871,0.856298635805544,1.1502743286168062,1.1068201541681557,0.8648999269825128,-2.189786507187382,1.2220075887793145,1.0927124306930556,1.1157799230726584
V,25,5,26,32.04487921814223,0.86117075003667,1.157551256136298,1.0853795497473073,0.7192220552307645,-2.18129108307836,1.4041797901662072,1.0783943931057616,1.113870210179549
V,25,5,27,31.99113765113488,0.8597265047563926,1.1534507652324575,1.0913778140793302,0.759965770896402,-2.183684569589326,1.4855045528625734,1.080132058724248,1.1130341777792832
V,25,5,28,31.95421955263862,0.8587343716185041,1.1558764077389547,1.085609270508959,0.7662652585435383,-2.1813829918515473,1.296507421844591,1.0806733555943213,1.115118938896435
V,25,5,29,31.66753182935969,0.8510299555711923,1.166185388391568,1.0950022972076165,0.7860853121592769,-2.185124478831266,1.282909048469684,1.0944801303666225,1.1217725437299464
V,25,5,30,31.60337135445789,0.8493057136441824,1.1676869766098759,1.101077135126857,0.8266754919192645,-2.187527192756169,1.2071078939742357,1.098793062703641,1.1258860481471684
V,25,5,31,31.57315437944958,0.8484936658016985,1.1754259312734623,1.0927816631783145,0.7476635701088116,-2.184242847505768,1.1898527897871278,1.100381848829592,1.1253889915133535
V,25,5,32,31.57947703229735,0.8486635801164966,1.1785446144961016,1.1762979223033336,0.7901012442200069,-2.1146047856739063,1.1489372014774342,1.0984113574957457,1.1305107564847596
V,25,5,33,31.47552191242597,0.845869901040961,1.1767831360092404,1.1795650620246059,0.777316560186978,-2.1158093562891147,1.1716950897618885,1.1026852210098683,1.1283027583136873
V,25,5,34,31.43626839550061,0.8448150061111948,1.1753104244874386,1.1809433865945176,0.8715908866993939,-2.116316534158667,1.1464676470058393,1.1018842939728035,1.1296631538100386
V,25,5,35,31.33143965843115,0.8419978495379725,1.177014149581288,1.096891112358977,0.8148178617870315,-2.185872966140946,1.1580223319411285,1.1022788059987083,1.1283459419047512
V,25,5,36,31.28588613723413,0.8407736489488862,1.1782847242275485,1.1795140129664607,0.7810282501404471,-2.1157905605442013,1.1936510728904945,1.1049471221941516,1.1306972264293556
V,25,5,37,31.25797488146845,0.8400235647654329,1.1770719029742998,1.180152126193272,0.8336774503557763,-2.11602544890861,1.120639123195005,1.1037042497130465,1.1310783121313568
V,25,5,38,31.24714509634099,0.8397325262466898,1.1825295986139186,1.1732094542855684,0.6968359527764768,-2.1134630098245624,1.173622310311817,1.1039257328973788,1.1301784363438487
V,25,5,39,31.2404735538949,0.8395532359091264,1.1816921744152469,1.1691510541630508,0.7504072168647886,-2.1119580813253904,1.2238853126258316,1.1038833308116474,1.130299799677148
V,25,5,40,31.17305360719895,0.8377413992762482,1.1836557897776494,1.0887487875848694,0.7562286733987917,-2.1826371329387126,1.281713372862578,1.102183763006282,1.13197401284641
V,25,5,41,31.14077984168959,0.8368740774598357,1.1844065838868034,1.0894379498698248,0.7519742753244627,-2.1829119481162476,1.1982611982401732,1.1070277116674638,1.1319432678484482
V,25,5,42,31.06018427864669,0.8347081606840911,1.1880450476465492,1.1726989637041196,0.7306735903672011,-2.113273997121094,1.5064374372965477,1.1068593741444674,1.1349980326788902
V,25,5,43,31.08086020148169,0.835263803283157,1.1848108576378862,1.1609832048598705,0.8535363392244947,-2.1089133928947748,1.1805561722608213,1.099010086077779,1.1319319983251288
V,25,5,44,31.33579587926866,0.8421149181635218,1.1892001155067862,1.074888968298535,0.7989432139862531,-2.177073054244384,1.08735625401105,1.0911689506578999,1.133650023970883
V,25,5,45,31.26064729223292,0.8400953828542695,1.1922032919434018,1.1526111593241106,0.7871764658140605,-2.105770275756291,1.2016114109061657,1.0960016957597458,1.1364619986882898
V,25,5,46,31.26022742490641,0.8400840993834215,1.1982096448166328,1.1666241257848795,0.7428002124213321,-2.1110184091443003,1.134994261267442,1.110024642464206,1.1395001293215477
V,25,5,47,30.92619938022659,0.8311074644642501,1.1963326595437482,1.0870641686660882,0.7998092365848141,-2.181964629500743,1.1915433600622805,1.1116053028632724,1.1416464865833438
V,25,5,48,30.84471085930386,0.8289175504313498,1.1994802194628935,1.0816784930318037,0.7288582658172412,-2.1798076432813525,1.2051311300429934,1.1141953561864288,1.1412683929750214
V,25,5,49,30.80649801930575,0.8278906225450505,1.2002310135720473,1.1571800500280771,0.7100605612635047,-2.107488393481424,1.124105912447203,1.1019191753978153,1.141393985720744
V,25,5,50,31.06062043453514,0.834719881892058,1.1973144672249494,1.1550870386441372,0.7937172796654586,-2.1067021663649146,1.212435380236936,1.104095261337822,1.1401230264594346
V,25,5,51,31.00495702918669,0.8332239893281572,1.196448166329772,1.1576394915513812,0.8949344846674641,-2.1076607895730968,1.418801776575968,1.1025224781462428,1.1410650794023942
V,25,5,52,30.95471100771035,0.8318736829747901,1.2074501876985273,1.1644034917555772,0.7589462905940381,-2.1101909548578406,1.2005673145605642,1.1160589602418007,1.1468279999945963
V,25,5,53,30.71987672344245,0.8255627708524308,1.2076812012705747,1.1633059370054624,0.802454327218978,-2.1097814002966078,1.1087334281386785,1.1172140468913316,1.1465825763768878
V,25,5,54,30.60542601386982,0.8224870343912651,1.2099913369910482,1.1666496503139518,0.740337490794426,-2.1110279109543693,1.2860557475039185,1.1165665198772639,1.1524281752422176
V,25,5,55,30.55493431645714,0.8211301257683459,1.2124458561940514,1.0630966358670682,0.8578395535120875,-2.172282192389348,1.0957743560532058,1.1044021883395225,1.1480748549525257
V,25,5,56,30.82024996933957,0.828260191019454,1.2141784579844066,1.1434478533871053,0.795748956050831,-2.102303819266831,1.1569070309884202,1.1073245781316496,1.1488934008518072
V,25,5,57,30.70761017195592,0.8252331208240408,1.2144672249494657,1.1456174383582622,0.7739289719161586,-2.1031270715056722,1.1988467593490653,1.1065628873514335,1.151428969572522
V,25,5,58,30.69863088512716,0.8249918124040438,1.214755991914525,1.1587625708305684,0.8402448070185756,-2.108081914368166,1.1895776402965794,1.1228403497644048,1.153395114771351
V,25,5,59,30.400956194934,0.8169921337510052,1.2164019636153625,1.1624636275460718,0.804062055792982,-2.109466828834467,1.4940481505673502,1.1229409035197337,1.1570598618116172
V,25,5,60,30.36144683247463,0.8159303632549771,1.219058619693907,1.1592985859410894,0.7147702781794409,-2.1082827618809112,1.142855548063713,1.1249095200108192,1.1564899910778588
V,25,5,61,30.31845889825905,0.8147751099834966,1.2197227837135431,1.1449027515442343,0.7262529204337532,-2.102856054859705,1.0884365800295006,1.1099875788441345,1.1496307845296638
V,25,5,62,30.55810022977188,0.8212152061933725,1.2165463470978921,1.146995762928174,0.8282504783389162,-2.103649269342419,1.1961111925306205,1.1146794572981167,1.1532919535925878
V,25,5,63,30.50467814474021,0.8197795466384693,1.219405140051978,1.1453111440093933,0.7938209727849153,-2.1030109422231025,1.2032229106920793,1.115295070050332,1.153226990082895
V,25,5,64,30.47638558824752,0.8190192154189504,1.2213976321108866,1.157358721731584,0.8053608811707544,-2.107555444537994,1.202183477809816,1.124479503997627,1.1572783828290845
V,25,5,65,30.13900078815501,0.8099523714040681,1.2192030031764365,1.1544234008882537,0.8279887271986938,-2.1064525773452143,1.1067597061553274,1.1231154042485176,1.155165055297829
V,25,5,66,30.0779753615562,0.8083123804389702,1.224833958995091,1.1538618612486602,0.7500212370357204,-2.106241274543384,1.1921385849275112,1.1277548104381137,1.1559670583675388
V,25,5,67,30.04046327413138,0.8073042845044166,1.219838290499567,1.1480167440910716,0.827847659547056,-2.1040356781424308,1.1611776823372113,1.1158646273161765,1.1550568132787122
V,25,5,68,30.22727837954921,0.8123247342104579,1.2262777938203868,1.1428097401602941,0.7690140838489671,-2.1020613889639534,1.1634946425846402,1.1189344862431283,1.1558923354828523
V,25,5,69,30.19987917671122,0.8115884108841076,1.2209644816632976,1.1428097401602944,0.8358282421062803,-2.1020613889639534,1.1078920019189311,1.114625477309627,1.1556588586733632
V,25,5,70,30.21615806579972,0.812025888055754,1.2275772451631533,1.1520240951554443,0.7650666088316839,-2.1055490184150316,1.1878348472252624,1.131969685827995,1.1613618106315007
V,25,5,71,29.95909737602955,0.805117665824447,1.2237943979208779,1.1544234008882537,0.8062895978815144,-2.106452577345214,1.0822039884853256,1.1260667816310292,1.1612729982397954
V,25,5,72,29.88578439347456,0.803147460359027,1.2278371354317066,1.1494205931900556,0.800047434247361,-2.10456642950013,1.3890165160589858,1.1255213963496042,1.157375762093238
V,25,5,73,29.92007461958227,0.8040689723277594,1.227692751949177,1.1486548573178827,0.7714386131637133,-2.1042770091713816,1.1896088108703056,1.131762472951852,1.1627180477698722
V,25,5,74,29.80474803498928,0.800969697692426,1.224891712388103,1.1479656950329267,0.885023886996573,-2.1040163658655735,1.2052848341645046,1.1288582176855433,1.1596957409220747
V,25,5,75,29.78156973779259,0.8003468065451208,1.2313600924054289,1.146408698759508,0.7961161946789763,-2.1034269285047666,1.1757320335296564,1.1306158693117316,1.160616587111735
V,25,5,76,29.71578246423557,0.7985788462003087,1.2273462315911061,1.1481188422073612,0.8100257796332148,-2.1040743001199926,1.0991805849218783,1.1298341526154818,1.1596909514950786
V,25,5,77,29.636666874741,0.7964527020797199,1.2304649148137452,1.149088774312114,0.8488681410976375,-2.104441037704282,1.1917624545644097,1.1321664811619383,1.1622028276912788
V,25,5,78,29.59578536276505,0.795354056580347,1.2274906150736355,1.1475317780386953,0.8012700551473035,-2.103852176829729,1.200443017250086,1.1353812281503892,1.1596168391056083
V,25,5,79,29.55892238215174,0.7943634046747102,1.2288478198094137,1.2351830108734496,0.7672633693840368,-2.034309005112369,1.0830162872684208,1.1313469494614112,1.1617520590799362
V,25,5,80,29.58812442931707,0.7951481774519387,1.2311579555298875,1.143856245852264,0.7380898801851483,-2.1024589036703545,1.1672266497939934,1.1317324818655476,1.162660095438096
V,25,5,81,29.57313748166528,0.7947454197800439,1.2313889691019346,1.1399765174332535,0.8036434190395321,-2.10098336107233,1.1482613428621296,1.1323687274579566,1.1603974570356046
V,25,5,82,29.59452438346522,0.7953201691538404,1.2315911059774762,1.1399765174332535,0.7873011251637161,-2.10098336107233,1.180805226687666,1.1343174809571854,1.1628682053811814
V,25,5,83,29.39243088851976,0.7898891295972555,1.229916257580133,1.145311144009393,0.7637887944543825,-2.1030109422231025,1.1065039896874753,1.135655311581813,1.1645834489599853
V,25,5,84,29.36163946614288,0.7890616441159566,1.2293098469535084,1.1482464648527235,0.7987275582881205,-2.1041225727624453,1.075661196952841,1.1346437032433878,1.1648216734447319
V,25,5,85,29.39707065159309,0.7900138181073496,1.2299451342766388,1.1334677625197818,0.8778817007850285,-2.0984966284165236,1.168969352661432,1.1269277835958726,1.1632143462467552
V,25,5,86,29.51934559629989,0.7932998222494476,1.2365001443834827,1.1274439736586859,0.836745227269574,-2.0961824253356216,1.1213723998369756,1.122111399776934,1.1623557410857008
V,25,5,87,29.5145689667333,0.7931714556034539,1.2376552122437192,1.1267548113737305,0.7789507221167654,-2.0959168769830945,1.1809291654290157,1.1285245335744751,1.1625287336396914
V,25,5,88,29.52368952685628,0.793416560587261,1.2349985561651746,1.144315687375568,0.810515296656754,-2.1026333074536647,1.1260990021846269,1.1397222034965697,1.1663061859182766
V,25,5,89,29.18570013445963,0.7843334688217013,1.2361825007219176,1.1429373628056563,0.8266550746756539,-2.1021098858520233,1.0786448794873247,1.1381542898362238,1.1665708503998238
V,25,5,90,29.14278481985768,0.7831801671221618,1.2336991048224084,1.1454387666547554,0.8350500003769963,-2.103059333197993,1.1538181776010017,1.1417264116580483,1.1663433492968067
V,25,5,91,29.1427026756736,0.7831779595879054,1.239965347964193,1.127086630251672,0.767997363484746,-2.0960447538657014,1.1238960518325798,1.1289301927594828,1.1652224669910747
V,25,5,92,29.41297980159209,0.790441358949174,1.237424198671672,1.1264229924957885,0.8705312634272303,-2.095788962436381,1.1128559190326053,1.127412851615051,1.1635715269731626
V,25,5,93,29.51520588578286,0.7931885720997243,1.2380306092982962,1.1229261320128645,0.8158818322116604,-2.094438644321138,1.1755296208623405,1.1278448063121909,1.162785379613479
V,25,5,94,29.32738570971426,0.7881411122295855,1.2415824429685245,1.1325744040022463,0.8758818118079511,-2.0981541981649077,1.1916179918309817,1.135949038829359,1.165223596699514
V,25,5,95,29.11450756926857,0.7824202472319033,1.2423043603811723,1.133952728572158,0.7705615977082307,-2.0986824061180984,1.1707187750872075,1.1415495893803633,1.166530495914466
V,25,5,96,29.07472505562126,0.7813511360992702,1.2393589373375686,1.1349737097350554,0.8346616693782984,-2.0990732574983944,1.0882214750372339,1.1408232353387804,1.1698721667608698
V,25,5,97,29.03977887562179,0.7804119960938984,1.245740687265377,1.1313237020776967,0.7519637778537047,-2.097674341763121,1.0735810966086903,1.1392961430348503,1.1694542081718329
V,25,5,98,29.38839966272482,0.7897807948546665,1.2430262777938204,1.1233089999489512,0.8128167204315885,-2.0945866942124285,1.0570260723453178,1.1303903389188927,1.1697151660973586
V,25,5,99,29.28475522977321,0.7869954651470878,1.2502165752237944,1.1176425544948698,0.8325507746027795,-2.092390385030582,1.1687589178022135,1.131978215177493,1.1680285217686137
V,25,5,100,29.21793091505262,0.7851996354659437,1.2432572913658677,1.127673694420338,0.9059829631705378,-2.0962709053834003,1.0608455631125135,1.132671996678244,1.1709446969986346
V,25,5,101,29.01554180450823,0.7797606515665102,1.249321397632111,1.2190770330287406,0.7511403499092631,-2.0286088449072377,1.1807633035978558,1.1466209684909674,1.1730804372012804
V,25,5,102,28.99601845460169,0.7792359830924057,1.2492347675425932,1.2255857879422125,0.7839997412601563,-2.030921411693852,1.1595058228652517,1.147116028886119,1.1756855495699226
V,25,5,103,28.91826524951723,0.7771464515487065,1.2505342188853594,1.2254836898259227,0.8021105913549158,-2.0308852310396968,1.0921294659038816,1.1493624452469162,1.1750115023369683
V,25,5,104,29.02633118563546,0.780050604272355,1.2490037539705459,1.207106028893767,0.8626916584980842,-2.0243231145263025,1.0779835061674574,1.132583443221972,1.1748986445402232
V,25,5,105,29.04869841198901,0.7806516987862085,1.253652902107999,1.2105263157894737,0.7755109527128679,-2.0255519305781653,1.1738321932885518,1.142596013689502,1.1760552779493816
V,25,5,106,28.99350245156267,0.7791683682885097,1.2526133410337859,1.118944305477564,0.8106434227232379,-2.092895926167885,1.1624728817364882,1.1387672335944754,1.1747265570593999
V,25,5,107,28.6843974537222,0.7708615127370101,1.254692463182212,1.2213742406452601,0.8829681009627096,-2.02942645179582,1.0659204802023414,1.1482101967115481,1.1796797191381305
V,25,5,108,28.61641887577314,0.769034663505958,1.2592549812301475,1.2254071162387055,0.854466100365787,-2.0308580935708904,1.3736081767635429,1.1532291620498631,1.1816402168060705
V,25,5,109,28.53944099574027,0.7669659679670275,1.264741553566272,1.2162948593598448,0.7954794562396112,-2.0276165667245825,1.121807032827317,1.1554957144867921,1.1867988145118253
V,25,5,110,28.91622680096602,0.7770916704944293,1.26765809991337,1.2014906324978305,0.6886602412815302,-2.0222980846605108,1.0649166507497363,1.142087232628224,1.1810320877352085
V,25,5,111,28.77837604545167,0.773387083633256,1.2678024833958994,1.2015161570269028,0.7337253159198996,-2.022307310736923,1.32784546390251,1.140622925086785,1.1841010813242019
V,25,5,112,28.75939730705853,0.7728770509922993,1.2634998556165176,1.115855837459799,0.8222171053652099,-2.091695545475405,1.0870911441680404,1.1441841098305778,1.1797631252218947
V,25,5,113,28.60893669515316,0.7688335881624514,1.263644239099047,1.1243044565827762,0.8174598510777469,-2.0949713878972394,1.0402240460897094,1.1520892698247056,1.1842747250858268
V,25,5,114,28.42169947649599,0.7638017946291343,1.2716142073346808,1.2149931083771506,0.7439490878755133,-2.027151510071384,1.142101738331407,1.1558654132147137,1.1878977012323317
V,25,5,115,28.33683582841958,0.7615211777802671,1.27409760323419,1.210832610138343,0.7098838650291823,-2.0256618043724526,1.1630278643865846,1.1599123093602335,1.1889208749956686
V,25,5,116,28.29700638200379,0.760450805381297,1.2716719607276927,1.2164224820052072,0.8046060969266021,-2.027662133720596,1.0820951917637156,1.1601783037907234,1.1893261529759505
V,25,5,117,28.28391928477052,0.7600991040918816,1.2700259890268553,1.217979478278626,0.8472775731567957,-2.0282176664494744,1.1571945635258505,1.1607670367430538,1.190790087357836
V,25,5,118,28.23220141816456,0.7587092435256375,1.2693040716142074,1.2224973199244475,0.8779285938991731,-2.0298256112082007,1.1102769302879107,1.1629806970848635,1.1918820346276477
V,25,5,119,28.29959349837536,0.760520331277493,1.274039849841178,1.212874572464138,0.7928262206792861,-2.0263935868142693,1.108224864590561,1.1613463512804758,1.1864449594476791
V,25,5,120,28.11954195581307,0.7556816448559245,1.2753393011839445,1.2166266782377866,0.8102350857151163,-2.027735030971249,1.0680532271935075,1.1628080405597305,1.189070010377503
V,25,5,121,28.18831241219117,0.7575297749454886,1.2699682356338435,1.218387870743785,0.8998854010789874,-2.028363262388282,1.1512609140587342,1.1624700048291352,1.191821267272505
V,25,5,122,28.02385184532841,0.7531100787827245,1.2738665896621426,1.2089948440451275,0.8022029478010975,-2.0250021442587682,1.0904601543558796,1.1606935184696336,1.1905505377423515
V,25,5,123,28.01476982387081,0.7528660094830012,1.2728847819809415,1.212108836591965,0.8718970730897394,-2.026119312875989,1.3528025113731776,1.1606731385711373,1.1905262040664626
V,25,5,124,28.03848517717151,0.7535033334201682,1.2717008374241987,1.1248915207514423,0.8714047095437593,-2.095198098897378,1.1581225501400978,1.166206675098478,1.1923225910221888
V,25,5,125,27.93562439327622,0.7507390634157952,1.2735778226970835,1.2138445045688908,0.8449359498383092,-2.0267407519948892,1.1434692981778223,1.1664550096801842,1.1886147709976262
V,25,5,126,27.94926431046972,0.7511056211313042,1.2727403984984118,1.2154270253713821,0.8028327716737454,-2.0273065842954527,1.4420863527360872,1.1631776809112286,1.1893730431232883
V,25,5,127,27.94677990825142,0.7510388555645763,1.2743863701992493,1.2125427535861966,0.7786124609920764,-2.0262747560406678,1.044629658387605,1.164014464926349,1.1902806171875453
V,25,5,128,28.12963292974007,0.7559528286393352,1.2735200693040718,1.2006227985093676,0.7699372193180078,-2.021984281387168,1.1203553671196849,1.1551529640321585,1.1882683532436589
V,25,5,129,28.20452883775621,0.7579655734789046,1.2720184810857638,1.1981213946602687,0.8934121389939186,-2.0210785188756484,1.0357894985382619,1.1496271770961555,1.1881615278434063
V,25,5,130,28.19522882291409,0.7577156458476465,1.2717585908172107,1.200010209811629,0.8587572966214813,-2.0217626365993504,1.0519120933852981,1.1509076305171544,1.186429913119159
V,25,5,131,28.22224759811992,0.7584417456013913,1.2749350274328617,1.2097605799173006,0.7892813684528257,-2.0252771244173204,1.083103755811359,1.166472957201852,1.1906380677990644
V,25,5,132,27.89438062009006,0.7496306825463501,1.2766387525267109,1.2020266476083519,0.7557614206211607,-2.022491791117712,1.0878872594418665,1.164384183514513,1.1892953882855737
V,25,5,133,27.85048423381004,0.7484510156286086,1.2745307536817787,1.208331206289244,0.8335358368916913,-2.0247636872061388,1.051517885348074,1.1651077654814703,1.1920996092441662
V,25,5,134,27.77057135476517,0.7463034452315981,1.2819231879872943,1.195339220991373,0.809905149569955,-2.020068865147985,1.052215264386361,1.1547189490111978,1.191090910093214
V,25,5,135,28.15231470375273,0.756562376274253,1.2792954086052557,1.1901066925315227,0.7655777214896575,-2.018163592956889,1.458913698039397,1.1516578346119204,1.1906723782440938
V,25,5,136,28.08959203300099,0.7548767737463771,1.276956396188276,1.1923783756189699,0.8552788154998265,-2.0189917867967435,1.212285719826896,1.1518007138823763,1.1904162139280747
V,25,5,137,28.05009767235313,0.7538154064074707,1.2806814900375398,1.197968247485834,0.7537445956528683,-2.0210230026114013,1.1330353306901606,1.165064901843426,1.1919526432244303
V,25,5,138,27.78466178480272,0.746682109982405,1.2794109153912794,1.1999846852825564,0.8405727178635616,-2.0217533989445933,1.0271175155420291,1.1635610682883288,1.1946465988290005
V,25,5,139,27.67057809919696,0.7436162368851384,1.2796708056598325,1.2048088212772476,0.8206365336163086,-2.0234958341658493,1.140360464555228,1.1716796884300555,1.191788862915188
V,25,5,140,27.64154503215491,0.7428360052621615,1.2821253248628357,1.1954157945785902,0.7493967925012087,-2.020096685218367,1.137879403308174,1.167161944032456,1.1952919617811197
V,25,5,141,27.9722580416188,0.751723552269849,1.278717874675137,1.1931441114911432,0.8702307021817663,-2.0192705977298613,1.0415399636915021,1.1573318353413782,1.192128622126305
V,25,5,142,28.04920439648905,0.7537914006048393,1.2840600635287323,1.187426616978917,0.7986837033684148,-2.0171844752200907,1.139600352593847,1.1576928128178778,1.1938941889345862
V,25,5,143,27.85635354363254,0.748608746850113,1.28273173548946,1.1855122772984839,0.8409902410952153,-2.016483751453399,1.1274219849975808,1.1597273796124465,1.1950055026831736
V,25,5,144,27.63243216200719,0.7425911069379496,1.2825873520069304,1.2025116136607281,0.8545951879126581,-2.022666974924687,1.1207153992222876,1.1692259278573176,1.1945182114663393
V,25,5,145,27.42306252968976,0.7369645292226675,1.285994802194629,1.1995762928173974,0.7513873683731582,-2.021605569739667,1.141050408128077,1.1746947248565411,1.19895042825741
V,25,5,146,27.44066646154448,0.737437615455751,1.2839156800462028,1.2029455306549595,0.880037270807484,-2.022823658454625,1.1032852109817615,1.1763687143567874,1.19949516779205
V,25,5,147,27.60449850284829,0.741840420688038,1.2900086630089518,1.1821685639899946,0.7853391364760598,-2.0152571020004713,1.1383795451374685,1.155675878688803,1.1941989042729635
V,25,5,148,27.67110951900485,0.7436305182057648,1.2903840600635288,1.1847720659553833,0.7757230312566545,-2.01621250153934,1.1359024107355264,1.1646063706955962,1.1992047789899478
V,25,5,149,27.54287047994361,0.7401842356125126,1.2930118394455674,1.1757108581346676,0.7647219165564461,-2.012878224603566,1.044157549035698,1.1542374977338317,1.197048211501676
V,25,5,150,27.13516539826414,0.7292276116666531,1.2932428530176148,1.1950074021134311,0.7946212452003251,-2.0199482909122537,1.28123281114498,1.1745491406782091,1.2037275897535848
V,25,5,151,27.09878786272557,0.7282500055614474,1.289228992203292,1.2006227985093676,0.871593281987739,-2.021984281387168,1.0777996876493814,1.175507947723483,1.20153915904368
V,25,5,152,27.02657182190368,0.7263092791940328,1.2933583598036384,1.1990913267650212,0.8294255925426158,-2.02142995717742,1.0820756114155916,1.1792868737906501,1.2019136782485473
V,25,5,153,27.2691163783099,0.7328273963676311,1.2925498123014727,1.1752514166113637,0.7730395480344515,-2.012708478859016,1.1029335775851512,1.1606932495568079,1.1958527537824468
V,25,5,154,27.52997684079831,0.7398377332956253,1.2923476754259313,1.181504926234111,0.8858278120861015,-2.015013232257778,1.1368992349817,1.1659629492107733,1.2013920352696934
V,25,5,155,27.33276067108241,0.7345377664698042,1.2972567138319375,1.1765786921231305,0.8149700350298072,-2.0131986745494124,1.1047903086734618,1.1656123298965984,1.202338040296776
V,25,5,156,26.95369891297149,0.7243509002213651,1.2982673982096449,1.1897238245954362,0.7621353913088204,-2.0180238540702935,1.0764312782276053,1.172476056020378,1.2054223432573714
V,25,5,157,27.26613578542958,0.7327472962246776,1.2979786312445856,1.1930420133748534,0.74389709691579,-2.0192334332789557,1.137592896620608,1.180405189114376,1.2023450923857855
V,25,5,158,26.89124129143987,0.7226724205986539,1.2949177014149582,1.189009137781408,0.8341661459820314,-2.0177628877879323,1.2201639465305403,1.1720951425593462,1.2021970083923663
V,25,5,159,26.85744481208678,0.7217641775288338,1.2938203869477332,1.1887028434325388,0.8390157216061893,-2.017650997073381,1.13468066172559,1.1741502545899616,1.1998707889434186
V,25,5,160,27.38782729213123,0.7360176211145284,1.2948599480219463,1.1608300576854358,0.8444527289987807,-2.0073463403927003,1.1030033296617041,1.1529568472759344,1.1981168854530995
V,25,5,161,27.38479855686142,0.7359362271980087,1.2966214265088074,1.163867476645056,0.8266573579621863,-2.008481227856186,1.1209764079375724,1.1584421098140827,1.198971269948566
V,25,5,162,26.93488756284329,0.7238453659552245,1.3001732601790355,1.1833171677982544,0.7782699153744072,-2.015678860904633,1.1189313068365834,1.1782561924557329,1.2066349831700902
V,25,5,163,26.75692135474013,0.7190627205949445,1.2991336991048223,1.1830874470366022,0.8176491735994051,-2.015594541884249,1.1323547222794719,1.1774585930743637,1.2051009384023892
V,25,5,164,26.72319119976761,0.7181562599196272,1.3010395610742131,1.1874776660370618,0.7854716791541334,-2.017203145719294,1.0468189892905935,1.1779001261682474,1.2077988419001888
V,25,5,165,26.65502949189036,0.7163244892739385,1.2928674559630378,1.182602480984226,0.9807852726947255,-2.0154164812847486,1.0299761719296785,1.1742234466506738,1.2023054919568557
V,25,5,166,26.6836403958876,0.7170933757311726,1.2945423043603812,1.1812496809433866,0.918113171981579,-2.0149193997274017,1.0999729830467528,1.175160641834142,1.2059395848378363
V,25,5,167,26.63756436121662,0.7158551331693513,1.299595726248917,1.1834447904436163,0.8464108104382942,-2.015725697732061,1.1318955190003408,1.1805648027363875,1.2043161142577539
V,25,5,168,26.57121316772971,0.7140720180990159,1.3017037250938492,1.1801776507223443,0.7593941481665484,-2.01452508156637,1.0433019787031055,1.176541664899183,1.205569929175888
V,25,5,169,26.4327198458129,0.710350162975198,1.3009529309846952,1.178926948797795,0.8307264300950279,-2.0140645907552903,1.1250645030505586,1.1807781152950496,1.2070228900767939
V,25,5,170,26.25967547635738,0.7056997865946478,1.303263066705169,1.1786717035070704,0.7891941242822157,-2.0139705530176815,1.1432731432276462,1.1782715978210998,1.2056424450309036
V,25,5,171,26.08447539654543,0.7009914778782672,1.3069881605544327,1.1667006993720965,0.768628959480826,-2.009537153715958,1.1042166699485467,1.1738076358382208,1.2073535737192342
V,25,5,172,26.32024865250228,0.7073276238281011,1.3115795552988738,1.1767318392975652,0.791957202346531,-2.0132552000032207,1.1306152126724418,1.1839485833289882,1.211073488251036
V,25,5,173,26.32852004081643,0.7075499082570688,1.3056020791221483,1.1737454693960898,0.7820092639373808,-2.012151624433937,1.05413189435377,1.1775472870097259,1.2102486832633055
V,25,5,174,26.22535300642776,0.7047774081088001,1.3108576378862258,1.2694624534177346,0.804032548949989,-1.944108359167791,1.0808834894570793,1.182789607210617,1.2112586320580787
V,25,5,175,25.82686737536196,0.6940685467195056,1.3126479930695927,1.1848231150135282,0.7295291876458856,-2.016231213869987,1.0452511056698248,1.1943876121637864,1.214295828352089
V,25,5,176,25.74944544623185,0.6919879178513363,1.3087496390412938,1.1855633263566288,0.8838016139483794,-2.0165024521006734,1.2626802366211782,1.1927676248767536,1.2160219960888465
V,25,5,177,25.65620729160223,0.6894822453846737,1.3169794975454807,1.1795395374955333,0.7168421361029685,-2.0142901982834305,1.039266479923609,1.1967708131277641,1.2154814699910748
V,25,5,178,25.85603476698429,0.6948523881672772,1.309702570025989,1.1726734391750473,0.8133432592576064,-2.011754784091297,1.1215962635133163,1.1855680331736924,1.2113116531650021
V,25,5,179,25.83796669468394,0.6943668286721488,1.3051978053710656,1.2749247026392363,0.9118795329312996,-1.9459730347807904,1.1595445628556784,1.1832915630713614,1.2120564310451083
V,25,5,180,25.77716836976115,0.6927329408138638,1.30941380306093,1.170095461738731,0.8192111077473125,-2.010798990434888,1.111689225046032,1.1879654153725896,1.20851747284954
V,25,5,181,25.43643554910868,0.683576122442794,1.3135431706612763,1.2755628158660475,0.7491153958012445,-1.9461903493584978,1.0777704067393006,1.2000359447815996,1.214477165247068
V,25,5,182,25.30941016915557,0.68016245559814,1.3124169794975455,1.2802338046863038,0.8625107053899543,-1.9477777893855708,1.0142024078530332,1.198724450805909,1.2149456913708214
V,25,5,183,25.17930620987281,0.6766660553328883,1.3129367600346522,1.18096891112359,0.8208721096468953,-2.0148161605230315,1.1161591315870625,1.203854924145775,1.2174026022053273
V,25,5,184,25.11671122849356,0.6749838843159234,1.3148714987005488,1.2644596457195365,0.7954946228386622,-1.9423934725095602,1.123107642974327,1.188273933630335,1.2140026047380938
V,25,5,185,25.38899533084655,0.6823012189530792,1.3154201559341612,1.1589412425340755,0.7488600601159219,-2.006639113625329,1.053045951940162,1.189925233470738,1.2123206310355248
V,25,5,186,25.20886915431802,0.6774605268260672,1.3256136298007508,1.261575373934351,0.6987986164382927,-1.9414017017263066,1.0851141083306146,1.197752284202947,1.2189551582983964
V,25,5,187,25.18296738557686,0.6767644453878362,1.320502454519203,1.276456174383583,0.7430453790582318,-1.9464944071980805,1.014263964921723,1.202690845300043,1.2183969161837027
V,25,5,188,24.71486435394371,0.664184693218955,1.3204447011261913,1.2793659706978409,0.7623456071615003,-1.9474832937144395,1.4004666914135928,1.2059422274850404,1.2186790303243737
V,25,5,189,24.56511272951632,0.6601602836448246,1.318336702281259,1.2762775026800754,0.816138768360393,-1.946433612657914,1.0284791203390038,1.2123398551270612,1.2204692599620632
V,25,5,190,24.39872800833552,0.655688877959114,1.324371931850996,1.2639236306090156,0.7172824711108552,-1.9422093323830352,0.9922806827358207,1.20364659177155,1.2200411029563414
V,25,5,191,24.66453463728969,0.662832137650091,1.31946289344499,1.2519015774158968,0.7955457829028872,-1.9380586854400421,0.982270379933621,1.1947101116796652,1.2164907451242142
V,25,5,192,24.59218619443597,0.6608878531242486,1.3232746173837713,1.253790392567257,0.6533097438402994,-1.9387134364331977,1.0396784457129915,1.202297541461788,1.218094136549236
V,25,5,193,24.39159277002167,0.655497126307045,1.317990181923188,1.2620092909285825,0.852232864413378,-1.9415510509918017,1.3706138752599581,1.207032363737965,1.2186795762225024
V,25,5,194,23.96306405127635,0.6439808901052487,1.3281547790932717,1.255857879422125,0.6477706142685062,-1.9394289935458213,1.1569582306574564,1.2160489023113228,1.2197473097488656
V,25,5,195,23.80932810923849,0.6398494063941981,1.3230147271152182,1.2651743325335647,0.7495381576401201,-1.9426388712910032,1.0473122231748264,1.2152194858697625,1.220133679090399
V,25,5,196,23.62583824726995,0.634918318934642,1.3166907305804216,1.269717698708459,0.903110897192287,-1.9441956720916684,1.089858700244236,1.2180833039535697,1.2213215954058203
V,25,5,197,23.308001600577,0.6263768099603549,1.3261911637308692,1.2487365358109146,0.7683399788231152,-1.936959317378127,1.3413480187006837,1.2196095360866883,1.2186591744935464
V,25,5,198,22.94588243081793,0.6166452570685118,1.328414669361825,1.2346214712338557,0.6884744830231206,-1.9320223242785008,1.2864502306217898,1.2244814324207196,1.2203859557102699
V,25,5,199,22.53367100904592,0.6055675302078622,1.3267686976609876,1.3534381540660576,0.8238169463589178,-1.8707628204266165,1.0128610960161561,1.2415593230896065,1.218694461542188
V,25,5,200,21.69172994317628,0.5829412936024473,1.3276349985561653,1.3584409617642557,0.7734054255589669,-1.8723651737390272,0.9650671572766475,1.2619741584921464,1.226353982485688
V,25,5,201,21.09760483904563,0.5669748373690863,1.3259023967658101,1.360151105212109,0.7849077365054796,-1.8729115638868195,0.9409806550108087,1.273677030980628,1.2234968638326165
V,25,5,202,20.52327395298216,0.5515403288925966,1.3289922032919432,1.3461126142222677,0.7296194010968977,-1.8684057991195224,0.9310669069040824,1.2837970701272716,1.2218482206688042
V,25,5,203,20.03493546937435,0.5384167712927223,1.3239099047069016,1.3492521312981778,0.8539155231174569,-1.8694175178939807,0.9481082392313908,1.3003137764121488,1.2194161445356146
V,25,5,204,19.68663391252642,0.5290565514926159,1.3157666762922322,1.4729184746541428,0.9118295234545899,-1.8057871394525613,0.9320845603949095,1.3013159146712034,1.2211585821491937
V,25,5,205,19.35742171387776,0.5202093371186269,1.3156511695062085,1.4682474858338863,0.8677077907933043,-1.804407695788097,1.0142515216967587,1.3192438329552558,1.217382978068911
V,25,5,206,18.91711335048335,0.5083765359721303,1.3251227259601501,1.4677369952524375,0.8101909825292498,-1.8042566709810863,1.2499865458292485,1.3266802910438034,1.219506580666916
V,25,5,207,18.56122039230049,0.4988123056423874,1.3224083164885938,1.4629383837868188,0.8667064419238971,-1.8028344647840915,1.0417608876494064,1.333572339289608,1.2229276070888888
V,25,5,208,18.22558691142948,0.4897925263980497,1.3296274906150738,1.4558170401756088,0.7430956386514177,-1.8007152283823848,0.9035361568369779,1.3451547994549378,1.2218480122184214
V,25,5,209,17.9000016767968,0.48104278267766304,1.3280970257002598,1.5935473990504878,0.763578639169821,-1.7381893417771883,0.9613264023257434,1.3628208686996732,1.2221072325491331
V,25,5,210,17.60985011008156,0.47324527966223534,1.329483107132544,1.5834396855378021,0.7625325173431846,-1.735425881367905,0.910008457959443,1.3660729499958375,1.2193713166737217
V,25,5,211,17.37013461491099,0.46680319038593765,1.3260756569448455,1.451273674000715,0.8288982940851382,-1.7993577472030762,0.915554398212502,1.374597738661145,1.221507387318323
V,25,5,212,17.1293220696178,0.4603316190987858,1.3254403696217154,1.447751288988718,0.7807285503771837,-1.7983023902150117,1.4631332423960606,1.3774182269723931,1.2189424038892667
V,25,5,213,16.82030570263461,0.4520271454037232,1.3239387814034074,1.4433865945173314,0.7922383427150776,-1.7969910974018848,1.060924031246498,1.3941399345486598,1.2198650961025115
V,25,5,214,16.56618941946367,0.4451980508490165,1.324112041582443,1.5757823268160707,0.7383506350976513,-1.7333205813046615,1.4369846105911537,1.3938302179802942,1.2186892486965595
V,25,5,215,16.32555421598561,0.43873124542735314,1.3203580710366734,1.438587983051713,0.797544791685336,-1.7955448581307818,1.0404907878404763,1.4003394399536164,1.219823425614434
V,25,5,216,16.13715643941878,0.4336682631815208,1.3205890846087207,1.4252641788758997,0.8133885010437857,-1.791503800105488,1.1288793032820672,1.4011262354804774,1.2174868305876132
V,25,5,217,16.18821669205942,0.43504045109848155,1.3187409760323419,1.5559497677267857,0.7341132312441254,-1.7278199280825617,0.9027193129540209,1.398697213652969,1.2151808211753148
V,25,5,218,16.15259863827684,0.4340832552269669,1.3190008663008952,1.6880136811475832,0.7606833428338597,-1.6613546872421185,1.1531125609187367,1.398516724164956,1.2126348877209112
V,25,5,219,15.9368262306989,0.42828460999550316,1.3174126479930697,1.6910766246362752,0.7321333351548057,-1.6621420114622267,1.1187310614073973,1.4098947097056789,1.2128532252960564
V,25,5,220,15.45012341984728,0.41520500929509696,1.3171816344210223,1.5659298585941088,0.7538924827485675,-1.730596661125787,0.9174018001749359,1.4336437271162312,1.212509516463889
V,25,5,221,15.23322724081039,0.40937616394636683,1.3187698527288478,1.5756291796416357,0.7140049981550955,-1.7332783710298736,1.0318440427531648,1.4447646633967506,1.2161385540506582
V,25,5,222,15.01319377243762,0.4034630074104399,1.3161420733468092,1.7125427535861961,0.8161480834144681,-1.6676201474842225,1.1033741943677962,1.448996484313046,1.217726946988116
V,25,5,223,14.80613382219228,0.397898499850855,1.3167196072769276,1.5550053601511051,0.7565786926826107,-1.7275562463549086,0.889056659081594,1.4499990417781121,1.2149821207035416
V,25,5,224,14.90162790028383,0.40046479776991856,1.3173548946000577,1.5433151258359286,0.7530679715157547,-1.7242789686357034,0.8870057890422249,1.4427267146372664,1.2116396235407032
V,25,5,225,14.75071971855334,0.39640930699515725,1.3156800462027145,1.5438256164173771,0.7529687927233214,-1.7244225987861355,0.9202980952980088,1.4498588257957146,1.2152047072588021
V,25,5,226,14.61464831594256,0.39275253827878387,1.3147559919145249,1.5492368165807342,0.792745907942762,-1.7259421651187747,0.93932851613929,1.4577702428356176,1.2122270593778055
V,25,5,227,14.30987769451097,0.38456216430793133,1.319087496390413,1.5512277298483845,0.7442551432256835,-1.726499915579702,0.9046292170060174,1.4795192936635195,1.2161628878193795
V,25,5,228,14.00858378126824,0.37646522303121627,1.3180190586196938,1.7167543008831487,0.7950695169308537,-1.6686868691136676,0.8857626155868703,1.4832288932511444,1.2165561096246202
V,25,5,229,13.83352899021869,0.37176081878992007,1.3148714987005488,1.7164990555924247,0.7981112283652668,-1.6686222938493407,0.8897450782371434,1.4867639959837884,1.215292637188163
V,25,5,230,13.65589235178375,0.36698703025061413,1.3177302916546347,1.8737301546786465,0.8108947266009926,-1.6053819703284797,0.9815536245046244,1.5025499894531724,1.2190330458026049
V,25,5,231,13.75781653897858,0.36972613025270606,1.3133987871787467,1.8504773086936546,0.7918146207456009,-1.599958688178191,0.9385668033365512,1.4879588202204104,1.215461987370191
V,25,5,232,13.64349158834287,0.36665377342412675,1.3176725382616228,1.6782122619837663,0.7850724371117339,-1.658825615005718,1.1242286715259697,1.4836907020569647,1.2148725707917392
V,25,5,233,13.47369104247326,0.3620905712211244,1.3180190586196938,1.6866608811067436,0.8035492986815498,-1.6610064974457472,0.9307585513649309,1.4909288429041105,1.2150990872600413
V,25,5,234,13.29729724611364,0.35735018269044067,1.3184233323707768,1.872938894277401,0.8084667310884214,-1.605198532706086,1.0352565380553291,1.523127749383301,1.2184263709835197
V,25,5,235,12.90380110704804,0.3467754083900336,1.3228703436326885,1.870284343253867,0.7046796038840382,-1.6045825624678414,1.0316362422678635,1.5292911806995857,1.2173977421910434
V,25,5,236,12.7458694942292,0.34253117065894867,1.3191741264799308,1.870284343253867,0.8158240742937133,-1.6045825624678414,1.286233742471298,1.5255040573146557,1.218549258538095
V,25,5,237,12.60100033221013,0.33863797187158934,1.3172971412070458,1.852468221961305,0.7706900899445915,-1.600425690850656,0.8827843183479396,1.539596977390404,1.2212251298693098
V,25,5,238,12.52997938063049,0.33672936220812927,1.321282125324863,1.8439430292511108,0.74418253342639,-1.5984224231056456,0.9438304664813587,1.5348744782521029,1.2190693162183366
V,25,5,239,12.52557402607772,0.3366109731682281,1.3186543459428242,1.8329419572208896,0.7886437411569652,-1.59582363682229,0.8799170224660718,1.5332231687641844,1.2191931255825976
V,25,5,240,12.44155797473316,0.3343531345457454,1.3213110020213688,1.840369595180969,0.7898681913599535,-1.5975799738658847,0.9313455677408836,1.5443656396847207,1.2175197503791504
V,25,5,241,12.26471491907287,0.32960067266735804,1.3206757146982384,1.660574812394712,0.7742068758136667,-1.654237171290528,1.0159361585642415,1.5402119738862026,1.2201652425812048
V,25,5,242,11.91056540335677,0.32008329542907243,1.3361536240254115,1.8322527949359337,0.5031721170838538,-1.5956603170528054,0.882970194087057,1.5720281857572274,1.221964227630186
V,25,5,243,11.78797730224948,0.3167888755544496,1.3195495235345076,1.8658430751952626,0.7920259260617137,-1.6035500392677415,0.9889120829294366,1.5819079764872126,1.2213035658713045
V,25,5,244,11.64827771279781,0.3130346033224045,1.3200981807681202,1.6845933942518765,0.675513763415642,-1.6604738184060168,1.4597019722052829,1.5788954865683293,1.2211717719654738
V,25,5,245,11.52142908150142,0.30962568640276167,1.3305226682067572,2.017611925059983,0.5504900078368922,-1.5357715533765337,1.0402241791757834,1.5930512802689538,1.2206439062006207
V,25,5,246,11.60901892944504,0.31197956686321604,1.3214842622004042,2.013783245699117,0.7406765976604535,-1.5349466405367407,1.0761480542084554,1.5809115342786222,1.2196145800450422
V,25,5,247,11.52184718212424,0.30963692239539853,1.3216575223794398,1.8436622594313137,0.7368461022714179,-1.5983562897892452,0.9678458638636293,1.5861776053101113,1.2187270637849164
V,25,5,248,11.4473719781935,0.3076354835136486,1.3221195495235345,1.818648220940324,0.7356465819234588,-1.5924236263088043,1.609737001146444,1.5818449585962058,1.2197017650029043
V,25,5,249,11.30270814366784,0.30374780267598417,1.3223794397920878,1.8400377763030276,0.725109534927471,-1.5975016634542774,0.8844416440551138,1.6176464042830887,1.2223594747899498
V,25,5,250,10.91858635390684,0.29342495366344584,1.341784579844066,1.9158456276481697,0.6276674116836042,-1.6150354363840815,1.1513487523722112,1.7005470954251403,1.2373863790841781
V,25,5,251,10.67373208064229,0.2868447653993086,1.3375685821542016,2.112741844912961,0.6578246058976243,-1.5557803512738462,1.2438818756214807,1.7013640042887463,1.242888689580386
V,25,5,252,10.44677783060073,0.2807456204968791,1.3384060063528733,1.903313083873603,0.6365834231891472,-1.6121851572764616,1.095973553191146,1.7167583470515448,1.2416503843567666
V,25,5,253,10.23937437096954,0.275171881501799,1.3380306092982963,1.916560314462198,0.6592593390715669,-1.615197415333028,1.5341387832230617,1.7179175645845521,1.2397869657320986
V,25,5,254,10.03651552201377,0.2697202739011715,1.3403407450187699,2.1074582673949664,0.6085961974913631,-1.5546929005849666,1.2111165606268077,1.7218581100384207,1.2435024169379678
V,25,5,255,9.976598261161827,0.26811006366705714,1.3371643084031188,1.8954515289192915,0.6264030397261897,-1.6103876072000212,1.0958954167079553,1.7355534622239028,1.2448055313049262
V,25,5,256,9.802147884025157,0.26342190238237007,1.3389546635864857,2.084664862933279,0.6124882866172167,-1.5499701636688865,1.144544305271092,1.7460394277050144,1.2394970173424142
V,25,5,257,9.615831868097516,0.25841486515536094,1.3391568004620271,2.310199601817347,0.6188324578694965,-1.49293358680245,1.0173858897404848,1.7516253299174263,1.2386556868196887
V,25,5,258,9.384034823294334,0.2521855754903705,1.3378573491192607,2.1122824033896577,0.5979531240938669,-1.5556858983630992,1.1259445165292117,1.7584636217445662,1.239398038492182
V,25,5,259,9.206987673194464,0.24742762879924862,1.3411781692174414,2.315355556689979,0.644797386546851,-1.4939017748796797,1.0030786650675003,1.7719173046936931,1.2423599658649238
V,25,5,260,9.050319065337284,0.24321733293209538,1.338521513138897,2.087217315840523,0.6026783793879754,-1.550501586323577,1.0882330254013597,1.7918283305727511,1.2388325319333153
V,25,5,261,8.881945510706576,0.23869247954317777,1.3457984406583887,2.08415437235183,0.5193860564577546,-1.5498638010605879,1.2985289158369422,1.7878194495242383,1.2398613651764174
V,25,5,262,8.711952528386004,0.23412410582301416,1.3376840889402253,2.326101383429476,0.6341236398564402,-1.4959127217245682,0.9917465470805474,1.8072571335025314,1.2410829488336297
V,25,5,263,8.566232084306934,0.23020802977014507,1.3364423909904708,2.3251314513247237,0.6165971031134081,-1.4957315929004538,1.0063791824838106,1.8166875171473742,1.2402992207985069
V,25,5,264,8.455296099994227,0.2272267476699291,1.33814611608432,2.3045586808923377,0.7070222910902031,-1.4918718531641273,0.9691537548425757,1.807279439924038,1.240953107329766
V,25,5,265,8.319265180312277,0.22357106688757306,1.33956107421311,2.317984583184441,0.6333870165009247,-1.4943946253017892,1.0318243191116108,1.8400765725422688,1.2463127358106487
V,25,5,266,8.11986687233777,0.21821245750522808,1.3437770719029742,2.319107662463628,0.5767889725740714,-1.4946049929707463,0.9887209893859445,1.8513640287814772,1.2396145887149181
V,25,5,267,7.915623033944022,0.2127236298425439,1.3412070459139473,2.317193322783195,0.5751009409865648,-1.4942463505057322,0.9574892965745976,1.8624399320936544,1.2409414876057163
V,25,5,268,7.741581440574651,0.20804645417028783,1.3427663875252671,2.2963142580019396,0.647013191860513,-1.4903154045302824,1.408791887706844,1.8704485128398072,1.2439383459276303
V,25,5,269,7.560249045956506,0.20317334626383507,1.3392723072480508,2.0587064168666096,0.6411389689952519,-1.5445283354437536,1.1317482803404262,1.8934740225239526,1.2425202062841845
V,25,5,270,7.37759524560589,0.19826472703721196,1.340687265376841,2.2831436010005617,0.5533563874404205,-1.4878173099497196,1.1882576367436446,1.8919912366615992,1.2399856121879513
V,25,5,271,7.282401848998173,0.19570650960106092,1.3362402541149292,2.5335902802593293,0.653582815811101,-1.4305508213855302,1.0054780305300537,1.9068299413105299,1.2360873983125877
V,25,5,272,7.176978121959681,0.19287336332931587,1.3372798151891425,2.2829649292970546,0.7315237207526496,-1.487783322087,1.727948864191328,1.9048174475209487,1.2381385390583992
V,25,5,273,7.062962617378662,0.18980932252181434,1.3430262777938204,2.5188115779263875,0.6141453981452368,-1.4280101180296185,0.9173161527505003,1.9326268093085304,1.2448341846348736
V,25,5,274,6.862189511004122,0.18441376695030615,1.3511406295119839,2.272168053499413,0.6566295561342099,-1.4857245315403016,0.8956249161360057,1.948493437590573,1.2465908836520114
V,25,6,0,35.9921836166526,1.0,1.0,1.0,1.0,-2.3633230362140987,1.7046818698168467,1.0,1.0
V,25,6,1,33.79594589209153,0.9389801478022874,1.0080407856018612,1.011382088675131,1.0154039470925886,-2.368238294331631,1.2437740605442476,1.0125383637675098,1.0118374061119877
V,25,6,2,32.58458088429388,0.9053238122851174,1.0106412098816122,1.0119542860677666,1.0549095788364926,-2.3684839303809877,1.331810089554261,1.0170747648887015,1.0139062286257836
V,25,6,3,31.87169725053832,0.88551718867627,1.0140286046670772,1.0107016377217266,1.023551195269459,-2.3679460056379766,1.5498802459342942,1.018225821204033,1.0157569304983403
V,25,6,4,31.4496047782249,0.8737898515185953,1.0175528638883184,1.0731794070797829,1.0982446059260655,-2.2923733739478487,1.3644379127192694,1.020701690160224,1.0192811452699908
V,25,6,5,31.16233153546778,0.8658083062526336,1.0189899404639704,1.0732721958461562,0.9611193211576953,-2.292410922103315,1.3724536950869426,1.0225190776804538,1.0195482750254083
V,25,6,6,30.91441493758014,0.8589202385397057,1.024464517895025,1.070782363948471,0.9906884345258004,-2.2914022530513405,1.35511527070044,1.020872426673383,1.0180973806450138
V,25,6,7,30.73335496723433,0.8538897026801909,1.024498734003969,1.0041291001036141,1.0464018883276185,-2.3651125895192977,1.648776905426048,1.0200316754292118,1.0189750906661126
V,25,6,8,30.53984098030514,0.8485131467871038,1.0157394101142818,1.0686018279386975,1.1748001957225391,-2.2905169561624947,1.2207753220838133,1.0185681043696522,1.0184021986230252
V,25,6,9,30.36009826535755,0.8435192093016207,1.021864093615274,1.0662511791905727,1.0253569507005145,-2.2895605678871824,1.3331819555301552,1.0222945148388853,1.0172496719537747
V,25,6,10,30.2599422102805,0.8407364924722169,1.0177923766509271,1.068122419312435,1.1715020868543784,-2.290322074183948,1.2227411024327282,1.0218030328163261,1.015952277228506
V,25,6,11,30.23077814825945,0.8399262037069763,1.0237117634982549,0.9987164220651685,1.0393503262430996,-2.3627652273276842,1.2802360886776523,1.0214773371095314,1.0161402227447667
V,25,6,12,30.13329025922862,0.8372176186967096,1.0238144118250871,1.12875987813742,1.0789962993988818,-2.2127928471682417,1.463529551822394,1.020535163579806,1.0189921436426788
V,25,6,13,30.08567729108045,0.8358947490243583,1.0212824197632244,1.0591837681518024,1.152939769137044,-2.286672360057882,1.3372225034256853,1.019853854725495,1.0155610671151334
V,25,6,14,29.9763255451211,0.8328565408643857,1.0247040306576336,1.0542968931228058,1.007024230824395,-2.284663970125501,1.4090974028638192,1.0194909902280744,1.0152797244876555
V,25,6,15,29.90694791594863,0.830928965980033,1.0219667419421063,1.0551165272257703,1.0956379819223447,-2.2850014692449983,1.6161729360396897,1.0198427778470236,1.0125633311198268
V,25,6,16,29.89288661741382,0.8305382895297077,1.0205980975843425,1.0520699627298455,1.1318838194366563,-2.283745664808552,1.3228843088507434,1.0184944340600282,1.0106873116084747
V,25,6,17,29.90104923111765,0.8307650780399789,1.0308287141586256,1.117841733294156,1.028218489097606,-2.2085716026321323,1.3382251299478753,1.0223372412786436,1.0177106018532314
V,25,6,18,29.74391260083981,0.8263992237214002,1.0288441798398686,1.1153209718076798,1.0506011116503158,-2.207591151663439,1.3486373378446272,1.0235457913730046,1.0147799196202438
V,25,6,19,29.7100260842285,0.8254577271739212,1.0298022308903032,1.1116248859471412,1.0741983736573473,-2.206149543945684,1.4695924490588863,1.0199078723784394,1.0121831081494912
V,25,6,20,29.69270119173136,0.8249763756482215,1.0297337986724149,1.109537138703741,1.1527808597454723,-2.2053331268051326,1.3541659391512955,1.0193250027458969,1.0131575155801311
V,25,6,21,29.60516563124846,0.8225443042458518,1.0268596455211112,1.0450334812798663,1.191443219043601,-2.2808312482187474,1.2936132122619595,1.0212008845489036,1.0117875721060754
V,25,6,22,29.57063580494391,0.8215849341039254,1.02785191268049,1.1037842351885931,1.0963502143076338,-2.2030754701380926,1.3557087913817207,1.0198926757765256,1.010364958178183
V,25,6,23,29.56548419878174,0.8214418028558454,1.0253199206186272,1.0381671125682383,1.1892244165114136,-2.2779683104392388,1.624877849945695,1.0172641809359995,1.0124507774790241
V,25,6,24,29.49633075222017,0.8195204566186148,1.032505303496886,1.0348112521844022,1.124967381571962,-2.2765621858557052,1.2757242816932417,1.0184524085717932,1.0116457545200293
V,25,6,25,29.449879035692,0.8182298509409233,1.0301101758707998,1.0986499234492675,1.160255988717887,-2.2010506129705742,1.1969160592267691,1.0162286620561323,1.0094502878640386
V,25,6,26,29.42496734525685,0.8175377092609274,1.0269622938479437,1.0331255895952862,1.235709789720567,-2.2758541621790074,1.2069204980225718,1.0170216453741228,1.0116842454008492
V,25,6,27,29.43357622459497,0.8177768967309017,1.030520769178129,1.025918995406956,1.1675703475873935,-2.2728141144870526,1.3560010619845853,1.016600665704689,1.0074963692790064
V,25,6,28,29.45458956618459,0.8183607274262947,1.0263121877780057,1.0915051884385196,1.197369827349845,-2.1982170876370253,1.476453108984406,1.0131742301649291,1.0088840856819545
V,25,6,29,29.48302475042766,0.8191507651896582,1.026380619995894,1.0905463711859948,1.3397307208323024,-2.197835420149024,1.3147268630318043,1.0158373865137031,1.0081278547613792
V,25,6,30,29.431823440603,0.8177281977130639,1.0370902620953943,1.0853811298578786,1.0011094042918074,-2.1957735499635813,1.3106761526487674,1.0141964692884635,1.00771601080774
V,25,6,31,29.33407413984891,0.8150123496890816,1.0285704509683158,1.0177999783492877,1.145555509921829,-2.2693634807144747,1.6169706388524476,1.011399035758657,1.0040552697863165
V,25,6,32,29.26259917644459,0.8130265028684056,1.0317867652090602,1.0823500301563491,1.1368967155908387,-2.19455901676252,1.315449744869214,1.0147416423816227,1.0052521884043335
V,25,6,33,29.21789857182902,0.811784549751816,1.0266201327585025,1.0839583687734873,1.2685510409908365,-2.1952038859003937,1.3024221137690528,1.0151513896399647,1.0051095373496115
V,25,6,34,29.24972140564384,0.8126687093280661,1.0237117634982549,1.0799993814082243,1.4382698971603396,-2.193614789916589,1.3314055506263915,1.0145373620274698,1.0061062017204125
V,25,6,35,29.2542614607688,0.8127948493581715,1.031992061862725,1.0758548165102146,1.0861436134804885,-2.1919449516832565,1.2662939216548015,1.0130711520611517,1.003641459371951
V,25,6,36,29.20186526366213,0.8113390833600665,1.0344556217066994,1.0074849604874503,1.1238566513819561,-2.2649396152251535,1.197554149475859,1.0100836889880245,1.004805136564262
V,25,6,37,29.12913186012017,0.8093182722773985,1.0261753233422295,1.0769992112954858,1.3584936219913626,-2.1924066684376258,1.3078056568486816,1.0138118156820242,1.002260036211861
V,25,6,38,29.08274623192424,0.8080295027853893,1.0314446041196195,1.139059431204862,1.200708464023846,-2.114648470739485,1.2311569373697624,1.0125958926099856,1.0023698844443338
V,25,6,39,29.09305065436596,0.8083157989032207,1.0321973585163895,1.0677821938357328,1.035510335563203,-2.1886739575379193,1.2134403946826413,1.0116401799573376,1.0008128834313794
V,25,6,40,29.1802645982005,0.8107389345696598,1.0263121877780057,1.0670089541159549,1.429136564054252,-2.188359347128844,1.2619546739850465,1.0091199051467037,1.000926309310037
V,25,6,41,29.14786863888931,0.8098388513833705,1.030178608088688,1.064488192629479,1.236733803106177,-2.187332131759762,1.2493547177999595,1.0104778854933896,1.0023221857550328
V,25,6,42,29.14900888987264,0.8098705319003259,1.033189625675768,1.0640242487976121,1.2885722794226764,-2.187142808695107,1.3418744550660968,1.0089833253725933,1.0023746539323393
V,25,6,43,29.08521277533939,0.8080980327596032,1.0316156846643398,1.1266102717164375,1.2860602703750568,-2.1098757929960543,1.3363963134866854,1.009537960908835,0.9998159509703212
V,25,6,44,29.07401061849849,0.8077867941595724,1.0281940737699309,1.061998360731794,1.3164933829437726,-2.186315129562913,1.328933320314616,1.0131973863018229,1.001696964867743
V,25,6,45,29.09927052281316,0.8084886105479224,1.0320947101895572,1.058627035553562,1.3059218742215764,-2.184934264127963,1.3507232327389609,1.0081472132278868,0.9995661606477033
V,25,6,46,29.12213086558658,0.809123757973733,1.0299048792171352,1.053245287103908,1.3142509665201065,-2.1827208076713323,1.317048577764967,1.0081826083606706,0.9994964872119878
V,25,6,47,29.12699477637863,0.8092588959482404,1.036577020461233,1.0497811731593027,1.1665539656377402,-2.181290063018408,1.3130628801726567,1.0084835234606198,1.000393163181312
V,25,6,48,29.02562846454707,0.8064425535748184,1.032813248477383,1.1167437328920713,1.2583743245898233,-2.1060556103702024,1.2142828118556117,1.0060955658882813,0.9997878468927383
V,25,6,49,28.90118009748584,0.802984903758772,1.0298364469992474,1.0521318219074276,1.357982000162714,-2.182261439291541,1.3048055133885088,1.0097123843098925,0.9972504527965256
V,25,6,50,28.90060040140664,0.8029687975929062,1.0375692876206117,1.045002551691075,1.2177585936409288,-2.179308634090863,1.6145914617080308,1.006900398709096,0.996328222633613
V,25,6,51,28.87586727485107,0.8022816170978577,1.0358584821734071,1.112815675115599,1.2278902714479034,-2.1045253209544086,1.1829922693271964,1.0069791855162755,0.9957569931176544
V,25,6,52,28.91718614183723,0.8034296126578448,1.0291179087114213,1.0432395651299815,1.4280885127734968,-2.17857533261122,1.3300774819032495,1.0063784115497003,0.9946068484363759
V,25,6,53,28.93852120026059,0.8040223818726998,1.0333949223294328,1.0391104650263676,1.3461643160037249,-2.176853001865136,1.275264128916678,1.005695089807216,0.9942783996481519
V,25,6,54,28.89528026226298,0.8028209838564482,1.035824266064463,1.0358164638201137,1.2064150441841617,-2.1754740928258225,1.5087937682941306,1.0018105999947213,0.9944009599811771
V,25,6,55,28.81188971861098,0.8005040768151812,1.0291863409293094,1.1034130801230995,1.4754963149258866,-2.100840214340711,1.3076059997976908,1.0011369297400836,0.9947565977780631
V,25,6,56,28.81505556263095,0.8005920360247053,1.0353110244303019,1.097799359757512,1.2713894660717924,-2.0986250596203964,1.2837304189953047,1.0031803783646067,0.9922133219589216
V,25,6,57,28.81482014661451,0.8005854952707754,1.0326763840416069,1.099160261664321,1.364766095989318,-2.0991631052525253,1.2897039564387474,1.003189949965158,0.9931254570144282
V,25,6,58,28.86440525114908,0.8019631584062686,1.0311024430301785,1.030017165921779,1.3633044621524886,-2.1730357457527782,1.290915996902007,1.0025417306694073,0.9938243169209027
V,25,6,59,28.82202084311506,0.8007855580559967,1.0324368712789982,1.0972735567480627,1.364419523759008,-2.098416999698357,1.20910998894732,1.002562024237466,0.9908777336155156
V,25,6,60,28.79121394200345,0.7999296249611968,1.0311366591391227,1.0981086556454231,1.437192199484217,-2.098747401264346,1.2567741264010963,1.0046288564848842,0.9916066952974016
V,25,6,61,28.73982977196889,0.7985019769312288,1.032402655170054,1.0282541793606854,1.3761743333386176,-2.172291766564465,1.2900992929600117,1.0054045525207425,0.9925116778130515
V,25,6,62,28.70858701348493,0.7976339340579005,1.0318209813180044,1.0948610488223558,1.2654432671270126,-2.097461091881369,1.5084731697277975,1.0033991747444468,0.9904512056730186
V,25,6,63,28.6470001696146,0.7959228168740619,1.033942380072538,1.091288681316982,1.27467557407448,-2.0960417372466362,1.26698222671118,1.004526292008588,0.9903137914501361
V,25,6,64,28.77484175887385,0.7994747433317859,1.0343529733798673,1.0869430740918298,1.3727181879606178,-2.0943088860589145,1.1740901540255968,0.998753194653377,0.9903867889000127
V,25,6,65,28.75971727203291,0.7990545274593056,1.0315130363375076,1.0895566243446793,1.4878762230727183,-2.095351891945256,1.3056117250588144,1.0030197939552763,0.9921180361904043
V,25,6,66,28.7379875468708,0.7984507928986703,1.0408540340792445,1.0826593260442603,1.3649438925579014,-2.0925939077233844,1.303928757991733,1.0030809055739447,0.9939897466754051
V,25,6,67,28.66684302763327,0.7964741270760216,1.0413330596044617,1.0805097196232776,1.279549940337781,-2.0917307643494865,1.1815940235807134,1.0020211282163891,0.9909353798324889
V,25,6,68,28.64139574876615,0.7957671047086612,1.039519605830425,1.0791797473052596,1.2917199435663518,-2.091195872902676,1.5215219030459273,1.0000368316471104,0.9892415706572744
V,25,6,69,28.64158730702466,0.7957724269269669,1.0408882501881884,1.0777569862208682,1.3156980966787568,-2.0906229331701103,1.5512890009806366,1.0007051927998702,0.9901004149658708
V,25,6,70,28.68963075528378,0.7971072569770362,1.037671935947444,1.0803860012681132,1.4677630115217946,-2.0916810347873454,1.1701476965348592,0.9996252821741047,0.990692803800983
V,25,6,71,28.69034551159452,0.797127115630747,1.0400328474645864,1.0778961693704283,1.3880800868582561,-2.090679014988055,1.2365825792078702,1.0014622841313139,0.988840163325076
V,25,6,72,28.64600568667727,0.7958951863488367,1.0401697119003626,1.0761641123981256,1.388809453353676,-2.089980591685886,1.3079689718457788,1.0035671935225043,0.9902772342389421
V,25,6,73,28.59395193235908,0.7944489347161876,1.0371929104222268,1.0761331828093346,1.4698566804298994,-2.0899681096279745,1.2831317590762397,1.0024735610075597,0.988677151240578
V,25,6,74,28.51215189959802,0.792176218127711,1.0417436529117907,1.0735505621452763,1.2404937516906285,-2.0889245901377125,1.1694226413991098,1.0008011324910118,0.9894982640921591
V,25,6,75,28.49033506962416,0.7915700634635142,1.0404434407719154,1.0676430106861727,1.3158136391412656,-2.0865281477583566,1.2964890523130845,0.9990548171209042,0.9881884625304639
V,25,6,76,28.49499474433392,0.7916995269814655,1.037329774858003,1.0712153781915468,1.4924374007572525,-2.0879788851663643,1.1897443648224018,0.9992930622629919,0.9863458321602847
V,25,6,77,28.47653282640289,0.7911865845568641,1.0397249024840893,1.0702256313502312,1.5408809274973836,-2.087577434348568,1.273095515706577,1.0019234028451247,0.9904420386226811
V,25,6,78,28.43586937892317,0.7900567990480762,1.0447546704988708,1.0693750676584752,1.2722822249891792,-2.0872321408202317,1.288768953226577,1.0018634131725777,0.9895754595169982
V,25,6,79,28.41113152664612,0.7893694872544789,1.042222678437008,1.066096531246617,1.4101383094424829,-2.0858986167482416,1.1554785606653248,0.9990058488428588,0.9875509281648948
V,25,6,80,28.38273002618072,0.7885803853548026,1.0392800930678163,1.0649676012557412,1.5156257619911133,-2.085438482204303,1.2745495716738378,1.0010698393620743,0.9874189121710159
V,25,6,81,28.35478053472853,0.7878038419877794,1.0411619790597413,1.063467516199372,1.4513535734844758,-2.084826315298306,1.2648835294179963,1.0010344111224112,0.9863092505994947
V,25,6,82,28.33245477752347,0.7871835473859612,1.0435228905768834,1.1279711736232465,1.4477293692960636,-2.0092359937859428,1.3223793438072178,0.9979055894285427,0.9874417109233228
V,25,6,83,28.31368834895745,0.7866621444956586,1.0445835899541505,1.0586888947311444,1.3755174512476345,-2.082870443966932,1.4204798416740336,0.9993121367926258,0.9851998725315797
V,25,6,84,28.27920937185455,0.7857041871383021,1.0490659002258262,1.0579311198057622,1.2999836666697169,-2.082559478861794,1.237578480349733,0.9978363055847042,0.987357279229661
V,25,6,85,28.24692963199444,0.7848073329711887,1.0408540340792445,1.0608539659465226,1.5581874242347113,-2.083757690765519,1.1602713348467109,0.9980492477480858,0.9875417515056637
V,25,6,86,28.20394462268704,0.7836130456291027,1.0473550947786217,1.0572970632355443,1.2696701843761766,-2.0822991123631667,1.1673450850370166,0.9981158936961395,0.9861482574547465
V,25,6,87,28.17967800340699,0.7829388264836763,1.0457811537671935,1.0540649212068725,1.399029671657054,-2.0809694469106055,1.2774758089875682,0.9995932410594655,0.9857321429640925
V,25,6,88,28.15868126291699,0.7823554570300851,1.0464654759460754,1.0555804710576373,1.3775380945826035,-2.0815934333425226,1.2553474358269767,0.9995077076305439,0.9866299005625679
V,25,6,89,28.09446560047913,0.780571301249991,1.0464654759460754,1.0537246957301702,1.421097993143218,-2.0808292450164214,1.2616806072477842,1.0002738334297059,0.9882336475305616
V,25,6,90,28.05423320765769,0.7794534920820352,1.0454732087866967,1.0552402455809349,1.4951483435329442,-2.081453432775682,1.5130276125036304,0.9995930115123218,0.9866239212731986
V,25,6,91,27.97590095903868,0.7772771237501409,1.0481078491753917,1.120053198892721,1.2924059823938694,-2.0061766435443817,1.3611595123369138,0.999282922299188,0.9871077205546671
V,25,6,92,27.93474413794497,0.776133630442481,1.0489290357900498,1.0491625813834804,1.3043645519682447,-2.0789448794429566,1.277651830362606,0.9994477347922176,0.9862152982905262
V,25,6,93,27.9131998450402,0.7755350478964972,1.043728187230548,1.054961879281815,1.47383077044123,-2.0813388532793082,1.178963936886138,0.9985500946671003,0.9863899455110954
V,25,6,94,27.83993616263109,0.7734995036464059,1.043693971121604,1.118676832191516,1.5153691933441873,-2.005642636736575,1.5888573481224877,0.9972221192590718,0.9851875454605
V,25,6,95,27.80511580263821,0.7725320613716123,1.0492027646616027,1.049703849187325,1.2592353516602866,-2.0791688761892275,1.3587967033886903,0.9991809321815043,0.9852476719622725
V,25,6,96,27.70535835578961,0.769760419397591,1.0494422774242111,1.117377789462289,1.4306731642560901,-2.0051380272810935,1.2919836313682946,1.0011813381768921,0.9859031220760534
V,25,6,97,27.63182859428237,0.7677174824563263,1.0487237391363853,1.0490079334395248,1.4125858067865835,-2.0788808591468513,1.5817828298525238,1.00038980181317,0.9851554012657794
V,25,6,98,27.56594944746014,0.7658871087417471,1.0512899473071922,1.1166200145369067,1.3747377288163147,-2.0048434007772977,1.3029602814934513,1.001803108609795,0.987258036637606
V,25,6,99,27.51287486187193,0.7644124945267969,1.0443782933004857,1.0487759615235916,1.4502661851352352,-2.078784811004143,1.4424967871925418,1.0002655433068273,0.9841636016403268
V,25,6,100,27.43621024416477,0.7622824593357204,1.0510504345445835,1.0453737067565685,1.488804793716171,-2.077373658980251,1.2759642762397225,0.9978523037211688,0.9842226740671525
V,25,6,101,27.38854094374978,0.7609580245383569,1.0505029768014782,1.1118568578630743,1.2600509526621262,-2.002986871920601,1.4090078191450954,0.9988898599755244,0.9843652771683715
V,25,6,102,27.33026824154324,0.7593389868376386,1.0526243755560118,1.045110805251844,1.3482344009217226,-2.077264424328923,1.2760814767787758,1.0038428134854118,0.9886017648209241
V,25,6,103,27.22461967453851,0.7564036670990537,1.0537535071511668,1.0436880441674525,1.2809312513827336,-2.0766727949494377,1.5599676257846857,1.001131353167245,0.9849575526457025
V,25,6,104,27.15035145914547,0.7543402130951494,1.0468076370355162,1.1134806612746082,1.551633759022247,-2.003620671495202,1.2839356602054988,1.0028177461759824,0.9856928080607094
V,25,6,105,27.11758740829844,0.7534299029234746,1.0452679121330322,1.0423271422606435,1.5638608974200507,-2.076106133425365,1.2657774346040813,1.0015324926650868,0.9841376027361552
V,25,6,106,27.09419106637152,0.7527798633988901,1.0541298843495517,1.1071091659836383,1.4287349911478113,-2.0011284392008273,1.3306437227545242,0.9994656867387709,0.9876147712708081
V,25,6,107,26.98523765989174,0.749752722627432,1.0582700335317867,1.1094443499373676,1.3148727957252067,-2.002043515577965,1.5755871395658987,1.0006716739333898,0.9886562869224148
V,25,6,108,26.90589032993235,0.7475481514681906,1.0569356052829673,1.0397754511853765,1.405917602172465,-2.075041646102015,1.304663145254663,1.000861604952447,0.9886774710923933
V,25,6,109,26.81804641069624,0.7451075126847336,1.0539245876958871,1.0400074231013097,1.4656949963553687,-2.075138525564491,1.2818179993727414,1.002408544055354,0.9888102895913374
V,25,6,110,26.73366573994489,0.7427630961400172,1.0540956682406077,1.1098309697972564,1.4166331192506252,-2.0021948324262615,1.1619142117204444,1.001588255656368,0.9865894170808631
V,25,6,111,26.65433490477416,0.740558983268854,1.0575514952439609,1.1066142925629803,1.3506775365404766,-2.0009342678840962,1.4143700076361787,1.0014059314461479,0.9867292394787466
V,25,6,112,26.70347276961219,0.7419242203814836,1.0604940806131526,1.1013717272628858,1.244082347399004,-1.9988719165476097,1.4804131745967888,0.9982599009245051,0.9852372373841706
V,25,6,113,26.61985698872331,0.7396010553915664,1.0555669609252034,1.104696658057931,1.4183077203215553,-2.0001810329829772,1.1744204587709244,0.999437207696316,0.9874429253568564
V,25,6,114,26.58986795760597,0.7387678458414945,1.0571409019366318,1.1042481790204597,1.4975974119700561,-2.0000046845557735,1.3996981166965818,0.9990776430424398,0.9871499333638311
V,25,6,115,26.49455377312933,0.7361196546260955,1.0552932320536508,1.1040780662821088,1.5270846649822183,-1.9999377750365208,1.1507023657384106,0.9990755362212584,0.9870597117700041
V,25,6,116,26.44709240508736,0.7348009969823285,1.0590227879285568,1.1017738119171705,1.3953275916177632,-1.9990304382117006,1.5681949175842005,1.000411230751012,0.9866373250017446
V,25,6,117,26.39630257798093,0.7333898620634975,1.0605282967220968,1.0276201227904675,1.4604066702379896,-2.0699346864615014,1.223882526378724,0.9977107909048277,0.9866538348275677
V,25,6,118,26.34943788701036,0.7320877823822612,1.0580989529870664,1.0974900638696008,1.4139035153984834,-1.997338589850815,1.2666154935167304,0.9995005749856386,0.9869076631760925
V,25,6,119,26.38585363959038,0.7330995507419662,1.0607678094847053,1.024805530210476,1.4949219534187643,-2.068743546806072,1.3090614328244787,0.9957601339258153,0.988199185037857
V,25,6,120,26.28895173339338,0.730407246567563,1.0603572161773762,1.0931908510276356,1.4820735972480172,-1.995633981207793,1.1550521222493557,0.996030219789151,0.9904239575098193
V,25,6,121,26.22893599230449,0.7287397806052832,1.0614521316635872,1.024341586378609,1.3772270192581288,-2.0685468910873053,1.3411077851211524,0.996171811853512,0.9880194029398004
V,25,6,122,26.11813130292511,0.7256612041410281,1.063641962636009,1.0912577517281905,1.3276449077942216,-1.994865334532553,1.2607303659061784,0.9989513014948312,0.9878596903771164
V,25,6,123,26.08241227284199,0.7246687933869721,1.0575514952439609,1.0900514977653373,1.4556036033799928,-1.9943850087893205,1.1853274848466875,0.9954700730126148,0.9891182174313642
V,25,6,124,26.03263575107238,0.7232858119513423,1.0638472592896735,1.0864327358767762,1.4568612353125134,-1.9929408358948466,1.2873501996853178,0.9949290591192023,0.9868454869607155
V,25,6,125,26.04339993036654,0.7235848818663219,1.0574146308081844,1.0867729613534787,1.640494550644658,-1.9930768175449316,1.269497664298164,0.9972066898468341,0.9867658667529758
V,25,6,126,25.96758711323843,0.7214785129409024,1.060323000068432,1.0819170159132734,1.4694123107346975,-1.9911319440446558,1.2371326018313102,0.992964406577059,0.9868729006422335
V,25,6,127,25.9157360181304,0.7200378919532933,1.067782111818244,1.0815303960533842,1.3742597902831737,-1.990976722454704,1.6045744291247537,0.9942260381256232,0.984831135707244
V,25,6,128,25.86057805789103,0.7185053936523608,1.0608704578115375,1.0827985091938201,1.5947427744501528,-1.991485641964125,1.29231557257145,0.9934752530876778,0.9872334539932005
V,25,6,129,25.80504042843416,0.7169623466939324,1.0631629371107916,1.0801849589409709,1.3582562871645876,-1.9904361184498625,1.2927053554117691,0.9940924420298979,0.9882931036389931
V,25,6,130,25.75458466202421,0.7155604932541038,1.0613836994456989,1.0782982540247126,1.4998903296932222,-1.9896768948081245,1.602614914532913,0.9909361246977285,0.9840282998681547
V,25,6,131,25.76572212825566,0.7158699345025169,1.059912406761103,1.0750815767904365,1.572847673714702,-1.9883794124113927,1.2082872864337673,0.9896426649114306,0.9859364768080302
V,25,6,132,25.75329570902078,0.7155246812284385,1.0656264969547662,1.0731175479022006,1.397755808784202,-1.9875852894305983,1.2637663963378392,0.9948914987195653,0.9877501917600168
V,25,6,133,25.53854545780008,0.7095581009979092,1.0675768151645795,1.076179577192521,1.540814345944038,-1.9888227389282853,1.2574108517500489,1.0007758452064912,0.9878619172639465
V,25,6,134,25.44454404913535,0.706946383696566,1.0683980017792376,1.0785920851182282,1.4392935277098293,-1.9897952218468236,1.6076893756447024,0.997587156439817,0.9860862356162887
V,25,6,135,25.4128219372317,0.7060650225587836,1.0672688701840825,1.0724834913319827,1.2582921285113233,-1.9873286086473205,1.164029492481979,0.9960391115336698,0.9871887351625714
V,25,6,136,25.37706785311216,0.7050716378700314,1.0650790392116607,1.0739217172107698,1.383621809946841,-1.9879106177235957,1.4173244286591054,0.995666829097027,0.9868200860534866
V,25,6,137,25.39081266661923,0.7054535211603997,1.0678163279271882,1.068168813695622,1.3435896472535136,-1.9855778869427025,1.2585793754857693,0.9953242157314736,0.9885957119932952
V,25,6,138,25.31069801373083,0.7032276308465002,1.0668582768767536,1.0665759398728791,1.5508286553454063,-1.9849297753229744,1.2075560013170363,0.9937181337406139,0.9864225475010722
V,25,6,139,25.18596438979259,0.6997620555075111,1.0640867720522822,1.0697152931351777,1.615968972152431,-1.9862061975250918,1.27145439838441,0.9983752724521071,0.9871637286095147
V,25,6,140,25.05981088929961,0.6962570305877501,1.0696982139191131,1.0653542211156302,1.2784912313991796,-1.9844320237713517,1.12691546755765,0.997510248690195,0.987217067499649
V,25,6,141,24.99368640498478,0.6944198404628298,1.0683295695613495,1.068230672873204,1.4580366420287445,-1.9856030368265658,1.5621806797417626,0.9968809664132463,0.9876797882799315
V,25,6,142,24.90202636626223,0.6918731753396796,1.0648737425579962,1.06368402332091,1.6211952757000667,-1.9837506289334448,1.2893170390432982,0.9973533015131185,0.9866081334032553
V,25,6,143,24.89949899865044,0.6918029554375278,1.0717169643468143,1.0618282479934429,1.5115656123780008,-1.982992267572713,1.54428908894168,0.9934815573658271,0.9878170280485444
V,25,6,144,24.85720844723895,0.6906279627818468,1.0685690823239582,1.0601889797875137,1.5881059413944425,-1.982321278413444,1.2232275710428147,0.9977420849358205,0.9876806365061643
V,25,6,145,24.78476294767762,0.6886151507687459,1.067029357421474,1.1301362448386247,1.5879699621515337,-1.9083528211040612,1.2527301619924804,0.9953630524039533,0.9878947778116921
V,25,6,146,24.6615171536429,0.6851909130134769,1.0665503318962566,1.0585497115815845,1.5588384013645062,-1.9816492509650852,1.5911487626453873,0.99770898495805,0.9868840977591516
V,25,6,147,24.56119152946978,0.682403484908484,1.067782111818244,1.126331905417317,1.4478177046365588,-1.906888404082941,1.1993763123179355,0.9968324661508957,0.9831590323144641
V,25,6,148,24.4875417524071,0.6803572134778003,1.065934441935263,1.0548226961322549,1.4446879489838884,-1.980117458541074,1.4715534360323423,0.996528274788422,0.9838773872904663
V,25,6,149,24.52468927060744,0.6813893130746458,1.070827345514268,1.0474150596167822,1.4794121805107363,-1.9770568066535026,1.1672222224036943,0.9930814798441927,0.9862111950054613
V,25,6,150,24.50754312372211,0.6809129277831073,1.0732909053582427,1.0437035089618483,1.4923605859706783,-1.9755151363860823,1.1015214722221416,0.9919320130263878,0.9857632543551933
V,25,6,151,24.47695825852371,0.680063163691988,1.0702456716622186,1.113697168396146,1.566859336677748,-1.9019891330648486,1.385938884622592,0.9949504785063171,0.9865248291826374
V,25,6,152,24.30274419822691,0.6752228332982468,1.0708957777321562,1.113635309218564,1.5900892200919403,-1.901965009949188,1.2267979156040216,1.0016355329992088,0.9838727428792221
V,25,6,153,24.25772663705953,0.6739720739209649,1.0651132553206049,1.1166818737144886,1.674871056857529,-1.9031514842160722,1.0966653446121721,0.99960776069135,0.9831303471453733
V,25,6,154,24.09050570189753,0.6693260391890062,1.0709642099500445,1.1118568578630748,1.495577109643089,-1.9012708967225858,1.0880294158219337,1.0004828250002633,0.984034137205844
V,25,6,155,24.1966940664478,0.6722763565601685,1.0721959898720317,1.1070473068060558,1.5232729528995073,-1.8993881973352875,1.20516985272432,1.0018379663322936,0.984173029684037
V,25,6,156,24.09567732499863,0.669469726583919,1.0723328543078081,1.0364659851847269,1.6049207900557463,-1.9724930467617683,1.0847796920694046,1.0040541368274323,0.9845792463861526
V,25,6,157,23.80574152057099,0.6614142052097312,1.0756518168753848,1.1066452221517713,1.4419795695868725,-1.899230430937064,1.2503286985002895,1.0112149203756267,0.9869165273945336
V,25,6,158,23.66000920040639,0.6573652060793429,1.0760281940737697,1.109150518843852,1.4392951318257707,-1.9002125043045783,1.2731952135670583,1.015487828019297,0.9857212326928289
V,25,6,159,23.52090872378966,0.6535004648316801,1.0795866694039553,1.106799870095727,1.2904438688151991,-1.8992911171036575,1.5543075350447264,1.0165393042464541,0.9860710450644642
V,25,6,160,23.42334836568875,0.6507898663545216,1.0726750153972489,1.106490574207816,1.5627467344656152,-1.8991697362893,1.2324425126510479,1.0237889947905843,0.9850586113839699
V,25,6,161,23.38992669940098,0.6498612851202253,1.0797919660576198,1.099160261664321,1.500632110805627,-1.8962830364024814,1.5068693236423878,1.0206718964863182,0.9860700462593538
V,25,6,162,23.45244225521934,0.6515982054606027,1.0786970505714089,1.1020831078050817,1.4309486775536873,-1.8974363633939457,1.096239841278162,1.0229852922386153,0.9841988766427153
V,25,6,163,23.4085477417005,0.6503786486260867,1.0792445083145144,1.0956033589533427,1.4491224687700335,-1.8948753726723828,1.2242228573694445,1.0283632612219398,0.9827842718783604
V,25,6,164,23.23563507640117,0.6455744759440123,1.0826661192089233,1.0966549649722408,1.4060562142077215,-1.8952920267876292,1.6062528748980123,1.0288535074411331,0.9851203943076073
V,25,6,165,23.08539288702902,0.6414001754633203,1.0785601861356326,1.09885096577641,1.4518773868914887,-1.8961608118236395,1.2604181108543797,1.0333320936771233,0.983787979586953
V,25,6,166,22.949677401808,0.6376294821742854,1.0743173886265653,1.175525416389589,1.5673646630379403,-1.8236699672047778,1.1519493507715766,1.036857172894284,0.9836312050200614
V,25,6,167,22.88450101652871,0.6358186338530645,1.082837199753644,1.0928196959621421,1.4131721534957495,-1.8937705313339164,1.0740766255287,1.0341777585875527,0.9821421322680849
V,25,6,168,22.85159708742521,0.6349044373304541,1.0777047834120304,1.0937475836258754,1.5301208473087966,-1.89413912416903,1.0771368941848662,1.0359240732333561,0.9829291435785171
V,25,6,169,22.81230059498937,0.6338126310412225,1.0753096557859438,1.1682724278180718,1.7137425031349844,-1.8209820707408686,1.1197337882189562,1.0416642083817205,0.9849678627685998
V,25,6,170,22.69094143192631,0.6304408110828771,1.0801341271470608,1.172308739155313,1.4062115649502491,-1.82247994614329,1.494982153934407,1.0422765475973457,0.9845054304541242
V,25,6,171,22.53962946819433,0.6262367881943639,1.0796893177307876,1.0818860863244824,1.4567796166409812,-1.8894035531608264,1.241238606687623,1.043902080803854,0.9811249478145219
V,25,6,172,22.44197230276912,0.6235235000408764,1.0791760760966262,1.1566274376382164,1.5865826476575473,-1.8166314340996577,1.0879234419233914,1.0422898984217384,0.9801955946227523
V,25,6,173,22.35429502140936,0.6210874910925559,1.0805789365633338,1.15713777585327,1.494872148606954,-1.8168230154001317,1.1174792848942163,1.0461580765115313,0.9809102151459668
V,25,6,174,22.38225307781644,0.6218642724266604,1.0786286183535208,1.1571996350308522,1.6819698051554524,-1.8168462316341685,1.0568112316946487,1.0494131502224153,0.982914888684595
V,25,6,175,22.2918676247813,0.6193530201503934,1.081365907069048,1.0763806195196635,1.5481447597358138,-1.8871878871977523,1.234362180926015,1.0540976786923637,0.9834446996373118
V,25,6,176,22.17558883422086,0.6161223522976478,1.0804762882365018,1.165133074555774,1.6933339839081205,-1.8198134743526264,1.1881691749957743,1.0586143151516623,0.982828182768318
V,25,6,177,22.06825361101188,0.6131401708231311,1.0810579620885512,1.1532406476655892,1.6946726818906825,-1.815357884965083,1.4799167130376951,1.0564256110340489,0.9840321512896208
V,25,6,178,21.99165223040982,0.6110118925997833,1.085163895161842,1.1583285650217279,1.485958959208492,-1.8172697100477149,1.3583404786956,1.0588278666680075,0.984828662117932
V,25,6,179,21.88619949322045,0.6080820137596292,1.088482857729419,1.1510601116558155,1.3457214506703008,-1.8145359479540641,1.0954641403284529,1.0643733331903598,0.9803440133630738
V,25,6,180,21.83461555599933,0.6066488154360562,1.0849585985081776,1.157632649273928,1.616875902765113,-1.8170087105315138,1.4425406807105223,1.0619506472164832,0.9821215875946554
V,25,6,181,21.83022311778389,0.6065267767661543,1.0867378361732702,1.1573542829748078,1.4929287709879642,-1.8169042667901223,1.1647467691179965,1.0704451857146546,0.9823494952293074
V,25,6,182,21.61318037079115,0.6004965022681013,1.087456374461096,1.1466217156642904,1.4880457829972666,-1.8128581061726456,1.654447566133345,1.0702387175545727,0.9823813881502266
V,25,6,183,21.45745067080136,0.5961697378336773,1.0863614589748853,1.1457092927949521,1.506012305768343,-1.8125123792799935,1.0754736085564505,1.0752013484770244,0.9862228109286804
V,25,6,184,21.37004845307964,0.5937413712012821,1.0834873058235817,1.2350184804293025,1.518815271657947,-1.7432657689917401,1.023371940923573,1.0737416706736418,0.9835692630533256
V,25,6,185,21.26809955674871,0.5909088424106765,1.086635187846438,1.148554814963735,1.4681195849084043,-1.81358967043015,1.1182018782023746,1.0833471885435462,0.9843437801525183
V,25,6,186,21.22397212689422,0.5896828142728875,1.0884144255115307,1.1420596013176003,1.4755201099579924,-1.811126712906097,1.1072447595215194,1.0834138220022618,0.9839848311588035
V,25,6,187,21.14421377987711,0.5874668234937059,1.0885170738383632,1.1483228430478016,1.5927948730225694,-1.8135019477575578,1.4677706488606408,1.0815700236350891,0.9856019017939431
V,25,6,188,21.00195969058608,0.5835144628699062,1.0936837062889206,1.1442710669161655,1.4738032382007589,-1.8119668605008785,1.3408709048389027,1.0841428581343555,0.9824776665256831
V,25,6,189,20.94297106402631,0.581875534062806,1.0898857181961266,1.1362139090360792,1.4378161651713848,-1.8088980450481007,1.0805089703307427,1.090842619707593,0.9831378871534429
V,25,6,190,20.85713385379242,0.5794906493014886,1.0923834941490453,1.2313997185407421,1.509328814578657,-1.7419913626903893,1.0382403202513337,1.0908070846675608,0.9825212268006348
V,25,6,191,20.83910386448879,0.5789897074999113,1.090809553137617,1.136260303419266,1.5279137740022775,-1.8089157779882605,1.162244917140051,1.0924049377989493,0.9810133101629899
V,25,6,192,20.75563957457522,0.5766707515065063,1.088551289947307,1.217388614818366,1.4711870662450635,-1.7370215485567064,1.4568888266636193,1.0823992939029008,0.9803056173446666
V,25,6,193,20.66560989947043,0.5741693840967463,1.093409977417368,1.2228940816231846,1.5074072335916648,-1.7389811558708603,1.0367574058725209,1.0924407326024257,0.981114607478627
V,25,6,194,20.58703234895792,0.5719862003435896,1.0987819065215905,1.1272288634922598,1.3834734506177127,-1.805450044291352,1.6446258555587312,1.0960774319598021,0.983523108995778
V,25,6,195,20.43332137650512,0.5677155238519949,1.092280845822213,1.1259143559686373,1.5538125361996913,-1.804943300269251,1.066183985179546,1.1019446397343318,0.9831388386486329
V,25,6,196,20.35419283710651,0.5655170315281782,1.0951207828645726,1.1231152281830412,1.4231489532492896,-1.803862259461538,1.6817332903073101,1.100945771308512,0.9846060050736879
V,25,6,197,20.27038316751227,0.5631884795712622,1.092280845822213,1.223373490249447,1.4523244079023692,-1.7391513780706083,1.632660688820761,1.1020260797979184,0.9852279814105214
V,25,6,198,20.29251136763213,0.5638032852845121,1.0936494901799767,1.3054760836954673,1.626525154649727,-1.6660574318401336,1.686840888356791,1.1023767529585702,0.9818528709160095
V,25,6,199,20.32147829279114,0.564608096836585,1.0960104016971188,1.2028826376753319,1.6534013831339947,-1.7318155690546173,1.3539546598058207,1.1017782469740434,0.9877036878833548
V,25,6,200,20.06888756405169,0.5575901639589981,1.1011428180387326,1.3104248179020461,1.4773185379828115,-1.6677006213974495,1.5051569712508541,1.107907385904767,0.9863763860163473
V,25,6,201,19.91625839691165,0.5533495441409378,1.0993635803736397,1.199990721123363,1.5099867282754111,-1.7307702005981853,1.1545115064317157,1.111147482098514,0.9868134922154459
V,25,6,202,19.83881648701351,0.5511979128111202,1.0977554232532676,1.2026661305537945,1.5215884688222499,-1.731737393255671,1.182045805913029,1.111003285189105,0.9870940779201948
V,25,6,203,19.75661788563029,0.5489141224676749,1.0964894272223362,1.314662171566429,1.5451486925665627,-1.6691026784873706,1.4425682089762037,1.1143747615409934,0.9860070804122337
V,25,6,204,19.75826673900476,0.5489599338969572,1.10162184356395,1.3057389852001917,1.5008011875920726,-1.666144882831461,1.4349153816760827,1.1110299498219163,0.9845367829039373
V,25,6,205,19.71319073418172,0.5477075507322363,1.1037090262095395,1.2961198830861542,1.4490971517983844,-1.6629336848278236,1.0545859619616678,1.1186973310125403,0.985101755979718
V,25,6,206,19.61453370872328,0.5449664826573114,1.1056593444193525,1.2967694044507678,1.3611282063991257,-1.6631512672381379,1.033005389076808,1.1207233862372574,0.9861314232898043
V,25,6,207,19.47749682958266,0.5411590760103522,1.099432012591528,1.2073828928444394,1.5476917754460346,-1.7334373308343887,1.4061999769145874,1.1220683361931711,0.9851186004428273
V,25,6,208,19.48937393487293,0.5414890672500272,1.1025798946143845,1.2970168411610965,1.4786027267257156,-1.6632341271102062,1.0153766678818936,1.1260132384906176,0.9870930959908348
V,25,6,209,19.37549764309691,0.5383251499676278,1.1037432423184834,1.2891143312249664,1.5428521263641546,-1.6605799484070807,1.0332091850772256,1.12102041475711,0.9854439254466618
V,25,6,210,19.3155008859541,0.5366582114517038,1.1043249161705329,1.1981658753846869,1.5425921209593243,-1.7301092591160914,0.9866742966706732,1.1205436965066171,0.987078791690748
V,25,6,211,19.27189749811298,0.5354467431977759,1.1015876274550058,1.1911912531122897,1.6819906328423049,-1.7275738084432402,1.1637974904852364,1.1282642495503652,0.9871589848492747
V,25,7,0,35.68464623212265,1.0,1.0,1.0,1.0,-2.1421886294736026,1.667975208361283,1.0,1.0
V,25,7,1,33.30542239157823,0.9333263996771057,1.0069183435888909,0.9512086343769511,1.1895648789221562,-2.2225536100331342,1.375620983282738,1.0098738773612943,1.0098568991790235
V,25,7,2,31.87099662419724,0.89312911824547,1.0120738400133045,0.9542541126699542,1.0567475277639349,-2.223941866555801,1.412283896190995,1.0167051033431804,1.0143784300791332
V,25,7,3,31.04269169929038,0.8699173167463358,1.0154997505404957,1.0103087528830104,1.0010283116228627,-2.146642745020805,1.5648392687304737,1.0167882928129264,1.015791112241892
V,25,7,4,30.51888814619444,0.8552386353412103,1.0163978047563613,0.9547765587369547,0.8127388226765158,-2.2241795740510795,1.391817760187933,1.02261652090261,1.0189939575430884
V,25,7,5,30.13455274377356,0.8444683057176282,1.0201230666888408,1.013914905004014,1.125037990827359,-2.148190136898958,1.36069243136343,1.0264140402258193,1.0189973252882005
V,25,7,6,29.82443155615191,0.8357777000828024,1.0209213371029437,1.0127553295870126,1.0042356570551982,-2.1476931667936965,1.2962854390662737,1.0249603196472223,1.0180965645795197
V,25,7,7,29.67684556408608,0.8316418599484822,1.017196075170464,0.9541266867999539,1.1309519497462333,-2.223883869375898,1.3662517557765357,1.0262844133545774,1.0180395182866577
V,25,7,8,29.52264861071568,0.8273207591487889,1.0169965075669383,0.9523299820329523,1.211688187287496,-2.223065283556782,1.3673269774428956,1.0265411377073157,1.0139329987190462
V,25,7,9,29.38385638734727,0.8234313490516397,1.0213204723099951,1.0086139888120085,1.0223788193357792,-2.145913616717036,1.2660064383867635,1.0254789078394273,1.0177990578632645
V,25,7,10,29.19925713578968,0.8182582768469497,1.0267753201396974,1.008282681550008,1.0275166939317408,-2.1457709372043867,1.4065707750452514,1.0312751712035129,1.0181799460593264
V,25,7,11,28.99182764239123,0.8124454269156612,1.0269083652087145,1.01018132701301,1.0634613692816095,-2.1465879658829943,1.641621472847402,1.0319476503469858,1.019021510531121
V,25,7,12,28.87071572715762,0.8090514766311103,1.0196241476800267,1.068045414580068,1.1951407600016728,-2.0696142556322634,1.3718783126489538,1.032130242602314,1.0179565505980321
V,25,7,13,28.75638632631388,0.805847594488072,1.0229835356727093,1.0036571224690034,1.1374668959059808,-2.1437740003974657,1.3298325853518238,1.0303826284486888,1.0152003415021316
V,25,7,14,28.67900472146099,0.8036791099149159,1.0233826708797606,1.0653185009620654,1.1220443633758308,-2.0685040051276213,1.3568527791722795,1.0314046051977097,1.0170611525008668
V,25,7,15,28.59095900428603,0.8012117821851624,1.0262098785963747,1.0033640429680033,1.0974590663518824,-2.143647162860184,1.6165581124528532,1.0317365972516608,1.0165625170867365
V,25,7,16,28.44360845681762,0.7970825399752237,1.0307666722102113,1.0628591816710626,0.934327115474097,-2.067500264432967,1.5554675611608975,1.033855336602485,1.018700116087659
V,25,7,17,28.35831969564903,0.7946924711312228,1.0291368701147516,1.0618015469500617,1.0769498454888735,-2.0670678895554615,1.6437571106076783,1.0325660068804732,1.0185709501381828
V,25,7,18,28.30629961193508,0.7932346989741005,1.0265757525361718,1.059049148158059,1.2553184285091161,-2.065940651055169,1.327027692712306,1.031352432373378,1.0180782340463201
V,25,7,19,28.27411073688934,0.792332661867263,1.0294694827872943,0.9936032213259934,1.0657397033586655,-2.139401620319227,1.350198172842953,1.0284864418211945,1.016380400404241
V,25,7,20,28.22317532488337,0.7909052857437997,1.024746382837186,1.0551626591230552,1.3669497357558524,-2.064343949497343,1.326259742996692,1.029783008189736,1.0140022679819805
V,25,7,21,28.16673438090173,0.7893236266847606,1.0270081490104774,0.9928514086929928,1.1730500621884927,-2.1390728858104264,1.4077581940997967,1.0325269273197208,1.0133298589134683
V,25,7,22,28.06782214036433,0.7865517835818756,1.0275735905538002,0.9936414490869935,1.2436645377808224,-2.13941832898717,1.6416576113043515,1.0305605197641907,1.0134725223090897
V,25,7,23,27.93225495618018,0.782752749585509,1.0279394644935973,0.9947500541559945,1.183633527530109,-2.139902600935807,1.6389786661805639,1.0332013368690922,1.0141587435070079
V,25,7,24,27.87634550619424,0.781185984719122,1.0267753201396974,0.9919211998419918,1.1999112115957753,-2.1386658017960167,1.4975563551853555,1.0283824330689106,1.0124850605133946
V,25,7,25,27.76398434954665,0.7780372591883516,1.0233826708797606,0.9865056003669865,1.494182430349193,-2.1362881845474435,1.3626912181243485,1.0261613730594732,1.011825620166462
V,25,7,26,27.66575587174307,0.7752845773440475,1.0256111757857975,0.986008639473986,1.2854142239824695,-2.136069349748932,1.283235611917472,1.0263248732856163,1.011147883096929
V,25,7,27,27.56050745527225,0.7723351739567702,1.027307500415766,0.9856391044509855,1.220803067823145,-2.1359065549254317,1.355916673466943,1.0276249311841268,1.0132263171480955
V,25,7,28,27.4534731372986,0.7693357237933186,1.0302012306668886,1.0458223428520457,1.0472249765674613,-2.0604824516415654,1.330641707318308,1.0300508118154506,1.0125153642860683
V,25,7,29,27.32848483036377,0.7658331443892298,1.032862132047231,1.0412987244670413,1.1404630496251535,-2.0585998722264147,1.3687257048989379,1.029085159305959,1.0136052920389893
V,25,7,30,27.28069346052297,0.7644938745662945,1.0234824546815233,1.042955260777043,1.5077241380823527,-2.059290214895862,1.3444412192142667,1.0253722166686274,1.0095533707098912
V,25,7,31,27.24862818611696,0.763595301151907,1.0293696989855314,1.0395912178090396,1.1115122204866694,-2.057887137861415,1.324857960933108,1.025125179551104,1.009996986736228
V,25,7,32,27.18967213893381,0.7619431607103386,1.0253783469150175,0.9847343807739846,1.402448239651768,-2.1355077305085097,1.3240074324346653,1.0268218082792595,1.0114965649239929
V,25,7,33,27.15691978710435,0.761025333148972,1.0254781307167804,1.0383424442830382,1.2933115964340884,-2.0573651428365753,1.3467314637455985,1.0242952593911046,1.0093838799372719
V,25,7,34,27.08315223969056,0.7589581262349971,1.0270081490104774,0.9775985320539775,1.329605471720078,-2.1323491702430553,1.3450224840799472,1.0235948647854984,1.0073535725119511
V,25,7,35,26.99592645421725,0.7565137756617585,1.0281722933643773,1.0379219389120378,1.2720486495627972,-2.0571892277014783,1.4542178841194195,1.0235138278632505,1.0089976865488053
V,25,7,36,26.9437089650103,0.7550504715598406,1.0283385997006487,1.0367113931470366,1.2692589521537694,-2.0566824071492653,1.6275334811665207,1.0231140176102462,1.0091659270234956
V,25,7,37,26.97274477760144,0.7558641495882641,1.0306668884084484,1.0324171413280323,1.1524235861776406,-2.054879742389237,1.262311925406355,1.0218269812016434,1.0077238335406973
V,25,7,38,26.95193995168136,0.7552811306118463,1.0240146349575918,0.9745403111739744,1.4336483636125352,-2.1309884375843287,1.622466929006578,1.0201892242208892,1.00842241793041
V,25,7,39,26.91918144975369,0.7543631307046992,1.0263429236653918,1.0274093046370272,1.2954128782308063,-2.052768030375377,1.3220381226647149,1.0193153921272917,1.0068528053170684
V,25,7,40,26.80631264306686,0.7512001791665884,1.0332945285215367,1.0298176535800299,1.4243919136358278,-2.0537848682406183,1.5916305644784405,1.0228466056990557,1.0085437058156117
V,25,7,41,26.75521665298844,0.7497683031225876,1.0293696989855314,1.0278298100080279,1.545608580977315,-2.0529457451371123,1.3335314086076873,1.0219257725173676,1.008690225043762
V,25,7,42,26.71029521651118,0.7485094581788811,1.0335606186595712,1.028148374683028,1.2834129967354377,-2.053080329134763,1.351004984587117,1.0255142517435116,1.007761373889563
V,25,7,43,26.72520657198337,0.7489273229203499,1.0309329785464827,1.0237012118200237,1.5373106472460272,-2.051197753210568,1.2827486532259553,1.0208099390443155,1.008842274123275
V,25,7,44,26.71724699838049,0.7487042697464132,1.0297023116580744,1.0267084623520266,1.4910496408792944,-2.0524716774069516,1.6181641201940362,1.023085975973939,1.0061415891911145
V,25,7,45,26.73493089090647,0.7491998300053254,1.036520871445202,1.0189609694560189,1.2823616719882847,-2.049182084818662,1.3968969016229202,1.0181798483592959,1.0053985784776185
V,25,7,46,26.67839821815492,0.7476156004074247,1.0318642940296026,1.0205410502440206,1.510117065618866,-2.0498550142865977,1.3199909878536076,1.022142442000365,1.007809559394413
V,25,7,47,26.59453727866744,0.7452655437768508,1.033460834857808,0.9638620232679638,1.452129699263546,-2.126203498623216,1.3548436375614419,1.02457580674536,1.0066337908791774
V,25,7,48,26.52314275743606,0.7432648367846343,1.0395476467653417,1.018234641997018,1.227611710659586,-2.0488724041781863,1.3805586307497575,1.0220788818413031,1.0050284760660309
V,25,7,49,26.50828388567609,0.7428484428077033,1.0327623482454682,1.0203371688520202,1.4614101351814748,-2.0497682432456066,1.3412537388713925,1.023550797888175,1.0052039333468645
V,25,7,50,26.51335280502996,0.7429904904357195,1.0324629968401797,1.0186933751290186,1.3430927068399368,-2.0490680176407996,1.5610509576441567,1.0213905648632498,1.006687840447173
V,25,7,51,26.50915723278848,0.7428729168379825,1.027207716614003,1.017024096232017,1.8379400809625959,-2.048355778554178,1.2158897475813886,1.0197723173401123,1.005874710428234
V,25,7,52,26.50367892500255,0.7427193968128633,1.0369865291867622,1.014131528983014,1.237908889794188,-2.0471188208061695,1.2584708972868976,1.0213596050131961,1.0031549756650513
V,25,7,53,26.38246709164768,0.7393226464971558,1.0382171960751705,1.0179797902570178,1.3685953252439962,-2.0487636919490515,1.3609545507121146,1.028139607065982,1.0068024684570533
V,25,7,54,26.35728247426605,0.7386168915005165,1.0332945285215367,1.0159792040980158,1.4539589266895703,-2.0479093543620825,1.2746992614923287,1.0244806296248294,1.006829919841884
V,25,7,55,26.34661374303268,0.7383179189069822,1.0399467819723933,1.0697401786510699,1.0797424554033002,-1.9685868685140693,1.3582618419280599,1.021898577457137,1.0057238027554014
V,25,7,56,26.35446660478463,0.7385379816673321,1.033693663728588,1.0705557042190703,1.4947464135599118,-1.968917830484336,1.3256385829754576,1.0243294090469561,1.0037047476141425
V,25,7,57,26.33569457001325,0.7380119281190001,1.0388158988857477,1.0049313811690048,1.2975092900008598,-2.0431609440486658,1.206444028465646,1.0208875607465786,1.0024032329004076
V,25,7,58,26.29339869397145,0.7368266599292393,1.031564942624314,1.0688481975610686,1.665321015257458,-1.9682245898333077,1.3364559264058233,1.021646755345423,1.0025425123085991
V,25,7,59,26.21689947077346,0.7346829025636661,1.0346915017462166,1.0127425870000126,1.506772992034577,-2.046523608771476,1.32560664515195,1.028194593564536,1.0034171708060604
V,25,7,60,26.22131872176703,0.734806744368481,1.0325627806419426,1.0689119104960687,1.7914938715831727,-1.968250476906418,1.6266451642184896,1.0240163727629743,1.003522660686609
V,25,7,61,26.24597998782554,0.735497833356672,1.0308997172792285,1.0025485174000026,1.6659517359210365,-2.0421299348985693,1.2969929199161734,1.0215179643072045,1.0029736725932916
V,25,7,62,26.23298181251781,0.7351335821539788,1.0335606186595712,1.061138932426061,1.4457911121981806,-1.965080809403216,1.2983170766262375,1.020758676379737,1.000508584505354
V,25,7,63,26.23897340798741,0.7353014861715954,1.0325627806419426,1.056296749366056,1.5714546618795908,-1.9630945039232444,1.3598412322814795,1.0166751020000055,1.0002392652076457
V,25,7,64,26.24660362025406,0.7355153095682747,1.0358556461001165,1.056143838322056,1.3050922047816071,-1.9630316302754511,1.4107515689936212,1.0194245310673455,0.998559644495474
V,25,7,65,26.13578107657579,0.7324097009836361,1.0296357891235657,1.0589981778100588,1.4932198074661867,-1.9642037734527458,1.2370828174428843,1.0207435427768776,0.9992838558700323
V,25,7,66,25.95480583617192,0.7273381853736268,1.012705804091136,1.0633816277380634,1.568198662004102,-1.9659977132719213,1.2509761810935323,1.022235763381621,0.9893393024510062
V,25,7,67,25.95823850877255,0.7274343800389264,1.018360219524364,1.0587433260700587,1.2434801270409659,-1.9640992463376874,1.4712958488951733,1.0231258137567585,0.9908095249315354
V,25,7,68,25.94604357872007,0.7270926383841778,1.0190919674039582,0.996126253551996,1.2660158208796335,-2.0393389221830507,1.6090621476595925,1.0224840780521376,0.989426613039834
V,25,7,69,25.91796023957738,0.7263056517636572,1.0186928321969067,1.0567554824980567,1.2888562188578407,-1.9632830702710324,1.245041917152352,1.0206300694719423,0.9859291656546172
V,25,7,70,25.9392183788736,0.7269013740571597,1.0180941293863297,1.0562712641920562,1.2073174584180604,-1.963084025614032,1.2950213553028627,1.0222754509666478,0.9888510577757335
V,25,7,71,25.89048143883981,0.725535606278021,1.0139032097122902,0.9950686188309952,1.5740401663113965,-2.0388775660669154,1.5701895950651696,1.0224363665610081,0.9875600482737541
V,25,7,72,25.84548846261044,0.7242747565574803,1.017528687843007,1.058004256024058,1.4563734745834682,-1.963795975358685,1.2016250387645424,1.0250847686650137,0.9884581697821506
V,25,7,73,25.80444319769711,0.7231245345643481,1.0168634624979211,1.0529836767460528,1.4584492591793903,-1.9617301994690042,1.304227304486052,1.0233855258649551,0.9865907496933201
V,25,7,74,25.78966814662001,0.7227104895159261,1.0182936969898553,0.990927278055991,1.1489810332557102,-2.0370663195723773,1.4888094091491813,1.0232783408811588,0.9869509766582145
V,25,7,75,25.77568460828527,0.7223186252322289,1.010011641443539,1.0511869719790512,1.6085870331574168,-1.9609885303880943,1.3367307650676101,1.0263293710401251,0.9873601829360835
V,25,7,76,25.75851658822294,0.7218375213997666,1.0177282554465326,0.9882640773729882,1.4732575307533635,-2.0358975452083143,1.5061791922194616,1.022126747015676,0.985157080453794
V,25,7,77,25.67902331874848,0.7196098611069515,1.0195908864127723,1.1144921441951143,1.4269609702176105,-1.8846014982290764,1.3111559837509976,1.0299119074794165,0.9874487277166396
V,25,7,78,25.63599459507877,0.7184040561400249,1.0177947779810412,1.0498362577570497,1.4448446167552915,-1.9604301283621137,1.340374279434102,1.030441777904369,0.9867214579659753
V,25,7,79,25.59113222364294,0.7171468663911338,1.0153999667387328,1.1149381347401148,1.421807716106346,-1.8847752567332903,1.3152947753248332,1.0299294342141347,0.9868803195536429
V,25,7,80,25.57370939593761,0.7166586220186942,1.013537335772493,1.0464849573760462,1.5612943049112058,-1.9590415506078387,1.331532567388992,1.029258066464089,0.9860367186030996
V,25,7,81,25.54657865989099,0.715898330439225,1.0125727590221187,1.0454018374810454,1.5104203234721714,-1.9585918197363301,1.286863245440627,1.0276110217077332,0.9834125604735212
V,25,7,82,25.57296676116097,0.7166378109737477,1.0165308498253784,1.0413496948150414,1.494337657141048,-1.9569051547122953,1.2152435818392053,1.0223621806657994,0.9841858168549504
V,25,7,83,25.48537763413657,0.7141832783869694,1.0236154997505407,1.0425602405800425,1.251930824810527,-1.9574097191332787,1.3193360299862928,1.0292977182188372,0.9861449970051868
V,25,7,84,25.4943392197609,0.7144344112009543,1.0152003991352072,1.043184627343043,1.529017299166046,-1.9576697391750537,1.204539159992845,1.0261790612409771,0.9862121834036163
V,25,7,85,25.50525177890522,0.7147402166466167,1.0153999667387328,1.0373994928450372,1.5215973517567674,-1.9552545919670166,1.3758960020266562,1.0386118070035542,0.9786797508030884
V,25,7,86,25.44546090086574,0.713064681525698,1.0122734076168303,1.102144577392102,1.6399693342434392,-1.879763054887252,1.6071884265654892,1.0387816536320098,0.9797498365450567
V,25,7,87,25.41486121884626,0.7122071787829096,1.014701480126393,1.0987550492500988,1.5138963175934195,-1.8784253705019078,1.3178781131897648,1.0385220830761244,0.977208189674629
V,25,7,88,25.43914289141296,0.712887630325255,1.012705804091136,1.0273965620500274,1.6098216862797494,-1.9510466687461572,1.2906403036546237,1.0371288826544443,0.9809727360788199
V,25,7,89,25.31650601966899,0.7094509457930269,1.0173623815067354,1.0344686978350346,1.6223862177326476,-1.954025914433247,1.2452529635243692,1.0444768142655705,0.9816057433798303
V,25,7,90,25.02994430721497,0.701420553377477,1.0111092632629304,1.0395912178090396,1.6540575448392854,-1.9561711626634,1.298131781775542,1.0565793296649049,0.980225889622484
V,25,7,91,24.764488272864,0.6939816107962833,1.0120405787460502,1.1067064235381066,1.5484767479032227,-1.8815569173292628,1.6225221984538871,1.0719679146022012,0.981981761341171
V,25,7,92,24.51471674164332,0.6869821990718133,1.010710128055879,1.1770072760171768,1.6710201644097344,-1.8064580032879771,1.14657480470306,1.0823732746904091,0.9792660534955225
V,25,7,93,24.28966001733821,0.6806753767247133,1.0143023449193416,1.1018897256521019,1.5562023684468016,-1.8796626202390925,1.2468529613320944,1.0971744668400132,0.9771949940698142
V,25,7,94,23.80110846388287,0.6669845711531128,1.0132047230999501,1.1806134281381806,1.279422949295503,-1.807786574237212,1.2473724014936403,1.146226194785565,0.9777579806756383
V,25,7,95,23.30657807959538,0.653126219270607,1.0148677864626643,1.2739401353262738,1.3608988391920136,-1.7395240751154404,1.5134046206592902,1.1647011891614272,0.9773011564087524
V,25,7,96,22.58688450575811,0.632958061538125,1.0160319308165642,1.27981446793328,1.3474243061094118,-1.741522070328067,1.6095052162582233,1.2085408074807036,0.9835796199995807
V,25,7,97,21.76664852891287,0.6099723782414561,1.0166306336271411,1.2846311658192846,1.4101475317263248,-1.7431535089090204,1.0693918001187614,1.2479890836529408,0.9872763951380109
V,25,7,98,20.93441189467916,0.5866503974427634,1.0229170131382006,1.292136549562292,1.3449782324624284,-1.7456834660662977,1.6155921963131863,1.2811018344390688,0.989388693154
V,25,7,99,20.21587329256905,0.5665146057794206,1.0231498420089806,1.405927851472406,1.5032773388097995,-1.6805970823358314,1.2803620445683237,1.3106382113339703,0.9908759916269687
V,25,7,100,19.61595892328557,0.5497030514380622,1.0220854814568436,1.4000152911043997,1.519961540397405,-1.678766827044328,1.2462824971453532,1.3293102522589375,0.9906598657423711
V,25,7,101,19.20750583938216,0.5382568658363754,1.0239148511558291,1.502516660932502,1.241451546051303,-1.6078035092774812,1.2829593004547875,1.341990019092591,0.9888141312680827
V,25,7,102,18.88777840366957,0.5292970618458072,1.023881589888575,1.5039438306765038,1.4015854506868308,-1.6082158293414537,1.0138821977595625,1.3467383225099028,0.9933345860029388
V,25,7,103,18.66715237338259,0.5231144019743361,1.025078995509729,1.5056895650955058,1.3688108854486514,-1.6087196534358672,1.3927531498921262,1.351154158409012,0.9923329895818694
V,25,7,104,18.50470870939128,0.5185622014863549,1.021786130051555,1.5124941065535125,1.329872397714341,-1.610677903917282,1.0536348638296595,1.3544442155538687,0.9906419106025077
V,25,7,105,18.37817304899556,0.5150162601990957,1.024846166638949,1.3948290581953948,1.3388312406937821,-1.677155034301685,1.2035811535168517,1.3530556375075191,0.9918674359919287
V,25,7,106,18.24251966392391,0.5112148105731348,1.024846166638949,1.3765944161983765,1.3616050049644142,-1.67144005155052,1.5354238337692951,1.3485238017849293,0.9880371267182193
V,25,7,107,18.11573574456151,0.5076619122611354,1.0221520039913523,1.3866610599283866,1.3982196438386065,-1.6746043678448206,1.179109642130534,1.3521009068873173,0.9902551599790712
V,25,7,108,17.99985398619122,0.5044145280047105,1.0226841842674208,1.3868776839073866,1.533440469539732,-1.674672207963606,1.1549116477666392,1.349284934977902,0.9904317662650225
V,25,7,109,17.87714063811832,0.5009757003566887,1.0241809412938634,1.4922971061584922,1.341735161097743,-1.6048395096310684,1.0099297387978086,1.3517518838676,0.9901119849886453
V,25,7,110,17.76196504282636,0.497748105089448,1.0241809412938634,1.3809651235393807,1.3827470617084703,-1.6728167584845968,1.1863464993369812,1.354568742556191,0.9902371139376893
V,25,7,111,17.67941950746917,0.4954349103664221,1.0242474638283718,1.4969863781744972,1.6051909538389302,-1.6062020613207058,1.0738955533808703,1.3557560382039575,0.9890377764034488
V,25,7,112,17.57425145526929,0.4924877590477352,1.0301014468651255,1.492335333919492,1.1402399981657865,-1.6048506346898432,1.0263343956904893,1.3544777430836734,0.989350044714481
V,25,7,113,17.49470630395297,0.4902586448567497,1.0241809412938634,1.3813474011493814,1.5671056772413192,-1.6729369628830162,1.2113967963099757,1.355489284434105,0.9895872142207768
V,25,7,114,17.3761068138733,0.4869351009071137,1.0207882920339266,1.483058730583483,1.6372235042486323,-1.6021425626790147,1.019548031072676,1.3518958258938716,0.987613611540789
V,25,7,115,17.29102652511469,0.48455087413896325,1.027673374355563,1.3685665863883687,1.5215523020786554,-1.6688999804046494,1.2815947577551097,1.3532265835482444,0.9885331038685332
V,25,7,116,17.21003357067829,0.4822811877895581,1.0239148511558291,1.4881175376224878,1.516550216435198,-1.603621447744549,1.0936506297893076,1.35986716809348,0.9877057483607817
V,25,7,117,17.11754045770222,0.4796892295458244,1.022018958922335,1.5982134893025983,1.6872194376356686,-1.5321493597024913,1.1007241195688884,1.3599889451921041,0.9879666982361271
V,25,7,118,17.0519645776935,0.4778515798299729,1.0251122567769833,1.478942874982479,1.3305341235488466,-1.6009356122689051,1.0007318485126295,1.356023368585892,0.9863764914658845
V,25,7,119,16.97045148039499,0.47556731738364566,1.0282055546316315,1.4746995935114742,1.1078311119221849,-1.5996877733611943,0.9922212555779214,1.3540926728238607,0.9847557725512828
V,25,7,120,16.91035487145657,0.4738832146872787,1.0270746715449859,1.3557348012793558,1.3902533432954582,-1.664808792327833,1.1291702091852254,1.3608166500724528,0.9863492107175658
V,25,7,121,16.82387338093947,0.4714597216826248,1.0250124729752204,1.3662856633153662,1.4527608392869054,-1.6681755591610226,1.181142684323839,1.3555014691097782,0.9869216270888853
V,25,7,122,16.73068555854458,0.46884829541854695,1.026243139863629,1.4723294723294722,1.430321594566325,-1.5989892184778092,1.362812891074162,1.3584877090913865,0.9863123735405742
V,25,7,123,16.68702898858941,0.4676248961540232,1.0218526525860636,1.3614307376683612,1.650031757714915,-1.666629599585287,1.1600139099823508,1.3620059679996754,0.9855471257002495
V,25,7,124,16.61403770775986,0.4655794427577711,1.025411608182272,1.4783184882194782,1.4596429070398291,-1.6007522211536331,1.046320926656541,1.3626539972234113,0.9882504853427725
V,25,7,125,16.55986766934966,0.46406142186839944,1.0219856976550807,1.464441810976464,1.4651387421914874,-1.5966563326605085,1.2443936933613808,1.3600275703853606,0.9861577159677446
V,25,7,126,16.49302264051184,0.46218820646917685,1.0321969067021455,1.4610905105954608,1.2634641212499662,-1.5956613329549316,1.0594517633482428,1.3596104222089682,0.9855348776142451
V,25,7,127,16.41522055819194,0.46000793874804524,1.0285714285714287,1.4727627202874727,1.471863092469964,-1.599116995257962,0.996891423223098,1.3655779234512015,0.98541747372798
V,25,7,128,16.32042172519555,0.45735136672040794,1.0231831032762349,1.5875224588095875,1.601100417863905,-1.5292344458145173,1.6227280107262925,1.366320039676708,0.9876243164449523
V,25,7,129,16.23676484628084,0.45500702853163794,1.031099284882754,1.3493762503663491,1.4385712374659663,-1.6627671100400387,1.2557460700870804,1.3654016893302654,0.9862366802298885
V,25,7,130,16.21011012370216,0.4542600763997521,1.024380508897389,1.4612689068134612,1.4113047550043099,-1.595714356202315,1.057185492017393,1.3641666376614623,0.9845980427335446
V,25,7,131,16.15131571363451,0.45261246555655626,1.0263096623981374,1.4685704091644685,1.565408038871904,-1.59787898600166,1.4923689190598606,1.367217807971547,0.9842122632049973
V,25,7,132,16.12199184048504,0.4517907151331747,1.0275070680192915,1.4714884615874715,1.4454838190967014,-1.5987410738285082,1.0023126905385136,1.3702537194946398,0.9843178477008986
V,25,7,133,16.04958662446635,0.4497616851815337,1.0252120405787462,1.4731959682454732,1.4935527578558718,-1.5992447344550826,1.629671654383845,1.3689121253608734,0.9849993182847523
V,25,7,134,15.93606458556918,0.4465804279495374,1.0273740229502744,1.3481274768403477,1.6417918986524176,-1.6623650082859154,1.152545119342672,1.3754285198510747,0.9848839212869239
V,25,7,135,15.88932294578724,0.4452705749814599,1.0292366539165143,1.4554328019674552,1.2512836014847333,-1.5939763714742996,1.0869497852389016,1.3717676484024557,0.9831062312129832
V,25,7,136,15.85057428042051,0.44418471118685543,1.0274072842175288,1.4593192910024595,1.3105000969647276,-1.5951345363461982,1.2960888933700632,1.374174873630774,0.9847623120052057
V,25,7,137,15.80835394381885,0.4430015598582133,1.0305338433394313,1.4646839201294646,1.469472654318099,-1.596728126553334,1.495814126029476,1.374678507571735,0.9865446542227226
V,25,7,138,15.77894293886779,0.44217736771799293,1.0263429236653918,1.4555729704244555,1.5767746389478516,-1.5940181950859438,1.2840135252879166,1.3755900062608737,0.9836205573541111
V,25,7,139,15.7745202146547,0.44205342858225594,1.0312988524862798,1.46019852950546,1.4121628504626496,-1.5953961195699702,1.4954016285999274,1.3743363664687485,0.9833383050257349
V,25,8,0,33.94367186459094,1.0,1.0,1.0,1.0,-2.061550034204428,1.254435254681911,1.0,1.0
V,25,8,1,31.50480924250831,0.9281497113272892,1.0029743376910838,1.0705560619872379,1.0702003690679736,-1.989443474003697,1.379029112215841,1.0147029232309388,1.0075936850146319
V,25,8,2,30.17151429360582,0.8888700790523454,1.0105139378847616,1.0149620176238225,1.008270434314874,-2.0679998243895894,1.5105390066680708,1.018941083379602,1.0089115860353317
V,25,8,3,29.44475170073359,0.8674592371207048,1.0107214498166979,1.021087815253722,1.1008172009631156,-2.0706131279466953,1.586981757751588,1.0252427835933537,1.0103001601345072
V,25,8,4,29.01636241032875,0.8548386434467563,1.0122086186622397,1.0144393801276206,1.1135788298998237,-2.067776134205966,1.3227925453755864,1.027776592655268,1.012009106414799
V,25,8,5,28.75276865531244,0.8470730205622362,1.0130732517119734,1.077058644788818,1.039092492707682,-1.9920734098575785,1.298078647254919,1.0273581094476214,1.0152471731310995
V,25,8,6,28.4735870419744,0.8388481704502107,1.0102026699868576,1.0786022485566698,1.0992788123102093,-1.992695380331017,1.3703293849231337,1.0316348506008746,1.0111070208295043
V,25,8,7,28.34278385906048,0.8349946338194146,1.0119665214083144,1.0787724096019446,1.0046503125244737,-1.992763889528408,1.3108886055894364,1.0324505686561054,1.0116145309378024
V,25,8,8,28.13892402631927,0.8289888064724366,1.0080929653455073,1.017599513825585,1.1638946349075343,-2.069126925017694,1.388166588723862,1.0327389773848752,1.0126598266961373
V,25,8,9,27.96151837147567,0.823762334346754,1.0093380369371239,1.017137648131267,1.0699864050272634,-2.0689297637040673,1.5348658184743913,1.0347767109675248,1.0094630452988729
V,25,8,10,27.78846721479967,0.8186641482292845,1.0124161305941757,1.074056517775752,1.0128789345612828,-1.9908611939196035,1.3594247693575483,1.0366840815852603,1.0075240178612204
V,25,8,11,27.74441843536037,0.8173664459767108,1.0124853012381545,1.0687572166514734,1.1613747949000242,-1.9887131192725425,1.3621374899381171,1.0308099050752972,1.006406048311633
V,25,8,12,27.64458952882766,0.8144254292555102,1.0146987618454728,1.0103555150410208,1.1032271625548444,-2.0660242506140176,1.3040406771912672,1.0309428808233712,1.0084955994276485
V,25,8,13,27.4637591243426,0.8090980620453146,1.0148716884554194,1.068283196596779,0.8796992101982751,-1.9885204562829562,1.3530497998054076,1.0332710972970351,1.0088374654551213
V,25,8,14,27.26970173058238,0.803381020160914,1.0152867123192917,1.068842297174111,1.0213323776288745,-1.988747690763862,1.2443603811458253,1.0297511580356045,1.0090568088131922
V,25,8,15,27.23339439278411,0.8023113852097187,1.0093380369371239,1.0664478881798845,1.2343652313870006,-1.9877736975739881,1.5688502552319892,1.028021356984709,1.006586711169677
V,25,8,16,27.1416302736223,0.7996079617401578,1.0077125268036247,1.0646733515648736,1.3465180611766263,-1.9870504429570501,1.3411748929997842,1.0297529192280666,1.0051316463229667
V,25,8,17,27.19281372063399,0.8011158553827745,1.011240229646538,1.0003281677301732,1.1240709288280568,-2.0616925322584283,1.5217650817065642,1.0198944563552605,1.002276155073819
V,25,8,18,27.18539261008198,0.8008972252186128,1.0104447672407828,1.0544150714068672,1.2576701734866056,-1.982845663940393,1.3043524659460313,1.0205476061419867,1.001692862680391
V,25,8,19,27.1262833420978,0.7991558323539876,1.0176730995365566,1.0524825281069583,1.0851075091921336,-1.9820489540036974,1.3219272412680243,1.022909496864072,1.0014546176143175
V,25,8,20,26.95348001512864,0.794064947441521,1.0076779414816353,1.057696748708599,1.2061998257536737,-1.9841952283685966,1.3148734385086929,1.0214925320066326,1.002147698109238
V,25,8,21,26.94332162501907,0.7937656754549753,1.0143529086255794,0.9936189608021876,1.0170432082003156,-2.0587699045703407,1.3484296604231207,1.0224416510206638,0.9998427453345637
V,25,8,22,26.92342155494095,0.7931794080011328,1.0145950058795048,0.9877484047402004,1.1441685050359103,-2.0561963711526094,1.493950995775063,1.0141957204926977,0.9969671928281643
V,25,8,23,26.92832891250099,0.7933239815634633,1.008957598395241,0.9837131570951078,1.3866199516700008,-2.054418514290813,1.2898844990001102,1.013002854989289,0.9983958335605477
V,25,8,24,26.98153362147264,0.7948914227402427,1.0086809158193264,1.0368277119416591,1.1620498387579303,-1.9755406553478505,1.273352129957556,1.009305306358279,0.9980498005949683
V,25,8,25,26.98102003716788,0.7948762922526865,1.0088884277512624,1.0345548465512,1.306427456814831,-1.9745875785834526,1.3284615736072574,1.0127005884328826,0.9972586947255769
V,25,8,26,26.95900583487445,0.7942277412538067,1.012831154458048,1.0300455788514127,1.2381266175404835,-1.9726905013870253,1.2695593982837168,1.006888345103392,0.9932095757304443
V,25,8,27,26.83058544272061,0.7904444030025374,1.0091996956491665,1.0960680644181098,1.2393969325474934,-1.8978875091440959,1.3312514291760702,1.0124024743996611,0.9939265204224748
V,25,8,28,26.79826497204205,0.7894922234384791,1.0171543197067163,1.0277484047402003,1.0797628424113095,-1.9717208703521927,1.575862824451611,1.010770562009258,0.9915275284130262
V,25,8,29,26.97929401879455,0.7948254427635618,1.0125890572041225,0.9694560923731388,1.3195337263210707,-2.0480781784372275,1.5697984657885002,1.0068359303779362,0.990070994317831
V,25,8,30,26.82754041920939,0.7903546948671487,1.0116552535104102,1.0857368580978424,1.2297738900843345,-1.8937745663375563,1.29605818464784,1.0088970386332368,0.9900481347956612
V,25,8,31,26.53223851707882,0.7816549318212237,1.0181572940444075,1.2374962017623823,1.1712499281511177,-1.747444427907216,1.3971415207320719,1.118779756650052,0.9906587695180391
V,25,8,32,26.13283146402062,0.769888171446815,1.0147679324894514,1.2330112427833486,1.3198695366222213,-1.745867589852972,1.2715068504785816,1.1211692148840906,0.989726395547837
V,25,8,33,25.94453290035795,0.7643407879930202,1.008750086463305,1.1618839258584017,1.3318810101251628,-1.8213670975782896,1.1591056618748232,1.1206069215730952,0.9910050230748702
V,25,8,34,25.78521889968875,0.759647306353652,1.0167047105208549,1.232415679124886,1.1472921959451234,-1.7456577681679526,1.2634297554114968,1.1206161977036926,0.9889849551080361
V,25,8,35,25.83896039295158,0.7612305615028656,1.0089921837172304,1.1388027955028865,1.2753423869949265,-1.8126528786706297,1.165402891587438,1.1043935090527937,0.9870914416385804
V,25,8,36,25.82758635269036,0.7608954757671033,1.0097876461229853,1.1315344879975688,1.3768546797156624,-1.809872149437666,1.3096060151174225,1.1029368895222882,0.9853279374583657
V,35,1,0,40.11330513614951,1.0,1.0,1.0,1.0,-2.2188773756698588,1.1843347983724322,1.0,1.0
V,35,1,1,39.53193429171794,0.985506782787947,1.0189818181818182,1.0162201253529857,0.9831134227037632,-2.225865167152618,1.1807639391492322,1.023208587870458,1.016800340227622
V,35,1,2,39.11413710363177,0.9750913561192117,1.0275999999999998,1.025036159515118,0.9708239326322545,-2.229616561647869,1.0760724032555142,1.0258228510396248,1.026953047123684
V,35,1,3,38.77584164002609,0.9666578584939857,1.022218181818182,1.0270679798884221,0.9704399602981628,-2.2304765654339844,1.1706142590437574,1.03199147926594,1.0218537573570814
V,35,1,4,38.47334074916587,0.9591166975292262,1.0137454545454543,1.0292031131620638,0.9286699630267423,-2.2313784668761243,1.0606674015238662,1.0285754806325655,1.0191559088115847
V,35,1,5,38.30385293643189,0.9548914707083817,1.015381818181818,1.026551415386735,0.8787817552211046,-2.230258081796873,1.191583480944856,1.029786543540026,1.020961467368768
V,35,1,6,38.12180291266588,0.9503530757008372,1.011309090909091,1.0280666712583513,0.8671938319792001,-2.2308986557189043,1.1534107941917668,1.0332083005169101,1.010922093534191
V,35,1,7,38.01527991972014,0.9476975230710006,1.0060727272727272,1.0278256078242305,0.9777889764771371,-2.230796809410348,1.154530908109404,1.0337828485504332,1.0125251579993928
V,35,1,8,37.81359519232854,0.9426696469908059,0.9998545454545453,1.1052414078104553,0.9461568753618674,-2.161107126103071,1.1404656680855834,1.0304547586894999,1.0056910699532824
V,35,1,9,37.78578072697194,0.9419762494943344,0.9942545454545454,1.101935394999656,0.9622713407519957,-2.159806111890931,1.0681104319651396,1.0268171264558525,1.0023862076341559
V,35,1,10,37.69488567960609,0.939710291925958,0.9961818181818182,1.0210758316688477,0.9935097111055361,-2.2279353724603785,1.0549068666640424,1.027330476493259,1.0050693958031065
V,35,1,11,37.56736348683934,0.9365312421734152,0.9926545454545453,1.1076176045182176,0.9848787427679021,-2.162039828556318,1.158328243039066,1.0315822307428093,1.000976844710706
V,35,1,12,37.44613631811314,0.9335091234944697,0.9919999999999999,1.0264481024863974,0.9923827860172391,-2.2302143718766576,1.1341424632118753,1.038224069010592,1.0050921200599465
V,35,1,13,37.33650933367751,0.9307761902678622,0.9816363636363636,1.0352296990150835,1.068396574976381,-2.233914098358234,1.0433120249866392,1.031299652699731,1.0014042567551336
V,35,1,14,37.34431556634903,0.9309707948422054,0.9907636363636362,1.1003512638611475,0.9239666006362339,-2.159181325351038,1.0461646300168617,1.0246596696717964,1.000374882897485
V,35,1,15,37.27493895662256,0.9292412786756618,0.9842909090909089,1.018768510227977,0.9800169065912501,-2.2269528882810463,1.1352124270236523,1.0289950518902702,0.9957175747702082
V,35,1,16,37.31038635154596,0.9301249604067752,0.9849454545454545,1.0239341552448515,0.957461883383513,-2.2291494056170476,1.0559990278675553,1.0291133920047204,0.9986408294191872
V,35,1,17,37.11316910987812,0.9252084559951228,0.9876727272727273,1.0170810661891314,0.889879287598931,-2.226232945304014,1.140550469451218,1.0391971300884864,0.9966603205630761
V,35,1,18,36.98360933697255,0.9219786106242208,0.9888363636363636,1.0178731317583856,0.8094650125203512,-2.2265710263514906,1.1650420152181344,1.0357689880719652,0.9971523417149489
V,35,1,19,36.92432303437548,0.9205006396019916,0.9786545454545453,1.022108960672223,0.9914813196840327,-2.2283745713670866,1.0885083025470341,1.0299601205847273,0.9946236877417309
V,35,1,20,36.90945703530755,0.9201300393979576,0.9795636363636363,1.0153247468833941,0.9374411380146269,-2.2254823472020955,1.032821566006358,1.0316606178136118,0.9925725258882743
V,35,1,21,36.86922186260228,0.9191270013144912,0.9776,1.0220745230387767,0.9503519167745961,-2.228359938557169,1.0438265604620518,1.0299390798475339,0.9932639033907721
V,35,1,22,36.76652511931901,0.9165668347329866,0.9777090909090909,1.1098904883256424,0.9869514557398892,-2.1629301082756385,1.0329718370922552,1.0377880748550719,0.9907875924006186
V,35,1,23,36.66012080007859,0.9139142405655581,0.976290909090909,1.102279771334114,0.9671323655310744,-2.159941816195351,1.0519946340149813,1.0365143342841474,0.990793563376896
V,35,1,24,36.56267941512385,0.9114850868315538,0.9721454545454545,1.0248984089813347,1.0050105078785039,-2.22955819461732,1.025701189214599,1.0376301328697528,0.98887132082171
V,35,1,25,36.57570057497998,0.911809696329872,0.9806181818181818,1.0082650320269992,0.8560810190032867,-2.2224520812096316,1.0978350399499632,1.0375035424751005,0.9872577459173804
V,35,1,26,36.469342583324,0.9091582570806007,0.9760363636363635,1.0130518630759695,0.9415465961358629,-2.224509055256344,1.2272367266562123,1.0314067261332696,0.9889922411672839
V,35,1,27,36.52463632337357,0.9105366959766702,0.972181818181818,1.1014188304979684,1.0128523824294249,-2.1596024758943724,1.1787404313619947,1.0379520029443956,0.9893890463057152
V,35,1,28,36.37510766939454,0.9068090386950896,0.9751999999999998,1.1087884840553757,0.9645353446716955,-2.1624986854164274,1.1096864694979431,1.0473934838994396,0.9921532806271647
V,35,1,29,36.26141727182174,0.9039748070807432,0.9815636363636363,1.0137406157448863,0.8358449152262407,-2.224804222618712,1.0320549699913895,1.0448805177715987,0.9902769525405001
V,35,1,30,36.19406705909434,0.9022958077437698,0.9787272727272727,1.0989737585233141,0.9545058228413648,-2.1586373011261935,1.0889069788969032,1.0500109203556618,0.9920127507369395
V,35,1,31,36.14467682526948,0.9010645396231993,0.9801818181818182,1.0964942489152145,0.9053221130684955,-2.157656336890042,1.112619900529979,1.0499779939132357,0.9911925134358124
V,35,1,32,36.0269859455863,0.8981305784528664,0.9736727272727271,1.0177698188580482,0.9946438987275164,-2.2265269437459914,1.0896786723647138,1.0484999014182679,0.9906606349799211
V,35,1,33,36.06217824228416,0.8990079007422768,0.9772,1.1060679110131553,0.9887823199647193,-2.1614317715914857,1.1198082663319469,1.0526087090006682,0.9919684768487036
V,35,1,34,35.97014596743347,0.8967135927928738,0.9792,1.0179420070252772,0.9149410448157577,-2.226600412269487,1.175325065078313,1.0513109398334437,0.9894773149118289
V,35,1,35,35.87682541621567,0.8943871689068076,0.9778181818181816,1.099938012259798,0.9556528576820069,-2.1590181896268748,1.1069616007522807,1.0574716230762398,0.9888788387505375
V,35,1,36,35.81648401552493,0.8928828949387082,0.9825454545454545,1.0151181210827191,0.8789686327889754,-2.225393956194619,1.1244766513151356,1.054066059523929,0.9931954197610031
V,35,1,37,35.76435775524394,0.8915834193631089,0.9859636363636363,1.0920173565672568,0.8546798219070499,-2.1558795198514993,1.0312463702037142,1.054458596616557,0.9917045746957291
V,35,1,38,35.69684542031274,0.8899003784194106,0.9773818181818181,1.1048625938425511,0.9466544986886706,-2.1609582491113852,1.4155759841759024,1.055188576804241,0.9901022523474031
V,35,1,39,35.62969599466074,0.8882263845806062,0.9836363636363636,1.1018320820993184,0.890388448492156,-2.1597653923295206,1.0896296236126208,1.061861478203408,0.9925402535929939
V,35,1,40,35.54109313478892,0.8860175698351971,0.9792363636363635,1.0981816929540604,0.9514330494629285,-2.158324178337633,1.1149643419048463,1.061428399418763,0.9883475517573821
V,35,1,41,35.48069076384815,0.8845117759163027,0.9769454545454545,1.0929127350368484,0.9981666843758906,-2.1562354652905045,1.1147228925818304,1.0582624758304582,0.9892661194955278
V,35,1,42,35.49601607290818,0.8848938264356507,0.9813090909090908,1.0942902403746817,0.9794860223833322,-2.156782504639698,1.0584469694840997,1.059564316438594,0.9898468136188797
V,35,1,43,35.4428509789166,0.8835684533752377,0.9818909090909089,1.089744472759832,0.9110573327394271,-2.1549746536654695,1.0557431037719442,1.059896263129083,0.9903510064893893
V,35,1,44,35.37361309518436,0.881842395562319,0.9832363636363636,1.094359115641573,0.9626258633718068,-2.1568098385278587,1.1929881842972407,1.060305003197116,0.9913492594130735
V,35,1,45,35.22156181676399,0.8780518508065505,0.9852727272727273,1.0986982574557478,0.9557906674158094,-2.158528414455972,1.12040516858669,1.0678033440782262,0.9918688120531577
V,35,1,46,35.14937224541012,0.876252209238526,0.9879636363636363,1.0961843102142022,0.8882492477377614,-2.1575335604183934,1.0647284285239174,1.071946838514476,0.9936409607340988
V,35,1,47,35.10724851152548,0.8752020904876111,0.9819272727272726,1.09380811350644,1.0046202593234574,-2.1565911192374174,1.0249691939185732,1.0654827320959506,0.9924979654673832
V,35,1,48,35.10726037863382,0.8752023863273155,0.982690909090909,1.089985536193953,1.00327498619616,-2.1550707137455936,1.0013119947807,1.0635173429018852,0.9942321954421127
V,35,1,49,35.06155873099335,0.8740630723893253,0.987381818181818,1.0949445554101525,0.9031424741904195,-2.1570421071440427,0.9931045293546701,1.0655814174516924,0.9948097781921437
V,35,1,50,34.97940682345958,0.8720150759139679,0.9887272727272726,1.091948481300365,0.8743091258068038,-2.1558521273457725,1.4487586713427107,1.0719246724352898,0.9967082868796021
V,35,1,51,34.88334480024976,0.869620308819016,0.9837454545454545,1.190991115090571,0.9772372545916682,-2.091542409172137,1.024088101640608,1.0764390207132921,0.9969290770138525
V,35,1,52,34.81629878226301,0.8679488928696399,0.9874909090909091,1.0953578070115022,0.9588352039655295,-2.1572059867026945,0.9942290002147992,1.0754053963534211,0.9959996475091146
V,35,1,53,34.83106408057583,0.8683169826658484,0.9829454545454545,1.1885116054824716,0.9922956495549745,-2.0906373144050114,1.0054230427795372,1.0733857382790355,0.9970045214876013
V,35,1,54,34.7762190623584,0.8669497301287844,0.9860363636363636,1.094600179075694,0.9165223010629651,-2.1569054935908865,1.0472082396272517,1.0771769893242036,0.9935067198472592
V,35,1,55,34.72358984168197,0.8656377160601905,0.9866909090909091,1.0932915490047521,0.9387608573609211,-2.1563859698145107,0.9826518811581986,1.0741760921665442,0.9966749769498717
V,35,1,56,34.61472837335078,0.862923866678752,0.9884727272727273,1.0987671327226394,0.9097034580001897,-2.158555638683024,1.0325707749864903,1.0833588872906341,0.996078711162569
V,35,1,57,34.54277233110726,0.8611300468476687,0.9986545454545454,1.087919278187203,0.8425874883657206,-2.154246651358813,1.0714687365504771,1.0871161749028717,0.9991899586100448
V,35,1,58,34.48510495022163,0.8596924345469645,0.9870545454545454,1.0963564983814313,0.8985070970595256,-2.1576017738543647,1.0062273151403447,1.084171279957877,0.9998342840226179
V,35,1,59,34.49953991868038,0.8600522894232893,0.994981818181818,1.0818238170672911,0.8805426935311118,-2.1518065172259067,0.980657331987214,1.0801800109661062,0.9968270021891674
V,35,1,60,34.46139836815308,0.8591014440517138,0.9897090909090909,1.1765961843102142,0.9852281555372874,-2.086261323197306,1.109450820460832,1.0822241004497852,0.9967564776884345
V,35,1,61,34.4117471653646,0.8578636701355543,0.9919272727272728,1.087299400785178,0.9537431088613192,-2.1539991274247408,1.2767913284153716,1.0827681363612285,0.9977574539183559
V,35,1,62,34.3120923394432,0.8553793366810268,0.9939272727272727,1.1835870238997177,0.9717777687408709,-2.0888340827407075,0.9932783527956071,1.0853891182833075,0.9994980168540799
V,35,1,63,34.25495800357645,0.8539550128644571,0.9964363636363635,1.0865073352159242,0.9205035803810254,-2.1536826414045636,1.416946286956693,1.0885355109545105,1.002732059843244
V,35,1,64,34.19942225839026,0.8525705409293298,0.995490909090909,1.176699497210552,0.9202387843780078,-2.086299455441297,1.0748663361276771,1.0824794241361246,0.9988147034677191
V,35,1,65,34.2114825103268,0.8528711955848266,0.9942181818181817,1.1787313175838556,0.878670476281291,-2.0870487099637973,1.002264406339973,1.0895414739594167,0.999840922535368
V,35,1,66,34.17091813822512,0.8518599507630897,0.9907999999999999,1.0885047179557823,1.020606115459925,-2.1544802944978003,1.0770096181330033,1.0937855023871914,1.0027607666239644
V,35,1,67,34.11652629400545,0.8505039955747787,1.0,1.1813485777257389,0.9751162613346164,-2.0880119503231986,1.0387300486827686,1.0972041969432238,1.0059226603078302
V,35,1,68,34.00766307868611,0.8477901026420012,1.0013818181818182,1.1797644465872303,0.8536767150249616,-2.0874291916765686,1.0869852992014997,1.0997851241429852,1.0027295048932254
V,35,1,69,33.96505999108886,0.8467280338981604,0.9934545454545454,1.1862387216750465,1.0230949430281298,-2.0898059838978047,1.0499068298725396,1.1009169221055524,1.0034411609464127
V,35,1,70,33.90219086625886,0.8451607453235439,0.9940727272727272,1.1841380260348509,0.9603306504628434,-2.0890362153245827,1.0086699202001597,1.1001899335263294,1.0042936543354617
V,35,1,71,33.87568549631423,0.8444999827697063,1.0006181818181819,1.0847510159101867,0.8376787757936601,-2.1529800442687534,1.0201373708820347,1.1005284663270274,1.001456144027281
V,35,1,72,33.83039637128577,0.8433709527664506,0.9980363636363635,1.275948756801433,0.9358907575725952,-2.0198451278535092,1.035472213604469,1.102111883335635,1.0020921636012898
V,35,1,73,33.77719870617167,0.8420447677280065,1.001090909090909,1.0805840622632417,0.8785138206453221,-2.1513085364939175,1.235726687915469,1.099591675653977,1.0046737108183055
V,35,1,74,33.72440289657764,0.8407286007002626,1.001672727272727,1.1802121358220266,0.9063901206167574,-2.0875939636222407,1.040615609426828,1.1068218364116482,1.0060844596325214
V,35,1,75,33.67131456153406,0.8394051411931642,1.0007272727272727,1.1783180659825059,0.9329675177972979,-2.086896423895296,0.9881210730912205,1.102057373360568,1.0033036205951973
V,35,1,76,33.61888872869832,0.8380981974582165,0.9975636363636363,1.1789035057510848,0.9765140092818652,-2.087112146735488,1.1339770378788097,1.10402349442958,1.0026127915494158
V,35,1,77,33.60952360135434,0.8378647305994723,1.0047272727272727,1.1686066533507817,0.9073322955141148,-2.083302242151898,1.4523839524579487,1.1027384229035875,1.0011316413692881
V,35,1,78,33.55208956729715,0.8364329354915336,0.9959636363636364,1.185308905572009,1.0365728978066793,-2.08946543495096,1.1167387793556895,1.103970159629002,1.0090548827006158
V,35,1,79,33.4824999694274,0.834698109661711,1.0031636363636363,1.182278393828776,0.9360544383324787,-2.0883536404700993,1.088085032635811,1.1064860666025265,1.01042083858462
V,35,1,80,33.42313046763609,0.8332180645347936,1.0041090909090908,1.176010744541635,0.9283623892210451,-2.086045177216343,1.135364928710131,1.108481605582389,1.0078771536399138
V,35,1,81,33.37147257601756,0.8319302651015831,1.0046181818181819,1.168813279151457,0.8817016870011665,-2.0833790246281985,0.9747939975655882,1.1077527788394381,1.005741820452556
V,35,1,82,33.39762172112196,0.832582147189475,1.0053818181818182,1.1674702114470694,0.8823511513926374,-2.0828796957073377,0.9645704596328076,1.1066013010097455,1.0062484948246
V,35,1,83,33.38035457114755,0.8321516877716882,1.001890909090909,1.1681934017494318,0.9310572189174255,-2.0831486364622855,0.9940815154760139,1.1106667849999625,1.0060431358828053
V,35,1,84,33.3298182264061,0.8308918478116071,1.003890909090909,1.1746332392038021,0.9564392234894662,-2.0855361736925166,1.3411885175871654,1.111120773107782,1.0094375107369635
V,35,1,85,33.21836244203649,0.8281133237286048,1.0012363636363635,1.1756319305737313,0.9939152065398145,-2.085905260706839,1.0884289279654538,1.118882270900733,1.0095453409570716
V,35,1,86,33.16368260857099,0.826750189145705,1.0036,1.1765961843102144,0.9401120543422616,-2.086261323197306,1.241099271782202,1.1149171243898315,1.0111415988568453
V,35,1,87,33.10224300682536,0.8252185377014499,1.0064727272727272,1.2687168537778086,0.8943509385525342,-2.0173766038795184,0.9813372986130988,1.1162453291387304,1.0110382990976177
V,35,1,88,33.118615179888,0.8256266858958475,1.0054545454545454,1.2681658516426753,0.9597953901667993,-2.0171879493626528,1.0693332515795353,1.1110512255535319,1.0071195962472113
V,35,1,89,33.09226625868994,0.8249698235129391,1.0107636363636363,1.1655417039741032,0.8476091718802267,-2.0821617050798187,0.9838965969505762,1.11664105392799,1.0117498872716022
V,35,1,90,33.04909763133242,0.8238936562110677,1.0072363636363637,1.1688477167849025,0.9193470331678136,-2.083391820387894,0.9672092661468996,1.1176223180327716,1.0073927377451604
V,35,1,91,32.94944317629881,0.8214093320025444,1.0046909090909089,1.178077002548385,0.9304904480174341,-2.08680756568897,0.986351469560914,1.1248904139366573,1.0084819688518079
V,35,1,92,32.89236537282476,0.8199864175037188,1.0110181818181818,1.1706729113575316,0.9053069828002958,-2.084069456722941,1.0919764594014947,1.1249955980169501,1.0104929915544447
V,35,1,93,32.8431805785709,0.8187602708651678,1.0075272727272726,1.1698119705213859,0.9523241339353835,-2.083749948680704,0.9652789949774752,1.1214386342748415,1.0076073145691615
V,35,1,94,32.87408228671649,0.8195306314236085,1.0061454545454545,1.2717818031544872,0.9351875570244126,-2.018424501498963,1.2633573053044473,1.12012828281481,1.010794848191236
V,35,1,95,32.83899412682,0.8186559052005412,1.0116727272727273,1.167366898546732,0.9095410387076974,-2.082841262000452,0.976011170576851,1.1245781253690283,1.0131790538051557
V,35,1,96,32.78787030646724,0.8173814198351683,1.010581818181818,1.1688821544183488,0.9389820386062172,-2.0834046157705943,0.9885348405512178,1.1303488886459543,1.0118256898719993
V,35,1,97,32.66499975056757,0.8143183325257922,1.013309090909091,1.268579103244025,0.9052428854370299,-2.0173294479325787,1.005265055266898,1.1282979926835361,1.014903242937455
V,35,1,98,32.60225971308685,0.8127542620193164,1.0089090909090908,1.1763551208760936,0.9270948455856048,-2.08617233493872,1.0228471206622964,1.1375884216260637,1.013665777973087
V,35,1,99,32.55551277890186,0.8115888897313354,1.0072727272727273,1.1680556512156484,1.0080086952162792,-2.083097422490304,1.252587664384636,1.1263172349764359,1.0089107025869266
V,35,1,100,32.57349849640319,0.8120372625951592,1.0105454545454544,1.2677181624078797,1.014400287713781,-2.0170346072025054,1.0448234682230053,1.134057563763064,1.011214992823431
V,35,1,101,32.55631290920931,0.8116088364872743,1.0078545454545453,1.2718506784213792,0.9827145911951121,-2.0184480207365687,1.1503331274749435,1.1272168105549303,1.0136658800344995
V,35,1,102,32.47589526053956,0.8096040740176448,1.0077090909090907,1.279702458847028,0.9317728939824119,-2.0211208991695884,1.0022492365224875,1.1399210917078928,1.016263623777246
V,35,1,103,32.37003867455378,0.8069651345030252,1.0144727272727272,1.2764308836696745,0.8534273043563294,-2.020009198305745,1.0675704009621294,1.1420957452368934,1.0115096894684117
V,35,1,104,32.32845080501048,0.8059283745202178,1.0126181818181816,1.2738824987946828,0.9143902445878241,-2.019141265866584,0.9984444194579524,1.143496749272629,1.0138785118476958
V,35,1,105,32.32269821015466,0.8057849658722319,1.008581818181818,1.1661615813761281,0.9906142572243855,-2.0823926172573586,1.0315475686911213,1.1397354094732812,1.0109354444074858
V,35,1,106,32.31202863633553,0.8055189799659868,1.0137454545454543,1.2641022108960676,0.8992155850350505,-2.0157940856610024,1.2866234213393777,1.134572788207351,1.0102850645468948
V,35,1,107,32.27329040499117,0.8045532597090077,1.0165454545454546,1.2606584475514842,0.8817974463098757,-2.0146093330864967,0.9856631291323565,1.1384386204362256,1.0120353809171505
V,35,1,108,32.18918191898596,0.8024564869369876,1.0109454545454544,1.2728838074247542,0.9158684682384997,-2.0188006565438856,0.9693045311273778,1.139482452757269,1.0156755190078088
V,35,1,109,32.08395319607204,0.7998331996621854,1.0135636363636362,1.2683380398099044,0.9445273872877508,-2.0172469127028974,1.0902555318714384,1.1439067039437953,1.0133973057643726
V,35,1,110,32.02565469549815,0.7983798539362219,1.0132363636363635,1.2732970590261037,0.904830496399221,-2.0189416307331465,0.966513763482758,1.1430178177558707,1.0147513249330424
V,35,1,111,31.98237444393799,0.7973009039117036,1.0079272727272726,1.1763551208760936,0.9971078428719526,-2.08617233493872,1.3949572376867276,1.1456818900584962,1.0149846632068753
V,35,1,112,31.94092444672221,0.7962675810011358,1.013090909090909,1.2730215579585369,0.9670619344413359,-2.0188476530250377,1.0240959702156416,1.1533956740286209,1.0151328088008906
V,35,1,113,31.90257152864245,0.7953114663666128,1.0113818181818182,1.27770507610717,0.9531240245598224,-2.0204425149334493,1.0168478565563093,1.1549455508376545,1.0155142303377236
V,35,1,114,31.83617365048348,0.7936562081440952,1.0114545454545454,1.2771885116054826,0.9424556474738615,-2.0202668981353438,1.0801827375624118,1.1536773860349268,1.0153394865650625
V,35,1,115,31.8021556399333,0.7928081600853596,1.0118545454545453,1.2773951374061576,0.9802231059118465,-2.0203371533765706,1.3508702570019437,1.15270086726879,1.0161666168050112
V,35,1,116,31.74980248231424,0.7915030280988188,1.015090909090909,1.2753633170328535,0.9480539622459719,-2.019645816081303,1.0151565319886582,1.1596697905124205,1.018541264000708
V,35,1,117,31.70138831457647,0.7902960927048529,1.0189090909090908,1.2693022935463876,0.7992391787535527,-2.0175769595511914,0.9946420771147515,1.1592483752752247,1.0180739092319946
V,35,1,118,31.70084095018857,0.790282447247665,1.015381818181818,1.2723328052896206,0.920529561778082,-2.018612619746272,0.9912092991559187,1.1567041486102707,1.0169749783695798
V,35,1,119,31.66503743618139,0.789389887687049,1.017272727272727,1.2735036848267787,0.9229937630075634,-2.0190121006711386,1.0587558355538362,1.1584208117738657,1.0169924228094094
V,35,1,120,31.60350168797087,0.7878558393706198,1.0195272727272726,1.2719195536882706,0.8652552184888618,-2.0184715387005583,0.9950309114127355,1.1624802837074348,1.0183726574869725
V,35,1,121,31.56514702727427,0.7868996812937319,1.0201454545454545,1.2741579998622496,0.832803989361299,-2.019235180067659,1.280910486474059,1.1578478110644734,1.0178317070035188
V,35,1,122,31.5031867087627,0.7853550487010978,1.0207272727272727,1.2758798815345411,0.823373223704683,-2.019821684156774,1.4089070289711492,1.1603039060400748,1.0173060634286755
V,35,1,123,31.54863136632114,0.7864879560345672,1.0154545454545454,1.2671671602727461,0.8468086770755506,-2.0168458040338306,0.9482143721664836,1.1560407224135356,1.0134568995922075
V,35,1,124,31.52815709863667,0.7859775451468337,1.0155999999999998,1.271024175218679,0.9067396677994237,-2.0181657057871454,0.9473158733086535,1.1513895394903242,1.0152289295212542
V,35,1,125,31.51258955844667,0.785589455954553,1.0134545454545454,1.2674770989737587,0.9116273558501742,-2.0169520159156424,0.9870355246026686,1.1512401048763736,1.0127772335864014
V,35,1,126,31.41636779056422,0.7831907065232642,1.0190545454545454,1.2704387354501,0.8561644541052496,-2.017965621603811,0.9407135455808596,1.1623830502605996,1.019135047654263
V,35,1,127,31.34317011304601,0.7813659334892356,1.0210181818181816,1.2677181624078797,0.8413265551472456,-2.0170346072025054,0.951845410771921,1.165215495461778,1.021443304935376
V,35,1,128,31.3017482289306,0.7803333114209512,1.019672727272727,1.2669605344720714,0.8177952953650749,-2.016774981679111,1.0424536046172566,1.1703878044863378,1.0186695336904363
V,35,1,129,31.33992248243715,0.7812849720576647,1.0169090909090908,1.265341965700117,0.8911942920127198,-2.0162198066303816,1.0052674962634744,1.1641869950322814,1.014716899869582
V,35,1,130,31.34141461487411,0.7813221700006389,1.0162181818181817,1.261898202355534,0.9114091227320247,-2.015036216434137,0.9845449951582813,1.1634850857182069,1.0151367255708303
V,35,1,131,31.301241082258,0.7803206685666444,1.0112363636363635,1.2703354225497627,0.9447262760975255,-2.0179303030593356,0.956928355034883,1.1631449842005466,1.0151704535044448
V,35,1,132,31.20948664402647,0.7780332869130981,1.0184727272727272,1.2712652386527998,0.9188239961697459,-2.018248066606468,0.9585756183785644,1.1701215179549802,1.021170518378493
V,35,1,133,31.14124389935723,0.7763320373043309,1.0135636363636362,1.2703354225497627,0.9743358301850952,-2.0179303030593356,1.2348587942257336,1.1677093088601782,1.0182729536118837
V,35,1,134,31.08657312282859,0.7749691285052906,1.0170181818181816,1.264205523796405,0.9357588236182929,-2.0158295783519713,0.9455534099579865,1.170595320040554,1.0185372542360822
V,35,1,135,31.12649958357408,0.7759644705896683,1.0124727272727272,1.2686479785109166,0.9475800703930168,-2.017353026546076,0.9780356434920172,1.1696191988549416,1.0159886309415629
V,35,1,136,31.12861594294486,0.7760172301257773,1.0150181818181816,1.2638611474619466,0.9199670571172147,-2.015711258100074,1.0768247100739239,1.1648384991271743,1.0161024401556686
V,35,1,137,31.10917911568914,0.7755326819891989,1.016181818181818,1.2667883463048422,0.8862356084337752,-2.0167159542265023,1.3500441193686314,1.1634393241776244,1.0141717363494944
V,35,1,138,31.01184723558344,0.7731062581436607,1.0194545454545454,1.2632068324264756,0.8530552240932757,-2.0154863607740476,0.9541958753204339,1.1757981217074727,1.0191095100122707
V,35,1,139,30.93205743321483,0.771117147495765,1.0189090909090908,1.2707142365176667,0.9044295623401503,-2.018059790349409,0.9460777529822052,1.1729877319973472,1.019952152743723
V,35,1,140,30.88141048681391,0.7698545503044086,1.019709090909091,1.2693022935463876,0.8695708423184106,-2.0175769595511914,1.278617524026233,1.175179995748514,1.0209288211134104
V,35,1,141,30.92079774831136,0.770836450483508,1.0222545454545453,1.2542186100971144,0.8214187535338783,-2.0123851353068853,1.045182982702596,1.1748654938608034,1.0166507414939023
V,35,1,142,30.91312157303873,0.7706450881600451,1.0213818181818182,1.2585921895447345,0.8410641314786813,-2.0138969270729565,1.029886072050508,1.1662227827423166,1.0157350108944347
V,35,1,143,30.91121173914888,0.7705974771770217,1.0204,1.370893312211585,0.8983580023682335,-1.9495057922877805,1.0544892428923813,1.1675795179157007,1.0148964011609345
V,35,1,144,30.81565588917672,0.7682153286692427,1.0194181818181816,1.265341965700117,0.9042692771071824,-2.0162198066303816,0.9404150030033226,1.1795764054285633,1.019906748034412
V,35,1,145,30.73888433290524,0.7663014610382682,1.0166181818181816,1.2710930504855706,0.9355813027847396,-2.0181892390436413,1.0533795378403772,1.1826649459060958,1.0154029694900477
V,35,1,146,30.68724075143263,0.765014018348185,1.0228363636363635,1.2585233142778431,0.8635840383967538,-2.013873160067976,1.0648270541067733,1.1834708806089274,1.0165067741830371
V,35,1,147,30.72504804893451,0.7659565309976304,1.0177818181818181,1.2563193057373099,0.9657473738360047,-2.0131119283434393,1.1613217418425983,1.174268546975747,1.0178873203322958
V,35,1,148,30.73299375747429,0.7661546126194965,1.0237454545454545,1.2557683036021765,0.8354954100244066,-2.0129214117470013,1.2037575087946262,1.1743353237810246,1.0155001628785372
V,35,1,149,30.73600369881232,0.7662296486038865,1.0191272727272727,1.2556305530683933,0.9250359054409677,-2.012873769536285,1.041603573710922,1.1796762775951237,1.0171307282194393
V,35,1,150,30.65273634226316,0.7641538446713375,1.025672727272727,1.2595908809146636,0.8322678076429306,-2.014241402563172,0.9582313461905032,1.1867926642360587,1.0203126696048437
V,35,1,151,30.56726443281472,0.7620230825923132,1.0174181818181818,1.261622701287968,0.9807485987940188,-2.014941389723009,1.008953346654004,1.1896781063461308,1.0209708812796456
V,35,1,152,30.51978153689319,0.7608393632313588,1.0236,1.259280942213651,0.8392818005532321,-2.014134525613721,1.138044216010721,1.1842845944126086,1.022708285199649
V,35,1,153,30.47589940936531,0.7597454088095295,1.0270545454545454,1.255837178869068,0.8459859412977689,-2.012945230892617,0.9749511946058913,1.1927089350195972,1.0227688882477972
V,35,1,154,30.54552477054559,0.7614811261966649,1.0258181818181817,1.2482264618775398,0.8967262021840233,-2.0103052799610945,1.0647538212668586,1.1837407945365968,1.0181337980123435
V,35,1,155,30.51399173704697,0.7606950270858688,1.0261090909090909,1.2526344789586064,0.8881244754385571,-2.01183625631063,0.9246425509248877,1.1844350485747215,1.0228958784499955
V,35,1,156,30.39965105520757,0.7578445842851244,1.0277090909090907,1.254494111164681,0.837033677402963,-2.01248052175179,0.9563563570410141,1.194065656575406,1.0256469283979195
V,35,1,157,30.34769440422865,0.7565493369650002,1.0248,1.2582133755768303,0.8915662716332209,-2.0137661924469286,1.296445810151819,1.1913296167874747,1.0219294601386597
V,35,1,158,30.29209165807898,0.7551631947371048,1.0264727272727272,1.2564226186376475,0.8362662521099709,-2.013147640902788,0.9408399258092153,1.1973500588868633,1.0253429151678695
V,35,1,159,30.23375939972606,0.7537090074504942,1.0224363636363634,1.269853295681521,0.9233448898375111,-2.017765445197031,0.9466451443845698,1.2002684066532034,1.024561261902859
V,35,1,160,30.2312780542793,0.7536471490362264,1.0186181818181816,1.2630690818926924,0.9970119075934557,-2.015438999124893,0.9329051722042981,1.194264102414036,1.0269894279068745
V,35,1,161,30.19104028479724,0.7526440462167133,1.0295272727272726,1.374509263723397,0.8662466018964932,-1.9506498057087958,0.9432779189568302,1.1949413740326238,1.0264708573847097
V,35,1,162,30.12379858905962,0.7509677521414834,1.0272,1.3784351539362214,0.8467284504995911,-1.9518884748231096,1.06392170885578,1.2038124757265456,1.025993132692419
V,35,1,163,30.06380494001096,0.7494721474077165,1.0271272727272727,1.2605551346511468,0.8407866091775503,-2.0145737405267328,0.9461971687927101,1.205511937550734,1.0249447539470153
V,35,1,164,30.01372768325381,0.7482237522284316,1.0295272727272726,1.2612783249535093,0.8194709000460993,-2.0148228272101503,0.9392898707231092,1.207250745594349,1.0272408387549188
V,35,1,165,30.06929074290719,0.7496089050964088,1.0281454545454545,1.3710655003788141,0.8547777015603123,-1.9495603375060613,1.0388757726839395,1.2045109619444714,1.024632974520971
V,35,1,166,30.04716665913008,0.749057365309248,1.0244363636363636,1.2507059714856397,0.900398564371121,-2.01116711814418,0.9805159863006512,1.2035415939401457,1.0247927279387334
V,35,1,167,30.03239016767839,0.7486889964749788,1.0280363636363636,1.3672084854328812,0.8270755803957274,-1.9483368796460208,1.3841506489698405,1.1975214734235182,1.021391484434526
V,35,1,168,29.99714786544716,0.7478104275784091,1.0272363636363637,1.3750258282250845,0.9171409545396568,-1.9508129904711407,0.941948040063464,1.208957034223442,1.028246910575111
V,35,1,169,29.8840649400406,0.7449913398711572,1.0308363636363636,1.2573524347406848,0.8222748675960655,-2.0134689218548028,0.9673851008502015,1.2123995529642213,1.0249606104547078
V,35,1,170,29.82168745556893,0.7434363075879796,1.0302181818181817,1.3747503271575177,0.8525637177632159,-1.9507259662284082,0.952172839630525,1.207372047599116,1.027995959115779
V,35,1,171,29.78270293022877,0.7424644473733241,1.0279636363636362,1.252909980026173,0.8756080779333029,-2.0119317633717446,0.9883443475938927,1.2015179552114708,1.02400708028647
V,35,1,172,29.82983200969313,0.7436393463078397,1.0317454545454543,1.3674839865004478,0.7839486136123577,-1.9484243838864685,1.0300522225558406,1.2121347824569824,1.0268376005157338
V,35,1,173,29.80208379584377,0.7429476004206539,1.0298545454545454,1.3691714305392935,0.8226110237582805,-1.9489599629900018,1.1413019286268673,1.206324320494187,1.0262848287832018
V,35,1,174,29.77310644887118,0.7422252130014612,1.0304363636363636,1.2527033542254977,0.8602148739158699,-2.011860135045036,1.4798051097955511,1.2104210848570633,1.026020800115271
V,35,1,175,29.65529175715172,0.7392881652732927,1.0352727272727271,1.373338384186239,0.8338602302464786,-1.9502796930840116,0.9955844529035912,1.2214016551698768,1.0279606558841965
V,35,1,176,29.60442479569797,0.7380200832421286,1.0380363636363634,1.3684482402369313,0.8257128569457431,-1.9487305099594436,0.9718630444852843,1.2136259071242321,1.0303080774453894
V,35,1,177,29.54676216544973,0.7365825893718897,1.0289454545454544,1.2549418003994768,0.9298303749672528,-2.0126354800557227,1.1052509855288406,1.2146803754780378,1.02694854469002
V,35,1,178,29.60951719011855,0.7381470334997375,1.0342181818181817,1.3627660307183693,0.8309037100134559,-1.9469234340184467,0.986698219863935,1.2175344717977725,1.027400838238938
V,35,1,179,29.61391777913667,0.7382567374745954,1.0298545454545454,1.3689992423720643,0.8441647877408901,-1.9489053423107907,0.9405420301050271,1.2081623615576997,1.0266939195963372
V,35,1,180,29.58147926332687,0.7374480652472708,1.0316363636363637,1.3693091810730769,0.8710839003731151,-1.9490036545878158,1.0187552127079722,1.2224643896649963,1.0272703076389256
V,35,1,181,29.44326065378445,0.7340023604101029,1.0354545454545454,1.3740615744886011,0.8130541773044575,-1.9505083292998229,1.3002290744387903,1.2196300345073727,1.0272388178485488
V,35,1,182,29.37780884899437,0.7323706872141913,1.0337818181818181,1.375163578758868,0.8811730167472729,-1.9508564960541377,1.0517327981454783,1.2280602821993203,1.0338340177903924
V,35,1,183,29.31432494271681,0.7307880725165968,1.0347272727272727,1.379812659274055,0.8535895601652939,-1.9523222596439547,1.3720286527139753,1.2249866614809957,1.0288442966462945
V,35,1,184,29.36502725559664,0.7320520499601842,1.0346181818181817,1.3649356016254564,0.8117432951040185,-1.947614296142493,0.9306932718197116,1.221430552263652,1.0286853297517338
V,35,1,185,29.3750522125435,0.7323019659646829,1.0372727272727271,1.3658654177284937,0.7927721479207877,-1.9479100438117498,1.0460633517620241,1.2232492493394485,1.0297136929082535
V,35,1,186,29.34585508248014,0.7315740994883538,1.035490909090909,1.3689648047386185,0.8546067149976811,-1.9488944173505511,0.9146616142122224,1.2207462137102292,1.0304995830555241
V,35,1,187,29.22620546828714,0.728591308272649,1.0317454545454543,1.37795302706798,0.9215178858815548,-1.9517365477164468,1.1353796935080076,1.2269966525570715,1.0342338539858131
V,35,1,188,29.17008669367939,0.7271923017730031,1.0299272727272726,1.3809491011777673,0.9036251331499561,-1.952679806233257,0.9261023587494892,1.2279252634976663,1.0312337736912205
V,35,1,189,29.12780060611724,0.7261381356448662,1.0360727272727273,1.3776775260004133,0.817731721616727,-1.951649708358632,1.044457014797046,1.2270661236871665,1.034473890319281
V,35,1,190,29.16364299227652,0.7270316642643012,1.032581818181818,1.3741993250223847,0.9407256489808342,-1.9505518654115235,0.9263984808395497,1.2283747135996541,1.0288635650918765
V,35,1,191,29.14174686942076,0.7264858074025581,1.0369454545454546,1.36779392520146,0.7847747518325134,-1.9485228050871648,1.437335311889122,1.2232507674578201,1.0307184473421833
V,35,1,192,29.12619223736866,0.7260980400022079,1.0346181818181817,1.366072043529169,0.8262998619600056,-1.9479757381744474,1.0866585395252246,1.2273159003419183,1.0326578019596866
V,35,1,193,29.02393925983298,0.723548936227572,1.0375272727272726,1.3767477098973762,0.8378363965015181,-1.9513564972648547,0.97618237381162,1.239065808035878,1.0326706806377588
V,35,1,194,28.95361012020026,0.7217956740769211,1.036763636363636,1.3742337626558305,0.8708568784567635,-1.95056274875756,1.051503480874399,1.2406988914174073,1.0315579726300808
V,35,1,195,28.90109657183924,0.720486543647933,1.035309090909091,1.3793994076727047,0.8888659942186767,-1.952192169685596,1.097313796359381,1.2397692015441324,1.0358703197466272
V,35,1,196,28.87080996464411,0.7197315171774805,1.0355999999999999,1.3772298367656177,0.8828117699441571,-1.9515085573576085,1.0586551525540562,1.2352392841211919,1.033599414711997
V,35,1,197,28.83954413310242,0.7189520792469593,1.0346545454545455,1.377746401267305,0.8867365281796517,-1.9516714198260117,0.9388047839303437,1.2412251927741207,1.0342733071903465
V,35,1,198,28.82448419690239,0.7185766443096256,1.0382181818181817,1.374888077691301,0.7884380731599155,-1.950769480529522,0.9549780759128523,1.243381278822567,1.0345748440724305
V,35,1,199,28.76382816699725,0.7170645268289229,1.0355999999999999,1.375921206694676,0.8747553020633815,-1.951095698889263,1.3084799782474856,1.2401975807456025,1.0393737439896786
V,35,1,200,28.71028657695475,0.7157297679537622,1.0386545454545453,1.3766788346304846,0.826560808967256,-1.9513347700476051,0.949966665412452,1.2485391413768514,1.0372283699049571
V,35,1,201,28.65180276779219,0.7142718025987744,1.0362909090909092,1.3794682829395966,0.9050460135244022,-1.9522138540515832,0.9999127894281505,1.2536431338192666,1.0361630870337335
V,35,1,202,28.59894784731296,0.712954161973056,1.0372727272727271,1.384014050554446,0.8747639246335013,-1.9536426336372814,0.9483644126060533,1.2535734496068287,1.0367225822673403
V,35,1,203,28.58388127946981,0.7125785617129425,1.0433454545454546,1.3729940078517806,0.761892005376818,-1.9501707763753344,0.9729833067228763,1.243858604451844,1.0370896681346926
V,35,1,204,28.56922601273683,0.7122132149362749,1.042181818181818,1.372064191748743,0.8482459538272401,-1.9498765647493392,1.438735910407892,1.2464850112705144,1.0374366998580782
V,35,1,205,28.52041004342905,0.7109962628765506,1.0403636363636364,1.376575521730147,0.8922597316124585,-1.9513021771834962,0.9303049509215195,1.2527007130884074,1.0378791234701124
V,35,1,206,28.47649620769033,0.7099015179885473,1.0429454545454544,1.3763344582960262,0.8744253949045613,-1.9512261176535775,1.4536640207764842,1.2506115335050616,1.0399561704788416
V,35,1,207,28.44663653376045,0.7091571347015423,1.0442545454545453,1.375576830360218,0.78954636638223,-1.9509869866601282,0.9983015056098394,1.2593220535751353,1.0405199922960997
V,35,1,208,28.41405760663481,0.7083449621065626,1.0403272727272728,1.3728218196845512,0.8732652703635138,-1.950116307776075,1.036638885784453,1.2533455345430398,1.0415811973242721
V,35,1,209,28.48703189574179,0.7101641662050355,1.0380727272727273,1.3703078724430058,0.8832602276378424,-1.9493202872863455,1.2750752546345456,1.2435543426525626,1.0349684977527172
V,35,1,210,28.48844941784545,0.7101995041583369,1.0487272727272725,1.3629037812521525,0.7447450558214561,-1.9469673309691995,1.3817046226771723,1.2439394069120038,1.0331354073533552
V,35,1,211,28.47278013365856,0.7098088785508555,1.0408727272727272,1.3687581789379435,0.904422628283479,-1.9488288618171699,0.9753798231355529,1.255007977152441,1.0374604951811497
V,35,1,212,28.33786239045632,0.7064454622792641,1.0383636363636364,1.3795715958399342,0.9264871914253859,-1.952246378570632,0.9206565356648915,1.2529464403515427,1.0404305118380186
V,35,1,213,28.28042027758158,0.7050134657713778,1.0400727272727273,1.3760933948619054,0.9090312374020247,-1.9511500448007504,1.0069531368524827,1.2634179826785459,1.0406613680207883
V,35,1,214,28.23314836041265,0.7038350059808299,1.0476363636363637,1.3663131069632894,0.7681200536184531,-1.9480523690399603,0.9539581539214479,1.2624174120631528,1.0397633163695554
V,35,1,215,28.2819302828886,0.7050511092739986,1.0380363636363634,1.377505337833184,0.9764684824089243,-1.9515954249410372,0.9479463902555781,1.2575554742974073,1.03754143867666
V,35,1,216,28.25469804706275,0.7043722264012605,1.0469454545454544,1.3654521661271437,0.8090341305295835,-1.9477786252666973,1.0883642342646063,1.2495283122184908,1.0362730252968366
V,35,1,217,28.24268008849968,0.7040726260935252,1.0484363636363636,1.3627315930849233,0.7981227502015156,-1.9469124590874503,0.9175102500885288,1.2543248179652535,1.036857706654393
V,35,1,218,28.14550315861847,0.7016500650616836,1.0495272727272726,1.3676561746676772,0.8213229585773966,-1.948479065084922,1.4998837157258427,1.258218299364566,1.0406077159836324
V,35,1,219,28.11711940466222,0.7009424755509236,1.0474545454545452,1.3724430057166472,0.8482725921499628,-1.9499964528058364,1.492766429011622,1.2607000357954332,1.0437411871006714
V,35,1,220,28.05614049800747,0.6994223089516424,1.0456,1.3692058681727393,0.8601601270617351,-1.9489708863015434,0.9175673622207344,1.262946649123777,1.0415068023298115
V,35,1,221,28.09132057452902,0.700299326599581,1.0495636363636363,1.3649356016254566,0.8127052448652103,-1.947614296142493,1.4570060724794456,1.2569217635470573,1.0413633744304456
V,35,1,222,28.07433904109105,0.6998759874261987,1.0530181818181819,1.3626627178180317,0.7638497782035185,-1.9468905083933894,0.9577712973534707,1.2658973640117672,1.0427847667670025
V,35,1,223,28.05477122176654,0.6993881737379949,1.045672727272727,1.497417177491563,0.9072619318609895,-1.8857557485919674,1.1279520868012132,1.2609022806033399,1.0419166206061745
V,35,1,224,27.98845443490135,0.6977349370715048,1.0530545454545455,1.3695158068737519,0.81601840515158,-1.9490691837440175,0.9730009234513686,1.273205449535081,1.0469158157134528
V,35,1,225,27.9063078288909,0.6956870727598596,1.0474545454545452,1.3768510227977138,0.8602162057026128,-1.9513890860527665,0.9117421493096122,1.269887032748238,1.0502747444397373
V,35,1,226,27.86013346550746,0.6945359743094398,1.047890909090909,1.3739582615882637,0.8621393141797437,-1.950475674351734,1.0504623769668089,1.2754421693222076,1.048792371812422
V,35,1,227,27.80546336273154,0.6931730823066402,1.0515272727272726,1.3649011639920106,0.8282278926526293,-1.9476033386564158,0.9845855965036661,1.273504001573399,1.0473431546282075
V,35,1,228,27.86266894215649,0.6945991821812525,1.0586545454545453,1.3638335973551898,0.7475339453787088,-1.94726351938951,0.9551474739592215,1.2639282931424598,1.0460332566567117
V,35,1,229,27.85311098247021,0.6943609081309383,1.0515636363636363,1.3653488532268063,0.8819685858407806,-1.9477457644158118,0.9220635943531583,1.271170366588737,1.0457222132474602
V,35,1,230,27.81317574556519,0.693365347262307,1.0523272727272726,1.3739238239548182,0.896448915876356,-1.9504647888233813,0.9328084106450268,1.269313088794181,1.053191987906373
V,35,1,231,27.6756042305243,0.6899357740926578,1.0555272727272726,1.3689648047386187,0.815398861368542,-1.9488944173505511,0.9400521884999101,1.2809430402416093,1.0546997033766796
V,35,1,232,27.62700764437062,0.6887242911198951,1.0576363636363635,1.3687926165713895,0.813818281538256,-1.9488397884266053,0.9112529997606481,1.2777066852750705,1.0530244101066106
V,35,1,233,27.57035050688682,0.6873118635652098,1.0543272727272726,1.4977615538260212,0.814558647499322,-1.885855616249846,0.9568671209898947,1.2812569198465684,1.0509818211665953
V,35,1,234,27.62751685483337,0.6887369854232197,1.0575272727272726,1.3701701219092226,0.8821251150268744,-1.9492766275329194,1.0748823134648375,1.270589830193325,1.051911232420293
V,35,1,235,27.60820774445006,0.6882556211896375,1.0532363636363635,1.4932846614780635,0.8702229408027774,-1.884555541991695,0.9587489012440297,1.2797209968173502,1.0510330760211726
V,35,1,236,27.61819461587865,0.6885045877456142,1.0567272727272727,1.3663819822301813,0.9148642864830867,-1.9480742610896629,1.3408072665323538,1.2740065257168367,1.050906894943678
V,35,1,237,27.47034483787072,0.6848187838083393,1.0637454545454545,1.3641779736896482,0.8268966651138796,-1.9473731675626595,1.0533041220908101,1.2775429330433763,1.0555620416632678
V,35,1,238,27.3980763281869,0.6830171743563499,1.0620363636363634,1.4965217990219715,0.7974684371132512,-1.8854959851544344,0.9614994500543287,1.2909329714583324,1.053248510589368
V,35,1,239,27.34561163571,0.6817092618744732,1.0620363636363634,1.4988635580962877,0.8585145340969348,-1.8861750385181046,0.904780520985388,1.2884806640970405,1.0571172395099897
V,35,1,240,27.30777808055243,0.680766094637838,1.0628363636363636,1.49562642055238,0.8050270259176079,-1.8852360662522747,1.1905258399398757,1.2860370031018071,1.056272081197783
V,35,1,241,27.32382278864883,0.6811660793322415,1.0622545454545453,1.4998966870996626,0.8677311085253474,-1.886474283676987,1.1280448812712114,1.2858378480831913,1.0552380238789254
V,35,1,242,27.31935979986829,0.681054819769725,1.0641818181818181,1.4926303464425923,0.8510206077095788,-1.8843652047495927,1.0118025943454567,1.292274002604916,1.0532974279509721
V,35,1,243,27.2208573398569,0.6785992140878431,1.0628363636363636,1.498450306494938,0.7898206868116916,-1.8860552826971604,0.911435246367424,1.2882796947484065,1.055745598380747
V,35,1,244,27.15749314246752,0.6770195836591284,1.0594181818181816,1.5030993870101248,0.8110391976360534,-1.887400635487868,0.9523222380407439,1.2957860110684425,1.0572607234312288
V,35,1,245,27.10061989841971,0.6756017687008552,1.0584727272727272,1.3719264412149597,0.929231908702474,-1.9498329608856577,0.9528036641267694,1.300406162516903,1.0587700842596954
V,35,1,246,27.04332607022981,0.6741734688388659,1.0677454545454546,1.5023761967077625,0.8074462833959051,-1.8871916319175546,0.9186224073847311,1.2946644403260454,1.061601312506534
V,35,1,247,27.03746937673105,0.6740274650758031,1.0679636363636362,1.3654521661271437,0.8077894322850434,-1.9477786252666973,1.204218986512943,1.2888850180852869,1.0588966486695943
V,35,1,248,27.01605813064445,0.6734936958933853,1.0673454545454544,1.3646945381913356,0.8201181257482806,-1.9475375879335877,0.9379199890756743,1.2988160767335992,1.0607502831189473
V,35,1,249,26.94096088413197,0.6716215677738602,1.0672727272727272,1.494972105516909,0.7771003056166658,-1.8850460270936324,0.9535876688681973,1.2928313847539317,1.057208734938474
V,35,1,250,26.88618639059703,0.6702560733737095,1.0657090909090907,1.5005165645016878,0.8724627732716141,-1.8866537318505627,1.0135005197271694,1.305941587826244,1.061446672869357
V,35,1,251,26.80971960249796,0.668349803425633,1.0639636363636364,1.5021351332736415,0.8789561752889252,-1.8871219417031044,1.017339645363947,1.3076805210622455,1.0592896343363591
V,35,1,252,26.8004329690255,0.6681182933707785,1.0664727272727272,1.4965906742888628,0.8126586515873359,-1.885515972474405,0.9539336651196122,1.29336471193797,1.058357176503218
V,35,1,253,26.83367041922547,0.6689468825405605,1.0711272727272727,1.4935946001790759,0.7953742838319916,-1.884645672630579,0.9066240191561135,1.296981467004881,1.0562060430507954
V,35,1,254,26.81773201967198,0.6685495480526794,1.0682545454545453,1.3597355189751363,0.8173149204751142,-1.9459565768490383,1.044330215415067,1.303340917232919,1.0607604027836246
V,35,1,255,26.75928866507045,0.6670925912049909,1.0664,1.4924925959088093,0.8549354824211495,-1.884325123119523,0.9075209612430218,1.299694702287399,1.0628649641549932
V,35,1,256,26.61954218521456,0.6636087975015906,1.070290909090909,1.4977615538260212,0.7719657721843597,-1.885855616249846,0.8939631469398112,1.3075260862582208,1.0641145890404888
V,35,1,257,26.58488924698509,0.662744921086724,1.0699636363636362,1.500275501067567,0.799850997939286,-1.8865839552601393,0.9151771652978209,1.3114484982604553,1.0646840656238405
V,35,1,258,26.50391371235826,0.6607262508636649,1.0724,1.4952476065844755,0.8076879444398251,-1.885126053717266,1.33482114239509,1.3065721486840256,1.063859319315643
V,35,1,259,26.55196807796986,0.6619242166121491,1.0717454545454543,1.4929402851436049,0.8482838210027518,-1.88445537489438,1.5877721901622945,1.3014533426523769,1.0638336672194257
V,35,1,260,26.53124983286326,0.6614077235174942,1.0734909090909088,1.4874302637922727,0.793970012655599,-1.8828495513532317,1.4573789714867795,1.3023011901773913,1.0641496801061554
V,35,1,261,26.49181295653152,0.660424586471123,1.0710909090909089,1.4932157862111717,0.8297670057782898,-1.884535510420376,0.9911703767354724,1.3131816755485628,1.0609684225335407
V,35,1,262,26.39309574319667,0.6579636271211071,1.0753090909090908,1.4918382808733384,0.7841846611590091,-1.8841346848433282,1.2113995975054075,1.307720924710563,1.0633348165624656
V,35,1,263,26.30797889162951,0.6558417164164603,1.0757454545454543,1.4904607755355055,0.8334193790813127,-1.8837334889885586,0.993135282939865,1.3220380697929803,1.0668176930357098
V,35,1,264,26.24218605440561,0.6542015414919411,1.076581818181818,1.4953164818513673,0.7912777053411155,-1.885146058069269,0.9366246368033861,1.3225395388605583,1.06244683717679
V,35,1,265,26.23031456557632,0.6539055925844902,1.0712363636363635,1.4930780356773883,0.793428982810771,-1.8844954445056925,0.9463929847851522,1.318621155858742,1.0674575943091842
V,35,1,266,26.23188661849127,0.653944782895775,1.0747272727272725,1.4799572973345272,0.7632970796951885,-1.8806621222491355,1.0390047567777614,1.3184680760732377,1.0606880780232355
V,35,1,267,26.16993537669079,0.6524003765799601,1.077381818181818,1.4843308767821475,0.7679564056821736,-1.881943659459398,0.9901332535823548,1.3210952649412109,1.0649310925051894
V,35,1,268,26.10834774114866,0.6508650347442999,1.0781818181818181,1.497589365658792,0.7282508758225643,-1.885805685291525,0.902661771393223,1.3255063568840055,1.0693937284072474
V,35,1,269,25.95573060812799,0.6470603835817327,1.073890909090909,1.488876644396997,0.8423493991268883,-1.8832716551108006,1.0887741771629091,1.3294180284197483,1.070833393246185
V,35,1,270,25.8971014759449,0.6455987954133158,1.0774181818181818,1.4865693229561268,0.7848455531859987,-1.8825981042000484,1.0549644837802437,1.331724191065959,1.0673346528247143
V,35,1,271,25.81580970318215,0.6435722415682303,1.0803272727272728,1.4920449066740136,0.6850093882891958,-1.8841948322683817,0.9525789398172332,1.335631256074634,1.0692370440429817
V,35,1,272,25.86710793405744,0.6448510748805485,1.0755636363636363,1.4943177904814384,0.7751079105409812,-1.884855904740996,0.9063760867257734,1.3289244673996479,1.0655310467725354
V,35,1,273,25.80261514926655,0.6432433094627652,1.0757818181818182,1.4871892003581513,0.8020800306105046,-1.8827791608238087,0.9183174493991596,1.324956131524031,1.0661758492637234
V,35,1,274,25.73201171142237,0.6414832092265831,1.0765454545454545,1.487568014326056,0.8065075923363234,-1.882889769391127,0.8958694277527066,1.3305888074323395,1.0691233329358174
V,35,1,275,25.63669432736249,0.6391070055271781,1.0741090909090907,1.495247606584476,0.8393239127574845,-1.885126053717266,0.9463957436346682,1.342382542092106,1.069548851296393
V,35,1,276,25.53428303671942,0.6365539551042455,1.0748727272727272,1.4930780356773883,0.7865481919790513,-1.8844954445056925,1.5081509327574374,1.335161349291743,1.0679980870091683
V,35,1,277,25.43612462147946,0.6341069262466933,1.0735999999999999,1.4951098560506924,0.8577287368219442,-1.8850860422487437,1.0190490822277432,1.3358206878988603,1.0701857722463308
V,35,1,278,25.45226550551773,0.6345093085481138,1.0788727272727272,1.4889455196638888,0.774613392298827,-1.8832917450602389,0.9668913787706586,1.3443441790129143,1.0663280956337302
V,35,1,279,25.35970388127774,0.6322018042443466,1.0743636363636362,1.491769405606447,0.7584549526600366,-1.88411463385037,1.0613923947535522,1.3450928464164926,1.0656149984055405
V,35,1,280,25.30349218116764,0.6308004811691398,1.0761818181818181,1.4866037605895726,0.7409365926229653,-1.8826081648818558,1.0059959208649913,1.3490723219883005,1.0639888676361746
V,35,1,281,25.20501375767053,0.6283454747027601,1.0740363636363637,1.4942489152145466,0.7617385540729317,-1.8848358870192576,0.8921829968034233,1.3469390450689525,1.065875521519845
V,35,1,282,25.11895847547322,0.6262001695002786,1.0771636363636363,1.48712032509126,0.7396620516241486,-1.8827590471482818,1.0735751586449782,1.3540393403045214,1.0680102949874044
V,35,1,283,25.02950190933993,0.6239700723833828,1.073381818181818,1.4953164818513673,0.7490577460151052,-1.885146058069269,1.6043567357277946,1.3504796907905812,1.0682508910684767
V,35,1,284,24.91924286273028,0.6212213822359262,1.0739272727272726,1.4892554583649014,0.7691928033901849,-1.8833821383339346,1.1013549911630978,1.3591807191938248,1.069994494072143
V,35,1,285,24.92277804907017,0.6213095122548288,1.0804727272727273,1.4807149252703355,0.6802496474386027,-1.880884391797603,1.0611463071863925,1.3477730887978923,1.066140150114076
V,35,1,286,24.83152399072689,0.6190346047638217,1.0757454545454543,1.4868103863902475,0.7232983111899871,-1.8826685240789005,0.9080038122407006,1.3633349279984628,1.0672723788329626
V,35,1,287,24.70925624960158,0.615986545255628,1.0763999999999998,1.4858116950203184,0.7622735058420248,-1.882376710215231,1.1240630226927517,1.3570787571369451,1.0678205005177497
V,35,1,288,24.57876641069203,0.6127335139118719,1.081781818181818,1.4807149252703355,0.6331019712104881,-1.880884391797603,0.8852110433024534,1.3680064966722438,1.0694060240351717
V,35,1,289,24.47793214841928,0.6102197778352633,1.0782181818181817,1.486328259522006,0.7491842500460258,-1.8825276729009188,0.9706543306205713,1.378863208177061,1.070145548109848
V,35,1,290,24.34909015958665,0.6070078263793728,1.0807636363636361,1.4848130036503893,0.7032248963946486,-1.8820847001423198,0.881415304416089,1.378024755951228,1.0681971556776702
V,35,1,291,24.28351765449397,0.6053731441992304,1.080290909090909,1.4852262552517392,0.7334632277878532,-1.8822055557106254,1.070973540927481,1.3800542556160533,1.0727043372145482
V,35,1,292,24.23457238589777,0.6041529687878533,1.0818545454545454,1.6189820235553416,0.7062919696099997,-1.818490870718285,0.8987480864687577,1.379391418181624,1.0720793420333752
V,35,1,293,24.15281864508227,0.6021148983636382,1.0845454545454545,1.6176733934843996,0.7116701589971577,-1.818139686686374,1.1117214932822148,1.386982432203285,1.0692256522842256
V,35,1,294,24.00251563166212,0.5983679367779497,1.0842181818181817,1.6249052965080242,0.6737840667398676,-1.8200768984457398,0.9453783879655293,1.396089118304715,1.071650781792492
V,35,1,295,23.48669993010964,0.5855089689167442,1.0906545454545453,1.6201873407259455,0.759104800838706,-1.8188140786530531,0.9260341920103804,1.3982167733181035,1.0785802342768585
V,35,1,296,23.49390394462461,0.5856885605632195,1.097381818181818,1.606136786280047,0.6326504110559017,-1.81503137325789,1.0308746471610977,1.3927301315681273,1.0764233589280743
V,35,1,297,23.53366904889337,0.5866798801299765,1.0910181818181819,1.6173290171499415,0.7395417788444989,-1.8180472226178301,0.8876160726155669,1.4064922027434676,1.0771080736677268
V,35,1,298,22.97795005922106,0.5728261478636841,1.1006909090909092,1.6069632894827468,0.7368489807150753,-1.8152547997181065,1.6820597913503226,1.4099309621338407,1.0852230944003036
V,35,1,299,22.56542807880994,0.5625422288744368,1.1020363636363635,1.605344720710793,0.7506020107990726,-1.8148171483201105,1.261048314786512,1.4284493324411773,1.0906141689749176
V,35,1,300,21.94664664262345,0.5471163886429657,1.1026545454545453,1.6073421034506512,0.7838013852890799,-1.8153571651106746,0.898490787619386,1.444346531357539,1.0882897006782377
V,35,1,301,21.32296125905352,0.5315682960224982,1.1077090909090908,1.7533921068944143,0.6984810412989894,-1.7514119161436057,1.145556973220381,1.4672656159053759,1.0895372489980428
V,35,1,302,20.86795194406931,0.5202251939410354,1.1062181818181818,1.7516013499552314,0.7084596168087334,-1.7509681401797632,0.8785739424337873,1.4853686343000412,1.0874332023764666
V,35,1,303,20.60398579217573,0.5136446802935649,1.0963999999999998,1.7428541910599902,0.7654647977903629,-1.7487939240650001,1.0146575580914416,1.4734855114217815,1.0825337507599218
V,35,1,304,20.1860366970715,0.5032254666763958,1.097781818181818,1.7358633514704873,0.7459495919372698,-1.7470484031323237,0.9665376372555321,1.5089103602493898,1.084201111827868
V,35,1,305,19.875842987498,0.4954925284774449,1.0965090909090907,1.7280115710448383,0.746178340970416,-1.7450795152084353,0.9212510483580079,1.5183918605020923,1.0825263581623819
V,35,1,306,19.56901378337056,0.4878434653277986,1.0909090909090908,1.9053309456574143,0.7562881281534162,-1.6857192161336263,0.8915957435624552,1.5351786742083766,1.080812051946379
V,35,1,307,19.02362976370828,0.47424737750080004,1.0910181818181819,1.8988222329361528,0.7152234519979606,-1.6842331031173101,0.857183191025468,1.5491201985591265,1.0807364035287608
V,35,1,308,18.68982672593943,0.46592587328578006,1.0921454545454545,1.8979268544665615,0.7217858136476971,-1.6840282658068555,0.8686712210677238,1.5678978071574947,1.0829391828101533
V,35,1,309,18.29998337199615,0.4562073184915515,1.0875636363636363,1.8874922515324748,0.6856193541414035,-1.681633972426813,0.870000556282349,1.569932731653529,1.082493440304632
V,35,1,310,18.10581151824104,0.45136673372557257,1.0836,1.8844961774226878,0.7365733769910154,-1.6809440558210749,0.9406363935918969,1.5716402977472133,1.0817553693385893
V,35,1,311,17.80600468506157,0.443892733960111,1.0915636363636363,2.071423651766651,0.6478879017632022,-1.620172094809285,0.8770105129041995,1.5954430663121193,1.0792750889668021
V,35,1,312,17.36744941084966,0.43295982098464314,1.0884363636363634,1.8906949514429372,0.6889803753204111,-1.6823702595172805,1.1672631668868727,1.6173452972328184,1.085462488692561
V,35,1,313,17.08020478000555,0.4257989891890789,1.0913090909090908,2.0718713410014464,0.5816330924540248,-1.6202659471492102,0.8683560062463317,1.629383347234736,1.087238660841522
V,35,1,314,16.76806986018626,0.41801765781386896,1.0966909090909092,1.8793305324058132,0.5985573902693501,-1.6797519645226047,0.9053920971592611,1.653492999245451,1.0869206150818511
V,35,1,315,16.43290010293534,0.4096620821236257,1.093090909090909,2.0795164956264207,0.5506959093044034,-1.6218655337699186,1.8900585853336511,1.651832280280608,1.0883837329089592
V,35,1,316,16.22770601960161,0.4045467199604413,1.0928,2.0690818926923344,0.5694390637329737,-1.619680844095361,0.8860669316962791,1.6604528628240396,1.0862369583885954
V,35,1,317,16.11958933517158,0.40185143758310865,1.0898545454545452,1.8758867690612306,0.5578562618018967,-1.6789554152330508,0.8992871494842339,1.6813081253357989,1.0898236439205946
V,35,1,318,15.90932834200246,0.39660976047733376,1.0921090909090907,2.0406019698326334,0.5900671467322586,-1.6136614655926322,1.2196261231662462,1.6848410776668428,1.0885966203183433
V,35,1,319,15.69637002745864,0.39130084081038,1.0959999999999999,2.071561402300434,0.4998895059602342,-1.6202009746125874,0.8781035119334659,1.7005726232230736,1.0908025126300362
V,35,1,320,15.38890868178558,0.3836360187611996,1.0939999999999999,2.2614849507541845,0.5160785600131012,-1.5569930652612702,0.9444165158687473,1.7195696073907367,1.0930707182999884
V,35,1,321,15.17638902697668,0.3783380346113625,1.0967272727272726,2.2510159101866525,0.5072788380087628,-1.5549779278256048,0.8883061177391998,1.725959290544896,1.0947978525125448
V,35,1,322,14.95240119076071,0.37275415575980125,1.0922545454545454,2.2744335009298164,0.5698961304033372,-1.5594726068250881,1.6167764035027132,1.7238984799740833,1.0956793940946494
V,35,1,323,14.77994057848908,0.36845481887678255,1.0965090909090907,2.2625869550244513,0.4958672091010372,-1.5572046420854428,1.7870243949734101,1.727488278761805,1.1002735924532157
V,35,1,324,14.7251250475413,0.36708830143919596,1.1027272727272728,2.242096563124182,0.4595946481246385,-1.5532536761748068,1.8702019342063823,1.7423568433262397,1.1001906064225389
V,35,1,325,14.56963772334544,0.36321209817775646,1.1026181818181817,2.2423720641917493,0.4417331473168227,-1.5533070374996356,0.8946871275630554,1.7587374044339357,1.099808252090945
V,35,1,326,14.44499762154856,0.3601048971786407,1.0935636363636363,2.2471588952407195,0.5177082162154553,-1.5542331454235758,0.8972935359623088,1.7685702807690604,1.104149577780283
V,35,2,0,40.47376752970841,1.0,1.0,1.0,1.0,-2.29404343180704,1.217432022855704,1.0,1.0
V,35,2,1,39.74161147570033,0.9819103558009353,1.0097485345340245,1.097985347985348,1.0121607961540722,-2.2326698665309834,1.1412591117256246,1.0155483227543196,1.0116934196829233
V,35,2,2,39.17379528775749,0.9678811160587727,1.0163537507433524,1.0245054945054943,0.8816286604933814,-2.30455772370679,1.4425056103115559,1.0242715655072652,1.0167450394908326
V,35,2,3,38.65528398745055,0.9550700699922966,1.0114688641576757,1.1173992673992676,0.9400963924166749,-2.2402817040885035,1.4925774743920797,1.02958061367186,1.018473618949456
V,35,2,4,38.22607119928745,0.9444653545343632,1.0103432163792372,1.1232967032967034,0.9042093840339824,-2.2425678060989775,1.2165574673305082,1.0322721135780148,1.01705383240947
V,35,2,5,37.87145258509397,0.9357036642881269,1.0090051822275083,1.1194505494505496,0.8924036581470542,-2.24107823563811,1.20714849018965,1.036912663790335,1.015153539360413
V,35,2,6,37.59251943511919,0.9288119621561216,1.006435307110696,1.1205494505494507,0.8794396456417772,-2.2415043487824815,1.1042008591721766,1.0346804055145535,1.0134205312819162
V,35,2,7,37.36190744241255,0.9231141483181248,1.0002123863732904,1.0522344322344321,1.05785869235077,-2.31615594090546,1.1097333523529225,1.0341191689317453,1.0107773058600902
V,35,2,8,37.19986944368488,0.9191106169293374,1.0025698751168126,1.1149816849816852,0.9232468522062789,-2.239341055394254,1.2178345529636723,1.0289311976433042,1.009120493846987
V,35,2,9,37.19052658022572,0.9188797794257049,1.0038017160818962,1.1145787545787547,0.9547631552269,-2.2391840823430784,1.1677930334494473,1.0294392061933573,1.01161372522738
V,35,2,10,37.07739414261921,0.9160845754081034,1.0039716251805284,1.1106959706959707,0.8281955937529168,-2.237668518168585,1.1652807852289866,1.032654434330271,1.010490947417713
V,35,2,11,36.88368448532995,0.9112985209063308,0.9996389431654065,1.2011721611721615,0.8941782952053497,-2.170451183132856,1.1126267101936025,1.0352647439531497,1.0060152368592628
V,35,2,12,36.717357590007,0.9071890221995235,0.9935434542519752,1.1204761904761906,0.9280175491553757,-2.241475954242955,1.1905480381466442,1.035412912878725,1.0052116453378839
V,35,2,13,36.59977968142106,0.9042839823240132,0.9857276357148925,1.0424542124542127,0.9746632807171942,-2.312100420426286,1.4200689017340233,1.033118245196015,0.9988712304427533
V,35,2,14,36.66618926946769,0.9059247880137202,0.9848993288590604,1.1253846153846156,1.0590994219404728,-2.243374295619327,1.1923585695066974,1.0303125176959005,0.9972423686169174
V,35,2,15,36.61086411532756,0.9045578494380239,0.9873205335145697,1.1150183150183153,0.889161347751871,-2.2393553228586325,1.2121052326854203,1.0322122579719164,0.9991493605390478
V,35,2,16,36.54638100313994,0.9029646418835187,0.9843896015631638,1.117069597069597,0.9794847971573707,-2.2401535537183292,1.2139338693426835,1.0335991419284092,0.9977815069465034
V,35,2,17,36.33752617789077,0.8978043902440866,0.9802268286466741,1.2089010989010993,0.9516016734467949,-2.173236697224338,1.3774823818345983,1.0326666125439956,0.9909563480296621
V,35,2,18,36.2246350940616,0.8950151494414776,0.974959646589075,1.1243223443223442,0.8666000306743741,-2.2429641635415245,1.0905378002475223,1.030754712088376,0.9884090081219723
V,35,2,19,36.23457869504252,0.8952608295841435,0.9687792031263275,1.1172893772893773,0.9971225819714613,-2.2402389914998904,1.2108210459607407,1.0239997334849302,0.984355851634499
V,35,2,20,36.27027108594267,0.8961426943839536,0.9727295896695268,1.1982417582417584,0.9290187462075891,-2.16939037537069,1.1843060839374535,1.0282048729045836,0.9877578803864384
V,35,2,21,36.24041479217237,0.895405024144869,0.9692676917848951,1.1135897435897435,0.8984542214743868,-2.238798544136583,1.186970282691051,1.0244811894911205,0.983375497607221
V,35,2,22,36.10664239612242,0.892099861215528,0.9661031348228698,1.117069597069597,0.894165137217607,-2.2401535537183292,1.1776862333611773,1.0299559616067187,0.9802152301396633
V,35,2,23,35.98212522217687,0.8890233704031975,0.96106957777589,1.118058608058608,0.8987518133837449,-2.24053789144188,1.0923628528436862,1.0255200000111402,0.9762722043423671
V,35,2,24,35.91291793986007,0.8873134410701796,0.9562484071022003,1.1175091575091578,0.9148055921279226,-2.2403244124767734,1.1776431612916667,1.02590932008634,0.9747210815938222
V,35,2,25,36.0307609624875,0.8902250312141149,0.9571616685073486,1.1105860805860805,0.9218271916173448,-2.237625547787266,1.1647384759447275,1.0221565064741873,0.9747704374100666
V,35,2,26,36.00744699095785,0.8896490044947705,0.9547617024891684,1.1991208791208794,1.0002872269636631,-2.169708889856477,1.211280023323622,1.0235081744029522,0.9728003308452267
V,35,2,27,35.98432011171899,0.8890776003322624,0.9612394868745222,1.1074358974358978,0.8796987622602994,-2.236391918821852,1.18458920633459,1.0254082355882352,0.9754718150263975
V,35,2,28,35.81164612836289,0.8848112818278296,0.9548041797638265,1.2041758241758242,0.9461101915112833,-2.1715358286427637,1.179985425089203,1.026340637993379,0.9730597514996607
V,35,2,29,35.72768598229512,0.882736848159006,0.9517245773511173,1.196666666666667,0.8544677171534026,-2.1688191187238233,1.1991495254097804,1.0264958738225634,0.9652596472759912
V,35,2,30,35.6542040372988,0.8809213031904684,0.9458839520856341,1.1150549450549454,0.87646611516689,-2.2393695898543107,1.308448011515531,1.0226682736928678,0.9675382383216066
V,35,2,31,35.62121540420281,0.8801062411117584,0.9469883612267437,1.1958974358974361,0.8856968767739086,-2.1685398595896253,1.10730937242149,1.020622804201824,0.9609206830403014
V,35,2,32,35.57282326111217,0.8789105989453819,0.9397672245348738,1.2045421245421248,0.9742636691513281,-2.1716679173575213,1.1885907250735437,1.0241990013381945,0.9592841058900703
V,35,2,33,35.51669434998361,0.8775238016553258,0.9386840540310933,1.1973992673992675,0.9273374053272833,-2.1690849129619942,1.1967154786608087,1.023881062589469,0.9591159675105041
V,35,2,34,35.46749665498012,0.8763082564267434,0.9394911222495965,1.103186813186813,0.8210666210625815,-2.234722383711912,1.1123973017618434,1.0221344965977182,0.9557158208757016
V,35,2,35,35.41944111454349,0.8751209308237746,0.9371761107807323,1.1096336996337,0.8781107078074188,-2.2372529596125794,1.1843502228240075,1.0240273864997342,0.9579669744566701
V,35,2,36,35.37657984818613,0.8740619420274908,0.9327584742162943,1.1999633699633698,0.9572225742468407,-2.170013913858137,1.170532565927508,1.0207967414672126,0.9542488475845874
V,35,2,37,35.4283236356273,0.8753403944819895,0.9403619063800867,1.1956043956043956,0.9697974142733734,-2.168433427906234,1.4073845159173284,1.0227562586596501,0.9590246742781637
V,35,2,38,35.38378559901048,0.8742399771169856,0.9422096678277123,1.1972527472527474,0.975856873456142,-2.1690317671263477,1.1603664969864427,1.0257336674757327,0.962638336903743
V,35,2,39,35.31178535626856,0.872461041101477,0.942761872398267,1.1994139194139195,1.0132651706655817,-2.1698150094616238,1.1792555568732839,1.0283246986678918,0.9639813751490166
V,35,2,40,35.27679661860265,0.8715965617163982,0.9443122929232861,1.1956776556776556,0.9695315132759271,-2.168460038272463,1.1062663429112307,1.0258437195616499,0.9616461685196732
V,35,2,41,35.31014691805015,0.8724205596163471,0.9505564522980207,1.1761172161172162,0.8996507682931472,-2.1612965321291457,1.3790682862745844,1.0239276111976972,0.9660214272628161
V,35,2,42,35.40695990223568,0.8748125530010614,0.9618978846317221,1.1010256410256412,0.9441110919415949,-2.2338707548745838,1.0703980081831803,1.02776033138344,0.9741193038757185
V,35,2,43,35.40902410933688,0.8748635541118349,0.9673774530626116,1.1835531135531137,0.9839127125664359,-2.1640336771221937,1.178929479953774,1.0355347971631101,0.9834410754934414
V,35,2,44,35.36947217963028,0.8738863302920467,0.9787401240336421,1.1836263736263737,0.8892084871150062,-2.1640605584345263,1.1865138135971285,1.0445272103965526,0.9879633594750669
V,35,2,45,35.18052236209488,0.8692178788710934,0.9752994647863393,1.1857509157509156,0.9133372609797651,-2.164839393593179,1.269015978737347,1.041560956454816,0.9853827698716097
V,35,2,46,35.11956559767155,0.8677117980650854,0.9686305326650242,1.193516483516484,0.9331910543871504,-2.1676743462396257,1.1840412623209828,1.0449411896013205,0.983396450422795
V,35,2,47,35.19459421096638,0.8695655571261798,0.9689915894996177,1.1850915750915751,1.0171501194243846,-2.1645978355659934,1.4072968254593796,1.0370290344833597,0.984289566328218
V,35,2,48,35.19698437861587,0.8696246118620093,0.97287826013083,1.1781684981684986,0.891133039808848,-2.1620533312684587,1.1910878168191121,1.0408368201872709,0.985221907713512
V,35,2,49,35.19098063744821,0.8694762752594617,0.9770197944099906,1.1767032967032967,0.8845805723082483,-2.161512895058968,1.1463997528181264,1.0387923533349668,0.9884286091512616
V,35,2,50,35.02784351547757,0.8654455874355299,0.97506583977572,1.1852380952380952,0.8449532096713533,-2.1646515267398403,1.0809913528232178,1.0438822785685784,0.9856033291155546
V,35,2,51,34.93449904093171,0.8631392917718672,0.967016396228018,1.187728937728938,0.9512728859613095,-2.165563262580528,1.171778406309402,1.046275575677236,0.9824466886726689
V,35,2,52,34.87565619967783,0.861685440429496,0.9646376688471667,1.1786446886446889,0.878316075502888,-2.162228828333831,1.1688772357085415,1.0407425059822066,0.9771221263258683
V,35,2,53,34.97722614871556,0.8641949658637956,0.9700959986407273,1.1719780219780223,0.8833805080324837,-2.1597653923295206,1.1512172024046259,1.0414850232066204,0.9829136574567973
V,35,2,54,34.97313712961324,0.8640939369912224,0.9672924985132955,1.177765567765568,0.9206932824278681,-2.161904778340072,1.0916676231590559,1.0405835221291684,0.9801138813908555
V,35,2,55,34.93844026114869,0.8632366689239717,0.9720711919123269,1.1752380952380956,0.8148716374227252,-2.1609717854924515,1.0792655343323672,1.0441661694830555,0.9845324508191531
V,35,2,56,34.75487026565163,0.8587011387101778,0.9648500552204572,1.1808058608058607,0.8990703890466186,-2.163024424924526,1.157372021625597,1.0456253465593024,0.9771510023398564
V,35,2,57,34.68350244969517,0.8569378282917919,0.9606872823039674,1.1850183150183151,0.9304306676102384,-2.164570987489705,1.1644848657556626,1.0457657766206367,0.9742015421732102
V,35,2,58,34.64527977709757,0.8559934469077376,0.9573952935179679,1.1737362637362636,0.9278327824205502,-2.1604164476103027,1.094054826100946,1.0345950836986946,0.9719216924979648
V,35,2,59,34.78701046485264,0.8594952382260536,0.9580112140005098,1.1780586080586082,0.9879132361664762,-2.1620128218725267,1.1780881525872158,1.0415014912688159,0.9741954470434425
V,35,2,60,34.77623211796348,0.8592289337145882,0.9630660096848187,1.1766300366300366,0.9107198578778688,-2.1614858555868115,1.2962704375586467,1.0391941150621793,0.9760991915888138
V,35,2,61,34.68769630928209,0.8570414474961034,0.9654872143403279,1.17996336996337,0.9685725593690642,-2.1627144504173086,1.2281436226549904,1.0444143938458754,0.9798588700100915
V,35,2,62,34.55703355593707,0.8538131156327772,0.9644465211112055,1.1783516483516485,0.9021529684758592,-2.1621208385326582,1.4322296747493382,1.0469850434796917,0.9751335115984251
V,35,2,63,34.49965100375785,0.8523953441802653,0.9605386118426642,1.2806227106227106,0.935777470552403,-2.0962510330422797,1.1219147022633338,1.0444188953667457,0.972946235184694
V,35,2,64,34.61965247390078,0.8553602638669451,0.9652748279670377,1.168644688644689,0.8607202980426297,-2.158528414455972,1.1590052272468712,1.0428855950524287,0.9800103959065197
V,35,2,65,34.61020717609237,0.85512689548083,0.9620253164556962,1.177472527472528,1.0745616252356833,-2.1617967079219205,1.1588612663060005,1.0464479038175656,0.9777043652302055
V,35,2,66,34.59666584924952,0.8547923250252153,0.9673349757879535,1.170769230769231,0.9755121876358841,-2.1593172249928836,1.1179880099860615,1.0464929661000406,0.9824095120318072
V,35,2,67,34.46576643826253,0.85155814597601,0.9662518052841731,1.1790476190476191,0.9407877889473386,-2.1623772704793276,1.0836165428811804,1.0490619564871169,0.9783065920726507
V,35,2,68,34.40389280124455,0.8500294116674839,0.9626624755755671,1.1751282051282055,0.9261083962155658,-2.160931175083454,1.1454933145290653,1.0500552716826625,0.9770827605872074
V,35,2,69,34.34646584011544,0.8486105429869994,0.9603049868320449,1.1739194139194142,0.8995024326276264,-2.1604842097739114,1.1490678086870134,1.0476792492333784,0.972136579920114
V,35,2,70,34.33038242374679,0.8482131642068588,0.9592218163282644,1.263736263736264,0.9496660213730392,-2.0904862817198158,1.1427560132910646,1.0469909674268072,0.9717201172123286
V,35,2,71,34.32636249293132,0.8481138423235545,0.9600926004587547,1.1710989010989012,0.9052277219671088,-2.159439498321617,1.0485767493407803,1.0453901436048598,0.9738223335956887
V,35,2,72,34.29674231457306,0.8473820058732779,0.9630447710474896,1.173846153846154,0.8870938296738489,-2.1604571061771916,1.1550329269723743,1.0525998109600945,0.9754932693809468
V,35,2,73,34.21106798052641,0.8452652191426193,0.9583297935604452,1.1720879120879122,0.933134058857981,-2.159806111890931,1.0800714540499217,1.0472158126355342,0.9717596505599534
V,35,2,74,34.17711826702625,0.8444264113030665,0.9583085549231162,1.176007326007326,0.992694457030822,-2.161255952076924,1.1296626599250408,1.0531963867414453,0.9755879751457108
V,35,2,75,34.12275806865945,0.8430833142383591,0.9618978846317221,1.2653846153846156,0.9341917679661645,-2.091052383666454,1.1415235051028378,1.0519827693444632,0.9739874339314214
V,35,2,76,34.18007835286839,0.844499547213628,0.9665491462067795,1.261868131868132,0.9480629795218249,-2.0898438061910487,1.130399343414921,1.0542919717847572,0.9774202963974011
V,35,2,77,34.16113332845562,0.8440314656494675,0.9708605895845723,1.165934065934066,0.8121128630731124,-2.1575199164454135,1.0559434387539715,1.0517112841578418,0.9782516544758038
V,35,2,78,34.07373174287071,0.8418720030908917,0.9658695098122505,1.1720146520146522,0.8788895129618112,-2.15977896594087,1.1582799278463323,1.0577467032240195,0.9773841702781277
V,35,2,79,34.00636797501078,0.840207622135734,0.968524339478379,1.2669963369963373,0.8876899555197005,-2.0916051929870156,1.2714655924666984,1.0559257675874243,0.9787689329408392
V,35,2,80,33.94027347255962,0.8385746013796936,0.9632783960581089,1.26992673992674,0.8703339448297914,-2.0926085016013145,1.1199439842781655,1.0584374105232122,0.9759319695544967
V,35,2,81,34.06709020755514,0.8417079082778577,0.969968566816753,1.15978021978022,0.8240622612192414,-2.155221622385178,1.2890990472503756,1.0527391382644216,0.9801059194499047
V,35,2,82,34.06583640677849,0.8416769301689941,0.9738764760852944,1.251758241758242,0.859760262323232,-2.0863502932256637,1.1284667684550982,1.0567444156217733,0.9813569640276908
V,35,2,83,34.04285133337191,0.8411090296544272,0.9726233964828818,1.2604761904761905,0.9247759808836143,-2.0893644802547264,1.1045762428193766,1.0539487846683335,0.9818321852485746
V,35,2,84,33.89384437974079,0.8374274610057527,0.9715189873417722,1.2676923076923077,0.9203268437773863,-2.091843688741558,1.4262169284360215,1.0612292744197687,0.9833399854322181
V,35,2,85,33.82987789982096,0.8358470180713785,0.9664004757454762,1.2640659340659341,0.9380721358854397,-2.0905995611575494,1.1540798196703297,1.0596059496790766,0.9803683372865235
V,35,2,86,33.7865438771388,0.8347763487137421,0.9658270325375924,1.2620512820512821,0.9551161677286096,-2.089906836027582,1.0981938470665094,1.060269808128576,0.9783208213638873
V,35,2,87,33.92258803536858,0.8381376408921862,0.9724534873842494,1.253663003663004,0.8449066257138153,-2.0870106434525693,1.1503905089714082,1.0559632114600903,0.9819058228011763
V,35,2,88,33.96245921530358,0.8391227525427323,0.9776144762552035,1.1593406593406597,0.9922650577355429,-2.1550569921777845,1.098027566071675,1.0611635482955322,0.9887530033079523
V,35,2,89,33.91859494902378,0.8380389822649194,0.979419760428171,1.2603663003663006,1.0028821034599797,-2.0893266161925768,1.127670494083936,1.0666990622471693,0.9927212585389045
V,35,2,90,33.75750338047713,0.8340588346686176,0.9788250785829582,1.2657142857142858,0.9408138638195372,-2.0911655155600917,1.1215540952117184,1.0688313749234526,0.9904849816709379
V,35,2,91,33.67991171548545,0.832141749363062,0.9746623056664685,1.2619413919413922,0.9157444242505578,-2.089869019223387,1.4367827116948007,1.0641780234568319,0.9846265688980657
V,35,2,92,33.6348890655344,0.8310293584812889,0.9680783280944695,1.1664468864468867,1.0147921654692749,-2.1577108930714974,1.1270704263793518,1.0602652630055323,0.9807147791132612
V,35,2,93,33.78832518254348,0.83482036007007,0.9827754651261575,1.2497069597069597,0.8275940003660922,-2.0856380221336135,1.0365920969809328,1.0607933915993992,0.9870489089862949
V,35,2,94,33.76784750071589,0.8343144105853189,0.9823294537422479,1.253626373626374,0.9606029031518816,-2.0869979538739942,1.156741499416426,1.0633759953367248,0.9917169211214573
V,35,2,95,33.69954343127648,0.8326267972592485,0.9820745900942995,1.2543223443223448,0.8266658450847413,-2.087238992487282,1.111749206082222,1.0703842471445817,0.9893874122032914
V,35,2,96,33.50200090813282,0.8277460427557628,0.9744499192931781,1.264835164835165,0.8772562730240439,-2.0908637649959956,1.147166360540612,1.07208019214673,0.9866976500061074
V,35,2,97,33.45793602049424,0.8266573156535418,0.9688641576756435,1.2675824175824177,0.9062689004119822,-2.0918060402233163,1.0334102172903183,1.0672557135307,0.9837415216948364
V,35,2,98,33.5137723136864,0.8280368831265027,0.9689915894996177,1.2605128205128207,0.9294760099077508,-2.0893771008752147,1.1091960236770149,1.0660420637030468,0.9836865538484041
V,35,2,99,33.53520077916846,0.8285663239665809,0.9707968736725852,1.1544322344322346,0.9799563055711453,-2.1532143696316504,1.149161021399029,1.067228196645985,0.9818901905928996
V,35,2,100,33.5327345019468,0.8285053887640487,0.9735791351626879,1.2549450549450554,0.9222907967970553,-2.0874545452760334,1.1371721274286517,1.0681807667950438,0.9845088453581745
V,35,2,101,33.37626852663375,0.8246395273712788,0.9651898734177216,1.2671794871794875,1.0171805884526683,-2.091667967726859,1.1488921524923486,1.0725384841178847,0.981754962699547
V,35,2,102,33.26068438951325,0.8217837483278363,0.9623014187409736,1.2593040293040296,0.8198175919430755,-2.088960426629974,1.1332885578291942,1.0686425816799083,0.9777948949936596
V,35,2,103,33.17337738613934,0.819626622646126,0.9568855662220712,1.264871794871795,0.835886164895347,-2.0908763421229395,1.1337634805868269,1.0698353156661284,0.9737240827732865
V,35,2,104,33.32144316080904,0.8232849372460953,0.9566094639367938,1.2580586080586083,0.9165251506275226,-2.088530707358994,1.4034794714480732,1.0624546469299472,0.9712869982199067
V,35,2,105,33.3112296002036,0.8230325871134337,0.9562059298275424,1.2612087912087913,0.9624830669302422,-2.0896168230071868,1.0315457159187722,1.059571060323593,0.9732792246266349
V,35,2,106,33.30518857686785,0.8228833293668867,0.9576926344405743,1.2549084249084252,0.8962920728548203,-2.087441868661315,1.138040566366948,1.0646010631764729,0.9737392045596696
V,35,2,107,33.11000216239469,0.818060788091729,0.9588182822190129,1.258131868131868,0.800922140313955,-2.0885559967366234,1.0333473458195213,1.0672410441005376,0.9716897436296733
V,35,2,108,33.04688199755901,0.8165012553699642,0.9498130999915045,1.2648717948717951,0.9625533143028888,-2.0908763421229395,1.4433533694373284,1.066067850486509,0.9700416647199568
V,35,2,109,32.97824684869254,0.8148054619448503,0.9476042817092856,1.2687912087912088,0.9340935829394987,-2.0922199945288162,1.1261862862132992,1.0698613596579873,0.9672403517718555
V,35,2,110,32.93396534984676,0.8137113829512581,0.9431654065075185,1.2731868131868136,0.9797993356828572,-2.0937219655292423,1.3291721342150145,1.0646274004631997,0.9638891291650378
V,35,2,111,32.89887166008125,0.8128443104767288,0.9452467929657634,1.2604761904761907,0.8318450476499684,-2.0893644802547264,1.0969514181548308,1.06777352284032,0.963824808250951
V,35,2,112,32.85306663145317,0.8117125890822612,0.9408928723133124,1.2683882783882785,0.9163516621093293,-2.0920820535964233,1.0363445191073457,1.0660838363070015,0.9614593851677624
V,35,2,113,32.80703489804672,0.8105752664109122,0.9424857701129896,1.2645787545787546,0.9091569189735615,-2.0907757149074047,1.4220592247461883,1.0656858809849992,0.962480010335013
V,35,2,114,32.7334539043672,0.8087572742107665,0.9422309064650412,1.2682417582417584,0.9439789396559553,-2.092031882392682,1.0321990742601266,1.0679478484020075,0.9637435184968043
V,35,2,115,32.68134031435864,0.8074696849106029,0.9429530201342282,1.2661904761904763,0.8390594509007661,-2.0913288762849453,1.1404933714919698,1.0686319843689946,0.9621092235935146
V,35,2,116,32.68864857048499,0.8076502526356358,0.9395973154362417,1.2633333333333336,0.894933161993536,-2.0903477889357074,1.0295420916237727,1.0651588307747402,0.9608282660982503
V,35,2,117,32.72045570399775,0.808436122977195,0.9457989975363181,1.2542124542124542,0.8245003966643332,-2.0872009426516573,1.1305231429532974,1.068622534058642,0.9626134720348237
V,35,2,118,32.6484570318425,0.8066572257667387,0.9418910882677768,1.261831501831502,0.8837113880045777,-2.0898311991259537,1.1051415763947725,1.0704682486029498,0.9600356534353327
V,35,2,119,32.58965405536735,0.8052043593778614,0.9421671905530542,1.2640293040293042,0.91627824663158,-2.0905869760123843,1.1382312893756514,1.0734254462408614,0.9617710253448375
V,35,2,120,32.52301222122998,0.8035578155000658,0.9375584062526549,1.2696336996336999,1.0042697936569625,-2.0925082749787665,1.2132808331877811,1.0691591910787528,0.9612304473595884
V,35,2,121,32.66622305864973,0.8070961774110152,0.9473918953359953,1.2511721611721613,0.8618728892161324,-2.0861469063725258,1.030330416367623,1.0651902530003554,0.9638041765055982
V,35,2,122,32.6988532042321,0.8079023822091829,0.9521705887350268,1.2481684981684986,0.9769712952388129,-2.085103051153253,1.2746366365790707,1.068308691827801,0.967857229968225
V,35,2,123,32.73228762912962,0.8087284586270251,0.954464361566562,1.353992673992674,0.9078285796272271,-2.0188241554201674,1.0149139324865883,1.0682512027963678,0.9715536808404135
V,35,2,124,32.6435724494502,0.8065365406244743,0.9575227253419422,1.2554212454212454,0.8207660158214156,-2.0876193076046183,1.0322352937820574,1.0754971616854085,0.9718412321850675
V,35,2,125,32.46152156532843,0.8020385436443777,0.9502378727380851,1.2568864468864471,0.9679031301709577,-2.0881258769116404,1.2830877588850709,1.0755869303984102,0.9693082626943866
V,35,2,126,32.39148548569657,0.8003081369166013,0.9491334635969757,1.2558974358974357,0.898782947412834,-2.0877840074494936,1.2099706135994115,1.0749061672416074,0.9685273329577208
V,35,2,127,32.51916818451391,0.8034628394958365,0.9539971115453233,1.2491941391941392,0.826294872815435,-2.0854597716841266,1.1129586574279098,1.074162812715755,0.9689991351523902
V,35,2,128,32.58236725051245,0.8050243216571439,0.9598377368108063,1.2481318681318683,0.8340257099633284,-2.0850903057136443,1.3947567831655825,1.0715534659449824,0.9728678362279158
V,35,2,129,32.56737791125276,0.8046539746354913,0.9596041118001869,1.241611721611722,0.8132223807879229,-2.0828156376394746,1.020297240738907,1.0731278017107844,0.9726392964367335
V,35,2,130,32.41632320493735,0.8009218114212677,0.9595191572508709,1.3579853479853479,0.8142011653044389,-2.0201029250280387,1.1220793363874657,1.0831808331653554,0.9746370768994119
V,35,2,131,32.28180671665068,0.7975982639361483,0.9546342706651941,1.2542124542124544,0.8254023623952713,-2.0872009426516573,1.1032793534968857,1.0822195134494617,0.970435102156806
V,35,2,132,32.19617465577019,0.795482521663882,0.9502591113754142,1.253846153846154,0.9196539166490336,-2.0870740857844186,1.0175181045066863,1.0802092537352075,0.9687514394837043
V,35,2,133,32.35413339511533,0.7993852653170197,0.952361736470988,1.3502564102564107,0.95180974964159,-2.0176240886322905,1.0896798516530792,1.076879897857908,0.9683078045009141
V,35,2,134,32.4036086762653,0.8006076689668319,0.9562271684648713,1.2469963369963373,0.876916375056555,-2.0846950114444174,1.0944296500092487,1.0767111679468027,0.9718457831555799
V,35,2,135,32.41264389506274,0.8008309053826366,0.9627899073995413,1.2429304029304031,0.8375896095374848,-2.0832766449761677,1.02158510597581,1.0762169116351628,0.9769129022262576
V,35,2,136,32.19930724281525,0.7955599196239992,0.9606235663919803,1.2524542124542128,0.8643479821734363,-2.086591691466536,1.121161468666538,1.0851626681954984,0.9756550693190992
V,35,2,137,32.11455146320515,0.7934658279497342,0.9531050887775041,1.2575091575091577,1.0026558499241942,-2.088340990072292,1.1416481524771556,1.0834626872183954,0.9702038822714304
V,35,2,138,32.04681382703609,0.7917922096951612,0.9536360547107299,1.2553846153846155,0.9019271655007414,-2.087606635798303,1.1277183972379616,1.0844407585955855,0.9711358730229658
V,35,2,139,32.22602530145434,0.7962200523536611,0.9612182482371932,1.2349450549450551,0.8445985357772092,-2.080477469125085,1.0913376743576395,1.081963183296365,0.9724975181233566
V,35,2,140,32.35701667967651,0.7994565036705794,0.9648712938577861,1.2410256410256413,0.8649084566973769,-2.082610588305211,1.0761356865415805,1.0833917153151182,0.9784385725778675
V,35,2,141,32.28244605962247,0.7976140604139861,0.9632146801461218,1.2469597069597071,0.9831596831839783,-2.084682254024077,1.0918252366633943,1.0859664892188245,0.9819155391178654
V,35,2,142,32.04891480624602,0.7918441193477129,0.9630447710474896,1.36003663003663,0.8640349068045704,-2.0207584463240678,1.1196584182312668,1.0892912241851456,0.9771885944197556
V,35,2,143,31.96107792311268,0.7896739017353085,0.9570767139580324,1.2529304029304034,1.0210307087007244,-2.08675678140711,1.0712488049873141,1.0902853589257098,0.9748349216344248
V,35,2,144,31.91122019114987,0.7884420487350605,0.9559510661795939,1.3536263736263738,0.9387172162247746,-2.0187066483218823,1.1149416885402292,1.0857150664148545,0.9731451026509251
V,35,2,145,32.10658777509143,0.7932690662297416,0.965572168889644,1.2338095238095241,0.9684707853852571,-2.080077951939203,1.1230561694150163,1.0831656436955155,0.9785511886629854
V,35,2,146,32.1689017015512,0.7948086789286096,0.9847506583977573,1.2367399267399266,0.9764496444851073,-2.081108215404672,1.0808538137970443,1.0894579517837761,0.9932358546722811
V,35,2,147,32.15735056859335,0.7945232809124905,1.013890068813185,1.2418681318681317,0.9197463286035805,-2.082905316289134,1.0903627873749284,1.112023913964894,1.0228314858724823
V,35,2,148,31.92556321624248,0.7887964270390344,1.0104706482032113,1.3536996336996339,0.8827564048134032,-2.0187301522851895,1.211327115556981,1.10940302190001,1.0160185851143477
V,35,2,149,31.87201561491226,0.7874734071029508,1.0070512275932377,1.3554212454212455,0.9519756158061142,-2.0192821295536,1.1025909783919412,1.1081343412314244,1.0151354143656106
V,35,2,150,31.82755784445618,0.7863749729029853,1.0076034321637923,1.3522344322344324,0.8388166222807417,-2.018259831162872,1.1042512522392018,1.1122264470209606,1.0138437337888655
V,35,2,151,31.8782474014956,0.7876273781059903,1.0062866366493926,1.3442124542124545,0.9656351549831637,-2.0156757557376763,1.0242132322052946,1.1040728182849169,1.0096448426725204
V,35,2,152,31.99590826131526,0.7905344674876076,1.0223855237447965,1.2381318681318683,0.9687882991312611,-2.0815967356832954,1.066268291179314,1.1152623258313707,1.0264773188326561
V,35,2,153,31.84475411881596,0.7867998474676563,1.020367853198539,1.3453113553113554,0.9070646428188577,-2.016030648829366,1.1138017853134605,1.117902382967934,1.0229571307885843
V,35,2,154,31.71867424457124,0.7836847464543352,1.0097485345340245,1.3571428571428572,0.908982462918637,-2.019833406163331,1.097650469892016,1.1180077927478453,1.0162182127360513
V,35,2,155,31.64521135464648,0.7818696722863364,1.005734432078838,1.3549816849816851,0.8653855395630052,-2.019141265866584,1.0990111159496112,1.117577698273581,1.009914602590558
V,35,2,156,31.55057591175545,0.7795314802012638,1.001486704613032,1.3598901098901102,0.805392669634345,-2.020711656173253,1.0808361742271546,1.1165919942757694,1.0089543141334572
V,35,2,157,31.60953395734277,0.7809881779387315,0.9989380681335486,1.353663003663004,0.9150197563787621,-2.01871840046254,1.046982140456026,1.1070821318270088,1.0088184738420711
V,35,2,158,31.58791789119384,0.7804541019811855,0.9954336929742588,1.3559340659340664,0.9756686390443133,-2.0194464127964844,0.9941220095236852,1.108870858414197,1.0061670714324993
V,35,2,159,31.47968897097181,0.7777800509395425,0.9937983178999236,1.3540659340659342,0.902480090764519,-2.0188476530250377,1.05631149331346,1.1142478758179788,1.0044775452793675
V,35,2,160,31.37955017180294,0.7753058854422148,0.9905063291139241,1.3583882783882786,0.9118493406526639,-2.0202317662523592,1.0382511544773503,1.1126867397635463,1.001774626846454
V,35,2,161,31.31314992952817,0.7736653106618702,0.9884886585676663,1.3533699633699636,0.8695592205851643,-2.0186243744316124,0.9989196538096397,1.111155000569252,0.99708315793388
V,35,2,162,31.48355011154088,0.7778754495348483,0.9878939767224535,1.345750915750916,0.9131437680259704,-2.0161725249034466,1.0978446041892895,1.108026462764279,0.9934311262890597
V,35,2,163,31.48882041850662,0.7780056649135346,0.9883187494690341,1.2379853479853482,0.9264064859734392,-2.08154533836593,1.1237811703857132,1.1036927276364656,0.9996220229471838
V,35,2,164,31.54634128626974,0.7794268537791598,0.994074420185201,1.340989010989011,0.9167427189503881,-2.014633059839229,1.0589404732687082,1.1089394252641755,1.0007665070475373
V,35,2,165,31.46110194883726,0.7773208146670382,0.9907611927618725,1.3450915750915753,0.9177525669099006,-2.0159596934079196,1.100930858080912,1.1141054408463593,1.000716691014697
V,35,2,166,31.27480509732309,0.77271791103625,0.988998385863563,1.3492673992673996,0.8487053525790911,-2.0173058680388873,1.0902599547652214,1.1144988087910723,0.9976961350746538
V,35,2,167,31.20275261104668,0.7709376842208561,0.9812038059638094,1.3520879120879123,0.9224741809886009,-2.0182127710250026,1.0911017864814756,1.1131384993927136,0.9936333883435107
V,35,2,168,31.24755014635386,0.7720445131137753,0.9788675558576163,1.3500366300366302,0.8943061099125149,-2.0175533930926077,1.064572791382942,1.106171213369223,0.9901552050582296
V,35,2,169,31.35091879109064,0.7745984795726899,0.9824568855662221,1.3413553113553116,0.8754883257218642,-2.0147516741628766,1.080923550297915,1.1075123579317054,0.9904282562485395
V,35,2,170,31.33202252981058,0.7741316028168704,0.9828179424008155,1.338644688644689,0.8797090703720031,-2.013873160067976,1.0645408106309104,1.100722575442622,0.9904061471850752
V,35,2,171,31.26067781554073,0.7723688631802038,0.9811825673264803,1.3486813186813187,0.9292002113026803,-2.017117182785683,1.1237513747970593,1.1101027140111253,0.9942637385889282
V,35,2,172,31.07767423228283,0.7678473275182822,0.9760215784555264,1.3584615384615386,0.9384525922835328,-2.0202551878234534,1.1194192667013374,1.1104983013754384,0.9919073578864865
V,35,2,173,31.05681130546019,0.767331859646226,0.9751932715996943,1.3519047619047622,0.8539911186510888,-2.0181539386806784,1.0665191538105316,1.113409882834978,0.9870704390203909
V,35,2,174,31.09778470749491,0.7683442042964896,0.9741738170079007,1.3473260073260076,0.8585532481003143,-2.0166805339036284,1.2798418783388894,1.1025412681892695,0.9845019659942614
V,35,2,175,31.2352734889255,0.7717411893023869,0.9807365559425708,1.3403296703296703,0.8160234038500324,-2.014419472384808,1.2678564024461774,1.102791847336568,0.9900457394870018
V,35,2,176,31.22957802223032,0.7716004693486292,0.9855577266162604,1.3304029304029306,0.8323232742449996,-2.0111910336970316,1.1073843686188887,1.1058380694035657,0.9919347845768028
V,35,2,177,31.0851353190443,0.7680316712850441,0.9792286126922097,1.3467765567765568,0.9269005321693029,-2.0165033889439723,1.0681826208827745,1.1152248934603375,0.9933331925715082
V,35,2,178,30.92484300944475,0.7640712712683693,0.976510067114094,1.3519413919413923,0.8513854032798244,-2.0181657057871454,1.1215070048482572,1.1125249733483547,0.9900297037059783
V,35,2,179,30.83761128236264,0.7619160054652023,0.9761277716421715,1.3484249084249087,0.8446301986326917,-2.0170346072025054,1.0689386518013237,1.1163148858479912,0.9871107186940724
V,35,2,180,30.92513689685692,0.7640785324508612,0.9694163622461983,1.3446153846153848,0.9122176134683124,-2.015805916880288,1.0388468289283417,1.1082702821368062,0.9846839633606369
V,35,2,181,31.04529680696779,0.7670473667710829,0.9702659077393595,1.3408791208791209,0.9827230941170202,-2.0145974692240154,1.1738887449667852,1.102693993774031,0.9821586823492101
V,35,2,182,31.03222651897221,0.7667244344424828,0.9728570214935011,1.3371794871794873,0.8944688006172313,-2.0133975466247906,1.0401876461925565,1.1072575474245294,0.9849204265585247
V,35,2,183,30.90312462084495,0.7635346671930541,0.972092430549656,1.3502564102564107,0.8508616723843183,-2.0176240886322905,0.9799822479530587,1.1090828326480504,0.9856310308870354
V,35,2,184,30.75194792514585,0.7597994899430456,0.9682907144677597,1.3493406593406596,0.8345651842293227,-2.0173294479325787,1.3018684016466922,1.1100917579191703,0.9832163155582903
V,35,2,185,30.67939873975118,0.7580069910030489,0.9635120210687282,1.3545787545787547,0.9804790993229652,-2.0190121006711386,1.2775313676714828,1.1096397413082648,0.980200239204939
V,35,2,186,30.78744639410995,0.7606765634435059,0.9646376688471667,1.3405860805860808,0.8745126839762561,-2.014502546655056,1.370044165429507,1.1038437176943552,0.980952499263601
V,35,2,187,30.81818019296731,0.7614359145178728,0.9679084189958373,1.3408058608058608,0.8660425785234045,-2.0145737405267328,1.0974249562220126,1.1065120216898359,0.9801188384728542
V,35,2,188,30.82216469935187,0.7615343611569616,0.9687154872143404,1.3459706959706959,0.8856762007812168,-2.01624344556365,1.0536346212339618,1.1103061176040598,0.9828303211638305
V,35,2,189,30.68209347805871,0.7580735708761867,0.9652748279670377,1.344688644688645,0.9241963294876375,-2.0158295783519713,0.9853777782129777,1.1110297507463365,0.9791970140300791
V,35,2,190,30.54901102879883,0.7547854547115079,0.9611757709625351,1.3472527472527474,0.8955709446513319,-2.016656918750043,1.0686244630820607,1.1152281477724824,0.9773988606981691
V,35,2,191,30.46555295437708,0.7527234259082717,0.9610058618639028,1.3493772893772897,0.8408273070623216,-2.017341237399343,1.0860321864121798,1.1145073898654168,0.9774152241282419
V,35,2,192,30.40185690494964,0.751149664597796,0.95669441848611,1.3504395604395605,0.8793975118635912,-2.0176829927924675,1.0786169637716778,1.1145833702709653,0.9743200853250037
V,35,2,193,30.42561380847889,0.751736634998113,0.9549103729504715,1.3490842490842494,0.8955384739168701,-2.0172469127028974,1.0232454181597483,1.1114315298380952,0.9727112165333832
V,35,2,194,30.42380454844371,0.7516919329566276,0.9557811570809617,1.3430769230769233,0.8021967468901288,-2.0153087279514543,0.9845311158880308,1.1100954809833365,0.9713944446545033
V,35,2,195,30.29779581838102,0.7485785897283207,0.9527440319429106,1.3492307692307697,0.8827395459401794,-2.0172940776119255,1.0427471609560985,1.1147081426808703,0.9701002231671312
V,35,2,196,30.21637088984172,0.7465667945951018,0.9495582363435562,1.3569963369963371,0.9493506892282743,-2.019786516238658,1.107267276945046,1.1130568827618414,0.9699763201642109
V,35,2,197,30.13971279114869,0.7446727752494413,0.9524254523829752,1.3471428571428572,0.83905832259128,-2.016621493611812,1.123891497024969,1.1135030567964226,0.9687584010104825
V,35,2,198,30.08154582917568,0.7432356231006992,0.9510024636819302,1.4710989010989013,0.8457901088560341,-1.9533399517210273,1.0731195040055828,1.1178795816097282,0.9702485202165196
V,35,2,199,30.12989286890373,0.7444301508819977,0.9452680316030925,1.472967032967033,0.989780663489749,-1.953891107495971,1.000043704419968,1.1138323382414914,0.9686940859480502
V,35,2,200,30.1105673319342,0.743952667856595,0.9493458499702659,1.4673260073260077,0.8124855916153649,-1.952224695828577,1.2184054434638847,1.1097190982476477,0.9672340907672422
V,35,2,201,30.03775411227329,0.7421536453265707,0.9502166341007562,1.3465934065934066,0.7922797845633667,-2.0164443245635817,1.063781425410801,1.1163922025135593,0.9646111365534453
V,35,2,202,29.97516241187417,0.7406071695666065,0.9453317475150794,1.3539926739926742,0.9309035136079248,-2.0188241554201674,1.048429855737395,1.1184520004648488,0.965142388191745
V,35,2,203,29.92896341621018,0.7394657142862183,0.9448644974938408,1.3535897435897437,0.9020481702501295,-2.0186948958631996,0.9866116232413983,1.1161277808184238,0.9656572661876159
V,35,2,204,30.12663088561709,0.7443495558821809,0.9448220202191827,1.3364468864468868,0.8587456698700341,-2.013159544436671,1.1261810599837423,1.10601211778143,0.963397063354074
V,35,2,205,30.23400102494137,0.7470023887138532,0.9526378387562654,1.3324542124542127,0.9037319224501781,-2.011860135045036,1.0511616477980283,1.1049430861161185,0.9692852046019251
V,35,2,206,30.23469121863683,0.747019441578896,0.9627899073995413,1.3353846153846158,0.8982539751899219,-2.012814209422377,1.0885569456841555,1.114921653768872,0.977127732681567
V,35,2,207,30.14482058622188,0.7447989753880729,0.9631084869594767,1.3411355311355313,0.89948568242178,-2.0146805094562663,1.0072478951898098,1.1198529939735755,0.9759552027797422
V,35,2,208,29.9581867141304,0.740187744868095,0.9614518732478124,1.3408424908424912,0.8241136717112817,-2.0145856050374333,1.3657664721681428,1.118211255033105,0.9758797049789854
V,35,2,209,29.89193525420978,0.7385508461071386,0.9582873162857871,1.3444688644688645,0.8217052185600051,-2.015758590069158,1.370192524701441,1.1184572576870322,0.9717511775504837
V,35,2,210,29.94962510138749,0.7399762100082226,0.9586271344830516,1.3391941391941395,0.7982469244932766,-2.014051380909778,0.9677815559265646,1.1143079978304016,0.9740946128047321
V,35,2,211,30.03257306612359,0.7420256353471217,0.9647013847591539,1.3357875457875459,0.8813690258244912,-2.012945230892617,0.9696008193441638,1.1166879210005316,0.9801594684695057
V,35,2,212,30.03789146718555,0.7421570390040226,0.9675686007985728,1.3273626373626377,0.8033348149799442,-2.0101974298346588,1.3884268637079638,1.1178998583565822,0.9802321705003952
V,35,2,213,29.9603408019706,0.7402409666947664,0.9641279415512701,1.3404761904761904,0.8745569512842254,-2.014466945342186,0.9664176285212999,1.1209893898270389,0.9787976998518801
V,35,2,214,29.80734736523309,0.7364609025674224,0.964085464276612,1.3367765567765568,0.7698627976113939,-2.0132666615623354,1.288525243961182,1.1217561382016341,0.975831354529418
V,35,2,215,29.74995115850025,0.73504279374692,0.9612394868745222,1.45978021978022,0.7786246986646805,-1.9499855552590848,1.379957175310378,1.12188079549026,0.976257865732471
V,35,2,216,29.73704117152276,0.7347238220335006,0.9624925664769349,1.336043956043956,0.8330517981382328,-2.013028587616069,0.9598758529885226,1.1180235557801905,0.9747903234694968
V,35,2,217,29.87723496757812,0.738187640813219,0.9840285447285703,1.326739926739927,0.8306210523540074,-2.009993639826024,1.0608824915956407,1.1316000135540594,0.9912127314943443
V,35,2,218,29.91548815122945,0.7391327760449034,1.0118936369042562,1.4477289377289377,0.8366432399639049,-1.946385335975949,1.0745170430099784,1.1436698671310201,1.0165090128679304
V,35,2,219,29.91700871210903,0.7391703450920267,1.0162050802820493,1.3276923076923077,0.7825088225729067,-2.010305279961094,1.1914045098275614,1.1447582895128754,1.0179878391974686
V,35,2,220,29.75088581324218,0.7350658865993768,1.0060742502761024,1.3361538461538465,0.8667605966925342,-2.013064307029002,1.3890866404108744,1.1447367531466455,1.0142865367537524
V,35,2,221,29.6654121745415,0.7329540585211545,1.0025911137541414,1.456080586080586,0.8760022204373558,-1.94888349211548,1.1036904053817398,1.1460676436957717,1.0117632663718599
V,35,2,222,29.616970436473,0.7317571909937383,0.9994053181547872,1.4467765567765571,0.814220527506151,-1.9460995435958692,1.2534535226883612,1.1372758771506728,1.0065800744431719
V,35,2,223,29.77625197286522,0.7356926174715256,1.0127644210347464,1.4480219780219783,0.8401818019384554,-1.9464732342699531,1.0596986225564509,1.1483526579203442,1.016707759279113
V,35,2,224,29.79162250639935,0.7360723827978655,1.0218545578115708,1.4502564102564104,0.8656348458456239,-1.9471428744161745,0.9628084330017097,1.1477969722479455,1.0252143537857383
V,35,2,225,29.78940590777803,0.7360176164947362,1.029373035426047,1.3345421245421247,0.9683805005671318,-2.012540127642813,1.4213096290373806,1.1572588819413492,1.0335329113738185
V,35,2,226,29.52460984043455,0.7294752043718935,1.0287358763061762,1.3294505494505495,0.7134585505020906,-2.0108800287389785,0.9671042401241884,1.1567638898649684,1.0286349520966434
V,35,2,227,29.45142265469024,0.7276669421267099,1.0208138645824485,1.4569230769230772,0.8337623353032815,-1.9491347030142487,1.0979525805461816,1.157930078364513,1.026555734118458
V,35,2,228,29.39834933713957,0.7263556404913553,1.0173944439724747,1.448864468864469,0.814239880772071,-1.946725842814314,1.1899496211998568,1.1485587218877342,1.0217750541224888
V,35,2,229,29.59365575928073,0.7311811468393324,1.027673944439725,1.3274358974358975,0.8562300455382795,-2.010221398844097,0.9584313968232331,1.153258263300139,1.0305275281390978
V,35,2,230,29.62328648103415,0.7319132437890832,1.0355747175261236,1.327912087912088,0.8218868407896995,-2.0103771651688893,1.0223817953623608,1.1607423908602985,1.0365582210035713
V,35,2,231,29.62019732834625,0.7318369189773237,1.0456843088947414,1.3319047619047621,0.851272412723214,-2.0116810125263482,1.3525773665796748,1.1647859141752697,1.045073296538913
V,35,2,232,29.39546863232124,0.7262844658764342,1.0368915130405234,1.4564102564102566,0.9297461298298872,-1.9489818093383504,0.9681043756045659,1.16801958015503,1.038740697059021
V,35,2,233,29.32215099704738,0.7244729805675847,1.032219012828137,1.4578021978021982,0.9195959431597779,-1.9493966812950947,0.9630308160610571,1.1677450472587116,1.0358049231878557
V,35,2,234,29.23073073277706,0.7222142270625344,1.0293093195140601,1.4614652014652014,0.8637609538961362,-1.9504865596072494,1.1167933223344992,1.16283348740239,1.032111274670189
V,35,2,235,29.25737707090551,0.7228725877676229,1.0296703763486537,1.4497435897435897,0.791597021098863,-1.9469892777808322,1.1412829657625088,1.1608966558159524,1.0321024091453999
V,35,2,236,29.33560550843811,0.7248054060424519,1.038739274488149,1.3249816849816851,0.7431806295668437,-2.009417716017141,1.068120939789906,1.1673794981882069,1.0363765281498627
V,35,2,237,29.2993518479538,0.7239096737522049,1.0360632061846913,1.3303663003663009,0.8906611214673844,-2.0111790760852273,1.0284892318836552,1.1713371676579534,1.039242797992418
V,35,2,238,29.18292714130912,0.7210331264537795,1.0374224789737492,1.3261538461538465,0.7923920323183579,-2.0098017500705976,0.9905880153601897,1.1701756045281808,1.035298721814134
V,35,2,239,29.08756630083045,0.7186770117083787,1.0301376263698923,1.4535897435897436,0.8268948170913415,-1.9481399306183016,1.0399213931875946,1.1719567456442923,1.035382797403606
V,35,2,240,29.05262993826251,0.7178138263737717,1.0261872398266927,1.4604395604395608,0.9174090624371094,-1.9501816692754692,0.9774944963782174,1.1690607561349995,1.031561800408106
V,35,2,241,29.00447959945089,0.7166241585530955,1.0250828306855833,1.450915750915751,0.8320342227258581,-1.9473402760173677,1.1175137328729579,1.1641806361264984,1.0286744968847235
V,35,2,242,29.08748936149254,0.7186751107403541,1.0216209328009516,1.451941391941392,0.9078943282889698,-1.947647166942042,0.9550880661009896,1.1624309823170007,1.02640886603309
V,35,2,243,29.06472491992697,0.7181126614564108,1.0257837057174413,1.4486813186813188,0.8794673525184704,-1.9466709404108042,0.9966176935020846,1.1690423965168109,1.0302515451440253
V,35,2,244,28.94039527478877,0.7150408039860892,1.0184351372015972,1.4615018315018318,0.9706988464133912,-1.9504974445899412,0.9507857868541996,1.1662521699765747,1.0291725904442066
V,35,2,245,28.86118924213115,0.7130838319152415,1.023320023787274,1.45007326007326,0.8117575219714684,-1.9470880247107625,1.0399854684712841,1.1713045092311223,1.0288613003196767
V,35,2,246,28.77746403680718,0.7110152030122733,1.0177342621697392,1.446813186813187,0.8495143494275537,-1.9461105390887972,0.9914411837049215,1.1644978777564403,1.0242878282284902
V,35,2,247,28.98977822144657,0.7162609262942373,1.032219012828137,1.4389743589743593,0.7922900208877788,-1.943751135983654,1.4563418874626528,1.164737451382502,1.0329351280787382
V,35,2,248,29.06101427411014,0.7180209811893316,1.0394826267946649,1.320879120879121,0.9652813820872599,-2.0080709162343675,1.0240724120829672,1.1737179279342471,1.0415656570085
V,35,2,249,29.02114990005913,0.7170360376942208,1.042604706482032,1.444725274725275,0.8913686302660517,-1.9454833512660272,0.9857613254010014,1.174199060413152,1.0444886368861543
V,35,2,250,28.85222359995736,0.7128623145542197,1.0426684223940192,1.4421978021978026,0.8685650097580236,-1.9447229100467474,1.38758312798864,1.1746413974970071,1.0431274750303052
V,35,2,251,28.77693187660851,0.7110020547379428,1.0371038994138138,1.4520879120879122,0.7969381181817613,-1.9476909908050362,0.9456771693665434,1.1752415561607077,1.0377040258719166
V,35,2,252,28.71040956263138,0.709358463887936,1.0323676832894402,1.4538827838827841,0.8764253337920261,-1.9482274745462123,1.1749869123394292,1.1746775334838937,1.0358463303418677
V,35,2,253,28.85676257763588,0.7129744607159326,1.0367428425792202,1.445641025641026,0.8276531063470894,-1.945758545162915,1.4475327770640516,1.1715994308192201,1.0377223749954865
V,35,2,254,28.86474838133361,0.713171768853651,1.0436241610738255,1.445677655677656,0.851802544533082,-1.9457695492925422,1.2225501009027229,1.1734197101474688,1.04624288536275
V,35,2,255,28.86362911614948,0.7131441147642877,1.0435392065245095,1.4465201465201467,0.9081028533022774,-1.946022567349619,1.0459952023513752,1.1780576473534305,1.044592661654186
V,35,2,256,28.74919586239496,0.7103167710120531,1.0503143318324697,1.4429304029304029,0.7663312761410306,-1.944943464864297,1.0798667943454,1.1829229331555349,1.0474439073240447
V,35,2,257,28.63836261795976,0.7075783739909741,1.0467037634865348,1.4481318681318684,0.8708744262963001,-1.9465061915442547,1.111652417750197,1.1819057910402944,1.0457808825201393
V,35,2,258,28.59157817290329,0.7064224538008872,1.0485727635714892,1.4481318681318684,0.8250032414982079,-1.9465061915442547,1.0558025463108043,1.187513773565525,1.0479866100789064
V,35,2,259,28.65090284752066,0.7078882099742858,1.0472984453317475,1.4469963369963375,0.8854007475499028,-1.9461655123780572,1.0635363286502797,1.1815004773522904,1.048899585293751
V,35,2,260,28.75110888687047,0.710364036799062,1.062292923286042,1.4381318681318684,0.8474929452389081,-1.9434967907454013,0.9991809135745031,1.1891976994119984,1.0595366490332099
V,35,2,261,28.74351927642607,0.7101765175512227,1.0657335825333447,1.3134798534798537,0.839180947390576,-2.0056312567320855,1.4256340305424924,1.1858881571078,1.0612975582933193
V,35,2,262,28.61199705153701,0.7069269504138782,1.06146461643021,1.4479487179487183,0.8755191748128538,-1.9464512613642109,0.9451031454969628,1.191302518589104,1.0602097568424462
V,35,2,263,28.4387462324532,0.702646379820675,1.0575142298870104,1.3271794871794875,0.9477685358747387,-2.0101375015228853,1.3196724415362715,1.1904058785124731,1.0586215702810458
V,35,2,264,28.37626745659509,0.7011026941281521,1.0565372525698753,1.4502930402930405,0.8220251671316582,-1.9471538435260294,1.0868607345005286,1.1932624437210833,1.0530445292549804
V,35,2,265,28.30626654675591,0.6993731563531526,1.0555602752527398,1.4420512820512823,0.8282505344695137,-1.9446787856390992,1.4577817265971023,1.1866322386750539,1.0529388801141788
V,35,2,266,28.5358137226732,0.7050446613779516,1.0698751168125054,1.4324908424908427,0.7316285168112866,-1.9417899349802341,1.0896032940848002,1.190985683026911,1.0621760866963295
V,35,2,267,28.46134346277871,0.7032046977560865,1.0621230141874098,1.4458974358974357,0.8555876705029526,-1.9458355682156847,0.9396560062624151,1.1895701272477754,1.0605087799649835
V,35,2,268,28.48983336635377,0.7039086080988572,1.0684096508368024,1.437875457875458,0.7540572648570366,-1.9434193517495055,1.0403554142437823,1.1976244065410022,1.0630801548683584
V,35,2,269,28.33209348477892,0.7000112718437368,1.0669654234984283,1.4413919413919418,0.8767682889981321,-1.944480170308158,0.9609379418481941,1.1987484830940864,1.0621775086009475
V,35,2,270,28.25102432767828,0.6980082668840147,1.0599566731798489,1.443772893772894,0.8373335224726407,-1.9451969645119775,1.4306546571381948,1.1940476144303607,1.0583886020141249
V,35,2,271,28.143480281492,0.69535113727266,1.0577053776229717,1.4415384615384614,0.8988460312851356,-1.9445243148987534,0.9337515187465542,1.1916042050259608,1.0558949306977186
V,35,2,272,28.37187815130531,0.7009942459762335,1.0638858210857192,1.4378388278388279,0.8810189610930889,-1.9434082879085248,1.4362874760269801,1.1915866427594821,1.0597039878760208
V,35,2,273,28.31773908609814,0.69965661252841,1.059383229971965,1.4369597069597073,0.8287963845460629,-1.9431426711329438,1.00309957751614,1.1955103651401708,1.0552127460647243
V,35,2,274,28.28524736480752,0.6988538278292399,1.0587460708520942,1.4397435897435897,0.8632611308089282,-1.943983234224808,1.067070225677083,1.1966294311743169,1.057514949494323
V,35,2,275,28.15657896024024,0.695674771061845,1.0570682185031008,1.4415384615384617,0.8301537278718144,-1.9445243148987534,0.9406007684789164,1.1952003173906902,1.0545983426058139
V,35,2,276,28.07669848409356,0.6937011352719956,1.0573655594257074,1.445054945054945,0.8145330018555794,-1.9455824411585139,1.0162066554780935,1.2001221973314042,1.0544163766999013
V,35,2,277,28.03549022502598,0.6926829879241528,1.0581938662815396,1.445054945054945,0.8809400587118812,-1.9455824411585139,0.9343992110753899,1.197332041272511,1.0556062348196444
V,35,2,278,28.01913365517722,0.6922788602422721,1.0607425027610229,1.4401098901098903,0.8159945003192719,-1.9440937136153564,1.1006565049700792,1.1927420986397959,1.0572636968336795
V,35,2,279,28.09267085000192,0.6940957702882845,1.0628238892192676,1.4376190476190478,0.8661768329648909,-1.9433418989430091,1.2357990024522068,1.1953098213264524,1.061456736559603
V,35,2,280,28.07104538242087,0.6935614620461577,1.0657123438960157,1.440915750915751,0.7633955829411436,-1.9443366693914599,1.1200761916327646,1.1966522561627018,1.0606306293216266
V,35,2,281,27.92505801780403,0.6899544994744208,1.0651601393254608,1.4401831501831504,0.8338069510894071,-1.944115806121308,0.9428404805688723,1.202465733092899,1.063261235548949
V,35,2,282,27.85670066297655,0.6882655696070121,1.0643105938322999,1.441904761904762,0.8388702853521686,-1.9446346567479467,1.045352955818344,1.205651628427212,1.0612333652219932
V,35,2,283,27.79382637964886,0.6867121119685172,1.0583000594681846,1.4523809523809523,0.8804831425781084,-1.9477786252666973,1.1172442753025997,1.2029162065764984,1.05812587370773
V,35,2,284,27.72095496722964,0.6849116516489848,1.0626539801206356,1.4448351648351652,0.8975280990959342,-1.945516383742324,0.9384587704589619,1.2016465446032947,1.0622488755269788
V,35,2,285,27.81681951745906,0.6872802117332185,1.0642256392829836,1.43974358974359,0.8728014427624239,-1.943983234224808,0.9584565516448541,1.1989613968300292,1.0609982878687525
V,35,2,286,27.83992406557042,0.6878510641524898,1.0737617874437175,1.5646153846153852,0.7193133540334252,-1.8780164802106907,1.0979316345493433,1.2059015980307883,1.0659275799384844
V,35,2,287,27.70254866555024,0.6844568805020712,1.0684521281114605,1.4413553113553115,0.827107034034639,-1.9444691334593562,1.2271135175224508,1.2068403289522232,1.0637112345907835
V,35,2,288,27.58393953915957,0.6815263619556174,1.0705122759323764,1.439194139194139,0.6512714004639188,-1.9438174624248807,0.992660587732758,1.212360507024828,1.0626953577615088
V,35,2,289,27.50160242995874,0.6794920292451676,1.067347718970351,1.4431501831501834,0.82603776849245,-1.945009609473929,0.9658060889197636,1.2129772970206214,1.0625898517345849
V,35,2,290,27.74292982935125,0.6854545925082829,1.0720839350947244,1.4352014652014653,0.7746424579495393,-1.9426109497266084,0.9974831798045383,1.2079789747470462,1.0647663079299916
V,35,2,291,27.83341210691324,0.6876901708367786,1.0728697646758985,1.4352380952380956,0.9181677771627498,-1.9426220338985245,1.0420547610895439,1.2079480275154497,1.0693302940040306
V,35,2,292,27.82781823265078,0.6875519609639678,1.0736980715317306,1.437472527472528,0.8870166374178661,-1.9432976339938661,1.4674517800738998,1.2047186401136099,1.069531773990647
V,35,2,293,27.74143065157486,0.6854175517812171,1.0766927193951237,1.4432600732600733,0.8359242595461986,-1.9450426780013554,1.0901893536498315,1.2138670240944818,1.0710372423485939
V,35,2,294,27.57016970896914,0.6811861457852221,1.0758644125392915,1.4364835164835166,0.8560191961720627,-1.9429987275210774,1.2583567517037553,1.2102955933546533,1.070668971525169
V,35,2,295,27.52585348962659,0.6800912089397697,1.0735069237957693,1.441575091575092,0.8674758461590707,-1.9445353503453207,1.130255100944991,1.2140044629850788,1.0694221423347472
V,35,2,296,27.55868196513624,0.6809023139471193,1.0780095149095235,1.4300732600732604,0.8340779928647372,-1.9410563668116179,1.0319083081514604,1.2136629391834708,1.0713722421085619
V,35,2,297,27.59624945370783,0.681830507462685,1.0781794240081557,1.4330402930402928,0.9056952940227179,-1.9419564823554627,0.9740499384449848,1.2157830491769033,1.0742048183725181
V,35,2,298,27.54300208180407,0.6805149054035321,1.084317390196245,1.4343956043956045,0.8766572680917087,-1.9423670263451165,1.1352702316684198,1.2136630338237624,1.0781137131979248
V,35,2,299,27.67651628515197,0.6838136890724826,1.0897757199898055,1.4328937728937734,0.8146670295309177,-1.9419120759666815,1.0254115699937434,1.2234429731560648,1.0798669759731623
V,35,2,300,27.40416809487152,0.6770846839191931,1.0874607085209413,1.4361904761904762,0.7882500001638036,-1.9429101231176478,0.9447044481641439,1.222209322170115,1.0812430247397506
V,35,2,301,27.33750966266719,0.675437729946959,1.090943845042902,1.4356776556776556,0.7628747428262431,-1.9427550219005547,0.9349224088269246,1.2235166875293093,1.0826547369164317
V,35,2,302,27.25290676383968,0.6733474155534346,1.0883102540141025,1.432564102564103,0.8694557075319493,-1.9418121449874959,0.9616680611018377,1.2208787712566613,1.0807517915733775
V,35,2,303,27.4732688038156,0.6787919801053798,1.0889686517713024,1.4269597069597073,0.8844504013646097,-1.9401097907747031,1.0676098898528734,1.219013854612343,1.0823640622729949
V,35,2,304,27.47185336238566,0.6787570082824849,1.0924517882932632,1.433846153846154,0.857942595491836,-1.9422006363649564,0.9972476252798504,1.2263169360662902,1.08350477401783
V,35,2,305,27.33284547533801,0.6753224901851613,1.0940659247302693,1.4321611721611722,0.7787629091722571,-1.941689975889271,1.121358688078483,1.2251977656381516,1.086132402619112
V,35,2,306,27.16398836258231,0.6711504764819212,1.1007136182142556,1.4353479853479851,0.7741572882568709,-1.9426552847170155,1.0810224644032878,1.2318775750838293,1.0887348455555044
V,35,2,307,27.13714789060127,0.6704873192415842,1.0972729589669528,1.4386813186813188,0.825244386101227,-1.9436626849687038,0.9324676438125996,1.2317120477230459,1.089521908882257
V,35,2,308,27.05007137097214,0.668335888205044,1.1000552204570555,1.4385347985347985,0.8922936848816875,-1.9436184527048876,1.094042833398567,1.2335724494282398,1.0930979385256379
V,35,2,309,27.24795775188488,0.6732251385266872,1.1038569365389517,1.5610256410256411,0.8109416065708775,-1.8770189206668189,0.9266661325090858,1.2297457762869792,1.0920760442510338
V,35,2,310,27.20200199362902,0.6720896930008382,1.1038356979016228,1.42974358974359,0.7407221987302426,-1.9409562387172845,1.1050690272353427,1.2285001615340183,1.092278740976969
V,35,2,311,27.22418086943314,0.6726376744999126,1.106979016226319,1.4320879120879126,0.9229679306954713,-1.9416677596331902,1.386613250998867,1.229256769987928,1.0995388702903355
V,35,2,312,27.08105637184229,0.6691014458183155,1.1198708690850394,1.427838827838828,0.7765984894515175,-1.9403772683946774,1.050739028694328,1.2419422606083845,1.1027589972781444
V,35,2,313,26.99256187685651,0.6669149803522374,1.1217823464446521,1.4335531135531139,0.732814435677543,-1.9421118689692662,0.9554379621107765,1.2439364560873514,1.1060454134455187
V,35,2,314,26.93706288838874,0.665543746788991,1.1204443122929233,1.4352747252747255,0.790783903518181,-1.9426331177875547,1.04867635368512,1.2466077150866783,1.1053984212864953
V,35,2,315,27.05647519877881,0.6684941098927574,1.1205717441168976,1.4286446886446886,0.777693515615417,-1.9406223115804213,0.9359883183705423,1.2383931342646748,1.1052322165109598
V,35,2,316,27.12161560487452,0.6701035574453702,1.1199558236343556,1.5656776556776557,0.8694094814362402,-1.878311237584777,1.1200535738758153,1.2354677473171998,1.1072034313907229
V,35,2,317,27.1238077569775,0.670157719739537,1.1218035850819812,1.5691575091575094,0.9186141822088107,-1.8792754233906754,0.969601924138098,1.245199869400958,1.111339588555622
V,45,1,0,42.30784503120093,1.0,1.0,1.0,1.0,-2.175254547668816,1.1829047989887678,1.0,1.0
V,45,1,1,41.87066315028633,0.9896666473891028,1.1386892931763748,1.0107863437183995,0.979484787294354,-2.1799139133980874,1.389145884660789,1.1156715069486616,1.1313952457062795
V,45,1,2,41.52909262273708,0.981593191336275,0.9947956479641237,0.9354745509702901,0.886871909011562,-2.2480554932882924,1.1146772617569294,1.0007763439950703,0.994329347707568
V,45,1,3,41.33967173915445,0.9771159866135353,0.8807266982622434,1.0232099003226265,1.0847016237735811,-2.185219281284336,1.3340371321560185,0.9104081584753517,0.887300755500126
V,45,1,4,41.18104075793207,0.9733665405922265,0.8716493400601335,1.0268213993354844,0.9911817857836298,-2.186749458619211,1.154706422457722,0.9047001608722419,0.8791997508078554
V,45,1,5,41.02585875142288,0.969698615497135,0.907735820210977,1.0318293446333124,0.9885925086496036,-2.188862422467106,1.1749043810038258,0.9346980553494467,0.9122622109811451
V,45,1,6,40.89940206705901,0.9667096501109137,0.914793864342863,1.029855058506284,1.1034098542343604,-2.1880306541989363,1.1369204449076316,0.9424449673454108,0.9203720734765192
V,45,1,7,40.79503046324747,0.9642426938352026,0.8973717066707436,1.0375114364135405,0.9993829898789616,-2.1912474402760007,1.1607333069603993,0.927707213083217,0.9032120455563716
V,45,1,8,40.74438223697366,0.9630455582629118,0.8984163991234776,0.9471276544517745,1.0322531902886434,-2.253432033442565,1.1633059915778783,0.9288023550610242,0.9039755677710511
V,45,1,9,40.68484543506076,0.9616383298430055,0.9062197421393263,0.9512206866663457,1.0191873950058765,-2.2553048025451274,1.25142721858933,0.9346477767735251,0.9117300350465016
V,45,1,10,40.60013050604044,0.9596359842033767,0.9062898129745708,1.0256657196513692,0.8776758389965892,-2.1862603882050218,1.4168537267200036,0.9352496483428334,0.9111765905284511
V,45,1,11,40.50451682101851,0.9573760325336234,0.8726812923610049,1.0421823084701696,1.086174702398005,-2.193198244211134,1.3345027901892819,0.9097638264992616,0.8809466917800344
V,45,1,12,40.43369242898435,0.9557020074921226,0.8737132446618765,1.0271103192565119,0.9996261048129416,-2.1868716402157125,1.2534828737730797,0.910613910059884,0.8806978301870937
V,45,1,13,40.40462735387207,0.9550150172875673,0.9128573612597464,1.035874223527712,1.1718851601849756,-2.190561573981529,1.3822779934686558,0.9427677060789166,0.9195341152554762
V,45,1,14,40.3464895745227,0.9536408565543393,0.8836441930387812,1.110897096354793,1.051267510049581,-2.1189582692811904,1.2263913910652469,0.9183780682054049,0.8902910461757887
V,45,1,15,40.29879739974255,0.9525135910378617,0.9109017479488356,1.0215245341166272,0.9514403294666229,-2.1845033492819392,1.1496215077259162,0.9425994863207018,0.9158894002547229
V,45,1,16,40.19770977147505,0.9501242557220839,0.918240075421699,1.1237540328405646,1.0186507037473664,-2.1239557009687737,1.1624330059188384,0.9495438259761049,0.9237214523158902
V,45,1,17,40.13180902980846,0.9485666074509893,0.8906703867910106,1.1298213511821644,1.1010800293358562,-2.126294215367751,1.4312797298511883,0.9276660996965721,0.897764454463885
V,45,1,18,40.10572991641905,0.9479501942687492,0.9190872955205627,1.112293542639765,0.9710593998288503,-2.1195038536183675,1.2449231785124373,0.9488510625422077,0.923662361560546
V,45,1,19,40.08531007837143,0.9474675452935398,0.8919635122050655,1.0259064862522267,0.947041243303206,-2.186362323302756,1.1470374178264744,0.9288924638306432,0.8977095153353007
V,45,1,20,40.03176939187374,0.946202042726387,0.939911073739999,1.0299032118264546,0.8886025053906444,-2.188050960194587,1.0873996102703531,0.966955241715484,0.9437711252142975
V,45,1,21,39.89862755048577,0.943055065108175,0.9863744075829385,1.0343814706023977,1.0727329473871703,-2.189935279874479,1.347375786369872,1.0063882553102612,0.9890626689748859
V,45,1,22,39.83865562756048,0.9416375520469198,0.9866610609998472,1.1173977945779365,1.0062951547621062,-2.121492247515146,1.1715514460710326,1.0077563674900494,0.9886918084699386
V,45,1,23,39.85439362378179,0.9420095397057028,0.9300247158946134,1.1134973756440512,0.9748860203927701,-2.119973635463175,1.4025388222616855,0.9594748759393706,0.9347173624688133
V,45,1,24,39.85818649046795,0.9420991889583027,0.9210938694389238,1.1156161217315939,1.0252575765402088,-2.12079921927715,1.0780103643893895,0.9521075975618589,0.9264263674343067
V,45,1,25,39.81309773911111,0.9410334586824262,0.8832046577995211,1.0276881590985694,0.9822899664505444,-2.187115900335708,1.0955651913302136,0.9221678222147409,0.8896460466084504
V,45,1,26,39.75293317026775,0.9396113921886357,0.8940974876420527,1.0323590311551984,1.090525423544738,-2.189085309042131,1.1211747910104177,0.9347505898178355,0.9016070151833736
V,45,1,27,39.68953803622063,0.9381129671565791,0.9287889211639404,1.029999518466798,1.077650150172478,-2.188091569337812,1.1539703792231832,0.9628286498487475,0.9340289042685623
V,45,1,28,39.6420609476293,0.9369907854771217,0.8759555113896959,1.1127750758414792,1.0085543642559056,-2.1196918273409624,1.1213743212194989,0.9190418751747028,0.8835621126203954
V,45,1,29,39.62544164079702,0.9365979669154574,0.8673176884268461,1.1111860162758214,0.9886081822734635,-2.1190712050462013,1.339106066120594,0.912384373020477,0.8746250929118439
V,45,1,30,39.55760706903124,0.9349946100979273,0.9136599908270907,1.1204314537487359,1.0643848396290116,-2.1226697298864274,1.0518637745183692,0.9508702350588388,0.9196183187202646
V,45,1,31,39.50496119522899,0.9337502575726822,0.8617056515313664,1.0247026532479409,0.9788715578747192,-2.1858524083892945,1.146191619281133,0.9090475285716273,0.869507999254634
V,45,1,32,39.50190116693749,0.9336779298923373,0.7919724303113694,1.1111378629556508,1.0009447943516285,-2.1190523844580467,1.3606543482859137,0.8523840619664529,0.8036063677102326
V,45,1,33,39.4787905455912,0.9331316808141996,0.8354927890740458,1.0300958251071406,0.9840079774911101,-2.188132174684193,1.1064767406685734,0.8884896682929766,0.8457361026788517
V,45,1,34,39.45305615714312,0.9325234156466142,0.8155544514090608,1.123850339480907,1.0444543459405633,-2.1239929187665427,1.056940283700753,0.8711342662583872,0.8265343184761218
V,45,1,35,39.43294922425966,0.9320481625849507,0.8242177546756357,1.1220686666345643,1.1128010250625273,-2.123303872682573,1.1333398220077031,0.8807979405856795,0.8349788898621624
V,45,1,36,39.37011616045938,0.9305630228016802,0.7911634306680936,1.0183945683054842,0.9960243170738826,-2.183170621973835,1.1603001786889622,0.8527476837641027,0.8017374499669271
V,45,1,37,39.35182256452345,0.9301306302767847,0.7678935432910361,1.1108007897144507,0.9794855177343811,-2.1189206174989565,1.2533819100039434,0.8336702484375346,0.7801127300657855
V,45,1,38,39.31443475109406,0.9292469215130361,0.7462034347449421,1.1189868541435932,1.0660286271464152,-2.1221094221298236,1.153671912107384,0.817184104348004,0.7597728097528662
V,45,1,39,39.33699935502042,0.9297802647714724,0.7583002089384906,1.1048297780131944,0.9549155012925782,-2.116579808747803,1.0650241171699462,0.8255872748256087,0.7708643241176365
V,45,1,40,39.29030687034101,0.9286766282084432,0.8143568771339755,1.1116193961573648,1.1262116073937916,-2.119240553647257,1.140703563668328,0.8731793329191881,0.8249197398699127
V,45,1,41,39.23398081799186,0.9273452899588204,0.8258612342659125,1.1136418356045652,0.9888685297381684,-2.120029975150859,1.1214801412281556,0.882397542879784,0.8352548862693537
V,45,1,42,39.16775711805349,0.9257800081561303,0.8179304897314376,1.1071411373814228,1.0134256013266059,-2.1174874255502476,1.1029414754327158,0.8768966071601636,0.8282679779451261
V,45,1,43,39.10219211850563,0.9242302955791954,0.8056617234877441,1.1147975152886784,1.0921307376670528,-2.120480429729713,1.1028827008466608,0.8679443461798075,0.8167290569232217
V,45,1,44,39.09406670851092,0.9240382411271496,0.82687407633899,1.1970915394616455,1.0686858097044334,-2.050184402130036,1.1113401086492336,0.8850859820924872,0.8368837026331307
V,45,1,45,39.05573179524571,0.9231321464480909,0.8609922030270601,1.2104781624693017,0.9753270631466373,-2.055013999721855,1.13112526311458,0.9129249576722096,0.8688259204164069
V,45,1,46,39.03842267962743,0.9227230233739775,0.7938579727870356,1.1122453893195934,1.0256216821832034,-2.119485051770543,1.190944501254635,0.8576982925362306,0.8047894952621107
V,45,1,47,39.01179336306639,0.9220936054364436,0.7187547775569486,1.2022439447199875,1.0313670089192062,-2.0520496390896987,1.0656556710234222,0.7982485004513178,0.7335269355450666
V,45,1,48,38.98168244984818,0.9213818955113457,0.7125949141313764,1.1079115905041654,0.97043394138623,-2.117789543462886,1.0676546760569363,0.7930093311118896,0.7268974704018207
V,45,1,49,38.94866838694252,0.9206015659322497,0.7319026142791623,1.109356190109308,1.0185104758942984,-2.1183554487011516,1.126091357978504,0.8081788149535066,0.7462018350601206
V,45,1,50,38.9120294375597,0.9197355575275248,0.74565560821485,1.1145085953676501,1.0477367674285676,-2.1203678598789266,1.12192477917051,0.8214024095705281,0.7602352726898821
V,45,1,51,38.86922901990851,0.9187239149439891,0.780022167864241,1.114364135407136,1.0511798725084522,-2.1203115640097825,1.2046865212973232,0.8480391360515553,0.7919163590570926
V,45,1,52,38.79635080045489,0.9170013450659942,0.7426935229067931,1.2092743294650168,1.059747122263746,-2.0545818744728708,1.0832680633827287,0.8200871522023657,0.7578095475049222
V,45,1,53,38.79012214838448,0.9168541229121403,0.6899684044233808,1.1003033659170796,0.9166774299565342,-2.114796879165966,1.3126860105486127,0.7757604485848798,0.7046924499702868
V,45,1,54,38.74872981116958,0.9158757621096846,0.7343105029811955,1.113352915683537,0.9778608609835894,-2.119917288465768,1.109092444963058,0.8129300717352915,0.7479120949046765
V,45,1,55,38.74202980324975,0.9157173988577891,0.7368776435815115,1.2077815765397024,1.0484681812867764,-2.0540454413360765,1.1234668014698974,0.8160377833031219,0.7505588966474571
V,45,1,56,38.71332808419083,0.9150389970380378,0.7059318147072314,1.1130158424423358,1.086688259768907,-2.1197857837011287,1.211937640490573,0.7896838699363085,0.7221167528961578
V,45,1,57,38.68022325071256,0.9142565219804248,0.7431840187535036,1.2070592767371318,1.0133049354146721,-2.0537856388505706,1.1031573856755421,0.8208151803510617,0.7574281244037043
V,45,1,58,38.62681224514479,0.9129940845878236,0.6850698160322072,1.2070592767371306,1.0637717656353676,-2.05378563885057,1.1306216841236458,0.7754500997134535,0.7024877576543905
V,45,1,59,38.6068361532813,0.9125219241209229,0.6664246037812772,1.2158231810083298,0.9419553548102817,-2.05692746015703,1.1077859288813492,0.7591434090064363,0.6829235860652193
V,45,1,60,38.59750800515581,0.9123014414156797,0.7002624471283698,1.20701112341696,1.1235264772786064,-2.053768313157635,1.118561847783277,0.7873492274804584,0.7170868474379799
V,45,1,61,38.59919770647094,0.9123413796662307,0.674565560821485,1.1118601627582225,1.1000190998020363,-2.1193346076772737,1.115611371003379,0.7664996704247637,0.6925237780562261
V,45,1,62,38.57839394146226,0.9118496560865179,0.6299049584671049,1.1033851784080506,0.9730488648010397,-2.116011583517058,1.1793754581099896,0.7296255596106496,0.6490935558295176
V,45,1,63,38.50415690010412,0.9100949687158094,0.6185789634612445,1.1160495016131358,1.1343192348586377,-2.120967895526422,1.0653282734528253,0.7224385436281091,0.6400752610596084
V,45,1,64,38.47114647055434,0.9093147250157241,0.6457027467767416,1.1142196754466218,1.06185352093116,-2.120255260842282,1.0302260023742766,0.7432927030384915,0.6651581798067167
V,45,1,65,38.45297730387916,0.908885273535466,0.5852825765683127,1.2037848509654743,1.1184660510162592,-2.0526059143697273,1.1007028340880967,0.6943214369098651,0.6073928839867159
V,45,1,66,38.45159134534746,0.9088525146338798,0.6290004076848597,1.210959695671016,1.1017199406174085,-2.05518672950256,1.0919301300883442,0.7308975767085206,0.6490214844711056
V,45,1,67,38.38531228504768,0.90728592431828,0.6492317688426846,1.2064332835749023,0.9520871917264447,-2.053560350911728,1.1008490027442577,0.7470782294905584,0.6678080219360434
V,45,1,68,38.31816619875245,0.9056988407349467,0.6735144982928197,1.1134010690037075,1.0644616682364378,-2.1199360716105455,1.0926091448127102,0.769216791085904,0.6921714459877675
V,45,1,69,38.28075795044116,0.9048146489666422,0.6574491667940682,1.1073819039822794,1.0050562351097876,-2.117581859976657,1.029297539786558,0.7551672915243399,0.6754621819665348
V,45,1,70,38.25924273518036,0.9043061093507639,0.621617489680477,1.2077334232195307,0.994803394537887,-2.054028126004778,1.1004525909642595,0.7271107116070831,0.641951760246159
V,45,1,71,38.26880218638657,0.9045320591999979,0.6195217346990777,1.1097414166706787,1.0847556740625535,-2.1185062323089165,1.1482487231176723,0.7236889019033212,0.6406512327684182
V,45,1,72,38.24531521449669,0.9039769145956683,0.6014625694338277,1.206722203495931,1.0848814906861985,-2.053664344482542,1.0897167332803277,0.7110192234463848,0.6224827264009164
V,45,1,73,38.19530147411901,0.9027947759086047,0.6095398257147225,1.2179419270958736,1.1016433720894527,-2.057683621845574,1.2728986382458076,0.7183649094427577,0.6311200324360767
V,45,1,74,38.14820805460825,0.9016816627383158,0.5818745859450645,1.110993402995136,1.0195484612992674,-2.118995917799432,1.058693596111806,0.6966602918863708,0.6050554489511191
V,45,1,75,38.1087898539097,0.9007499631759893,0.5678667889721246,1.1068040641402224,1.0554866541364996,-2.1173551828464254,1.3461444388473973,0.683639054912854,0.5911834730548661
V,45,1,76,38.12155957404499,0.901051791835092,0.5637517199205015,1.1100303365917081,1.0297974334986146,-2.1186192856694155,1.3432261861927888,0.6806527042363009,0.5869613347092014
V,45,1,77,38.1052831272502,0.9006670772086963,0.5439216735463487,1.209129869504502,1.1345842249690763,-2.054529990537333,1.0984919169123675,0.6664882626220782,0.5680821575867671
V,45,1,78,38.08158246347046,0.9001068817233847,0.5351245986852163,1.2071074300573024,0.9984801624082597,-2.053802963852344,1.098035482260331,0.6587724619283112,0.5598093741369282
V,45,1,79,38.02778769840405,0.898835373684468,0.5371439127554402,1.2183271536572449,1.0698515543785607,-2.057820964450791,1.2923536483811895,0.661869830446467,0.5628804576062605
V,45,1,80,37.97577639077878,0.8976060199419905,0.5079307445344748,1.2020513314393022,1.0211037744910383,-2.0519800545540954,1.0825783327584986,0.6375745149536513,0.5342743625752184
V,45,1,81,37.98397343855031,0.897799767644467,0.5055865565917546,1.1077671305436514,1.0889100441743422,-2.1177329123609123,1.0771021371914111,0.636394351496842,0.5315964780109361
V,45,1,82,38.01349929030606,0.8984976488940077,0.49317127860164095,1.2108633890306737,1.0233271386140748,-2.0551521890418987,1.092168963420387,0.6252579188707156,0.5200977027744653
V,45,1,83,37.96254199561314,0.897293208094545,0.48195357488661267,1.1080078971445078,1.0690021812680697,-2.1178272934287405,1.0482732252530702,0.6172933117923646,0.5088207313152325
V,45,1,84,37.8973626076622,0.8957526099406361,0.46571625133771594,1.2170270140126165,1.0923862658741694,-2.057357258978705,1.025060164227746,0.6054266739673337,0.49490014832478413
V,45,1,85,37.8399794379315,0.8943962853703729,0.4831384090098354,1.2173159339336448,1.1130914682601007,-2.057460347434758,1.0956882851368244,0.6210962889658347,0.5115634555054276
V,45,1,86,37.81191958976192,0.8937330549896035,0.45282321765275446,1.205470217171474,0.9911487765501885,-2.053213525720078,1.014781497659651,0.5939636652893324,0.4811632570620572
V,45,1,87,37.83274882191975,0.8942253805179415,0.446612393619732,1.208118649780902,1.024839812652131,-2.0541666293288627,1.248012576655963,0.588892354391526,0.4753694047142508
V,45,1,88,37.81727188407058,0.8938595633074985,0.4321459511797381,1.202869937882217,0.9984544353548387,-2.0522757118625274,1.0894186700875168,0.5776514879381869,0.46124395113061
V,45,1,89,37.78262711837681,0.8930406899834561,0.43363017887173216,1.2102855491886164,0.9878603474179827,-2.0549448885692736,1.0235025851205741,0.5802556486051467,0.46323829914832887
V,45,1,90,37.68751784656064,0.8907926607646189,0.4285277480507568,1.1162421148938215,1.1072917634407362,-2.121042841724788,1.1286584174014178,0.5768257356088378,0.45956180715519107
V,45,1,91,37.65624215326893,0.8900534197735298,0.4186031697497834,1.2267539846872446,1.127576045229144,-2.0608145180380344,1.3475752665853067,0.5700223282677533,0.45039019266772984
V,45,1,92,37.65066011976799,0.8899214812761467,0.4466824644549763,1.2186160735782732,1.142259795276566,-2.057923942908886,0.9860542145888331,0.5917036991848861,0.476426171259614
V,45,1,93,37.60624527026322,0.8888716795320017,0.43835677521276056,1.2101410892281017,1.1094346575949503,-2.054893047986472,1.0994316790870555,0.5861773171411403,0.46748604763071033
V,45,1,94,37.58307793789121,0.8883240900162765,0.43528002853794023,1.215100881205759,1.0346244412213232,-2.0566693765478843,1.0160922478687475,0.5825872745560482,0.4654335594457233
V,45,1,95,37.48848641374421,0.8860882984254441,0.439223105539418,1.2165936341310735,1.0490583576733101,-2.05720258039866,1.1769106277794559,0.5867720354650885,0.4685919780893926
V,45,1,96,37.44874111847053,0.8851488675647049,0.4375477755694848,1.2232387923147299,1.1523810348352952,-2.059568286039224,1.121103774123746,0.5865135675612174,0.46780354317942274
V,45,1,97,37.40785611681235,0.8841824982866661,0.42887173215104724,1.2164973274907305,1.0236276491370881,-2.057168199898175,1.0826745083947902,0.5784530929754303,0.4584540980394614
V,45,1,98,37.43556644379604,0.8848374672874095,0.4187687917239974,1.2209274329465019,1.1442273476516784,-2.0587468927083026,1.0728940525493393,0.5721947971213976,0.4506597855243869
V,45,1,99,37.41055370325132,0.8842462591905121,0.43514625694338277,1.2135118216401017,1.0510538574393875,-2.056101052172033,1.0059965228404013,0.5839483743011933,0.4651805660710102
V,45,1,100,37.35065505226557,0.8828304780052126,0.43641390205371255,1.21413781480233,1.0144600184995956,-2.0563250263221815,1.0810579693810627,0.587700354973705,0.46602082210707
V,45,1,101,37.28806416693916,0.8813510624197519,0.4413188605208174,1.3341840419896953,1.1423284901464625,-1.9952566913541219,1.0443867785160066,0.5926457442814486,0.4722940434431892
V,45,1,102,37.23084004201677,0.8799984970768425,0.42452734036589723,1.217604853854673,1.0712354315193549,-2.0575634114265173,1.0791865762857507,0.5782890561522069,0.4556138878666775
V,45,1,103,37.2016100539055,0.8793076089427454,0.4200364368343271,1.2126450618770164,0.996655298844916,-2.055790743303867,1.0323696173184045,0.5745416126514356,0.4503240193724298
V,45,1,104,37.18746031544829,0.8789731617865082,0.4191446262039444,1.2213608128280449,1.0744239589416038,-2.0589010223393345,1.0752504243450292,0.575040775921463,0.450189416388424
V,45,1,105,37.14302917168428,0.877922974906717,0.40699052132701424,1.2184716136177591,1.1018355252858072,-2.057872456732077,1.0746300892780272,0.5659694989209683,0.43933054720404147
V,45,1,106,37.09173688926013,0.8767106162440075,0.40812439484278656,1.2154861077671304,1.1341141880981929,-2.0568070402250505,1.064757283042528,0.5677525848481005,0.43985262661482455
V,45,1,107,37.05056032852428,0.8757373555944639,0.40569102583702804,1.219675446622044,1.0666852936079534,-2.0583013218172934,1.023543147344194,0.5648448019934207,0.43778707308008874
V,45,1,108,37.10583778817574,0.8770439090152466,0.40897161494165013,1.21717147397313,1.0652527140178456,-2.057408806265494,1.0524091813804552,0.5676261603973527,0.44046936872312686
V,45,1,109,37.0318809412338,0.8752958443977413,0.4190809254446313,1.2226609524726733,0.9942770207240518,-2.059363083303476,1.1275916830629247,0.574693238492203,0.45076462309315435
V,45,1,110,37.01448258540692,0.8748846120172206,0.4219219793099934,1.2214571194683872,1.2067013184363777,-2.0589352659413156,1.1466692877490474,0.5783841352890321,0.4541352697482723
V,45,1,111,36.93754608943177,0.87306611958589,0.44172654538042094,1.2152453411662738,1.102511001802692,-2.056721005540662,1.0769473231369682,0.5955599102956276,0.473066018468544
V,45,1,112,36.90047108869589,0.8721898045500251,0.425693064261326,1.2320508499061007,1.0799942132540221,-2.062685673375065,1.092903243389064,0.5831133235196013,0.45781172808554105
V,45,1,113,36.845489908747,0.870890254078751,0.4241387657340876,1.3269610439639812,1.0286329316086147,-1.9928991228733304,1.0808556077404867,0.5819214402498571,0.45528752855023724
V,45,1,114,36.86189897470052,0.8712781033284923,0.42253350659939864,1.2163528675302162,1.0742303102615898,-2.0571166240437226,1.1170687730285187,0.5789507921726377,0.4542332712032759
V,45,1,115,36.83285125490446,0.8705915233390213,0.4418857972787036,1.336110174796552,1.1652366155552287,-1.9958832208123747,1.028276796381525,0.5963306168268834,0.4726225467979896
V,45,1,116,36.81249707170315,0.8701104262000321,0.4290246139733986,1.3333172822266093,1.0874677793101797,-1.9949744579455948,0.9963418010190352,0.5845958033438594,0.46077379702908267
V,45,1,117,36.72073295191656,0.867941463925567,0.43129873108087446,1.3285019502094673,0.969425471779721,-1.9934031458298735,1.1559033418779106,0.5875771026517091,0.46257321254528255
V,45,1,118,36.66068497963708,0.8665221533406107,0.43787264944198134,1.2202051331439305,1.0793232325762114,-2.058489888371833,1.0615291595040608,0.5956871259573427,0.46890253072866506
V,45,1,119,36.6073799917344,0.8652622218110474,0.45212250930031084,1.2199643665430733,1.0884914331418714,-2.0584041864511007,1.0242263739667727,0.6056808980023085,0.4816434173599236
V,45,1,120,36.62656084730233,0.8657155858515413,0.44496254395352397,1.2169788606924448,1.0506231956305887,-2.057340075190074,1.0748539213255919,0.5994284008886137,0.4744358261146857
V,45,1,121,36.6039193844876,0.8651804259350285,0.4232342149518422,1.2227572591130162,1.168586138371435,-2.0593972904933096,1.073653589659593,0.5826971056644146,0.4560405555049471
V,45,1,122,36.52348219811168,0.863279190211096,0.425400040768486,1.3285982568498096,1.056800451459437,-1.9934346278510473,1.227581904999237,0.5843033100256355,0.45679547016729183
V,45,1,123,36.44466988810641,0.8614163605172852,0.4368152168373847,1.2220349593104443,1.0632630256673745,-2.0591406708711593,1.0364869377189738,0.5958366006918799,0.4677502074305728
V,45,1,124,36.38034844820998,0.8598960410623709,0.4545558783060694,1.3321134492223237,1.0353973351843586,-1.9945821625763889,1.0286385990467677,0.6087803774136658,0.4847636566847955
V,45,1,125,36.39794143336449,0.8603118737558474,0.4518804464149213,1.2156787210478162,0.983483349265234,-2.0568758557032334,1.1135455232849936,0.6055538108678193,0.48210037814607626
V,45,1,126,36.41550827544571,0.8607270885243677,0.43221602201498244,1.2192902200606732,1.0409878559267511,-2.058164131061751,1.073466715285309,0.589076271200991,0.4638257428112717
V,45,1,127,36.37282079669017,0.8597181153960021,0.43629287061101774,1.2126450618770164,1.0479178081790674,-2.055790743303867,1.022292185264727,0.5951046369170144,0.46770533035322764
V,45,1,128,36.28381166569603,0.8576142708033857,0.4370636497987056,1.3322579091828384,1.0500685819285644,-1.9946292567350699,1.06817817036142,0.5976129640793322,0.46810954243592356
V,45,1,129,36.23035749896029,0.8563508132414059,0.44360571778015595,1.3370250878798093,1.0252478334145767,-1.9961805059700268,0.965291423619474,0.6010787314313794,0.474160468737911
V,45,1,130,36.18654990678534,0.8553153648005164,0.4474978341741834,1.3337025087879806,1.0510046410809968,-1.995099917660302,1.0045304465006568,0.6047914225602176,0.478477116324235
V,45,1,131,36.20230949393551,0.8556878627885031,0.44420450491769864,1.326623970722781,1.0681123910179229,-1.9927887898343455,1.070150769243278,0.602112762056223,0.47605889974853133
V,45,1,132,36.21901797189204,0.856082789023678,0.4364457524333691,1.3331246689459233,1.137923112874941,-1.9949117144944937,1.3304734236941422,0.5955973692111153,0.46871731261406013
V,45,1,133,36.13667458472219,0.8541364978072588,0.44750420425011467,1.3385178408051237,1.134931328344565,-1.9966651137246814,1.03641822485281,0.6076510220161235,0.48024542724013186
V,45,1,134,36.07508340284646,0.8526807114907893,0.45465779952097035,1.3398179804497516,1.0144786517860946,-1.9970867513051787,0.9820228255703846,0.6125937193470875,0.4851500484550534
V,45,1,135,36.0162736195667,0.8512906670856348,0.45375324873872497,1.2221312659507872,1.015580855082781,-2.0591748955830966,1.3502675369294126,0.6116328891926164,0.4843250910352044
V,45,1,136,36.05266918039031,0.8521509226906361,0.440433419966366,1.3302354697356382,1.0728456306266978,-1.9939694733397086,1.0573591439216345,0.6004633207297017,0.47179631635777597
V,45,1,137,36.05486932068121,0.8522029258188805,0.4226672781939561,1.3338469687484953,1.1519904668281629,-1.9951469557109902,1.0286729461849724,0.5864774250258304,0.4549175914528553
V,45,1,138,36.0337819883465,0.8517044997629288,0.4250433165163329,1.3310059228583813,1.133987724058616,-1.9942209375999986,1.0175092995549475,0.5886364357579991,0.4568734045437593
V,45,1,139,35.96054321866646,0.8499734078194363,0.41523976965805437,1.3358212548755237,1.0820872935599948,-1.9957892989949881,1.0354212091900965,0.5820482173256958,0.4481390962303154
V,45,1,140,35.92267484943688,0.8490783405050494,0.41003541762217804,1.3279722636875813,0.9733560840736428,-1.9932299539084621,1.0603849997821004,0.5781363530184492,0.4429471020698123
V,45,1,141,35.87791286477999,0.8480203337778364,0.41657111552769716,1.2249241585207296,1.1205811863989168,-2.0601662408106827,0.9873966275051844,0.5832018318806206,0.4497349307573557
V,45,1,142,35.89116517378535,0.8483335690417831,0.42697344952351834,1.3329802089854097,1.0089453440108913,-1.9948646509567554,1.0580066475302412,0.5916971993808492,0.4588340694674231
V,45,1,143,35.86727811822375,0.8477689679484401,0.44024868776435816,1.2142822747628448,1.0121792330999284,-2.0563766962651635,1.343014590897699,0.6004533036070442,0.4707784223071875
V,45,1,144,35.78826554702302,0.8459014048252781,0.44837690465270347,1.3341840419896953,1.0918448383155803,-1.9952566913541219,1.3687804434838182,0.6091666569746575,0.4792348372290034
V,45,1,145,35.73824827755098,0.8447191827235577,0.4499503134077359,1.3473780517166658,1.050755401430578,-1.9995304181290583,1.0478669966629186,0.6133150992258612,0.48205270280424484
V,45,1,146,35.68157694986428,0.8433796834499618,0.4658946134637925,1.3466557519140938,1.1183104505070989,-1.9992975399627706,1.3046254974467342,0.6247991358915334,0.49675258164004005
V,45,1,147,35.62581462050921,0.8420616695139189,0.46851908474749027,1.3469928251552945,1.047759547783648,-1.9994062319804755,1.0790351730252281,0.6261405022994626,0.49874757109653955
V,45,1,148,35.63267880446458,0.8422239132762829,0.46969754879478165,1.3415033466557524,1.0860731578336318,-1.9976327099952071,0.9590439378396561,0.6278029547002266,0.4996440403625812
V,45,1,149,35.59175142165797,0.8412565422656243,0.47699128573612604,1.3391438339673514,1.002877271556706,-1.996868175510701,1.0203963171424597,0.6349169056087651,0.5063601961556785
V,45,1,150,35.52600458612819,0.8397025317628135,0.4708250522346227,1.337410314441181,0.9775873961808034,-1.9963056178129959,1.06795800835966,0.6296376817092674,0.5005759811301268
V,45,1,151,35.48159075098378,0.8386527539943723,0.46993324160424,1.3465112919535798,1.0593780120862628,-1.9992509493408408,1.3235770090155297,0.629244525166563,0.5002694013225676
V,45,1,152,35.4344862174984,0.8375393781310865,0.47785761606278354,1.3410218134540377,1.1023318186377775,-1.9974767918195167,0.9876350678820455,0.635742394840895,0.5077482933624238
V,45,1,153,35.45240617753812,0.8379629392939514,0.4762778372318198,1.3391438339673514,1.1130230640919396,-1.996868175510701,1.1517500025815675,0.6334729443832064,0.5064795930415998
V,45,1,154,35.46309244853413,0.8382155229693459,0.48296641695969017,1.3415514999759235,1.106850524917442,-1.9976482987344863,1.0482063192673843,0.640872137577154,0.513115638107193
V,45,1,155,35.41648421593518,0.8371138778119389,0.49210747592111304,1.3427553329802084,0.9885619198193174,-1.9980378354741213,1.067749750112179,0.6480445832087065,0.5219236135883069
V,45,1,156,35.32724666925387,0.8350046343225694,0.49594863170769,1.339577213848895,1.082195492108289,-1.9970087011491715,1.3528387065740106,0.6517977734619466,0.5254691357484443
V,45,1,157,35.28663984020568,0.8340448400097596,0.4937955460429089,1.3359657148360373,0.9707251587657993,-1.9958362624426578,1.0067059166605534,0.6505752481726714,0.5218560977466417
V,45,1,158,35.3022194431432,0.834413083840804,0.4813038271416195,1.3471372851158092,1.0315214444430567,-1.9994528059477301,1.0190129238276795,0.6411020502907748,0.5119261679334773
V,45,1,159,35.28954679951008,0.8341135497089243,0.4805011975742751,1.342755332980209,1.0386113240585149,-1.9980378354741215,1.120307923730788,0.6383488232402729,0.5106882815478663
V,45,1,160,35.27092060705014,0.8336732958400211,0.46786296692656576,1.3384215341647812,1.01768596101376,-1.9966338650211206,1.3744541769768563,0.6286541707346877,0.4983134307603536
V,45,1,161,35.20738637831198,0.8321715831271354,0.4706339499566835,1.3371695478403234,0.9770151661403088,-1.996227427134949,1.0130220808992674,0.6332851236398128,0.5005988595988778
V,45,1,162,35.16159643110448,0.8310892791909803,0.46940452530194166,1.3461260653922085,1.0803369871492265,-1.999126683241233,1.019172138585629,0.6334418384332826,0.5007335021601166
V,45,1,163,35.11889035260349,0.8300798664338548,0.46971028894664424,1.35493812298358,1.098236732418973,-2.001960411947402,0.947256231800045,0.632975357741374,0.5010586672229079
V,45,1,164,35.13603627274451,0.8304851321742482,0.46856367527900933,1.341647806616266,0.9779777448507689,-1.9976794745345,1.0658017324219002,0.6302550617737116,0.49799170400686826
V,45,1,165,35.14978240980695,0.830810039695591,0.472793405697396,1.330861462897867,0.9721274142484363,-1.9941737991406563,1.0551883701898674,0.6337783161389836,0.5023910386566166
V,45,1,166,35.09307682682547,0.8294697307543138,0.48138663812872656,1.3454519189098084,1.0727369881692836,-1.998909131971955,1.081261266834814,0.6417428136288098,0.5120817618872456
V,45,1,167,35.01504952468954,0.8276254557249809,0.47803597818886,1.339143833967352,1.011886306300642,-1.9968681755107012,1.0532641211613747,0.6400645823739025,0.5080482490458642
V,45,1,168,34.96779972096928,0.8265086462139929,0.47667278193956075,1.3507487841286656,1.1034046181093236,-2.0006155348319714,1.0641805703477898,0.6401171217946814,0.5080306964258287
V,45,1,169,34.92523844457202,0.8255026560396912,0.4777047342404322,1.3446814657870654,0.9942931581193001,-1.9986603684341882,1.04294289897598,0.6409295465882359,0.5076179928054879
V,45,1,170,34.97386483860648,0.8266520030224696,0.4739272792131683,1.3398179804497516,0.9925312867764486,-1.9970867513051787,1.0034375658988137,0.6349469930370406,0.5042090568896298
V,45,1,171,34.96048707420564,0.8263358024598794,0.46965295826326253,1.329753936533924,0.927269611544107,-1.9938122342062374,0.952241971163486,0.632613786178683,0.5000252575618777
V,45,1,172,34.90106758826574,0.8249313469529614,0.462397441777506,1.3572976356719793,1.133808228487742,-2.002716042128732,1.016654240532677,0.6307081561178193,0.49499728919021196
V,45,1,173,34.84720215295967,0.8236581685325918,0.45870916781328036,1.3458852987913519,1.0334243884777743,-1.9990489988689837,1.1498879321396065,0.6256695451346659,0.49005867094501276
V,45,1,174,34.80273809396788,0.822607203659316,0.4544730673189625,1.3476669716376941,0.9907597055969491,-1.9996235344420012,1.0336837959995928,0.6247946138147762,0.48666509026411653
V,45,1,175,34.80428091667723,0.8226436702462625,0.45226265097079965,1.3493041845235225,1.1264961725207807,-2.0001508167659034,1.0849464501152237,0.6198608841123032,0.4853955522972203
V,45,1,176,34.80455042949124,0.8226500405261435,0.45325001274015186,1.3387586074059807,0.9785727252582294,-1.9967432256481106,0.9420980009156079,0.6202140969835828,0.4847699600101258
V,45,1,177,34.77024859213803,0.8218392727518001,0.4540144218519085,1.3462705253527232,1.0088326492387156,-1.9991732871954822,0.9492788800841705,0.6212173317244996,0.48530619031121996
V,45,1,178,34.71159605492104,0.820452945058349,0.45507822453243646,1.3534453700582652,1.0939375543323901,-2.001481680316065,1.0522385535316516,0.6255342301928818,0.4878030505321135
V,45,1,179,34.65513743212128,0.8191184733366595,0.4545940987616573,1.34078104685318,1.0454937589391944,-1.9973988117352923,1.0276367833573123,0.6256703923093746,0.4857603066256182
V,45,1,180,34.61021119167503,0.8180565842138947,0.45307802069000663,1.3548899696634082,1.0644321688886083,-2.0019449772256976,1.1112009552526971,0.6236247432829078,0.48549731604459734
V,45,1,181,34.57348557355925,0.8171885272828766,0.4537850991183815,1.3462705253527232,1.002325024430981,-1.9991732871954822,1.0480291747980188,0.6245870736603933,0.485810925033681
V,45,1,182,34.56793970294912,0.817057443541645,0.4544539570911686,1.3487744980016365,0.9852984562163424,-1.9999802954701096,1.071739502261729,0.6248429924736257,0.48663537530448425
V,45,1,183,34.51742189497799,0.8158633905726538,0.4561229169851705,1.3426590263398661,0.960274424203637,-1.9980066853893352,1.080910121712478,0.6262762659179163,0.48727901644421295
V,45,1,184,34.46779811596803,0.814690469121009,0.45863272690210466,1.3475225116771805,0.9941436838016348,-1.999576978781143,1.0462732900696732,0.6303633171692528,0.4907179964883722
V,45,1,185,34.42846887530644,0.8137608722428749,0.46206619782907815,1.3464149853132372,0.9569973948158793,-1.9992198861492174,1.2656621185631034,0.6314153044116614,0.4932544289683024
V,45,1,186,34.37492080581408,0.812495195169205,0.4628497171686287,1.3561901093080366,1.0577766052576167,-2.002361522292759,0.9780104305378502,0.635321589311473,0.4954099091930779
V,45,1,187,34.36763393357126,0.8123229606288392,0.46511109412424195,1.4764289497760865,0.949433070140676,-1.9376315089912468,1.0554083026327914,0.6362882629830608,0.49697792775132377
V,45,1,188,34.33567276690582,0.8115675175983121,0.4657735820210977,1.4788366157846582,1.1380939839715791,-1.9383391518544253,1.0506443873258586,0.6378583360682633,0.49908408390275083
V,45,1,189,34.29801783733454,0.8106774952030918,0.4688758089996433,1.3495931044445508,0.9633471306922651,-2.000243800169464,1.0096032110494157,0.6404582684929767,0.5008693160879715
V,45,1,190,34.25676059311423,0.8097023274962544,0.47000968251541564,1.3565271825492362,1.0382702126448022,-2.002469450273196,1.0300050500930902,0.6429776962079874,0.5022357850758271
V,45,1,191,34.21636634606593,0.8087475578307584,0.472188248483922,1.354841816343237,1.0757831504037625,-2.0019295419554277,1.2853073612533883,0.6421491629508522,0.5041643761487781
V,45,1,192,34.24697118949511,0.8094709424277902,0.4760548845742242,1.4625607935667166,0.9401339217751701,-1.9335328839914532,1.0633208459151673,0.6440827799302958,0.5067406186800464
V,45,1,193,34.27064247619246,0.8100304435482062,0.4785009937318453,1.3485337314007801,1.0452036294137181,-1.9999027636513012,0.9463718074394017,0.6449370821940483,0.5099235851999323
V,45,1,194,34.22684039009513,0.8089951252504998,0.4809534729653978,1.3322097558626662,0.8731132667675718,-1.9946135592495926,0.9528372465256709,0.6475691164194235,0.5106414124097086
V,45,1,195,34.14925893386243,0.8071613883590205,0.48190261427916226,1.461982953724659,0.9951292027069633,-1.9333612656606776,0.9725807488983947,0.6513444393956214,0.512812790059119
V,45,1,196,34.09650202621417,0.805914411406889,0.483546093869439,1.466605672461116,1.016809172826242,-1.934732317154958,1.03876363714993,0.6534597922875989,0.5139713194431058
V,45,1,197,34.05117422403717,0.8048430308592962,0.4831384090098354,1.3460779120720372,0.9488419695170216,-1.9991111474784062,0.9399420097848561,0.6508380246902117,0.5143707605890577
V,45,1,198,34.08159353728869,0.8055620302134133,0.4827816847576823,1.3335098955072957,0.8863861770797893,-1.995037192333325,1.029767640394078,0.6519424450266688,0.5129535029090726
V,45,1,199,34.06702614722363,0.8052177113275348,0.47967308770320544,1.4820628882361435,1.0440093461448434,-1.9392855891620182,1.0186086600267974,0.6509844986237417,0.5117692189191737
V,45,1,200,34.03347939639244,0.8044247909883767,0.47953294603271673,1.4791736890258587,1.0232630186826877,-1.9384381299066966,1.0569126043587205,0.6495720212548994,0.5107712253698207
V,45,1,201,33.9577086484375,0.8026338525016952,0.4783990725169444,1.3446333124668952,1.0068863639628314,-1.9986448159808965,0.9918154935532614,0.6499766454354365,0.5098146784304103
V,45,1,202,33.9272403292613,0.8019136948299034,0.47802960811292877,1.3434776327827804,0.941647104131609,-1.9982713899201392,0.9597339661700561,0.6491279279848127,0.5095734174782228
V,45,1,203,33.87688499537956,0.8007234821437076,0.47629057738368247,1.3587422352771223,1.0610597227946221,-2.0031780248138498,1.0227695815292708,0.6493770354660546,0.5090278030052895
V,45,1,204,33.91699944815363,0.8016716385138675,0.47727156907710344,1.4690133384696877,0.9916417692842564,-1.9354446959018912,1.0522697885158385,0.6485505663217537,0.5083418469276995
V,45,1,205,33.90394971948117,0.80136319149505,0.4784818835040514,1.3407328935330092,0.9383644950897984,-1.9973832140380938,1.129040462014474,0.6484067927399652,0.5092730328676335
V,45,1,206,33.8549305498348,0.8002045607585939,0.4798004892218316,1.3468483651947798,0.928789190777099,-1.9993596530180686,1.1835382949463276,0.6500341685866493,0.510069357983498
V,45,1,207,33.79396199007201,0.7987634909116702,0.479099780869388,1.3504117108874663,1.0725942661155243,-2.0005071450863934,0.9321339010288615,0.6512856621350559,0.5106271923414357
V,45,1,208,33.73827180544156,0.7974471822084171,0.4800871426387403,1.4744546636490585,0.9675222619561888,-1.9370503802102266,1.061528298848113,0.6526791256028291,0.5119961145957934
V,45,1,209,33.74230852743027,0.7975425952928162,0.47922081231208274,1.3505561708479799,1.0277609458281174,-2.000553601146972,1.1416490905337502,0.6509311652505696,0.5106382899810641
V,45,1,210,33.72984033121067,0.797247893536903,0.47865387555419664,1.4723359175615154,0.920533718109494,-1.9364258635589218,1.1073958023270274,0.6499913707372851,0.5096479933477197
V,45,1,211,33.71532164809843,0.7969047259021174,0.47692121490088163,1.3442962392256945,0.9637107602492736,-1.9985359332105574,1.027039101113435,0.6512747205488711,0.5093547196580953
V,45,1,212,33.6535132337651,0.7954438050188214,0.47714416755847733,1.4759474165743725,0.9206369401865527,-1.9374898419486601,1.0281624001647252,0.6522629186655214,0.5087529348782444
V,45,1,213,33.61067820489333,0.7944313443548434,0.4749019008306579,1.485915153849858,1.0116252815263063,-1.940412968552718,1.3638507553830648,0.64983657627108,0.5069503640247511
V,45,1,214,33.57228398372353,0.7935238478576455,0.47494649136217704,1.3599460682814084,1.0392310603924528,-2.0035626353367846,0.9257015628021121,0.6497398946928616,0.5076383688199315
V,45,1,215,33.5790714902861,0.7936842792518128,0.4755070580441319,1.4806664419511726,0.9294354257862919,-1.9388761903319807,0.9467712284955312,0.6503215843641511,0.5073063048806077
V,45,1,216,33.57214875608867,0.7935206515796324,0.47716327778627127,1.3488708046419802,0.869705005254449,-2.0000113043224954,0.9203390705615557,0.6499907576232797,0.5077251587197164
V,45,1,217,33.55626949226162,0.7931453248804035,0.4767874433063243,1.3507969374488364,1.0140760003784974,-2.000631016873286,1.0034816293096989,0.6532112632054096,0.5086672405227033
V,45,1,218,33.46617125580594,0.7910157378879854,0.4786666157060593,1.4746954302499151,0.9201707931070446,-1.937121291220573,0.9400665110807974,0.6523485271110516,0.5096941013663335
V,45,1,219,33.42138376057518,0.7899571281857487,0.47857106456708964,1.4813405884335726,0.9370205569769973,-1.9390738793309283,0.9300638974016774,0.654279537011378,0.5104064619780769
V,45,1,220,33.37208977579161,0.7887920018422249,0.47847551342812006,1.483989021043001,0.943727955472467,-1.9398496446759506,1.2801833467195507,0.6542132109393007,0.5109515718677431
V,45,1,221,33.37127276682784,0.7887726907909728,0.4780232380369974,1.3477151249578658,0.9027566007698729,-1.9996390518866445,0.9819748823508794,0.6550649391744235,0.5095913811460149
V,45,1,222,33.3688323389909,0.7887150081594149,0.4780869387963105,1.48158135503443,0.9130327277402903,-1.9391444607423889,1.0330102693560657,0.6549040728287389,0.5102786732324689
V,45,1,223,33.31267730715816,0.7873877121983154,0.4775454823421495,1.4750325034911158,0.9437675862473803,-1.9372205471876156,1.0283501183813564,0.6553164144846998,0.5098183172722041
V,45,1,224,33.24994350229096,0.7859049185268122,0.477430820975386,1.3536861366591226,0.9383830028141589,-2.0015589307977613,1.1810834406474906,0.6536176783387428,0.5103581511653241
V,45,1,225,33.19597133395897,0.7846292173349366,0.47778117515160784,1.4841816343236862,0.9219425620139228,-1.939906009955965,0.9273877846599644,0.6558865380999437,0.509911389511928
V,45,1,226,33.15319325469587,0.783618102747759,0.4770295061917138,1.3612462079260363,0.952385870454026,-2.003977632484371,0.9284710768694147,0.6550498847789625,0.5095614578002996
V,45,1,227,33.15283751452595,0.7836096943740954,0.4770295061917138,1.4816776616747722,0.9641335182451053,-1.9391726900954427,1.1365419135892307,0.6543566696885865,0.5090131461545127
V,45,1,228,33.14481891250654,0.7834201644650798,0.47769199408856955,1.485241007367458,0.911471858346424,-1.9402158883008305,1.017068188450879,0.6573678101668305,0.5090388633681567
V,45,1,229,33.09256471742589,0.7821850697671079,0.4779022065943026,1.4841816343236862,0.9001888208728405,-1.939906009955965,1.0231005621976073,0.6581358379749315,0.5102262475892779
V,45,1,230,33.01503273279021,0.7803525022000646,0.47762829332925655,1.4921750854721427,0.9355387505199594,-1.9422387411426705,1.191532060971204,0.6566185296749145,0.5106408780771127
V,45,1,231,32.96568268840698,0.7791860508162411,0.47785761606278354,1.5001685366206001,0.9881104773357916,-1.9445590094146288,1.2797012429557546,0.6573157040745663,0.511371152236656
V,45,1,232,32.97936141555277,0.7795093650180329,0.47905519033786886,1.4850965474069429,0.923883672616234,-1.9401736451802423,1.3520609280824236,0.6566391543893102,0.5105771414552679
V,45,1,233,32.99866186125352,0.7799655557241895,0.4778002853794018,1.4867337602927724,1.0100562202864976,-1.9406521601157065,1.0456586198802496,0.6573815285286493,0.5104276144595398
V,45,1,234,32.97445296376082,0.7793933474853901,0.47952657595678544,1.4798478355082583,0.9519092993513882,-1.9386360183640388,0.947738039643527,0.6584016721627148,0.5110854225874562
V,45,1,235,32.8962481299888,0.7775448762688971,0.48029735514447336,1.351471083931237,0.9289316495835527,-2.0008477075205935,0.9698041257470789,0.660720686187997,0.5120743463165083
V,45,1,236,32.83465278145727,0.7760889914681917,0.47990241043673243,1.488419126498772,0.96017939989591,-1.9411441989112892,1.039567219073868,0.6607395128896397,0.5127647763965755
V,45,1,237,32.78696223195048,0.7749617643671276,0.47897237935076187,1.4943419848798578,1.034362821748669,-1.9428689552674054,1.0256818332700401,0.6587520947622957,0.5128759991991887
V,45,1,238,32.80253833816527,0.7753299255486602,0.47981322937369414,1.4838445610824866,0.9498386121828869,-1.9398073659146786,1.1011682150544309,0.6587525976821632,0.5117364129182588
V,45,1,239,32.79950287072158,0.7752581783953498,0.4807368903837334,1.486107767130543,0.946341480327398,-1.9404692607733933,0.959254958822442,0.6614420910236165,0.5127158163000034
V,45,1,240,32.78246399877298,0.7748554428758254,0.48213193701268925,1.4791736890258578,0.8523901378217428,-1.9384381299066964,1.398462885868286,0.660838096577587,0.5134016701814897
V,45,1,241,32.70774786911438,0.7730894316407104,0.48105539418029863,1.4954976645639715,1.0243731310596225,-1.9432046959046991,1.0659719016610265,0.662862080622101,0.5143390007675235
V,45,1,242,32.66960746285842,0.7721879343834563,0.4830810783264537,1.3466075985939232,0.8716257228498371,-1.9992820103108087,1.1405724998276254,0.662751030230917,0.5142174006283997
V,45,1,243,32.62261023814055,0.7710770949000648,0.4829600468837589,1.3566234891895796,0.8664434906507681,-2.0025002819132705,0.9194896347881235,0.6626481199888954,0.5159447081959105
V,45,1,244,32.66274573338912,0.7720257486360084,0.48307470825052234,1.4891895796215147,0.8942057706473933,-1.9413689453976573,1.077236378521641,0.662945075775862,0.5150505540408602
V,45,1,245,32.62475823933369,0.7711278656540834,0.483463282882332,1.4810035151923722,0.9005078849619214,-1.938975046079853,1.0157555175742787,0.6654312308885574,0.515606203507424
V,45,1,246,32.59490190117526,0.7704221729359502,0.48351424348978245,1.3472335917561515,0.8705731826800676,-1.9994838524846772,1.0580542591434,0.6648561566839365,0.5152189954363202
V,45,1,247,32.51043683243393,0.768425733063415,0.48307470825052234,1.4824481147975157,0.8729840392582322,-1.9393984588870128,0.9164283083263731,0.6640755518187946,0.5148707033666201
V,45,1,248,32.44764571271895,0.7669415846822183,0.4809662131172604,1.4863003804112294,0.9900900264587066,-1.9405255456985504,1.0811723600151164,0.6648812288705149,0.5144973077555879
V,45,1,249,32.4062596551548,0.7659633723073352,0.4808579218264282,1.4855780806086576,0.9085425378824229,-1.9403144396060048,0.9204667983921087,0.6635228078960236,0.5140004479925306
V,45,1,250,32.46744454289839,0.7674095553426203,0.47892778881924275,1.4841816343236867,0.9997253825371528,-1.9399060099559653,1.398178707025303,0.6616894245622791,0.5127403165184125
V,45,1,251,32.41526059851667,0.76617612110972,0.4785965448708149,1.4808109019116866,0.9067097286241039,-1.9389185598364356,1.0145379235724816,0.6638352040553254,0.511167477342994
V,45,1,252,32.40240642046611,0.7658722961798262,0.4771186872547521,1.4875042134155143,0.9042950147782994,-1.9408771613094336,0.9172401938671496,0.6602777280468344,0.5104921922720235
V,45,1,253,32.33371981558061,0.7642488004703463,0.4762332467003007,1.4906341792266573,0.9090888422685663,-1.9417900318356456,1.191465801227702,0.66051393814747,0.5090671286684609
V,45,1,254,32.26974693158127,0.7627367195796234,0.47565993986648325,1.4896711128232294,0.8799005133256562,-1.9415093529129934,1.0779606671874815,0.6612643073915473,0.5086661983167945
V,45,1,255,32.24756952994451,0.7622125283422678,0.4747044284767875,1.4852410073674576,0.8447556558967644,-1.9402158883008302,1.0140983938190167,0.6618050311850258,0.5075566499491121
V,45,1,256,32.27241880568614,0.7627998727395847,0.473462263670183,1.4863966870515724,0.9157849352790713,-1.9405536854259005,0.9458692457705414,0.6599712010785292,0.5067852748219394
V,45,1,257,32.243242612278,0.7621102561120628,0.4733030117719003,1.4841816343236873,0.8951854741664986,-1.9399060099559655,1.0398310027526914,0.659442054015084,0.5062157928237324
V,45,1,258,32.19757183874383,0.7610307689980184,0.47563445956275796,1.4798478355082583,0.8495583389894314,-1.9386360183640388,1.068530349820529,0.6598380995040412,0.5083699238410427
V,45,1,259,32.19236810605324,0.7609077721238746,0.47677470315446163,1.4909712524678573,0.9291227262405125,-1.9418882266187096,0.9106461143470516,0.6613503409246818,0.5099604480314444
V,45,1,260,32.13622774575554,0.7595808229432607,0.4778703562146461,1.481388741753744,0.799561698691696,-1.9390879965309198,1.4004735106088277,0.6619073179787432,0.5107168727274689
V,45,1,261,32.11632906898113,0.7591104922809512,0.4779404270498905,1.4785958491838012,0.836339216178657,-1.938268439432317,1.0005339521658179,0.6644849180558864,0.51084351878142
V,45,1,262,32.11772872433133,0.7591435749243514,0.4780232380369974,1.4832185679202583,0.8692304987878602,-1.9396241103732366,1.0658500293900155,0.663025668128264,0.5101408853237056
V,45,1,263,32.09109599346414,0.7585140762853271,0.48018269377770983,1.478451389223287,0.7954981213339216,-1.9382260064519152,1.0239962652960077,0.6666440008307266,0.5123887741786025
V,45,1,264,32.0387691308331,0.7572772639969101,0.48185165367171184,1.4961236577261994,0.8869191083423785,-1.9433864471029585,0.9365143997276422,0.6683714963256779,0.5147866239378429
V,45,1,265,32.04381803421104,0.7573966012823288,0.483985629108699,1.483989021043001,0.851176404329911,-1.9398496446759506,0.9120530825710413,0.669475860532474,0.5173331123879067
V,45,1,266,31.95911238617368,0.7553944750105961,0.4855781480915253,1.4846150142052292,0.8947329426453083,-1.940032805095371,0.9655361331629111,0.6730292627314519,0.5190315496298282
V,45,1,267,31.92181134850357,0.7545128173028447,0.4866355806961219,1.4911638657485433,0.8845744983621389,-1.9419443279566728,1.1037021858787015,0.6710468006922397,0.5191352786647782
V,45,1,268,31.92774826248589,0.7546531438540538,0.48701778525200023,1.4841334810035156,0.8694220696394688,-1.939891919321767,0.9696240219288307,0.6739670238465258,0.5204124756337732
V,45,1,269,31.91824110892358,0.7544284301264863,0.48843194210874996,1.4983868637742574,0.9063724574869211,-1.9440429137128914,1.0707326855047,0.673925870060176,0.5213929727585217
V,45,1,270,31.81003307821017,0.7518707949967933,0.4888205167405596,1.4928492319545434,0.97869854147711,-1.9424349057772898,0.9956139211022038,0.6777759514106194,0.5231594765023831
V,45,1,271,31.75260941147527,0.750513513228068,0.4892218315242318,1.5002166899407712,0.9614326525686915,-1.9445729494387647,0.9163236719152977,0.6758841720488112,0.5244326267016554
V,45,1,272,31.70297991262518,0.74934045658069,0.49072516944401984,1.4901044927047713,0.8647031108939314,-1.941635680876817,0.9267474770144353,0.6773707468180116,0.524096437476374
V,45,1,273,31.74016286974039,0.7502193233035824,0.49180808235234164,1.4800886021091149,0.6718495117388786,-1.9387066709666287,1.0115439132202373,0.6781685786395792,0.523644644529564
V,45,1,274,31.73985205286072,0.75021197674931,0.4908844213423024,1.4808590552318586,0.6575778451120866,-1.9389326820860722,0.9654539000035756,0.677344390253824,0.522924989747082
V,45,1,275,31.7010342252244,0.7492944677717742,0.4881962492992917,1.4998314633793999,0.8537634534191703,-1.944461416715118,0.9531009551177927,0.6768992771599909,0.5220011985128683
V,45,1,276,31.60213238721004,0.7469567964027546,0.48951485501707187,1.4830741079597431,0.6323852636449486,-1.939581809649328,0.9441146493689804,0.6749198788436349,0.5224111577510209
V,45,1,277,31.56417700672655,0.7460596724661537,0.48788411557865774,1.4890932729811717,0.7589234697814949,-1.9413408584465137,1.0611354854602801,0.6764930376636424,0.5215501353901731
V,45,1,278,31.50102258394245,0.7445669369525031,0.48842557203281867,1.483700101121972,0.685973187411844,-1.9397650830371493,1.131905110184523,0.6744090899844336,0.5208673488621047
V,45,1,279,31.60879802766676,0.747114347335727,0.48568006930642615,1.4961718110463718,0.7450924249419415,-1.9434004248143553,1.3964832667037743,0.6737076936053245,0.5198300463511576
V,45,1,280,31.5480721651175,0.745679013947688,0.4858329511287775,1.4908267925073426,0.7232650452500495,-1.9418461458588392,1.2559209272568974,0.6739234123558194,0.5199125719597821
V,45,1,281,31.51684567982016,0.7449409360504491,0.485342455282067,1.488948813020658,0.746860832235512,-1.9412987246136502,0.9358544326124136,0.6754646253968398,0.5194706511176169
V,45,1,282,31.4875347038112,0.7442481336638623,0.4846990776130052,1.4907786391871714,0.8291788860184073,-1.9418321180327456,1.1571769946591863,0.6745516454818067,0.5191033025031515
V,45,1,283,31.39401555982461,0.7420376891489592,0.48425954237374513,1.4982424038137427,0.7338280441554398,-1.9440010412234017,0.9657536583200401,0.6763802342448507,0.5181954754141931
V,45,1,284,31.35542579736876,0.7411255707835026,0.4849156601946696,1.4800886021091155,0.7359984276213875,-1.938706670966629,0.9367255593828135,0.6725546844300948,0.5183906192921983
V,45,1,285,31.39267308705689,0.7420059580889932,0.4852851245986853,1.4880338999374003,0.6963277513353765,-1.941031782038364,1.0515193685821338,0.6744431805821374,0.5180494409601261
V,45,1,286,31.36871762048386,0.7414397400139443,0.4838582275900729,1.4916453989502574,0.7292264855619524,-1.9420845496038626,0.9180545051141713,0.6755803165324062,0.5186336261454269
V,45,1,287,31.31226678725599,0.7401054524087439,0.48429776282933296,1.4954495112437998,0.7236439568156943,-1.9431907118922718,0.9070324806690117,0.6758518784398405,0.5188283067431253
V,45,1,288,31.26542500804813,0.7389982870786895,0.4858839117362279,1.4909712524678573,0.6551644832229797,-1.9418882266187096,1.1403682153671797,0.6766209914643017,0.5190215023206899
V,45,1,289,31.1868584690615,0.7371412664970767,0.48578836059725833,1.491789858910772,0.6948874711529179,-1.9421266072711716,0.899090341716219,0.6772325690907508,0.5201274854311908
V,45,1,290,31.15637889307317,0.7364208427561404,0.48633618712735055,1.491212019068715,0.6670600994970524,-1.941958352158883,1.0298301013355657,0.6789060076065463,0.5202926447544717
V,45,1,291,31.18510056606207,0.737099716212534,0.4867948325944046,1.4934270717966,0.7098631010613525,-1.942602976399319,0.9626463760387567,0.6763653083543321,0.5199480588772554
V,45,1,292,31.17468806615025,0.7368536034666794,0.48868674514600213,1.4914046323494008,0.5970400858845822,-1.9420144444394782,0.9766444043271384,0.6808884081281563,0.5212703326763735
V,45,1,293,31.14485697366966,0.7361485074624138,0.4900180910156449,1.4954495112437998,0.7383834218235552,-1.9431907118922718,1.0039917091786175,0.6833350327938515,0.5239796434083129
V,45,1,294,31.05208038969674,0.7339556143026582,0.49194822402283034,1.4889006597004864,0.6448753890265778,-1.9412846790942717,1.1925730285204885,0.6827873252093668,0.5257687444415938
V,45,1,295,30.99725904790584,0.7326598418105714,0.49329231004433577,1.4864929936919153,0.6409512199602935,-1.9405818233300798,0.9767277838585244,0.686470989883686,0.5259772488034657
V,45,1,296,31.01811455476675,0.733152788375104,0.49326045966467924,1.6339866133769918,0.6710109763803861,-1.8801576907191522,0.9872632638971444,0.6870349327613606,0.5273591800170419
V,45,1,297,30.98131700578815,0.7322830312661929,0.4927699638179687,1.4952087446429427,0.6715067221506708,-1.9431207850751913,1.023705535339492,0.6868106807043501,0.527333680101004
V,45,1,298,30.92149938588503,0.7308691653541143,0.4920310350099374,1.492993691915057,0.7692701940446094,-1.9424769295309536,1.0182997792112904,0.6861334972072357,0.5267679829078173
V,45,2,0,41.45393912791273,1.0,1.0,1.0,1.0,-2.2410467749612977,1.1698647626991654,1.0,1.0
V,45,2,1,40.93103710061133,0.9873859508094537,1.0557516782206287,1.025580665411174,0.9804105300896139,-2.252016599748767,1.1140652494514864,1.0444554713974898,1.056799176192026
V,45,2,2,40.72011558218685,0.9822978573046688,1.019169212196594,1.0524691358024696,1.0900323738055349,-2.2632561437471836,1.1623079332306097,1.0325845647838676,1.0273257806175997
V,45,2,3,40.41332131304166,0.9748970101089771,1.012675824477328,1.059426658296715,1.1100839475743982,-2.266117671827345,1.0867136790923655,1.031532052785251,1.0220015873023922
V,45,2,4,40.26312791730167,0.9712738708151081,0.9940736405041063,1.0574387947269304,1.1082921838058388,-2.2653020144773053,1.1082530029955167,1.0236929194423638,1.0060387829996185
V,45,2,5,40.1380978339246,0.9682577501277285,0.9700755427923395,1.0543000627746393,1.0313732009771484,-2.2640110073378494,1.1492675202674105,1.0110295256427786,0.9845799589136057
V,45,2,6,40.0441441963679,0.9659912915104477,0.9785078012108795,1.1436492990165308,1.050784587123004,-2.1975706747327615,1.1081279259269365,1.0180613085428816,0.9914696910357089
V,45,2,7,39.96530066229202,0.9640893363347864,0.9710266869089644,1.1433877380205066,1.0046054888395048,-2.1974713370343246,1.0483762251447168,1.0107895031818297,0.9856046521379929
V,45,2,8,39.90073367333095,0.9625317765390371,0.9263777871266302,1.0662795563925505,1.1211968991502619,-2.268917857589664,1.0381478359708194,0.986945221325019,0.9483195189175725
V,45,2,9,39.8845546550734,0.9621414874953923,0.9053611603958223,1.1316174931994138,0.9999108825522942,-2.192977459027826,1.1091288310310983,0.9715652375256233,0.9266027422626933
V,45,2,10,39.78985599937777,0.9598570566864546,0.9215671928444696,1.0496965892446115,1.0639871572288322,-2.262110561022921,1.1371037546364835,0.9868760743317192,0.9418442928837086
V,45,2,11,39.70312741098869,0.9577648890851691,0.9200856029704962,1.1422891818372045,0.9725959662901194,-2.197053870400208,1.1149162470270124,0.9827263944183698,0.9403880598678861
V,45,2,12,39.64265464564983,0.9563060949003206,0.8865577728594685,1.1495082653274744,1.123755943431537,-2.1997899049460523,1.1040528590125085,0.971229290794595,0.9129490818583861
V,45,2,13,39.58832912344493,0.9549955916442303,0.8779791845768322,1.1357501569365978,0.992366156161168,-2.1945606121120003,1.0396202676412285,0.9617269815936542,0.9042745761412343
V,45,2,14,39.56593815285918,0.9544554506815909,0.8393298092224396,1.1383134546976357,1.0400402123236916,-2.1955396757924266,1.2504429344309105,0.9389840901344942,0.8693026069934483
V,45,2,15,39.51405999056669,0.9532039854798784,0.8351594080956997,1.1383134546976352,0.9834467642415742,-2.195539675792426,1.1492714565693376,0.9371741741747046,0.8670534577365242
V,45,2,16,39.45281405757319,0.9517265400481062,0.8159170309670575,1.146526469972798,1.0114916996294956,-2.1986618923974564,1.2049296431202692,0.9288503643060494,0.8519587427932542
V,45,2,17,39.3912473684282,0.9502413569644186,0.7852426332059044,1.1372672107135386,0.9288303888020563,-2.19514032451656,1.0240129985204849,0.9097454843789017,0.8223219867017326
V,45,2,18,39.33529070613187,0.9488915054551648,0.7871266302061422,1.1400920694706007,1.00078792913193,-2.1962177313273568,1.1379855973726174,0.9169818617666234,0.8243322959593836
V,45,2,19,39.31620232286499,0.9484310333343372,0.7842914890892795,1.245344214270768,1.0380179367684668,-2.1325971040220124,1.1377501505953065,0.9150507234003543,0.8243908297843114
V,45,2,20,39.27735287568999,0.9474938619100458,0.7622688445428106,1.1341807909604518,0.999333893778452,-2.1939600942039523,1.0348833939016249,0.8990171476318667,0.8039102237336706
V,45,2,21,39.24368599712158,0.9466817104166853,0.7609335845329334,1.1439631722117598,1.0514974718319003,-2.197689849985804,1.0545569002180506,0.9012971844364462,0.8044468824199034
V,45,2,22,39.17160173763573,0.9449428103024302,0.7607323809698011,1.142393806235614,1.0698013722886817,-2.1970936464209254,1.1465795071127742,0.8997207277862099,0.8031051765054108
V,45,2,23,39.12574232296835,0.9438365363117758,0.7631102412613634,1.12942038083281,0.8812751856265784,-2.192133427100515,1.1128003334362175,0.905549656463472,0.8032923990223246
V,45,2,24,39.10565451305049,0.9433519548620883,0.7649393645625652,1.1369533375183092,1.048820349872588,-2.195020447490845,1.1332386644454706,0.907085681218331,0.8076592354406413
V,45,2,25,39.06726155258132,0.942425795339571,0.7583362294452269,1.1486712701401967,0.9959404443143184,-2.199473565511577,1.0599497302711,0.9027447585433337,0.7994012379044977
V,45,2,26,39.03209692733638,0.9415775134637177,0.750013718424759,1.1414521866499268,1.1127118616525382,-2.196735531018607,1.0450912135283883,0.8983878021179093,0.794265141817955
V,45,2,27,38.98991041911906,0.9405598415824726,0.7426972252199521,1.1349131617493202,0.9885108903587952,-2.194240439231515,1.0847221240843579,0.8962799982336466,0.785423129189008
V,45,2,28,38.94149239525142,0.9393918458530863,0.743684951802601,1.235247959824231,1.00228854582854,-2.1290618418759863,1.125963750617559,0.8989924412289406,0.788847357581301
V,45,2,29,38.90393327572424,0.9384858012089022,0.7393316383457409,1.24633814605566,1.0458613420968512,-2.132943584070461,1.1293996206789394,0.8980764711244844,0.7855879178516562
V,45,2,30,38.85555871007455,0.9373188538290542,0.7369171955881546,1.2365034526051475,0.9839761506602359,-2.1295030299590367,1.2013544416252486,0.8924541989006388,0.780643113468438
V,45,2,31,38.81108234317769,0.9362459433208485,0.7382707468310438,1.2358757062146897,0.979178608512502,-2.1292824919413977,1.2430176836185876,0.8936966780212272,0.7813583332772318
V,45,2,32,38.7605536720089,0.9350270321092294,0.7323078048691262,1.2315337936806865,0.8894713471767774,-2.127754030126794,1.0564224496622536,0.8926278815918248,0.7751363082868301
V,45,2,33,38.72086211212534,0.9340695462654575,0.7255217574216678,1.2400606821510778,1.085754567016234,-2.1307506344150724,1.0152906673199924,0.8901817966822833,0.7748780673489681
V,45,2,34,38.67563915606474,0.9329786256675124,0.7223939565766128,1.2484829462230596,1.0799592041953925,-2.1336903110480785,1.0685435870629276,0.8882915668402278,0.774182892103572
V,45,2,35,38.63611177103515,0.9320251002399861,0.7212050264308316,1.1328206737811262,1.0198162028762905,-2.1934389728321455,1.013377681487785,0.8861144250491738,0.7682932860886789
V,45,2,36,38.61572184354058,0.9315332307597021,0.7203087560132427,1.2373927599916301,1.0353071370138924,-2.129815267235067,1.1108910778411725,0.8912376558377564,0.7683394079431598
V,45,2,37,38.56914153069695,0.9304095664271066,0.7241133324797424,1.241786984724838,0.9971809841056238,-2.131354800265214,1.1264676077838227,0.8913379744714209,0.7699941827259406
V,45,2,38,38.51876769184453,0.9291943902602051,0.7191381171004737,1.1417660598451558,1.1298457254626904,-2.1968549356333638,1.1095325604298836,0.8934060040526927,0.7698012625320937
V,45,2,39,38.48107357783049,0.9282850891224357,0.7187905836732453,1.2361372672107136,1.05366094795097,-2.1293743963924663,1.0150821102594771,0.8881796880989644,0.7696612080713456
V,45,2,40,38.46818346078832,0.9279741387685404,0.7211867351978197,1.2403745553463068,0.978334619808118,-2.1308605452850458,1.040109889292326,0.8878371505426514,0.7679091873677729
V,45,2,41,38.42796239409805,0.9270038795474286,0.7302774780047923,1.2293889935132876,1.0246595436032473,-2.126997017254891,1.0427275179090993,0.8966035931253635,0.776750106231589
V,45,2,42,38.40136465673956,0.9263622580774781,0.7279910738782901,1.2174618120945804,0.9015764080453564,-2.122763044272361,1.1520107124177592,0.8921939289421366,0.7723310117471781
V,45,2,43,38.33836110874085,0.9248424134179801,0.7112180132062702,1.2443502824858759,1.0590054433329887,-2.1322503473311323,1.0804889323563578,0.8868939031989446,0.7627008084825319
V,45,2,44,38.28755161265862,0.9236167278220841,0.6988531396901465,1.1528562460765852,1.0704805765710135,-2.2010529634952216,1.1115189885722492,0.8872089097188748,0.7540199590698716
V,45,2,45,38.24842990847311,0.9226729886984079,0.7037186076713431,1.2341494036409293,0.9599372775225506,-2.1286754343038385,1.1015956067571457,0.883086204025226,0.7545273845947178
V,45,2,46,38.22314376662104,0.9220630070565174,0.6980300342046057,1.242048545720862,1.0802513323691898,-2.131446267269596,1.0929028508891256,0.8838005974941484,0.749014292079624
V,45,2,47,38.19296215386496,0.9213349311874679,0.6916829763494357,1.240374555346307,1.0236991046398223,-2.1308605452850458,1.0029626308740485,0.8763705721815334,0.7430216492285757
V,45,2,48,38.15766708246839,0.920483502538247,0.6895977757860657,1.232266164469554,1.0117918279380946,-2.128012220407728,1.0241005910248826,0.8787757624256892,0.7421955385385982
V,45,2,49,38.09430196804139,0.9189549357540029,0.6880430209800442,1.338564553253819,1.01798391772619,-2.062719619869936,1.0042896693611247,0.8776077838987776,0.7418342729573585
V,45,2,50,38.0501530292918,0.917889923847333,0.689963600446306,1.2419962335216574,0.9359060514897704,-2.1314279754097685,1.044378496979693,0.8815777462039969,0.7409001828190693
V,45,2,51,38.01658168878689,0.9170800770339502,0.6850615499990853,1.236294203808328,1.0955431437403442,-2.1294295297292183,1.0229654194665276,0.8784722070835692,0.7394849624504899
V,45,2,52,37.98900392513617,0.9164148142330948,0.6894514459219695,1.33448420171584,0.9787622920409775,-2.0613937364342005,1.0188817501545335,0.8781006285238729,0.7401918116056665
V,45,2,53,37.9549414108848,0.9155931187569119,0.6937681769128057,1.2357187696170746,0.9990819845121945,-2.12922733993397,1.0032798810124024,0.8835013219645507,0.7471117389745227
V,45,2,54,37.88632060843103,0.9139377681702757,0.6924694993689525,1.2479598242310106,1.059634973209918,-2.1335083008690163,1.267144225447786,0.8845933461297999,0.7458799611201922
V,45,2,55,37.83950054937962,0.9128083204015863,0.6912622779901593,1.1362209667294414,0.9780109592487394,-2.1947406056830934,1.046825913616474,0.8873939141519142,0.742855604693725
V,45,2,56,37.79578602692125,0.9117537879885511,0.6879881472810082,1.2490060682151078,1.061200165047095,-2.1338722449797336,1.050886887921702,0.8837175064519163,0.7449014841900745
V,45,2,57,37.78817547362991,0.9115701973949563,0.6910793656600391,1.232736974262398,0.9524304922416434,-2.1281781188557516,1.0574774825348316,0.887087165655592,0.7437246735272602
V,45,2,58,37.75228902714027,0.9107045029098337,0.6911342393590751,1.2402699309478973,1.0479974420474019,-2.130823911418984,0.9883901106323421,0.8854820120213317,0.7453844850653063
V,45,2,59,37.71344511889527,0.909767465102036,0.6962923670684641,1.2260410127641768,0.8942918221360824,-2.1258126947841163,1.030521092471257,0.8902489030964865,0.7497230376659569
V,45,2,60,37.64843145827953,0.9081991301745607,0.6901465127764261,1.347457627118644,1.1128951902822197,-2.065595416687493,1.0941909379547154,0.8895414315883943,0.7462682224931848
V,45,2,61,37.60390870568974,0.9071251006968696,0.6882442245431764,1.351067168863779,1.0767003963353443,-2.066757240361931,1.33439879225374,0.8905028730463828,0.7452463967208144
V,45,2,62,37.57921590262855,0.9065294322614768,0.6904940462036545,1.2357710818162795,0.969375714071486,-2.1292457247146652,0.9870980651370791,0.8881783200509087,0.7440171217223781
V,45,2,63,37.55364766588931,0.9059126455995302,0.6872199154945035,1.2433563507009835,1.0096054231212757,-2.131903313555705,0.9801199917009099,0.8859912751112808,0.7413738041027856
V,45,2,64,37.51641295328735,0.9050144266754597,0.6844762305427008,1.239014438166981,1.0474449886203303,-2.1303840638240725,1.0867494353075557,0.8889024862426069,0.7399170719382256
V,45,2,65,37.46462073107908,0.9037650346201365,0.6812203910665617,1.2477505754341913,1.1137313112499165,-2.1334354754337985,1.0894291442527493,0.8902778648308669,0.7374658267143224
V,45,2,66,37.416831296413,0.9026122024485395,0.6810374787364416,1.2455011508683824,0.9626223619037207,-2.132651829778494,1.0090649897631083,0.8850194409119418,0.7379060092706681
V,45,2,67,37.38112374914212,0.9017508235778682,0.6805253242121051,1.2450303410755388,0.925490849857312,-2.132487631816609,1.0183930861497847,0.8883695242115023,0.7360631729057039
V,45,2,68,37.34434954638888,0.9008637136064908,0.679318102833312,1.344266582967148,0.9917623068918026,-2.0645657023426542,1.024076743290626,0.8886375781339917,0.7340210468283926
V,45,2,69,37.31052974882969,0.9000478732238715,0.6788974044740356,1.2332077840552418,0.889791150682751,-2.1283439539555467,1.3600465590235093,0.8843041840291956,0.7330299897272756
V,45,2,70,37.27365370939505,0.8991583066299502,0.6713431252400724,1.3485038711027408,1.040727399917038,-2.065932497177795,1.074827175407383,0.888031082526523,0.7307583791141694
V,45,2,71,37.22866397659898,0.8980730121140963,0.6722393956576612,1.3546767106089141,0.9508173888762312,-2.067915964218927,1.0177574653927648,0.8861018737488991,0.7286539682846842
V,45,2,72,37.18164892949548,0.8969388606174573,0.6694591282398346,1.3494454906884283,1.0399574353052483,-2.066235646089715,0.9790439051622218,0.8839341335222327,0.7276682445730304
V,45,2,73,37.14713201010893,0.8961062034535618,0.672971044978142,1.2333124084536513,0.8175332332900015,-2.1283807976019657,1.0724269402337516,0.8888796249211757,0.7279873480694756
V,45,2,74,37.1326747294193,0.8957574481604876,0.6694408370068226,1.2349863988282068,0.9473353605752507,-2.128969871252,1.0713758270933076,0.8852810504356937,0.7244753392385764
V,45,2,75,37.0873878571908,0.8946649857026073,0.6671910153463444,1.24827369742624,1.0152796348340747,-2.1336175161297213,1.07663271097441,0.885964388021707,0.7261257945468993
V,45,2,76,37.03367907932411,0.8933693602687743,0.6674653838415248,1.240636116342331,0.9649802295073618,-2.130952116433023,1.0342272267907036,0.887515956608341,0.724269502449194
V,45,2,77,36.99079541057677,0.8923348706726225,0.6665691134239359,1.3470391295250053,0.9749776604772815,-2.0654605112016204,0.9893728696258813,0.8864684123308718,0.7243381011413584
V,45,2,78,36.94307154088297,0.8911836201353323,0.665672843006347,1.360169491525424,1.0139643144605066,-2.0696733291079323,1.0697260186498214,0.8873594449555117,0.7231194399011728
V,45,2,79,36.91787405529366,0.8905757771626401,0.6646485339576741,1.2468089558485036,1.0411173691426556,-2.1331076097690107,1.0198578277727943,0.8873279572756442,0.7223658487555293
V,45,2,80,36.89593606053371,0.8900465634082546,0.6638437197051452,1.3527934714375396,1.0570198627541711,-2.067311798368786,1.0136715936674783,0.8868670984855833,0.7241671644594578
V,45,2,81,36.86418492783948,0.8892806257588493,0.6640449232682775,1.3595940573341707,0.9538371092826636,-2.0694895573254235,1.0730941766695177,0.8896973771934508,0.7219073020469258
V,45,2,82,36.80175806496226,0.8877746925667201,0.6640083408022535,1.3555137057961917,0.9652784911973714,-2.068184212826531,1.0790568830126732,0.8907539158039435,0.7235098334263943
V,45,2,83,36.76291619903397,0.8868377040260549,0.6631669440837006,1.3577108181627955,1.0323246462960618,-2.0688875781227534,1.036360185168116,0.8918076187525543,0.7235389754601913
V,45,2,84,36.71446305692375,0.8856688611336893,0.6661301238316475,1.3487654320987652,0.9619931944736057,-2.0660167264369766,1.0049159582165856,0.8899373099417323,0.722565012032453
V,45,2,85,36.70858164350166,0.8855269828575635,0.6605330065299702,1.2602008788449466,1.160564427482369,-2.13774747475844,1.0427631106929192,0.8905794209905111,0.7209218008785221
V,45,2,86,36.67810059072628,0.8847916835490629,0.663514477510929,1.3565599497802887,1.069566853577837,-2.0685192907552765,1.0578480464243363,0.8921585520316443,0.7242761008378549
V,45,2,87,36.64382287418155,0.8839647967135572,0.6651058147829745,1.354990583804143,0.9933812250589035,-2.0680165768643217,1.043291755459195,0.8880843479905902,0.7252101309199417
V,45,2,88,36.58050763053129,0.8824374329700322,0.6663130361617676,1.354624398409709,0.9080253661875399,-2.0678991931783233,1.0752137056066062,0.8920543962157018,0.7252093921643389
V,45,2,89,36.5429492175839,0.8815314053707854,0.6632584002487607,1.3613203599079304,1.0464094802906865,-2.070040639548168,1.0277704695946304,0.8907871917617594,0.7247289651689015
V,45,2,90,36.53394064685696,0.8813140901791183,0.6647034076567101,1.3592278719397362,1.0036703934751703,-2.0693725711444557,1.3859250895288922,0.8915315116110571,0.7241203968455973
V,45,2,91,36.49821168969935,0.880452194834327,0.6626364983263521,1.250732370788868,1.0893586142193774,-2.1344720867786733,0.9846343498398547,0.89368054432347,0.7254170025649385
V,45,2,92,36.46642036012182,0.8796852875090803,0.6659655027345394,1.3466206319313663,0.9630997697307263,-2.0653255637968515,1.0653991463015091,0.8956000997984759,0.7268972340114723
V,45,2,93,36.38793457970638,0.8777919624821567,0.6612646558504509,1.3680163214061518,1.0584653924745597,-2.0721715785297383,1.070784502486326,0.8958954335533159,0.7235271903879936
V,45,2,94,36.34016707375292,0.8766396593003997,0.6644656216275538,1.355775266792216,0.930986924869136,-2.06826800654882,1.02367943770749,0.8988965334318935,0.7239110033246924
V,45,2,95,36.30086226622137,0.8756915031454376,0.6659289202685152,1.350125549278092,0.9286972091463347,-2.066454455444784,1.1362744352378564,0.8942120030668129,0.7254300202157352
V,45,2,96,36.2916339953774,0.8754688880927283,0.6662032887636955,1.350387110274116,0.922194135654619,-2.0665385835433567,1.0112833105744083,0.898621136430205,0.7265611004031838
V,45,2,97,36.25321185959623,0.8745420247694958,0.6662032887636955,1.3591232475413266,0.9901000419831242,-2.0693391407324695,0.9900379888308103,0.8985450670003633,0.7268354692673821
V,45,2,98,36.22059706605069,0.8737552528913181,0.665709425472371,1.3593324963381461,0.9698853043225402,-2.0694059989832887,0.9668299202153913,0.8974950924329674,0.7259036338355692
V,45,2,99,36.15509017737872,0.8721750197445995,0.6663130361617676,1.357815442561205,0.9103634184776156,-2.0689210433111267,1.0027629520766568,0.9031529911019784,0.7263808564577912
V,45,2,100,36.11277773165892,0.8711543098528512,0.6659106290355032,1.3607972379158821,0.9652324569953357,-2.0698737187674587,1.0686064619879039,0.903513074909561,0.7256514333473265
V,45,2,101,36.10446804042518,0.8709538538429146,0.6663130361617676,1.361111111111111,0.9791760794628036,-2.0699738789343933,1.324278713499886,0.8996745247306108,0.7273481581727824
V,45,2,102,36.07331588144594,0.8702023653321819,0.6642278355983977,1.3623666038920272,1.0082598256011241,-2.070374288765134,1.0948222861170762,0.8984439543910109,0.7273868180799181
V,45,2,103,36.05166604402456,0.8696801028433365,0.6682153243950174,1.3523749738439004,0.9075051847054687,-2.0671774250750454,0.9851111632728832,0.902024479404693,0.7275466446056976
V,45,2,104,35.99233997463566,0.8682489705881886,0.6680141208318852,1.3564553253818792,0.9255577199352659,-2.0684857945937623,1.160140018494886,0.9024256209942587,0.7271515790037184
V,45,2,105,35.93600690851809,0.8668900390293867,0.6651972709480346,1.481690730278301,1.0292174727699606,-2.0048217723612045,1.040236542485868,0.9068245822805181,0.7281263364665708
V,45,2,106,35.90847947828418,0.8662259904295909,0.6633315651808087,1.3635174722745345,1.0482694532452244,-2.0707410070874483,1.0731695710471851,0.9058143322343167,0.7253251137315632
V,45,2,107,35.99566413938561,0.8683291599458197,0.666806899453092,1.3591232475413269,0.9374167494288563,-2.0693391407324695,1.0578749786408348,0.906512136820371,0.7286723642478496
V,45,2,108,35.83069766399036,0.8643496472899482,0.6682519068610414,1.3616865453023643,0.8877126697944097,-2.070157445933646,1.0569481584288147,0.9104102351170487,0.7288712910784405
V,45,2,109,35.79688492151941,0.8635339770983504,0.6647765725887581,1.3707888679640094,1.0748630762649216,-2.0730508685843128,1.0483279429164245,0.9093209841848591,0.7278612454668602
V,45,2,110,35.7444809135199,0.8622698268365911,0.6652887271130946,1.4859280184138939,0.9885916707862961,-2.006061980259819,1.0216180577974852,0.9110235564625215,0.7287181138642285
V,45,2,111,35.72235753662912,0.8617361410794302,0.6659837939675513,1.3682778824021762,1.04718509122882,-2.0722546065151373,0.9666413885052637,0.9096543434774403,0.7287388404957893
V,45,2,112,35.68096337715952,0.8607375831536835,0.6657642991714071,1.3752877170956266,0.976928021721006,-2.0744738639307734,0.9830657252143054,0.9120083680837169,0.7285608419987477
V,45,2,113,35.62714613423873,0.8594393412000122,0.6674653838415248,1.36498221385227,1.00594720943374,-2.0712072920930633,0.9788821128726183,0.9119522346147887,0.729437704690535
V,45,2,114,35.62129228818127,0.8592981279358302,0.6636059336759891,1.4964950826532744,1.0711213498209906,-2.009139502621687,1.0577052145308936,0.9119151808941418,0.7300730569264271
V,45,2,115,35.573852792191,0.8581537373908474,0.6690018474145342,1.3576585059635904,0.9018785278821188,-2.068870844561501,1.0030055098238602,0.9095968482024608,0.7295011611781215
V,45,2,116,35.52301458447774,0.8569273591796867,0.6675568400065848,1.4892236869638,0.977848215097069,-2.0070241438014294,1.052562375926337,0.913889343252793,0.7284039748093919
V,45,2,117,35.49782519532863,0.8563197115187157,0.6680872857639334,1.368277882402176,0.9400233217150756,-2.0722546065151373,0.9809543443127235,0.9146370142427512,0.7304794699589358
V,45,2,118,35.47091250293064,0.8556704923380016,0.6697517879680268,1.3521134128478762,0.9615274495472895,-2.0670934206487983,1.0592632680945517,0.9132799587971061,0.7304359742696837
V,45,2,119,35.44101544022794,0.8549492807153753,0.6673556364434526,1.361843481899979,0.9483979364638179,-2.0702074961976398,0.951598124395578,0.9124862966856391,0.7285212975982013
V,45,2,120,35.43608174978094,0.8548302645120712,0.6682701980940535,1.3661853944339821,0.9381619219527497,-2.071589937756836,1.0318007132111853,0.9162929460406292,0.7307760343394033
V,45,2,121,35.39097860741926,0.8537422341991374,0.6653070183461067,1.38308223477715,1.0286534130365712,-2.076928302666192,1.062140067376984,0.9167705641803003,0.7315976272742062
V,45,2,122,35.38346090575703,0.853560883480234,0.6704285635894716,1.4801213643021551,0.8838950212402654,-2.0043615358400833,1.0810863081728534,0.9170422793851531,0.7307229277183136
V,45,2,123,35.30449439468931,0.8516559617109406,0.6660569588995994,1.3745030341075535,1.0427370286094277,-2.07422600252469,1.0525491631764288,0.920736513261309,0.7335895126328343
V,45,2,124,35.31620440121003,0.851938444070086,0.6664227835598397,1.3703703703703702,1.0051444229360338,-2.0729182595811744,0.9990073710813556,0.916128432588932,0.7294716821050727
V,45,2,125,35.28910991120534,0.8512848393566451,0.667904373433813,1.4749424565808749,1.0021137804689662,-2.0028392855709134,1.0525239180929442,0.9159513755523304,0.7311398004074533
V,45,2,126,35.26419589534845,0.8506838345696209,0.6690567211135702,1.3620004184975938,0.8764685125176148,-2.0702575406942563,1.3197157857557091,0.9144240360835348,0.7300928588685387
V,45,2,127,35.22028673696264,0.8496246069229956,0.668855517550438,1.3596463695333754,0.9739682868107034,-2.0695062670648263,0.9838334044274575,0.9186338829121651,0.732243103426008
V,45,2,128,35.20186513264679,0.8491802196173884,0.6664959484918878,1.365139150449885,1.0217105550434527,-2.0712572215206113,0.9629779730911033,0.9163824421641824,0.7307219030682844
V,45,2,129,35.16184882480252,0.8482148998266493,0.6675385487735728,1.4839401548441096,0.9648327271279596,-2.005480595324396,0.9512284723769431,0.9166106972567942,0.7302896496317831
V,45,2,130,35.15487565474018,0.8480466849305734,0.6655813868412869,1.3723059217409503,0.9991654976516124,-2.073531237074472,0.9620124481601814,0.9149454105227367,0.7311399207596405
V,45,2,131,35.15360343816334,0.8480159950467263,0.6668434819191161,1.4896421845574386,1.0644859772688102,-2.0071461709115055,0.970470986439321,0.914840333241479,0.7321904727109432
V,45,2,132,35.11587931913627,0.8471059700932312,0.667831208501765,1.3627327892864616,0.9162684527581878,-2.070491005459954,1.0624373933908962,0.920597070644042,0.7297519064693736
V,45,2,133,35.05412008154982,0.8456161421327114,0.670885844414772,1.3555137057961917,0.9644941166251881,-2.068184212826531,1.335629969134834,0.9205649343297975,0.7326991692845024
V,45,2,134,35.02283053379865,0.8448613393706718,0.6715992025022406,1.3515379786566228,0.951389095303422,-2.0669085536955225,1.1406786995842202,0.9200443434543318,0.7311427539015315
V,45,2,135,35.01182768033719,0.8445959157778136,0.6715260375701926,1.4778196275371418,0.9613826079075662,-2.003685638801999,1.020692293969566,0.9239784689327513,0.734946808251449
V,45,2,136,34.99961607580096,0.8443013332895595,0.6717089499003127,1.354624398409709,0.9842599701321945,-2.0678991931783233,1.327640657717376,0.9206242121045985,0.7340897442386833
V,45,2,137,34.97858173829272,0.8437939186035067,0.6703736898904354,1.4855095208202553,0.9330255113084075,-2.005939648092705,1.0396366641869212,0.9243626034210937,0.733308190070024
V,45,2,138,34.92389716902247,0.8424747539976652,0.6734649082694665,1.347039129525005,0.9254837929892658,-2.0654605112016204,0.9500373001249854,0.9232077475902907,0.7354746229344935
V,45,2,139,34.86962521690459,0.8411655430213473,0.6728612975800699,1.4774011299435026,0.8666316191047337,-2.003562635336784,1.2016751340832412,0.9242758031028333,0.7334246616359544
V,45,2,140,34.83610417043138,0.8403569094589307,0.6699712827641711,1.4840970914417242,1.0025261238802847,-2.005526522442394,0.9814136378645887,0.9278021916167021,0.7337455645373983
V,45,2,141,34.84138246348825,0.8404842385660773,0.6723674342887453,1.3577631303620008,0.9464424145832074,-2.0689043110392786,0.9557162642667226,0.925140709022147,0.7343806075745513
V,45,2,142,34.81914066841636,0.8399476961882043,0.673025918677178,1.355775266792216,0.8773012014413669,-2.06826800654882,1.0481456761614296,0.9266090667362786,0.7332686713125189
V,45,2,143,34.80359593472757,0.839572708092602,0.6739404803277789,1.3527411592383347,0.9806115700273274,-2.067295003980574,1.0677776362744487,0.9225715034727502,0.7354198749228601
V,45,2,144,34.74637086138827,0.838192258501003,0.6716357849682647,1.484097091441724,0.986897728926277,-2.0055265224423935,1.0536768516626809,0.9290062853027263,0.7347154352406056
V,45,2,145,34.70525938896098,0.8372005198799655,0.6756598562309085,1.4739485247959825,0.8482506868476015,-2.0025465252697434,1.190597876422521,0.927353255408335,0.7348512769880059
V,45,2,146,34.66959397572495,0.836340157415352,0.6748001682793437,1.4794936179116969,0.9336289677897923,-2.0041773045808573,0.962288040308789,0.929906547694051,0.7364221768417721
V,45,2,147,34.63859611943349,0.8355923911730218,0.6756781474639205,1.344161958568738,0.9077893549722756,-2.064531899845602,1.0348593705055258,0.9259471655569081,0.7369903827175764
V,45,2,148,34.64175556268689,0.835668606927661,0.6782206288525909,1.3388784264490479,0.9275736986469375,-2.062821443436946,0.946782015075801,0.9289046064956767,0.7375229986384839
V,45,2,149,34.59520937990612,0.8345457659200274,0.6715992025022406,1.3633605356769196,1.0092356503566005,-2.0706910182736995,1.0420189051417243,0.9326881974954255,0.7370177668396134
V,45,2,150,34.54843050548974,0.833417311654872,0.6709773005798321,1.3703180581711656,1.0331721769295088,-2.0729016806083758,0.9876841930349345,0.9344018390713368,0.7378840586553831
V,45,2,151,34.5075043991199,0.8324300446488692,0.6763732143183772,1.3519564762502616,0.9269837780007966,-2.067043010192542,0.9472525265254037,0.9337755265697789,0.7393164304330889
V,45,2,152,34.46301069712229,0.831356715963257,0.676172010755245,1.353211969031178,0.9184784290948892,-2.0674461300994897,0.9364214260978001,0.9332784612908864,0.7389921449676274
V,45,2,153,34.44622265470511,0.8309517353324567,0.6769219513087377,1.4735823394015481,0.9190988078189012,-2.0024386164441523,1.0279538141388838,0.9376351357630394,0.7381079660632747
V,45,2,154,34.41967747430756,0.8303113817024762,0.6797022187265643,1.4765641347562253,0.8645090403381467,-2.0033165238436763,0.9914578297502806,0.9332514759962504,0.7401286870061282
V,45,2,155,34.3682094726826,0.8290698108721107,0.6753854877357283,1.3634651600753296,0.9213545114066441,-2.070724344788845,0.9382543120529314,0.9352289426394054,0.7385284559914244
V,45,2,156,34.32006410740705,0.827908392529526,0.6781657551535548,1.4795982423101066,0.8257251124289554,-2.0042080152184902,1.0340521005834562,0.9400145521756644,0.7397029847608757
V,45,2,157,34.28190143497467,0.8269877882821317,0.6800314609207806,1.479075120318058,0.8513229010749622,-2.0040544403090417,0.9503023106127992,0.9370611985360117,0.7417233657441279
V,45,2,158,34.27997481277716,0.8269413120668904,0.67730606720199,1.479912115505336,0.9364065288944539,-2.0043001341035325,0.9561186792805179,0.935463387974177,0.7399590030891666
V,45,2,159,34.26475817055761,0.8265742385742461,0.6749647893764519,1.4935132872985983,0.95755378000112,-2.0082732992284082,0.9759278261440532,0.93424769307137,0.7389637282947628
V,45,2,160,34.23676010971579,0.8258988368770652,0.6785315798137952,1.3542059008160703,0.9757976358106822,-2.0677650015332394,1.1653808555081155,0.9374092072899363,0.7416908551084382
V,45,2,161,34.1857483264944,0.8246682714761756,0.6757147299299446,1.4955011508683824,0.9843508673821951,-2.008850960075671,0.9423049125881339,0.9394856860444417,0.7417395546419555
V,45,2,162,34.145381270465,0.8236944905308996,0.6771231548718699,1.3569784473739275,0.951493866304426,-2.068653249572472,1.0393088550442446,0.9448594501018895,0.7422934084780652
V,45,2,163,34.10510226272758,0.8227228335886453,0.6834885039600519,1.4735300272023435,0.8459249141230321,-2.0024231987086694,0.9861043933588568,0.9454438272254966,0.742977336289764
V,45,2,164,34.10839780056473,0.822802332374683,0.6796107625615042,1.486084955011509,0.9064293653884076,-2.0061078459401007,1.0443468614317215,0.9443682910855634,0.7405370935865352
V,45,2,165,34.06957691065848,0.8218658498419505,0.67730606720199,1.4907407407407405,1.0312080809584083,-2.0074663290401977,0.959319078664632,0.9439198761289311,0.7432759689164837
V,45,2,166,34.04879967058054,0.8213646371583059,0.6819520403870425,1.4818999790751202,0.8958236435216093,-2.004883100396596,1.1246674567881956,0.9418125476193279,0.7443321966640434
V,45,2,167,33.99435334975396,0.820051219857755,0.6808545664063215,1.4784473739276,0.9153756180858339,-2.0038700787036543,1.2811215648298722,0.9445147137724212,0.7455159525845515
V,45,2,168,33.95396050402326,0.8190768167833918,0.6824459036783669,1.4840447792425193,0.8995530693242751,-2.0055112139427043,0.9382633976104537,0.9472670524594808,0.7449824686149132
V,45,2,169,33.91397450814694,0.8181122282131011,0.682519068610415,1.3604310525214478,0.8522805859603378,-2.069756836036469,1.0290001668663664,0.9487476964860376,0.7454144754144175
V,45,2,170,33.90728312871506,0.8179508109974479,0.679336394066324,1.4897468089558483,0.9336024578433204,-2.0071766723324473,1.1029223443250968,0.9453943028004923,0.7435978214984847
V,45,2,171,33.90762180405596,0.8179589809168337,0.6837994549212563,1.4822661644695545,0.8646679742883134,-2.0049904036240562,0.9158202783350639,0.9450924008235451,0.746622453119794
V,45,2,172,33.8603979070519,0.816819791300659,0.6848969289019773,1.4829985352584223,0.8419793054758976,-2.00520493057594,0.9586332081768497,0.9451093556853104,0.7486719113080962
V,45,2,173,33.80468294406167,0.8154757703424018,0.6831775529988476,1.4826846620631933,0.8538574376861452,-2.0051130034292117,0.9444486479334354,0.9479957373441816,0.7464916395732297
V,45,2,174,33.76567611444264,0.8145348023562554,0.6823910299793309,1.4837832182464952,0.997803072285806,-2.005434663349041,0.9932387936412405,0.954416465433985,0.7491830569358889
V,45,2,175,33.71487651439155,0.8133093554839005,0.6851347149311335,1.4803306130989744,0.8023536826577032,-2.0044229288967172,1.0274564885881914,0.9478847922165858,0.7468939062472969
V,45,2,176,33.72408237571039,0.8135314299480529,0.6838909110863163,1.4763548859594056,0.8719283997396943,-2.0032549741721017,1.0058933313417333,0.9529854235351863,0.7455405658559819
V,45,2,177,33.7161286742028,0.8133395615351852,0.6859029467176382,1.4771918811466835,0.7524693925644115,-2.0035011205375453,1.0393266148027092,0.9518795293265248,0.7485357045411115
V,45,2,178,33.67500200886954,0.8123474564132483,0.6850798412320974,1.489537560159029,0.8999268305385328,-2.0071156673482338,0.9484851064453506,0.9549289892221207,0.7493677165525875
V,45,2,179,33.60840775725432,0.810740992636435,0.6831226792998116,1.4913684871311992,0.9145400153406157,-2.007649170630901,0.9568819842568486,0.9554943182904696,0.7461407678456191
V,45,2,180,33.5679433657244,0.8097648636513207,0.6852627535622176,1.4836262816488808,0.8807376451275493,-2.005388726515302,0.9771616732586348,0.9524558167912456,0.7481541107743279
V,45,2,181,33.53828466997322,0.8090494021927688,0.6855737045234218,1.4865034526051475,0.8750320298886327,-2.0062301307450485,0.9585461641306201,0.9566207106077007,0.74655867203312
V,45,2,182,33.52942687581385,0.8088357242083426,0.6862687713778786,1.4852479598242307,0.8324899871225623,-2.005863172986078,0.9903437041435008,0.958473959097939,0.7488604596034718
V,45,2,183,33.51772698053059,0.808553485764195,0.6873662453585996,1.3502301736765014,0.8579122561031043,-2.066488108639834,0.9376605688011002,0.9567816435076922,0.751958450414922
V,45,2,184,33.48310544834228,0.80771830500896,0.6851712973971574,1.4944549068842856,0.9081389794416814,-2.0085470238312673,1.0233710183682914,0.9607002592920427,0.7502909214681769
V,45,2,185,33.41713650213369,0.8061269255744259,0.6845128130087249,1.492519355513706,0.9405489694953001,-2.0079841804161624,1.1693860315563331,0.9571221360612553,0.7508322058798752
V,45,2,186,33.37798520740976,0.8051824726334611,0.687750361251852,1.4854048964218458,0.8202013428191344,-2.0059090596660196,1.0230087977559508,0.9628662205338511,0.7509242177510081
V,45,2,187,33.34940032088934,0.8044929148466313,0.6873662453585996,1.4781335007323706,0.8252821981382871,-2.003777868544016,0.9200777605937915,0.959034903613211,0.751205369577565
V,45,2,188,33.33183827928463,0.8040692629097065,0.6890856212617292,1.4792320569156725,0.793352147229487,-2.0041005184843854,1.060629299186554,0.9570544076201662,0.749740807159657
V,45,2,189,33.30574118162075,0.8034397184511364,0.6860675678147464,1.492048545720862,0.882258585484998,-2.007847162192071,0.9591975476193898,0.9631886023067479,0.751610688947386
V,45,2,190,33.25098917702832,0.8021189270922384,0.6848237639699292,1.4952919020715634,0.9026868046914097,-2.008790189840925,1.1385856009227895,0.9602592956623295,0.7517409074030137
V,45,2,191,33.22263336445614,0.8014348952928794,0.6857566168535421,1.4834170328520608,0.9628781658921424,-2.0053274698443864,1.0385267846360502,0.9644935476609433,0.751182614418486
V,45,2,192,33.20191474577839,0.8009350967426423,0.6886100492034168,1.492414731115296,0.8296527927482271,-2.007953735657517,0.9769254004655192,0.9608914152522583,0.7505305009870804
V,45,2,193,33.16902533005057,0.8001417001096629,0.6853907921933017,1.4934609750993932,0.8618507839348399,-2.008258087246344,0.9455401714296562,0.9653250823655422,0.7530647073116593
V,45,2,194,33.16236372749627,0.7999810012063875,0.6867626346692031,1.488700564971751,0.8643594132670449,-2.0068715616820567,1.0496932574176732,0.9655108056597568,0.7508641729785747
V,45,2,195,33.13723111589606,0.7993747231993045,0.6885368842713687,1.4946641556811051,0.7559406690844556,-2.0086078280990463,0.9277273311779436,0.9627259525321044,0.7521175666389716
V,45,2,196,33.10172175759973,0.7985181252729467,0.6869821294653473,1.4929901653065494,0.8881398448973671,-2.0081211554251697,0.9998652150405077,0.9701546817832449,0.7545875368407688
V,45,2,197,33.07274412650591,0.7978190932459926,0.6868357996012511,1.4948734044779242,0.8881757311762616,-2.008668623854994,0.9945083285264624,0.9638109926908367,0.7528512748732095
V,45,2,198,33.04122717793825,0.7970588048577066,0.6860309853487223,1.495030341075539,0.9199188272943174,-2.008714215087499,0.9392692132774845,0.9696889402531289,0.7542770903870095
V,45,2,199,33.04647815570069,0.7971854750336396,0.6889575826306451,1.490374555346307,0.7808220138021902,-2.0073596358860186,1.3734758473948838,0.9652778836483235,0.7527042708545254
V,45,2,200,33.0474564631924,0.7972090749016446,0.6886100492034168,1.4886482527725462,0.8936734321653708,-2.00685630052131,0.9377690240180416,0.9669502678865484,0.752503691447982
V,45,2,201,33.03350412574005,0.7968725004349988,0.6878418174169121,1.4985352584222644,0.8442181986883135,-2.0097311742341435,0.9669043116652464,0.9694164161476793,0.7537291387545895
V,45,2,202,32.9703764783567,0.7953496621062078,0.6871833330284794,1.4991630048127225,0.8910849071862373,-2.0099130649872854,0.9726448681870514,0.971633565972564,0.7544276860026732
V,45,2,203,32.93350578012129,0.7944602243588892,0.6860858590477583,1.502877170956267,0.9167817406554807,-2.010987695964619,1.222658354193581,0.9688213655505887,0.755716024505314
V,45,2,204,32.89968038250731,0.7936442488852533,0.6878418174169121,1.5034526051475203,0.8266034702184529,-2.0111539504447484,1.0090733817867474,0.9740710010311285,0.7546127281904761
V,45,2,205,32.88837093154097,0.7933714291917751,0.6891953686598014,1.4965997070516845,0.8083417146501641,-2.009169864372392,0.9416337659197499,0.9717469217958628,0.7563314033224664
V,45,2,206,32.87069078026416,0.7929449280763502,0.6911342393590751,1.479755178907721,0.819569158295286,-2.0042540771034463,0.9417227245057732,0.9713660109265654,0.7553289569642258
V,45,2,207,32.85151487348047,0.7924823446117361,0.688829543999561,1.4955534630675873,0.8728726390854319,-2.0088661513057793,0.9577275003853779,0.9727876801699756,0.7552229077874075
V,45,2,208,32.82216254859971,0.7917742737866647,0.6893234072908854,1.5003661853944341,0.8180691439781941,-2.010261476142677,0.9263773281567933,0.9710115431875329,0.7559845054816274
V,45,2,209,32.7664423200997,0.7904301258076735,0.6892319511258254,1.6313559322033901,0.8231397574455916,-1.9449909422351348,0.9200218111435574,0.971499302234936,0.7567187315723143
V,45,2,210,32.73435434649276,0.7896560624910867,0.6910244919610031,1.4980121364302155,0.8314868823453412,-2.009579540392338,1.042545011888116,0.9716926028626949,0.756764327263853
V,45,2,211,32.72866044600974,0.7895187076195641,0.6881161859120922,1.5093115714584642,0.8999618006623732,-2.01284311016457,0.9464222384332885,0.9756863887510001,0.7556418634090372
V,45,2,212,32.71164933515464,0.7891083458731782,0.68990872674727,1.5016739903745555,0.836084995871189,-2.0106398671627486,0.9731500816319235,0.9764332120853811,0.7574413541034499
V,45,2,213,32.6822652005068,0.7883995076960107,0.6894331546889575,1.4945072190834905,0.8723222989515013,-2.0085622256963265,1.0513458858889944,0.9746618887942851,0.7574220819524259
V,45,2,214,32.64183893738172,0.7874242984885014,0.6906220848347387,1.4931471019041642,0.7627154146667443,-2.0081668041628644,0.9188532313426528,0.9738760471486047,0.7563550885975558
V,45,2,215,32.61325117794924,0.7867346713979546,0.6897989793491979,1.642498430634024,0.8160123687144836,-1.9479471789712932,0.9144535851398014,0.9761800275018944,0.7582570147083679
V,45,2,216,32.57330696078112,0.7857710906621199,0.6891770774267894,1.640249006068215,0.8502524982935789,-1.9473519989593528,0.9039594542634255,0.9781163139736704,0.7578015688335674
V,45,2,217,32.56727193464318,0.7856255067618948,0.6905855023687146,1.5038711027411593,0.8375416637365363,-2.011274822831252,0.949995122152076,0.9800396067715972,0.7586095805580337
V,45,2,218,32.53943478398046,0.784953986726686,0.6917561412814838,1.6385750156936598,0.7893419244631845,-1.9469085443300287,0.9274874004897156,0.9800653143364909,0.7602448258225551
V,45,2,219,32.51226484838872,0.7842985620272888,0.691006200727991,1.634599288554091,0.7659162442724968,-1.9458535212564585,0.9247724144972246,0.9765648366970391,0.7578412543800405
V,45,2,220,32.45367483882863,0.7828851858610505,0.68981727058221,1.6470495919648462,0.791490598210576,-1.949148891486066,0.8989724333016519,0.980182558421853,0.7580934813928195
V,45,2,221,32.48042226031027,0.7835304181850307,0.6895429020870296,1.654687173048755,0.8015192858449018,-1.9511581160076785,1.0605043352029382,0.9823327477969027,0.7576305850518694
V,45,2,222,32.41801430656518,0.7820249411409187,0.6905855023687146,1.6464741577735926,0.8550057991033874,-1.948997134331424,1.007901571454028,0.9835838910930468,0.7598015091695209
V,45,2,223,32.41000227343114,0.7818316655849017,0.6904940462036545,1.5003661853944337,0.8678427784497139,-2.010261476142677,1.3237118029105652,0.9792203562407908,0.7607620174127483
V,45,2,224,32.39985393417233,0.781586855574748,0.6888844176985971,1.6505021971123668,0.8614878593628909,-1.9500583224867558,0.9118092424879163,0.9796395066477144,0.7602648608537681
V,45,2,225,32.37259563849048,0.7809292993507729,0.6902928426405224,1.5167399037455533,0.8784684788807252,-2.014975321218232,1.0041980941353053,0.9866949868078747,0.7610671841275425
V,45,2,226,32.30451700248337,0.779287027531995,0.6919390536116039,1.5092069470600544,0.7994682968822865,-2.012813004138292,1.0423893190501452,0.985749884479643,0.7596878331575672
V,45,2,227,32.26798413074576,0.7784057392272844,0.6929084889612408,1.6360117179326217,0.7949013443715414,-1.9462286256770642,0.9942183132997279,0.9894888388949509,0.760750694133466
V,45,2,228,32.24442862633344,0.7778375060289956,0.6919024711455799,1.6566227244193343,0.7892049014374579,-1.9516658301156586,0.9132310003649214,0.9850686315355437,0.7617145420157001
V,45,2,229,32.21176079152175,0.7770494546278758,0.6936401382817216,1.5088407616656203,0.7688568074112921,-2.0127076166081497,0.9713777726178894,0.9901628205172349,0.7631421522182714
V,45,2,230,32.13909886289763,0.7752966193086578,0.6966947741947285,1.515118225570203,0.7927712270504557,-2.0145107309108345,1.033589178917736,0.9906801856335238,0.7644367346053451
V,45,2,231,32.17545422242993,0.7761736254580641,0.6926707029320847,1.647468089558485,0.816595798904085,-1.949259227027808,0.9272946257199,0.9895048604996437,0.7621962045984917
V,45,2,232,32.1253349676891,0.774964590664382,0.6935486821166614,1.6433354258213013,0.8130739883426407,-1.9481684332494802,0.9528015388194032,0.9918574794061158,0.7621958989592457
V,45,2,233,32.11001639674038,0.7745950583287105,0.6913903166212434,1.6514438166980538,0.8464974870172457,-1.9503060189660386,0.9272565341423635,0.9912316569430393,0.7606196054537884
V,45,2,234,32.04914256830386,0.7731265892346472,0.6926707029320847,1.6533270558694289,0.8376793250327894,-1.9508009885117656,1.2067142531769666,0.9903023335219405,0.7636778346963536
V,45,2,235,32.02812416498314,0.7726195589315471,0.6919390536116039,1.5274639045825484,0.8076954777656098,-2.0180351647415824,0.9409120105553518,0.9934764598701105,0.7618561544474934
V,45,2,236,32.0194911983795,0.7724113044981867,0.6922134221067842,1.6648880518937015,0.8575111729687354,-1.9538272522902171,1.03960920256884,0.992930942991253,0.7628504318923155
V,45,2,237,31.98247360799412,0.7715183232480538,0.6922317133397962,1.665829671479389,0.8279967778880262,-1.954072809095071,0.9948442200044144,0.9965103291743771,0.763370131216487
V,45,2,238,31.93805453850723,0.7704467949344277,0.6956521739130435,1.5149089767733837,0.6976826342879336,-2.0144507475563107,0.9053025028061135,0.9934680758053523,0.7631073155791148
V,45,2,239,31.90730355253772,0.7697049839843363,0.6914268990872675,1.5250052312199203,0.8537759717585136,-2.017335541939446,1.017518578018738,0.9977926315082537,0.7641840325154052
V,45,2,240,31.90208834836407,0.7695791767804043,0.6937498856797937,1.53415986608077,0.8512343442423407,-2.0199348258261205,1.0353321378561178,0.9912044081585936,0.7656601231948891
V,45,2,241,31.89207686429427,0.7693376681498515,0.6934755171846134,1.65991839296924,0.7798471599454472,-1.9525289529209289,1.0522023032208507,0.9942301948922903,0.7644586395629437
V,45,2,242,31.87423700150512,0.7689073142880845,0.6956521739130435,1.6502406361163422,0.7772238617423578,-1.9499894928303836,1.0087298316625135,0.9971440586058381,0.7649338098283092
V,45,2,243,31.84931288611434,0.7683060658683898,0.6933657697865413,1.663161749319941,0.8297953752564174,-1.953376703894669,1.0328480561605748,0.9986347803637637,0.7662245531144375
V,45,2,244,31.79606298317803,0.7670215099478535,0.6948107771944906,1.6544779242519358,0.7447234962219972,-1.951103192427106,0.9593325128500609,1.0015324501170861,0.7648541582874889
V,45,2,245,31.7593188374617,0.7661351250471822,0.6957985037771396,1.5181000209248794,0.7575628398352515,-2.0153645947482586,1.1190980641120492,0.9978708729740267,0.7659825996464181
V,45,2,246,31.72040204229779,0.7651963289765885,0.6942254577381061,1.657878217200251,0.8681389223829941,-1.9519948411025332,0.9290415223115902,1.0004462936254541,0.7655537885442235
V,45,2,247,31.74321190200848,0.7657465748685485,0.6964021144665362,1.516844528143963,0.7125492206980123,-2.015005277726739,1.0958811050076995,0.9964964612237391,0.7682637662548254
V,45,2,248,31.71588229202183,0.765087298318199,0.6952680580197911,1.5188847039129523,0.7310712180690805,-2.0155890170158846,1.0830665888942137,0.9986763766548622,0.7654578217862578
V,45,2,249,31.69727387155745,0.7646384044167783,0.6948656508935267,1.6723686963799957,0.8137735192135331,-1.9557742454692417,0.9221327692304423,1.0022980060656954,0.7651495490631239
V,45,2,250,31.64107716627585,0.7632827623122199,0.6944083700682262,1.5287717095626703,0.7991082823718214,-2.018406845850402,0.9738398301729481,1.0050817346864858,0.7672084874760083
V,45,2,251,31.61341516795902,0.7626154675050492,0.6970788900879807,1.6630048127223267,0.7361487850431905,-1.9533357217627572,0.9237975695324954,1.0037848135928278,0.7684864313738544
V,45,2,252,31.61509573036704,0.762656007980656,0.6953412229518391,1.6670851642603053,0.8039121324251486,-1.9544000023415138,0.912166413544232,1.000026217118115,0.7670615149203242
V,45,2,253,31.5973361332478,0.7622275903804747,0.69824952900075,1.6558903536304665,0.7050864481476041,-1.951473791871582,0.9070932949897125,0.9992063852317233,0.7681185237161385
V,45,2,254,31.57525896786416,0.7616950193908875,0.696219202136416,1.65657041222013,0.7920107747882364,-1.9516521159139713,1.0211840350372154,1.0037537603772597,0.768776872058561
V,45,2,255,31.55533268598854,0.7612143345079833,0.6969691426899086,1.6695961498221388,0.743775590606302,-1.9550536502490308,0.9382702945116573,1.0024262885114545,0.768778882022765
V,45,2,256,31.48803139032238,0.759590814594508,0.6921219659417241,1.5446223059217412,0.8555003392968569,-2.022886510698271,0.9684198521323925,1.010240759117202,0.7675626458648979
V,45,2,257,31.46757097936757,0.7590972448304458,0.695213184320755,1.6695961498221386,0.7812877503654404,-1.9550536502490308,1.01306142960439,1.0100694664467567,0.7698999541915967
V,45,2,258,31.43301877522483,0.7582637364867364,0.6934023522525653,1.5427390667503664,0.8204136793194049,-2.0223566857876465,0.914787956636019,1.0078689827854217,0.7696248999052133
V,45,2,259,31.46148531899344,0.7589504394724471,0.6959265424082236,1.6692822766269098,0.749186226325008,-1.9549719980414948,1.0023290689297863,1.0088300061961855,0.7705662570988969
V,45,2,260,31.43410504622734,0.7582899407757705,0.695066854456659,1.677076794308433,0.8697418530541667,-1.9569951653516002,0.9064692824107503,1.0073009789100063,0.770597505886324
V,45,2,261,31.4014455789757,0.7575020912266393,0.6988897221561705,1.6603368905628793,0.7149961634973758,-1.9526384331753366,0.978308969667386,1.0126275152950104,0.7713335269631971
V,45,2,262,31.35950954139797,0.7564904614886707,0.698469023796894,1.671531701192718,0.7372239643217143,-1.9555568332526163,0.9844548798016689,1.0132940298185327,0.7716285756195485
V,45,2,263,31.33636785268828,0.7559322108327251,0.6995299153115911,1.6672421008579204,0.7313528909212383,-1.954440884170431,1.315402048232183,1.0094224917452852,0.7710388788257573
V,45,2,264,31.29602950513499,0.7549591224266071,0.698395858864846,1.6710608913998746,0.7312635741671235,-1.9554344910342654,1.0362716980705529,1.009161810550859,0.770450592811534
V,45,2,265,31.30612334940679,0.755202617845478,0.6958167950101516,1.680477087256748,0.8026919100124598,-1.9578748110825417,1.309490648914795,1.0101518324063057,0.7724187338213032
V,45,2,266,31.31370518617844,0.7553855157058781,0.6966947741947285,1.67629211132036,0.7347809951346534,-1.9567919169124492,0.9058096789755373,1.0122831503235503,0.7727614840294295
V,45,2,267,30.85330316681799,0.7442791641975256,0.6986336448940023,1.674094998953756,0.8436940672929901,-1.956222314724813,0.9838411661220199,1.014761768973953,0.7728771469918164
V,45,2,268,31.26440986036345,0.7541963566813792,0.7036271515062831,1.6726825695752248,0.8101661990508524,-1.9558557469986757,1.043595308729401,1.015427430616674,0.7762397294609081
V,45,2,269,31.23091130031498,0.7533882655625809,0.7040844323315835,1.664835739694497,0.6826927787994198,-1.9538136061736773,1.0560700552846292,1.0152910316473667,0.7740656107023124
V,45,2,270,31.19961869741526,0.7526333891007044,0.699401876680507,1.6759259259259263,0.7951452683825262,-1.9566970350789754,1.0133733574815411,1.0161334670631554,0.7722609739162967
V,45,2,271,31.19121480164298,0.7524306605796259,0.6984507325638821,1.674094998953756,0.783459096042786,-1.956222314724813,0.9125517309022112,1.0110162656688144,0.7719745720285733
V,45,2,272,31.19748560438455,0.7525819321565494,0.6992006731173748,1.6581397781962754,0.7215355870405766,-1.9520633536966432,0.9159970483800478,1.015026979072087,0.7716083759042317
V,45,2,273,31.14344667787973,0.7512783424943444,0.6947924859614787,1.6876961707470184,0.8625851546120382,-1.9597364807087472,0.9030162730874827,1.0154939244474173,0.7716790390867398
V,45,2,274,31.11939731730775,0.7506981959249733,0.6977373744764135,1.6753504917346724,0.7607972677378035,-1.9565478931609297,1.1696412222607582,1.013405167153708,0.7722136324908823
V,45,2,275,31.08399246317675,0.7498441189693008,0.6959631248742477,1.6717409499895377,0.7898196243657949,-1.9556111965112575,1.1242030832336516,1.0118652040017775,0.7705720841865807
V,45,2,276,31.10405154035527,0.7503280072945243,0.6986702273600263,1.6661435446746184,0.706703119867933,-1.9541546305193536,0.9172124687564895,1.0184819859467973,0.7716563735431482
V,45,2,277,31.05356158996458,0.7491100301504248,0.6977007920103894,1.6653065494873402,0.7621636301888296,-1.953936405789228,1.0438358580431935,1.0125735882374556,0.7711048845528938
V,45,2,278,31.04637257223851,0.7489366083266534,0.6989994695542426,1.6634756225151706,0.6803474637795403,-1.9534586565584995,0.9647848163178311,1.0196900661323576,0.770816941767948
V,45,2,279,31.00496082123649,0.7479376260375581,0.6977739569424374,1.6720025109855616,0.6765734416609686,-1.9556791410164576,0.9465821401085576,1.0207972468828503,0.769904651689752
V,45,2,280,30.95339198283006,0.7466936227053944,0.6970423076219567,1.6707470182046453,0.7110134679362272,-1.9553529104043827,0.9519541869316865,1.0217193848793316,0.7699556457385917
V,45,2,281,30.91929417358822,0.7458710758025145,0.6967679391267765,1.6729441305712491,0.7136519659020635,-1.9559236532582,0.9274429289284531,1.0214775601176025,0.770469791027368
V,45,2,282,30.89702885916899,0.7453339660636661,0.6978105394084615,1.6697530864197532,0.6983997352189376,-1.955094470596698,0.9884718606478579,1.0220841601073005,0.7718460614462028
V,45,2,283,30.92643120205647,0.746043243481109,0.692012218543652,1.6669805398618958,0.6127782428546678,-1.9543727456507651,1.283177712416958,1.0122213518803669,0.7672347043323339
V,45,2,284,30.90753192865284,0.7455873332877421,0.6831043880667995,1.6651496128897258,0.5892942275477511,-1.9538954764419674,0.8985240564210818,1.0097908877410058,0.7560314396334339
V,45,2,285,30.88908930217026,0.7451424388610466,0.6792083554352398,1.6675559740531496,0.6796326278044033,-1.9545226362849795,1.001214221682029,1.012277551864459,0.7570207735599533
V,45,2,286,30.82646681001115,0.7436317864724792,0.6775072707651223,1.6828834484201718,0.6497095674432983,-1.9584962547499543,0.9782599389365192,1.0132214411652913,0.7568539238638334
V,45,2,287,30.79840572580078,0.7429548644525046,0.6761354282892209,1.6792215944758317,0.6731576966377371,-1.9575502262528564,1.0024724737576096,1.0123645786406288,0.7556377954777126
V,45,2,288,30.75882175501931,0.7419999739978405,0.6790986080371677,1.6692299644277044,0.5699861120225339,-1.9549583878476047,1.3467608318412192,1.0093057562200318,0.7577785139946812
V,45,2,289,30.78301795614278,0.7425836628253077,0.6755684000658484,1.6774429797028665,0.6821537814089661,-1.9570899820809693,1.1927859142499018,1.0060635677326883,0.7541551954254909
V,45,2,290,30.84013090941916,0.7439614077267066,0.6767939126776535,1.677390667503662,0.5720730323582276,-1.9570764381012422,0.9101548135847719,1.013665308082673,0.7548175176109595
V,45,2,291,30.80728074759212,0.7431689580218505,0.6734100345704304,1.6847666875915461,0.6760079104131451,-1.9589819824428294,0.8996314655604721,1.0102788434630399,0.7543905729872172
V,45,2,292,30.76784478403049,0.7422176379690095,0.6764646704834373,1.6755597405314921,0.6056893452588378,-1.9566021325118061,0.9155585378686224,1.013145660820419,0.7549382858182019
V,45,2,293,30.73695220643869,0.7414724113815802,0.6764646704834373,1.6737288135593218,0.5655741919466487,-1.9561273083530941,0.9074617859513529,1.0109402639550629,0.7524163396564968
V,45,2,294,30.70716115908685,0.7407537571842091,0.6731905397742861,1.6856559949780292,0.626771706068053,-1.959211165151352,1.3937474457898946,1.0099133527937072,0.7547593954052485
V,45,2,295,30.75339672472168,0.741869105124779,0.676117137056209,1.6789600334798076,0.6088180006239342,-1.957482573868281,1.0128459511872567,1.0140990775478362,0.754272043574261
V,45,2,296,30.71015974094218,0.7408260924536288,0.6758061860950046,1.6729441305712494,0.6162649846796914,-1.9559236532582003,1.0165094766921892,1.015048500288767,0.7555671920894366
V,45,2,297,30.68718873789512,0.7402719592752068,0.6780742989884947,1.6706423938062356,0.5112531031211904,-1.9553257134552613,0.9081707936193515,1.0157654605089494,0.7558710246935488
V,45,2,298,30.65078765546291,0.739393850144977,0.6758793510270527,1.676919857710818,0.5152962066160816,-1.9569545232726275,0.9278647678597256,1.0170962598207511,0.7570810355306689
V,45,2,299,30.61000010787542,0.7384099256146295,0.6752025754056081,1.6791169700774218,0.5616526871105308,-1.9575231665636421,0.9178497303944194,1.0176284688896928,0.7555671306508862
V,45,2,300,30.61396766162442,0.7385056355479306,0.6750013718424759,1.6761351747227455,0.6440116527893716,-1.9567512558077707,0.9005347703768544,1.017070940581773,0.7556329138858698
V,45,2,301,30.61793884279506,0.7386014329861037,0.6724954729198295,1.6789600334798078,0.5926297965009969,-1.957482573868281,1.4052145194999373,1.0130883395000547,0.7546628058434975
V,45,2,302,30.58285272156437,0.737755044875135,0.6775072707651223,1.6735195647625025,0.6051480008752482,-1.9560730096649475,1.344488157332368,1.0144181811806678,0.7571957983527926
V,45,2,303,30.5523716651018,0.7370197454776877,0.6781108814545188,1.6669282276626909,0.5199811819203397,-1.954359116663869,1.0088016434548186,1.0172124768828288,0.7569652925508257
V,45,2,304,30.52940239170036,0.7364656540237835,0.6756049825318725,1.6739903745553462,0.5381009210277213,-1.9561951721678903,1.1302782738219115,1.015572303813415,0.7563432153635237
V,45,2,305,30.46675635504695,0.7349544336676165,0.6759525159591008,1.6762397991211553,0.5659358705035347,-1.9567783636338767,0.9108290652260943,1.0208537655616405,0.7540033751813013
V,45,2,306,30.43876676504729,0.7342792363139152,0.6769402425417497,1.6739903745553464,0.5181009471009289,-1.9561951721678903,0.9040085647938785,1.0210826825909203,0.7550262011780434
V,45,2,307,30.45148785134927,0.7345861091122451,0.6766841652795814,1.6788030968821928,0.5202033220080698,-1.9574419773784417,0.9117612537062061,1.020582930195831,0.7559477248203754
V,45,2,308,30.41743096559311,0.7337645494131518,0.67522086663862,1.6761351747227453,0.5627703525457927,-1.9567512558077707,0.9535173082294757,1.0220360152136192,0.7548622810953363
V,45,2,309,30.41544113726929,0.733716548466422,0.675092828007536,1.6781230382925296,0.5823873131412574,-1.9572660153911896,1.2372436633035395,1.0167006539381247,0.7546714804919907
