cell_number,state,T_C,cycle_number,Ro,capacity,SOH
1,VI,25,1,0.23799,36.22303298575675,0.9736664343619255
1,VI,25,2,2.18692,35.58930074895991,0.9566318639109966
1,VI,25,3,1.91474,35.10808143432482,0.9436968042098648
1,VI,25,4,3.27426,34.767280221266,0.934536149383537
1,VI,25,5,2.22005,34.51914390415908,0.9278663047239748
1,VI,25,6,2.19796,34.31968901831604,0.9225050052548989
1,VI,25,7,2.61541,34.17658494359931,0.9186584020666211
1,VI,25,8,-0.03422,34.04663311095897,0.9151653279892663
1,VI,25,9,3.34272,34.1875305046328,0.9189526161206392
1,VI,25,10,1.86164,34.07004892551811,0.9157947394656173
1,VI,25,11,0.15497,33.97043682203633,0.9131171900275421
1,VI,25,12,2.50527,33.77003898176319,0.907730544169662
1,VI,25,13,2.81356,33.70502981089783,0.9059831132567897
1,VI,25,14,1.75839,33.71013577575091,0.9061203603667829
1,VI,25,15,2.98678,33.74974794052379,0.9071851258503063
1,VI,25,16,2.36836,33.67808405359693,0.9052588177666064
1,VI,25,17,2.49818,33.54328285512801,0.9016353938994621
1,VI,25,18,2.09271,33.57989324102066,0.9026194722870098
1,VI,25,19,3.21103,33.41691785253865,0.8982387329531605
1,VI,25,20,2.25594,33.54878697370695,0.9017833432860629
1,VI,25,21,2.26005,33.48888424809694,0.9001731723962813
1,VI,25,22,1.39539,33.46613782063033,0.8995617538843473
1,VI,25,23,-0.04716,33.3055839253036,0.895246103705436
1,VI,25,24,-0.08743,33.28812477345996,0.8947768058934813
1,VI,25,25,-0.03158,33.26649677962369,0.8941954506091447
1,VI,25,26,2.73311,33.38786122701813,0.89745769783177
1,VI,25,27,-0.17731,33.38368336771948,0.8973453979763664
1,VI,25,28,0.45706,33.28306434129424,0.8946407826911982
1,VI,25,29,1.68655,33.09499665320671,0.8895855683652503
1,VI,25,30,2.20558,33.05934481065878,0.888627255392791
1,VI,25,31,1.76696,33.00589383624229,0.8871905060268905
1,VI,25,32,3.37963,32.9772992629416,0.8864218907582926
1,VI,25,33,-0.17573,32.93551049820543,0.8852986187900658
1,VI,25,34,2.72609,32.89801374425885,0.8842907150419265
1,VI,25,35,3.36725,32.86386624832409,0.8833728385454372
1,VI,25,36,-0.20544,32.81978651196843,0.8821879858098337
1,VI,25,37,1.44749,32.77468513363694,0.8809756715830793
1,VI,25,38,0.16971,32.79736147863905,0.8815852062951848
1,VI,25,39,2.61484,32.7567171520958,0.8804926965509575
1,VI,25,40,0.11938,32.69147203121864,0.878738923358388
1,VI,25,41,2.56401,32.68126906030405,0.8784646699485696
1,VI,25,42,0.26603,32.66244596745636,0.8779587097297255
1,VI,25,43,1.63665,32.82704886584605,0.8823831961393463
1,VI,25,44,3.20811,32.82063607847807,0.8822108219537457
1,VI,25,45,2.41373,32.79372694275237,0.8814875108427158
1,VI,25,46,1.36787,32.57228423888191,0.875535184101391
1,VI,25,47,2.03095,32.50680086351863,0.8737750066854074
1,VI,25,48,-0.12953,32.48594688021512,0.8732144566184554
1,VI,25,49,0.4295,32.62446184142216,0.8769377055368238
1,VI,25,50,-0.19006,32.59866528420086,0.8762443002690112
1,VI,25,51,3.43131,32.49096938272863,0.873349460280789
1,VI,25,52,1.34493,32.36156568089293,0.8698711198279301
1,VI,25,53,0.47357,32.37904717529384,0.8703410182024628
1,VI,25,54,2.22542,32.41866831276366,0.8714060248699268
1,VI,25,55,2.80799,32.45002926487437,0.8722489997371015
1,VI,25,56,0.3792,32.40338637886427,0.8709952501538554
1,VI,25,57,2.57573,32.22724290634704,0.8662605558810312
1,VI,25,58,0.05847,32.1919600279732,0.8653121605770326
1,VI,25,59,2.29845,32.1443822305929,0.8640332808005025
1,VI,25,60,2.98009,32.30144624269487,0.8682551237557855
1,VI,25,61,2.65995,32.26452231201046,0.8672626173594754
1,VI,25,62,3.10304,32.24551267472249,0.8667516428708407
1,VI,25,63,3.16837,32.05441742521072,0.8616150484203212
1,VI,25,64,3.33458,32.0099561231664,0.8604199392905691
1,VI,25,65,-0.0077,32.00483749890768,0.8602823518987905
1,VI,25,66,1.01635,32.09425650820502,0.8626859134111837
1,VI,25,67,0.53545,32.08527439586003,0.8624444763867518
1,VI,25,68,1.28581,32.07209060737735,0.8620900993159978
1,VI,25,69,2.34401,31.86251295421428,0.8564567022904792
1,VI,25,70,1.56238,31.83152439099037,0.8556237371472211
1,VI,25,71,3.37756,31.79246290022874,0.854573773648977
1,VI,25,72,2.33634,31.81887438623725,0.8552837080550278
1,VI,25,73,3.45767,31.75774631610063,0.8536406001984121
1,VI,25,74,2.25814,31.71533783039643,0.8525006702792766
1,VI,25,75,1.71782,31.67409284914525,0.8513920150806368
1,VI,25,76,3.34859,31.636868233334,0.8503914263402713
1,VI,25,77,2.55314,31.60066823399992,0.8494183790449392
1,VI,25,78,-0.11494,31.61795839137394,0.8498831343261035
1,VI,25,79,1.01443,31.59750266391077,0.849333289280572
1,VI,25,80,0.49157,31.51869405305143,0.8472149327320576
1,VI,25,81,2.9222,31.49502326329974,0.8465786675837161
1,VI,25,82,0.78437,31.43062269581348,0.8448475957836301
1,VI,25,83,1.36673,31.58672448603181,0.8490435744455814
1,VI,25,84,2.22532,31.55741179593024,0.8482556563696992
1,VI,25,85,2.74369,31.5270772007921,0.8474402697316566
1,VI,25,86,-0.11874,31.33171625396221,0.8421890143608481
1,VI,25,87,0.85221,31.27286599478069,0.8406071335161084
1,VI,25,88,0.3842,31.28581215526498,0.8409551232032881
1,VI,25,89,1.25134,31.39976645365355,0.8440181873988193
1,VI,25,90,-0.13909,31.36124913485381,0.842982851112328
1,VI,25,91,0.35719,31.28095766863633,0.8408246357676216
1,VI,25,92,3.07079,31.09326368437829,0.8357794665109343
1,VI,25,93,3.63423,31.00121573397787,0.8333052396925467
1,VI,25,94,-0.08241,31.00759647376509,0.8334767524468667
1,VI,25,95,2.95929,31.1182195236244,0.8364502734813176
1,VI,25,96,3.14519,31.14518953483919,0.8371752209108863
1,VI,25,97,2.68989,31.1190464594697,0.8364725013184028
1,VI,25,98,3.54095,30.86233274310724,0.8295720982251356
1,VI,25,99,-0.0662,30.82642149492903,0.8286068124915827
1,VI,25,100,3.15798,30.71305325744758,0.8255595014726004
1,VI,25,101,3.21523,30.80376514796829,0.8279978153220303
1,VI,25,102,3.56633,30.85673232399154,0.8294215603032156
1,VI,25,103,0.2132,30.78593836018667,0.8275186355442828
1,VI,25,104,2.00147,30.50536061593967,0.8199767731080337
1,VI,25,105,2.91145,30.47258451906036,0.8190957594890658
1,VI,25,106,2.83501,30.34654505543989,0.8157078489521296
1,VI,25,107,1.38465,30.50999430875816,0.8201013256590662
1,VI,25,108,2.15235,30.49050816008248,0.8195775426586765
1,VI,25,109,2.0661,30.39563201067305,0.8170272945295982
1,VI,25,110,3.16408,30.19903753160565,0.8117428821082512
1,VI,25,111,2.6018,30.21262960289639,0.8121082337229116
1,VI,25,112,0.4439,30.10972405590481,0.8093421573136074
1,VI,25,113,0.3604,30.0740470285674,0.8083831673800501
1,VI,25,114,3.79846,29.95981610005737,0.805312667433236
1,VI,25,115,3.05524,29.83495524211074,0.8019564375339875
1,VI,25,116,0.76373,29.85542577375369,0.802506680512319
1,VI,25,117,2.82716,29.7202432887463,0.7988730077545163
1,VI,25,118,1.5834,29.60306626331841,0.7957233174295132
1,VI,25,119,3.46301,29.59823120422579,0.7955933522013532
1,VI,25,120,3.46833,29.49157476958675,0.7927264528321705
1,VI,25,121,1.97312,29.43611792435327,0.7912357861400501
1,VI,25,122,0.81537,29.26906648007581,0.7867454834045338
1,VI,25,123,2.44907,29.15115968803236,0.7835761771280234
1,VI,25,124,0.64639,29.08010780469557,0.7816663195539645
1,VI,25,125,-0.00884,29.22587649480059,0.7855845469644624
1,VI,25,126,3.52955,29.21081983659194,0.7851798276048996
1,VI,25,127,2.12942,29.13520401886494,0.7831472925696208
1,VI,25,128,1.78349,28.89590342627968,0.7767149500649276
1,VI,25,129,2.29595,28.75198312198091,0.772846406821352
1,VI,25,130,3.2582,28.74296106703735,0.7726038961494552
1,VI,25,131,3.58284,28.78605504297217,0.7737622518814955
1,VI,25,132,2.31214,28.82256262987519,0.7747435670568702
1,VI,25,133,3.29505,28.6381253364504,0.7697859368682857
1,VI,25,134,0.47742,28.4162423995751,0.7638217767694316
1,VI,25,135,2.76273,28.24440180711366,0.7592027428799625
1,VI,25,136,3.83126,28.2099645099288,0.7582770765954128
1,VI,25,137,3.29394,28.31554263130739,0.761114991162913
1,VI,25,138,2.03886,28.41683416645301,0.7638376833211059
1,VI,25,139,2.05343,28.2172602621134,0.7584731846634025
1,VI,25,140,3.5859,27.89985864098951,0.74994150525318
1,VI,25,141,3.42065,27.69998499130378,0.7445689495125016
1,VI,25,142,4.13446,27.82581704083672,0.7479512848085375
1,VI,25,143,2.41801,27.89720637188042,0.749870212895982
1,VI,25,144,0.20401,27.91051548047762,0.7502279585413416
1,VI,25,145,2.27342,27.84268086486986,0.7484045803518042
1,VI,25,146,2.3647,27.46270752101726,0.7381909880497182
1,VI,25,147,0.29119,27.43227475283047,0.7373729625436859
1,VI,25,148,4.19129,27.35126821539435,0.7351955262562152
1,VI,25,149,4.22249,27.55920127138988,0.7407847169045179
1,VI,25,150,1.37983,27.61068518748303,0.7421685922147139
1,VI,25,151,3.62138,27.59251441284266,0.7416801661527483
1,VI,25,152,0.78919,27.09532685849924,0.7283158840000905
1,VI,25,153,3.10151,27.22588997730215,0.7318253893028074
1,VI,25,154,0.40566,27.10728983436709,0.7286374459207112
1,VI,25,155,0.64495,26.99297850615567,0.7255647848492168
1,VI,25,156,1.21941,27.52707394376926,0.7399211420475409
1,VI,25,157,0.32154,27.17516661099793,0.7304619573884317
1,VI,25,158,0.7824,26.84469212582561,0.7215788825296299
1,VI,25,159,0.73042,26.86717896644888,0.7221833234095069
1,VI,25,160,0.38085,26.79925056906384,0.7203574243883006
1,VI,25,161,1.13779,26.74039916650472,0.7187755128098453
1,VI,25,162,3.47005,26.75406696102184,0.71914289984666
1,VI,25,163,1.19332,26.68851186403614,0.7173807945706768
1,VI,25,164,3.14307,26.56393219576817,0.7140321229825146
1,VI,25,165,4.04613,26.46312618566007,0.7113224816208208
1,VI,25,166,4.33531,26.22057535036637,0.7048027733720724
1,VI,25,167,0.85369,26.44036425572967,0.7107106464063802
1,VI,25,168,1.21492,26.16872867779962,0.7034091472549152
1,VI,25,169,0.30264,26.2372498790385,0.7052509807014598
1,VI,25,170,2.72799,26.05508555148399,0.7003544472900339
1,VI,25,171,4.29243,25.72758021380276,0.6915511824032983
1,VI,25,172,0.69812,25.63925607930375,0.6891770508627514
1,VI,25,173,2.70395,25.54456671650906,0.6866318235130549
1,VI,25,174,0.39194,25.71046974681814,0.6910912571566815
1,VI,25,175,4.41672,25.6252776904335,0.6888013151242567
1,VI,25,176,4.48421,25.54470802337227,0.686635621807629
1,VI,25,177,4.16105,25.2239648865289,0.678014123256717
1,VI,25,178,2.62373,25.13618802195781,0.6756547022005065
1,VI,25,179,3.46008,25.01645756896891,0.672436376355399
1,VI,25,180,2.82703,25.14022988239799,0.6757633464392295
1,VI,25,181,1.25053,25.14128817230646,0.6757917930180156
1,VI,25,182,3.95014,25.01977191739607,0.6725254652457903
1,VI,25,183,4.54224,24.68763636622115,0.6635977413314378
1,VI,25,184,1.08624,24.58034607147848,0.6607138039547744
1,VI,25,185,2.40843,24.43739088848328,0.6568712029402425
1,VI,25,186,3.90329,24.47441796443944,0.6578664818567058
1,VI,25,187,4.60754,24.60284718597749,0.6613186285130062
1,VI,25,188,4.34155,24.44617935562564,0.6571074348280961
1,VI,25,189,0.32274,24.13170565879992,0.6486544573204062
1,VI,25,190,0.86896,24.00633882170063,0.6452846268229518
1,VI,25,191,1.44475,23.87775886520302,0.64182842844711
1,VI,25,192,2.79376,23.75883655914815,0.6386318253976615
1,VI,25,193,0.76648,23.85813853675506,0.6413010387266399
1,VI,25,194,0.43058,23.94127379310017,0.6435356944675641
1,VI,25,195,0.35635,23.7094209435586,0.6373035455086805
1,VI,25,196,4.61177,23.36920865788649,0.6281587209091849
1,VI,25,197,2.88429,23.16276981665337,0.6226096943951352
1,VI,25,198,2.33591,22.97566076485146,0.617580247982505
1,VI,25,199,1.45015,22.63580666325588,0.6084450512850346
1,VI,25,200,3.88452,22.62654449600556,0.6081960864519509
1,VI,25,201,3.17608,22.24796851848855,0.598020055021645
1,VI,25,202,5.15454,21.89908360728029,0.5886421123288729
1,VI,25,203,3.57901,21.52535677656426,0.5785964248009471
1,VI,25,204,0.52194,21.17509916940563,0.5691815843704293
1,VI,25,205,1.3346,20.90387068308257,0.561891027743672
1,VI,25,206,1.54313,20.72245555297472,0.5570146325798304
1,VI,25,207,3.94709,20.50199729179002,0.551088767421666
1,VI,25,208,5.07977,20.23810550940107,0.5439954196360984
1,VI,25,209,4.29425,20.01322056607057,0.5379505663241079
1,VI,25,210,5.6005,19.81331369649931,0.5325771176408782
1,VI,25,211,3.59134,19.87384448322974,0.5342041706628632
1,VI,25,212,1.29437,19.81227358988485,0.5325491598246717
1,VI,25,213,5.63278,19.58770741245779,0.5265128748636727
1,VI,25,214,2.45437,19.15142972317422,0.5147858352675289
1,VI,25,215,2.36269,18.90305070742499,0.5081094669267008
1,VI,25,216,4.81945,18.72801723781161,0.5034046092655693
1,VI,25,217,2.87432,18.53345787665942,0.49817490032542405
1,VI,25,218,4.35356,18.64136433824327,0.5010754001189194
1,VI,25,219,5.66925,18.53252695365309,0.49814987733840377
1,VI,25,220,5.91652,18.38799841978968,0.4942649850300851
1,VI,25,221,4.72939,17.95049196417575,0.4825049164898432
1,VI,25,222,5.6357,17.80140141123494,0.47849739820345333
1,VI,25,223,4.28889,17.62068581369231,0.47363980630710095
1,VI,25,224,4.47602,17.6972283308864,0.4756972508016787
1,VI,25,225,4.18861,17.56012058138655,0.4720118273963167
1,VI,25,226,4.51049,17.3907836291737,0.4674600907559412
1,VI,25,227,3.09473,17.00359005048073,0.45705242027395654
1,VI,25,228,1.48737,16.80653015568288,0.4517554975894589
1,VI,25,229,2.79302,16.64711750592802,0.4474705238176593
1,VI,25,230,4.33342,16.52822515000069,0.4442747258204521
1,VI,25,231,5.0671,16.6378017750155,0.44722011920618915
1,VI,25,232,1.24606,16.52282197319708,0.4441294897245496
1,VI,25,233,6.40441,16.34490208810086,0.4393470459078808
1,VI,25,234,6.67584,15.95247950649811,0.42879882108246403
1,VI,25,235,3.70587,15.87147956691234,0.42662156214362756
1,VI,25,236,6.87391,15.73522907735909,0.422959181679917
1,VI,25,237,6.81023,15.64323476089266,0.42048639652880465
1,VI,25,238,4.77543,15.78212832901257,0.42421982231013816
1,VI,25,239,1.06135,15.72363292907589,0.4226474799967455
1,VI,25,240,2.17761,15.60180849735134,0.41937286850570743
1,VI,25,241,0.86824,15.16105195023386,0.40752543828576154
1,VI,25,242,4.985,15.24719980234486,0.4098410718779524
1,VI,25,243,2.15351,15.05404700087271,0.4046491709244802
1,VI,25,244,7.16342,14.94302490155578,0.40166492353636685
1,VI,25,245,3.46431,14.94140431078974,0.40162136244546226
1,VI,25,246,6.98825,14.85492866997358,0.3992969179715349
1,VI,25,247,7.26189,14.68342508890236,0.39468694286736355
1,VI,25,248,6.52567,14.58581369846852,0.3920631721159138
1,VI,25,249,0.74407,14.50833149983512,0.3899804692097389
1,VI,25,250,1.40403,14.46380246422108,0.3887835394178867
1,VI,25,251,6.10388,14.39704061212584,0.3869889968541392
1,VI,25,252,1.58213,14.36435894270409,0.386110521422571
1,VI,25,253,3.20355,14.34901952806598,0.38569820163803614
1,VI,25,254,6.41459,14.22437252176496,0.3823477200197044
1,VI,25,255,5.93179,14.16182463801703,0.38066644791392357
1,VI,25,256,7.57361,13.90073984097077,0.37364855122078644
1,VI,25,257,1.60916,13.78056616144688,0.3704183115527777
1,VI,25,258,8.23308,13.97495947893354,0.37564355727903836
1,VI,25,259,7.04014,14.02984605353291,0.37711889523335934
1,VI,25,260,5.63846,13.984944680478,0.37591195710044484
1,VI,25,261,6.58693,13.77551548872206,0.37028255068192417
1,IX,25,262,2.33228,13.56406350177002,0.3645987720139343
1,IX,25,263,2.33504,13.54909273213282,0.3641963613185616
1,IX,25,264,2.40349,13.35803569592497,0.3590607940324815
1,IX,25,265,2.35689,13.38584054028745,0.3598081815767285
1,IX,25,266,2.34513,13.58272162702264,0.3651002979434096
1,IX,25,267,2.36124,13.50360090187201,0.3629735518376422
1,IX,25,268,2.35005,13.45684291790304,0.3617167084488812
1,IX,25,269,2.36049,13.17926235836495,0.3542554096183853
1,IX,25,270,2.36572,13.10856944586562,0.3523552010942966
1,IX,25,271,2.36759,13.06088505159673,0.3510734560189807
1,IX,25,272,2.38159,13.00004801138602,0.34943817097693614
1,IX,25,273,2.35804,13.23248023365529,0.35568589333571066
1,IX,25,274,2.37183,13.11401122363918,0.3525014747750084
1,IX,25,275,2.38816,13.07769526169375,0.35152531043251023
1,IX,25,276,2.3906,12.7634043028272,0.3430772448773119
1,IX,25,277,2.39976,12.75201669127907,0.34277114861153746
1,IX,25,278,2.39345,12.65186365093569,0.3400790589204288
1,IX,25,279,2.3994,12.52934360265435,0.3367857494232685
1,IX,25,280,2.39837,12.61613454769306,0.33911866919903577
1,IX,25,281,2.38326,12.63796129325867,0.3397053668821632
1,IX,25,282,2.40867,12.40422707085884,0.33342264707231495
1,IX,25,283,2.41174,12.41995042766954,0.3338452871303161
1,IX,25,284,2.40982,12.31321802790748,0.3309763458368556
1,IX,25,285,2.42825,12.22247709068764,0.32853725121912325
1,IX,25,286,2.43798,12.13962282377157,0.32631014840662376
1,IX,25,287,2.44075,12.11661942384465,0.3256918225366213
1,IX,25,288,2.41479,12.31690687503857,0.3310755011625416
1,IX,25,289,2.44814,12.16029761343299,0.3268658817914768
1,IX,25,290,2.44285,12.0551629651006,0.32403988767303993
1,IX,25,291,2.49325,11.91718482420433,0.3203310683558065
1,IX,25,292,2.50649,11.82066696082307,0.31773669134912086
1,IX,25,293,2.4892,11.77186068772169,0.3164247904400004
1,IX,25,294,2.72994,11.52559536489064,0.3098052376575986
1,IX,25,295,2.76056,11.43513878634261,0.3073737865327281
1,IX,25,296,2.75551,11.42006733757275,0.30696866960642905
1,IX,25,297,2.73711,11.29284399260839,0.3035489366230604
1,IX,25,298,2.75001,11.20058324739075,0.3010689899310493
1,IX,25,299,2.75633,11.03550997380617,0.2966318599490639
1,IX,25,300,2.76054,10.97027985666824,0.2948784900534046
1,IX,25,301,2.76025,10.9027441331249,0.293063146010835
1,IX,25,302,2.78196,10.77795287494744,0.28970878693668006
1,IX,25,303,2.78064,10.72226094278336,0.2882118011642781
1,IX,25,304,2.77401,10.75625026165475,0.2891254258992612
1,IX,25,305,2.79333,10.65104548175388,0.28629754666109275
1,IX,25,306,2.787,10.57749235024515,0.2843204561363866
1,IX,25,307,2.7794,10.44920546694438,0.2808721354977482
1,IX,25,308,2.7892,10.39362052949312,0.2793780257175517
1,IX,25,309,2.77648,10.36440102720514,0.278592612507737
1,IX,25,310,2.79263,10.34036225343239,0.27794645603721313
1,IX,25,311,2.81158,10.41617199661382,0.2799842037421714
1,IX,25,312,2.79613,10.38451605682246,0.27913329967692796
1,IX,25,313,2.80682,10.3403303692326,0.2779455989975739
1,IX,25,314,2.81776,10.25611608528136,0.2756819392535268
1,IX,25,315,2.81929,10.00301428359476,0.26887862356001013
1,IX,25,316,2.8189,9.954889189206012,0.2675850325712255
1,IX,25,317,2.81918,9.915242269023466,0.2665193328706303
1,IX,25,318,2.83591,9.843833699837155,0.2645998876665288
1,IX,25,319,2.83624,9.781137474700088,0.2629146281798049
1,IX,25,320,2.80202,9.948625563106118,0.26741666780471746
1,IX,25,321,2.8309,9.70171973243882,0.26077989832537746
1,IX,25,322,2.76147,9.711808431181153,0.261051080126627
1,IX,25,323,2.76499,9.872423838838364,0.2653683837422208
1,IX,25,324,2.86815,9.535293643543245,0.2563064049924621
1,IX,25,325,2.83667,9.504331291740836,0.25547414440592414
1,IX,25,326,2.75892,9.55195507401064,0.2567542602452494
1,IX,25,327,2.79449,9.558052876312262,0.2569181677078519
1,IX,25,328,2.77668,9.668360283637572,0.25988320434673234
1,IX,25,329,2.79048,9.78647239144644,0.2630580294617483
1,IX,25,330,2.87367,9.573665506783382,0.2573378314684156
1,IX,25,331,2.90651,9.33706076064344,0.2509779526692612
1,IX,25,332,2.87359,9.301092109307197,0.2500111239525953
1,IX,25,333,2.81125,9.314180424574957,0.2503629347262424
1,IX,25,334,2.81748,9.250388202379842,0.24864821510160012
1,IX,25,335,2.80525,9.23473761767154,0.2482275311402487
1,IX,25,336,2.88319,9.141311977904856,0.24571627236229443
1,IX,25,337,2.88262,9.384400785942928,0.2522504411893164
1,IX,25,338,2.82796,9.273813913360176,0.24927789259137806
1,IX,25,339,2.82616,9.286695030385347,0.24962413392598495
1,IX,25,340,2.84304,9.244344312260957,0.24848575678553245
1,IX,25,341,2.89942,9.079865119746746,0.2440645955601593
1,IX,25,342,2.85973,9.065351909759944,0.24367448395839056
1,IX,25,343,2.85437,9.027656684199451,0.24266124534089586
1,IX,25,344,2.84134,8.987012126081261,0.24156872937198967
1,IX,25,345,2.83182,8.990828485527464,0.24167131219810722
1,IX,25,346,2.91152,8.975431624274783,0.2412574482623579
1,IX,25,347,2.87665,8.975095081218733,0.24124840206577014
1,IX,25,348,2.87217,8.95799363503138,0.24078871929601922
1,IX,25,349,2.86942,8.896995076526212,0.2391490926809785
1,I,25,350,2.44337,,
1,V,35,1,0.90402,39.53193429171794,0.985506782787947
1,V,35,2,0.92128,39.11413710363177,0.9750913561192117
1,V,35,3,0.94334,38.77584164002609,0.9666578584939857
1,V,35,4,0.93263,38.47334074916587,0.9591166975292262
1,V,35,5,0.94638,38.30385293643189,0.9548914707083817
1,V,35,6,0.94371,38.12180291266588,0.9503530757008372
1,V,35,7,0.93355,38.01527991972014,0.9476975230710006
1,V,35,8,0.93404,37.81359519232854,0.9426696469908059
1,V,35,9,0.93201,37.78578072697194,0.9419762494943344
1,V,35,10,0.938,37.69488567960609,0.939710291925958
1,V,35,11,0.94155,37.56736348683934,0.9365312421734152
1,V,35,12,0.9331,37.44613631811314,0.9335091234944697
1,V,35,13,0.93732,37.33650933367751,0.9307761902678622
1,V,35,14,0.949,37.34431556634903,0.9309707948422054
1,V,35,15,0.94457,37.27493895662256,0.9292412786756618
1,V,35,16,0.93274,37.31038635154596,0.9301249604067752
1,V,35,17,0.9528,37.11316910987812,0.9252084559951228
1,V,35,18,0.93954,36.98360933697255,0.9219786106242208
1,V,35,19,0.94098,36.92432303437548,0.9205006396019916
1,V,35,20,0.95271,36.90945703530755,0.9201300393979576
1,V,35,21,0.94965,36.86922186260228,0.9191270013144912
1,V,35,22,0.95544,36.76652511931901,0.9165668347329866
1,V,35,23,0.95454,36.66012080007859,0.9139142405655581
1,V,35,24,0.96026,36.56267941512385,0.9114850868315538
1,V,35,25,0.95838,36.57570057497998,0.911809696329872
1,V,35,26,0.94407,36.469342583324,0.9091582570806007
1,V,35,27,0.9386,36.52463632337357,0.9105366959766702
1,V,35,28,0.94447,36.37510766939454,0.9068090386950896
1,V,35,29,0.94862,36.26141727182174,0.9039748070807432
1,V,35,30,0.95852,36.19406705909434,0.9022958077437698
1,V,35,31,0.95509,36.14467682526948,0.9010645396231993
1,V,35,32,0.95255,36.0269859455863,0.8981305784528664
1,V,35,33,0.95295,36.06217824228416,0.8990079007422768
1,V,35,34,0.95441,35.97014596743347,0.8967135927928738
1,V,35,35,0.95665,35.87682541621567,0.8943871689068076
1,V,35,36,0.95938,35.81648401552493,0.8928828949387082
1,V,35,37,0.95896,35.76435775524394,0.8915834193631089
1,V,35,38,0.96688,35.69684542031274,0.8899003784194106
1,V,35,39,0.95896,35.62969599466074,0.8882263845806062
1,V,35,40,0.96392,35.54109313478892,0.8860175698351971
1,V,35,41,0.96375,35.48069076384815,0.8845117759163027
1,V,35,42,0.95966,35.49601607290818,0.8848938264356507
1,V,35,43,0.96642,35.4428509789166,0.8835684533752377
1,V,35,44,0.968,35.37361309518436,0.881842395562319
1,V,35,45,0.97684,35.22156181676399,0.8780518508065505
1,V,35,46,0.96889,35.14937224541012,0.876252209238526
1,V,35,47,0.97489,35.10724851152548,0.8752020904876111
1,V,35,48,0.97788,35.10726037863382,0.8752023863273155
1,V,35,49,0.98666,35.06155873099335,0.8740630723893253
1,V,35,50,0.98517,34.97940682345958,0.8720150759139679
1,V,35,51,0.9726,34.88334480024976,0.869620308819016
1,V,35,52,0.98647,34.81629878226301,0.8679488928696399
1,V,35,53,0.99477,34.83106408057583,0.8683169826658484
1,V,35,54,0.98815,34.7762190623584,0.8669497301287844
1,V,35,55,0.98253,34.72358984168197,0.8656377160601905
1,V,35,56,0.99483,34.61472837335078,0.862923866678752
1,V,35,57,0.99036,34.54277233110726,0.8611300468476687
1,V,35,58,0.98839,34.48510495022163,0.8596924345469645
1,V,35,59,0.99587,34.49953991868038,0.8600522894232893
1,V,35,60,0.99867,34.46139836815308,0.8591014440517138
1,V,35,61,0.98382,34.4117471653646,0.8578636701355543
1,V,35,62,0.99341,34.3120923394432,0.8553793366810268
1,V,35,63,1.0085,34.25495800357645,0.8539550128644571
1,V,35,64,0.98797,34.19942225839026,0.8525705409293298
1,V,35,65,1.00559,34.2114825103268,0.8528711955848266
1,V,35,66,1.00004,34.17091813822512,0.8518599507630897
1,V,35,67,0.9923,34.11652629400545,0.8505039955747787
1,V,35,68,1.00137,34.00766307868611,0.8477901026420012
1,V,35,69,0.99717,33.96505999108886,0.8467280338981604
1,V,35,70,1.00332,33.90219086625886,0.8451607453235439
1,V,35,71,1.00923,33.87568549631423,0.8444999827697063
1,V,35,72,1.00708,33.83039637128577,0.8433709527664506
1,V,35,73,1.00542,33.77719870617167,0.8420447677280065
1,V,35,74,1.01144,33.72440289657764,0.8407286007002626
1,V,35,75,1.00928,33.67131456153406,0.8394051411931642
1,V,35,76,1.02586,33.61888872869832,0.8380981974582165
1,V,35,77,1.00453,33.60952360135434,0.8378647305994723
1,V,35,78,1.00112,33.55208956729715,0.8364329354915336
1,V,35,79,1.02343,33.4824999694274,0.834698109661711
1,V,35,80,1.02679,33.42313046763609,0.8332180645347936
1,V,35,81,1.02662,33.37147257601756,0.8319302651015831
1,V,35,82,1.02225,33.39762172112196,0.832582147189475
1,V,35,83,1.02742,33.38035457114755,0.8321516877716882
1,V,35,84,1.02042,33.3298182264061,0.8308918478116071
1,V,35,85,1.0158,33.21836244203649,0.8281133237286048
1,V,35,86,1.01613,33.16368260857099,0.826750189145705
1,V,35,87,1.02626,33.10224300682536,0.8252185377014499
1,V,35,88,1.02672,33.118615179888,0.8256266858958475
1,V,35,89,1.03362,33.09226625868994,0.8249698235129391
1,V,35,90,1.02625,33.04909763133242,0.8238936562110677
1,V,35,91,1.03882,32.94944317629881,0.8214093320025444
1,V,35,92,1.03258,32.89236537282476,0.8199864175037188
1,V,35,93,1.0247,32.8431805785709,0.8187602708651678
1,V,35,94,1.03476,32.87408228671649,0.8195306314236085
1,V,35,95,1.02954,32.83899412682,0.8186559052005412
1,V,35,96,1.03485,32.78787030646724,0.8173814198351683
1,V,35,97,1.0387,32.66499975056757,0.8143183325257922
1,V,35,98,1.05201,32.60225971308685,0.8127542620193164
1,V,35,99,1.03779,32.55551277890186,0.8115888897313354
1,V,35,100,1.03626,32.57349849640319,0.8120372625951592
1,V,35,101,1.03154,32.55631290920931,0.8116088364872743
1,V,35,102,1.04428,32.47589526053956,0.8096040740176448
1,V,35,103,1.04306,32.37003867455378,0.8069651345030252
1,V,35,104,1.03789,32.32845080501048,0.8059283745202178
1,V,35,105,1.04614,32.32269821015466,0.8057849658722319
1,V,35,106,1.03705,32.31202863633553,0.8055189799659868
1,V,35,107,1.03343,32.27329040499117,0.8045532597090077
1,V,35,108,1.04363,32.18918191898596,0.8024564869369876
1,V,35,109,1.06306,32.08395319607204,0.7998331996621854
1,V,35,110,1.04235,32.02565469549815,0.7983798539362219
1,V,35,111,1.0657,31.98237444393799,0.7973009039117036
1,V,35,112,1.04265,31.94092444672221,0.7962675810011358
1,V,35,113,1.05117,31.90257152864245,0.7953114663666128
1,V,35,114,1.05324,31.83617365048348,0.7936562081440952
1,V,35,115,1.05036,31.8021556399333,0.7928081600853596
1,V,35,116,1.05432,31.74980248231424,0.7915030280988188
1,V,35,117,1.05748,31.70138831457647,0.7902960927048529
1,V,35,118,1.06038,31.70084095018857,0.790282447247665
1,V,35,119,1.05993,31.66503743618139,0.789389887687049
1,V,35,120,1.05294,31.60350168797087,0.7878558393706198
1,V,35,121,1.06285,31.56514702727427,0.7868996812937319
1,V,35,122,1.05519,31.5031867087627,0.7853550487010978
1,V,35,123,1.0579,31.54863136632114,0.7864879560345672
1,V,35,124,1.06729,31.52815709863667,0.7859775451468337
1,V,35,125,1.07415,31.51258955844667,0.785589455954553
1,V,35,126,1.07639,31.41636779056422,0.7831907065232642
1,V,35,127,1.07893,31.34317011304601,0.7813659334892356
1,V,35,128,1.07611,31.3017482289306,0.7803333114209512
1,V,35,129,1.06332,31.33992248243715,0.7812849720576647
1,V,35,130,1.06254,31.34141461487411,0.7813221700006389
1,V,35,131,1.06547,31.301241082258,0.7803206685666444
1,V,35,132,1.07272,31.20948664402647,0.7780332869130981
1,V,35,133,1.0779,31.14124389935723,0.7763320373043309
1,V,35,134,1.07765,31.08657312282859,0.7749691285052906
1,V,35,135,1.08934,31.12649958357408,0.7759644705896683
1,V,35,136,1.07272,31.12861594294486,0.7760172301257773
1,V,35,137,1.06194,31.10917911568914,0.7755326819891989
1,V,35,138,1.06016,31.01184723558344,0.7731062581436607
1,V,35,139,1.08422,30.93205743321483,0.771117147495765
1,V,35,140,1.09591,30.88141048681391,0.7698545503044086
1,V,35,141,1.0813,30.92079774831136,0.770836450483508
1,V,35,142,1.06863,30.91312157303873,0.7706450881600451
1,V,35,143,1.09021,30.91121173914888,0.7705974771770217
1,V,35,144,1.09111,30.81565588917672,0.7682153286692427
1,V,35,145,1.09156,30.73888433290524,0.7663014610382682
1,V,35,146,1.07604,30.68724075143263,0.765014018348185
1,V,35,147,1.07687,30.72504804893451,0.7659565309976304
1,V,35,148,1.0716,30.73299375747429,0.7661546126194965
1,V,35,149,1.07108,30.73600369881232,0.7662296486038865
1,V,35,150,1.07266,30.65273634226316,0.7641538446713375
1,V,35,151,1.09147,30.56726443281472,0.7620230825923132
1,V,35,152,1.08447,30.51978153689319,0.7608393632313588
1,V,35,153,1.09976,30.47589940936531,0.7597454088095295
1,V,35,154,1.09277,30.54552477054559,0.7614811261966649
1,V,35,155,1.07802,30.51399173704697,0.7606950270858688
1,V,35,156,1.10211,30.39965105520757,0.7578445842851244
1,V,35,157,1.09889,30.34769440422865,0.7565493369650002
1,V,35,158,1.0842,30.29209165807898,0.7551631947371048
1,V,35,159,1.10712,30.23375939972606,0.7537090074504942
1,V,35,160,1.10638,30.2312780542793,0.7536471490362264
1,V,35,161,1.11531,30.19104028479724,0.7526440462167133
1,V,35,162,1.11709,30.12379858905962,0.7509677521414834
1,V,35,163,1.09484,30.06380494001096,0.7494721474077165
1,V,35,164,1.11185,30.01372768325381,0.7482237522284316
1,V,35,165,1.11535,30.06929074290719,0.7496089050964088
1,V,35,166,1.09455,30.04716665913008,0.749057365309248
1,V,35,167,1.10058,30.03239016767839,0.7486889964749788
1,V,35,168,1.09622,29.99714786544716,0.7478104275784091
1,V,35,169,1.1136,29.8840649400406,0.7449913398711572
1,V,35,170,1.11155,29.82168745556893,0.7434363075879796
1,V,35,171,1.12909,29.78270293022877,0.7424644473733241
1,V,35,172,1.12506,29.82983200969313,0.7436393463078397
1,V,35,173,1.10089,29.80208379584377,0.7429476004206539
1,V,35,174,1.09896,29.77310644887118,0.7422252130014612
1,V,35,175,1.10104,29.65529175715172,0.7392881652732927
1,V,35,176,1.113,29.60442479569797,0.7380200832421286
1,V,35,177,1.13618,29.54676216544973,0.7365825893718897
1,V,35,178,1.10546,29.60951719011855,0.7381470334997375
1,V,35,179,1.1113,29.61391777913667,0.7382567374745954
1,V,35,180,1.13131,29.58147926332687,0.7374480652472708
1,V,35,181,1.11078,29.44326065378445,0.7340023604101029
1,V,35,182,1.12178,29.37780884899437,0.7323706872141913
1,V,35,183,1.11593,29.31432494271681,0.7307880725165968
1,V,35,184,1.11354,29.36502725559664,0.7320520499601842
1,V,35,185,1.12798,29.3750522125435,0.7323019659646829
1,V,35,186,1.11196,29.34585508248014,0.7315740994883538
1,V,35,187,1.13652,29.22620546828714,0.728591308272649
1,V,35,188,1.11825,29.17008669367939,0.7271923017730031
1,V,35,189,1.14582,29.12780060611724,0.7261381356448662
1,V,35,190,1.14765,29.16364299227652,0.7270316642643012
1,V,35,191,1.13524,29.14174686942076,0.7264858074025581
1,V,35,192,1.11278,29.12619223736866,0.7260980400022079
1,V,35,193,1.1176,29.02393925983298,0.723548936227572
1,V,35,194,1.13277,28.95361012020026,0.7217956740769211
1,V,35,195,1.12699,28.90109657183924,0.720486543647933
1,V,35,196,1.12766,28.87080996464411,0.7197315171774805
1,V,35,197,1.15433,28.83954413310242,0.7189520792469593
1,V,35,198,1.14309,28.82448419690239,0.7185766443096256
1,V,35,199,1.14071,28.76382816699725,0.7170645268289229
1,V,35,200,1.14169,28.71028657695475,0.7157297679537622
1,V,35,201,1.14783,28.65180276779219,0.7142718025987744
1,V,35,202,1.14135,28.59894784731296,0.712954161973056
1,V,35,203,1.15206,28.58388127946981,0.7125785617129425
1,V,35,204,1.16581,28.56922601273683,0.7122132149362749
1,V,35,205,1.13353,28.52041004342905,0.7109962628765506
1,V,35,206,1.15717,28.47649620769033,0.7099015179885473
1,V,35,207,1.14089,28.44663653376045,0.7091571347015423
1,V,35,208,1.14693,28.41405760663481,0.7083449621065626
1,V,35,209,1.13787,28.48703189574179,0.7101641662050355
1,V,35,210,1.13253,28.48844941784545,0.7101995041583369
1,V,35,211,1.14179,28.47278013365856,0.7098088785508555
1,V,35,212,1.14571,28.33786239045632,0.7064454622792641
1,V,35,213,1.17188,28.28042027758158,0.7050134657713778
1,V,35,214,1.14858,28.23314836041265,0.7038350059808299
1,V,35,215,1.15851,28.2819302828886,0.7050511092739986
1,V,35,216,1.15531,28.25469804706275,0.7043722264012605
1,V,35,217,1.16777,28.24268008849968,0.7040726260935252
1,V,35,218,1.16995,28.14550315861847,0.7016500650616836
1,V,35,219,1.14364,28.11711940466222,0.7009424755509236
1,V,35,220,1.14931,28.05614049800747,0.6994223089516424
1,V,35,221,1.17991,28.09132057452902,0.700299326599581
1,V,35,222,1.14327,28.07433904109105,0.6998759874261987
1,V,35,223,1.15832,28.05477122176654,0.6993881737379949
1,V,35,224,1.14807,27.98845443490135,0.6977349370715048
1,V,35,225,1.16211,27.9063078288909,0.6956870727598596
1,V,35,226,1.18018,27.86013346550746,0.6945359743094398
1,V,35,227,1.15739,27.80546336273154,0.6931730823066402
1,V,35,228,1.16015,27.86266894215649,0.6945991821812525
1,V,35,229,1.18624,27.85311098247021,0.6943609081309383
1,V,35,230,1.17299,27.81317574556519,0.693365347262307
1,V,35,231,1.18955,27.6756042305243,0.6899357740926578
1,V,35,232,1.17715,27.62700764437062,0.6887242911198951
1,V,35,233,1.18798,27.57035050688682,0.6873118635652098
1,V,35,234,1.17297,27.62751685483337,0.6887369854232197
1,V,35,235,1.18914,27.60820774445006,0.6882556211896375
1,V,35,236,1.17134,27.61819461587865,0.6885045877456142
1,V,35,237,1.15824,27.47034483787072,0.6848187838083393
1,V,35,238,1.19726,27.3980763281869,0.6830171743563499
1,V,35,239,1.17905,27.34561163571,0.6817092618744732
1,V,35,240,1.19561,27.30777808055243,0.680766094637838
1,V,35,241,1.16967,27.32382278864883,0.6811660793322415
1,V,35,242,1.16837,27.31935979986829,0.681054819769725
1,V,35,243,1.17294,27.2208573398569,0.6785992140878431
1,V,35,244,1.20416,27.15749314246752,0.6770195836591284
1,V,35,245,1.18734,27.10061989841971,0.6756017687008552
1,V,35,246,1.18975,27.04332607022981,0.6741734688388659
1,V,35,247,1.2118,27.03746937673105,0.6740274650758031
1,V,35,248,1.19871,27.01605813064445,0.6734936958933853
1,V,35,249,1.19231,26.94096088413197,0.6716215677738602
1,V,35,250,1.21454,26.88618639059703,0.6702560733737095
1,V,35,251,1.1857,26.80971960249796,0.668349803425633
1,V,35,252,1.18685,26.8004329690255,0.6681182933707785
1,V,35,253,1.21563,26.83367041922547,0.6689468825405605
1,V,35,254,1.20486,26.81773201967198,0.6685495480526794
1,V,35,255,1.18265,26.75928866507045,0.6670925912049909
1,V,35,256,1.21469,26.61954218521456,0.6636087975015906
1,V,35,257,1.2161,26.58488924698509,0.662744921086724
1,V,35,258,1.21165,26.50391371235826,0.6607262508636649
1,V,35,259,1.20533,26.55196807796986,0.6619242166121491
1,V,35,260,1.18271,26.53124983286326,0.6614077235174942
1,V,35,261,1.19471,26.49181295653152,0.660424586471123
1,V,35,262,1.1947,26.39309574319667,0.6579636271211071
1,V,35,263,1.2175,26.30797889162951,0.6558417164164603
1,V,35,264,1.20192,26.24218605440561,0.6542015414919411
1,V,35,265,1.21441,26.23031456557632,0.6539055925844902
1,V,35,266,1.20813,26.23188661849127,0.653944782895775
1,V,35,267,1.19648,26.16993537669079,0.6524003765799601
1,V,35,268,1.20221,26.10834774114866,0.6508650347442999
1,V,35,269,1.2278,25.95573060812799,0.6470603835817327
1,V,35,270,1.20643,25.8971014759449,0.6455987954133158
1,V,35,271,1.2087,25.81580970318215,0.6435722415682303
1,V,35,272,1.22151,25.86710793405744,0.6448510748805485
1,V,35,273,1.22865,25.80261514926655,0.6432433094627652
1,V,35,274,1.24666,25.73201171142237,0.6414832092265831
1,V,35,275,1.23927,25.63669432736249,0.6391070055271781
1,V,35,276,1.22737,25.53428303671942,0.6365539551042455
1,V,35,277,1.22401,25.43612462147946,0.6341069262466933
1,V,35,278,1.26061,25.45226550551773,0.6345093085481138
1,V,35,279,1.22565,25.35970388127774,0.6322018042443466
1,V,35,280,1.22113,25.30349218116764,0.6308004811691398
1,V,35,281,1.22564,25.20501375767053,0.6283454747027601
1,V,35,282,1.25776,25.11895847547322,0.6262001695002786
1,V,35,283,1.22968,25.02950190933993,0.6239700723833828
1,V,35,284,1.22668,24.91924286273028,0.6212213822359262
1,V,35,285,1.23412,24.92277804907017,0.6213095122548288
1,V,35,286,1.27129,24.83152399072689,0.6190346047638217
1,V,35,287,1.25774,24.70925624960158,0.615986545255628
1,V,35,288,1.27643,24.57876641069203,0.6127335139118719
1,V,35,289,1.27845,24.47793214841928,0.6102197778352633
1,V,35,290,1.25666,24.34909015958665,0.6070078263793728
1,V,35,291,1.28296,24.28351765449397,0.6053731441992304
1,V,35,292,1.2518,24.23457238589777,0.6041529687878533
1,V,35,293,1.27586,24.15281864508227,0.6021148983636382
1,V,35,294,1.25773,24.00251563166212,0.5983679367779497
1,V,35,295,1.27564,23.48669993010964,0.5855089689167442
1,V,35,296,1.3219,23.49390394462461,0.5856885605632195
1,V,35,297,1.31758,23.53366904889337,0.5866798801299765
1,V,35,298,1.30052,22.97795005922106,0.5728261478636841
1,V,35,299,1.27915,22.56542807880994,0.5625422288744368
1,V,35,300,1.29403,21.94664664262345,0.5471163886429657
1,V,35,301,1.36528,21.32296125905352,0.5315682960224982
1,V,35,302,1.32674,20.86795194406931,0.5202251939410354
1,V,35,303,1.36511,20.60398579217573,0.5136446802935649
1,V,35,304,1.39924,20.1860366970715,0.5032254666763958
1,V,35,305,1.36852,19.875842987498,0.4954925284774449
1,V,35,306,1.38477,19.56901378337056,0.4878434653277986
1,V,35,307,1.40807,19.02362976370828,0.47424737750080004
1,V,35,308,1.43959,18.68982672593943,0.46592587328578006
1,V,35,309,1.44961,18.29998337199615,0.4562073184915515
1,V,35,310,1.48378,18.10581151824104,0.45136673372557257
1,V,35,311,1.49313,17.80600468506157,0.443892733960111
1,V,35,312,1.5053,17.36744941084966,0.43295982098464314
1,V,35,313,1.46072,17.08020478000555,0.4257989891890789
1,V,35,314,1.52827,16.76806986018626,0.41801765781386896
1,V,35,315,1.51596,16.43290010293534,0.4096620821236257
1,V,35,316,1.49513,16.22770601960161,0.4045467199604413
1,V,35,317,1.55994,16.11958933517158,0.40185143758310865
1,V,35,318,1.54746,15.90932834200246,0.39660976047733376
1,V,35,319,1.5192,15.69637002745864,0.39130084081038
1,V,35,320,1.57944,15.38890868178558,0.3836360187611996
1,V,35,321,1.56971,15.17638902697668,0.3783380346113625
1,V,35,322,1.60225,14.95240119076071,0.37275415575980125
1,V,35,323,1.58286,14.77994057848908,0.36845481887678255
1,V,35,324,1.57405,14.7251250475413,0.36708830143919596
1,V,35,325,1.57281,14.56963772334544,0.36321209817775646
1,V,35,326,1.63154,14.44499762154856,0.3601048971786407
1,V,35,327,1.64156,,
1,V,45,1,2.04766,41.87066315028633,0.9896666473891028
1,V,45,2,2.27447,41.52909262273708,0.981593191336275
1,V,45,3,2.05782,41.33967173915445,0.9771159866135353
1,V,45,4,1.87647,41.18104075793207,0.9733665405922265
1,V,45,5,1.86876,41.02585875142288,0.969698615497135
1,V,45,6,1.92624,40.89940206705901,0.9667096501109137
1,V,45,7,1.94256,40.79503046324747,0.9642426938352026
1,V,45,8,1.9148,40.74438223697366,0.9630455582629118
1,V,45,9,1.91381,40.68484543506076,0.9616383298430055
1,V,45,10,1.92776,40.60013050604044,0.9596359842033767
1,V,45,11,1.92461,40.50451682101851,0.9573760325336234
1,V,45,12,1.87773,40.43369242898435,0.9557020074921226
1,V,45,13,1.88173,40.40462735387207,0.9550150172875673
1,V,45,14,1.94008,40.3464895745227,0.9536408565543393
1,V,45,15,1.897,40.29879739974255,0.9525135910378617
1,V,45,16,1.944,40.19770977147505,0.9501242557220839
1,V,45,17,1.95633,40.13180902980846,0.9485666074509893
1,V,45,18,1.91086,40.10572991641905,0.9479501942687492
1,V,45,19,1.95627,40.08531007837143,0.9474675452935398
1,V,45,20,1.91663,40.03176939187374,0.946202042726387
1,V,45,21,1.99803,39.89862755048577,0.943055065108175
1,V,45,22,2.06667,39.83865562756048,0.9416375520469198
1,V,45,23,2.06728,39.85439362378179,0.9420095397057028
1,V,45,24,1.97321,39.85818649046795,0.9420991889583027
1,V,45,25,1.97661,39.81309773911111,0.9410334586824262
1,V,45,26,1.9179,39.75293317026775,0.9396113921886357
1,V,45,27,1.93,39.68953803622063,0.9381129671565791
1,V,45,28,1.98309,39.6420609476293,0.9369907854771217
1,V,45,29,1.90105,39.62544164079702,0.9365979669154574
1,V,45,30,1.88633,39.55760706903124,0.9349946100979273
1,V,45,31,1.97129,39.50496119522899,0.9337502575726822
1,V,45,32,1.87885,39.50190116693749,0.9336779298923373
1,V,45,33,1.76965,39.4787905455912,0.9331316808141996
1,V,45,34,1.84312,39.45305615714312,0.9325234156466142
1,V,45,35,1.81671,39.43294922425966,0.9320481625849507
1,V,45,36,1.82689,39.37011616045938,0.9305630228016802
1,V,45,37,1.76991,39.35182256452345,0.9301306302767847
1,V,45,38,1.73588,39.31443475109406,0.9292469215130361
1,V,45,39,1.70171,39.33699935502042,0.9297802647714724
1,V,45,40,1.72909,39.29030687034101,0.9286766282084432
1,V,45,41,1.81223,39.23398081799186,0.9273452899588204
1,V,45,42,1.83216,39.16775711805349,0.9257800081561303
1,V,45,43,1.82403,39.10219211850563,0.9242302955791954
1,V,45,44,1.80602,39.09406670851092,0.9240382411271496
1,V,45,45,1.83791,39.05573179524571,0.9231321464480909
1,V,45,46,1.88839,39.03842267962743,0.9227230233739775
1,V,45,47,1.78549,39.01179336306639,0.9220936054364436
1,V,45,48,1.67413,38.98168244984818,0.9213818955113457
1,V,45,49,1.66463,38.94866838694252,0.9206015659322497
1,V,45,50,1.69926,38.9120294375597,0.9197355575275248
1,V,45,51,1.71371,38.86922901990851,0.9187239149439891
1,V,45,52,1.76834,38.79635080045489,0.9170013450659942
1,V,45,53,1.71569,38.79012214838448,0.9168541229121403
1,V,45,54,1.62584,38.74872981116958,0.9158757621096846
1,V,45,55,1.69672,38.74202980324975,0.9157173988577891
1,V,45,56,1.70285,38.71332808419083,0.9150389970380378
1,V,45,57,1.65495,38.68022325071256,0.9142565219804248
1,V,45,58,1.71906,38.62681224514479,0.9129940845878236
1,V,45,59,1.62559,38.6068361532813,0.9125219241209229
1,V,45,60,1.59886,38.59750800515581,0.9123014414156797
1,V,45,61,1.6481,38.59919770647094,0.9123413796662307
1,V,45,62,1.60889,38.57839394146226,0.9118496560865179
1,V,45,63,1.54562,38.50415690010412,0.9100949687158094
1,V,45,64,1.52929,38.47114647055434,0.9093147250157241
1,V,45,65,1.57656,38.45297730387916,0.908885273535466
1,V,45,66,1.48191,38.45159134534746,0.9088525146338798
1,V,45,67,1.54576,38.38531228504768,0.90728592431828
1,V,45,68,1.57688,38.31816619875245,0.9056988407349467
1,V,45,69,1.61455,38.28075795044116,0.9048146489666422
1,V,45,70,1.5935,38.25924273518036,0.9043061093507639
1,V,45,71,1.53382,38.26880218638657,0.9045320591999979
1,V,45,72,1.53802,38.24531521449669,0.9039769145956683
1,V,45,73,1.50583,38.19530147411901,0.9027947759086047
1,V,45,74,1.52198,38.14820805460825,0.9016816627383158
1,V,45,75,1.48056,38.1087898539097,0.9007499631759893
1,V,45,76,1.4485,38.12155957404499,0.901051791835092
1,V,45,77,1.4431,38.1052831272502,0.9006670772086963
1,V,45,78,1.41693,38.08158246347046,0.9001068817233847
1,V,45,79,1.40361,38.02778769840405,0.898835373684468
1,V,45,80,1.41067,37.97577639077878,0.8976060199419905
1,V,45,81,1.36527,37.98397343855031,0.897799767644467
1,V,45,82,1.36064,38.01349929030606,0.8984976488940077
1,V,45,83,1.33732,37.96254199561314,0.897293208094545
1,V,45,84,1.32616,37.8973626076622,0.8957526099406361
1,V,45,85,1.30733,37.8399794379315,0.8943962853703729
1,V,45,86,1.32781,37.81191958976192,0.8937330549896035
1,V,45,87,1.28692,37.83274882191975,0.8942253805179415
1,V,45,88,1.2717,37.81727188407058,0.8938595633074985
1,V,45,89,1.24706,37.78262711837681,0.8930406899834561
1,V,45,90,1.25915,37.68751784656064,0.8907926607646189
1,V,45,91,1.24737,37.65624215326893,0.8900534197735298
1,V,45,92,1.23063,37.65066011976799,0.8899214812761467
1,V,45,93,1.28882,37.60624527026322,0.8888716795320017
1,V,45,94,1.26148,37.58307793789121,0.8883240900162765
1,V,45,95,1.27348,37.48848641374421,0.8860882984254441
1,V,45,96,1.27407,37.44874111847053,0.8851488675647049
1,V,45,97,1.26799,37.40785611681235,0.8841824982866661
1,V,45,98,1.2504,37.43556644379604,0.8848374672874095
1,V,45,99,1.23674,37.41055370325132,0.8842462591905121
1,V,45,100,1.27033,37.35065505226557,0.8828304780052126
1,V,45,101,1.26663,37.28806416693916,0.8813510624197519
1,V,45,102,1.28089,37.23084004201677,0.8799984970768425
1,V,45,103,1.25098,37.2016100539055,0.8793076089427454
1,V,45,104,1.24799,37.18746031544829,0.8789731617865082
1,V,45,105,1.2449,37.14302917168428,0.877922974906717
1,V,45,106,1.22421,37.09173688926013,0.8767106162440075
1,V,45,107,1.22955,37.05056032852428,0.8757373555944639
1,V,45,108,1.23035,37.10583778817574,0.8770439090152466
1,V,45,109,1.22951,37.0318809412338,0.8752958443977413
1,V,45,110,1.25505,37.01448258540692,0.8748846120172206
1,V,45,111,1.26162,36.93754608943177,0.87306611958589
1,V,45,112,1.28513,36.90047108869589,0.8721898045500251
1,V,45,113,1.26125,36.845489908747,0.870890254078751
1,V,45,114,1.2565,36.86189897470052,0.8712781033284923
1,V,45,115,1.25479,36.83285125490446,0.8705915233390213
1,V,45,116,1.29095,36.81249707170315,0.8701104262000321
1,V,45,117,1.28163,36.72073295191656,0.867941463925567
1,V,45,118,1.27239,36.66068497963708,0.8665221533406107
1,V,45,119,1.28651,36.6073799917344,0.8652622218110474
1,V,45,120,1.31046,36.62656084730233,0.8657155858515413
1,V,45,121,1.29151,36.6039193844876,0.8651804259350285
1,V,45,122,1.26071,36.52348219811168,0.863279190211096
1,V,45,123,1.26613,36.44466988810641,0.8614163605172852
1,V,45,124,1.29064,36.38034844820998,0.8598960410623709
1,V,45,125,1.32998,36.39794143336449,0.8603118737558474
1,V,45,126,1.30836,36.41550827544571,0.8607270885243677
1,V,45,127,1.2896,36.37282079669017,0.8597181153960021
1,V,45,128,1.29197,36.28381166569603,0.8576142708033857
1,V,45,129,1.28982,36.23035749896029,0.8563508132414059
1,V,45,130,1.31485,36.18654990678534,0.8553153648005164
1,V,45,131,1.31236,36.20230949393551,0.8556878627885031
1,V,45,132,1.30195,36.21901797189204,0.856082789023678
1,V,45,133,1.28667,36.13667458472219,0.8541364978072588
1,V,45,134,1.31377,36.07508340284646,0.8526807114907893
1,V,45,135,1.33144,36.0162736195667,0.8512906670856348
1,V,45,136,1.31849,36.05266918039031,0.8521509226906361
1,V,45,137,1.29683,36.05486932068121,0.8522029258188805
1,V,45,138,1.27363,36.0337819883465,0.8517044997629288
1,V,45,139,1.2797,35.96054321866646,0.8499734078194363
1,V,45,140,1.26417,35.92267484943688,0.8490783405050494
1,V,45,141,1.25286,35.87791286477999,0.8480203337778364
1,V,45,142,1.27435,35.89116517378535,0.8483335690417831
1,V,45,143,1.27973,35.86727811822375,0.8477689679484401
1,V,45,144,1.29719,35.78826554702302,0.8459014048252781
1,V,45,145,1.31369,35.73824827755098,0.8447191827235577
1,V,45,146,1.32398,35.68157694986428,0.8433796834499618
1,V,45,147,1.34866,35.62581462050921,0.8420616695139189
1,V,45,148,1.35214,35.63267880446458,0.8422239132762829
1,V,45,149,1.36632,35.59175142165797,0.8412565422656243
1,V,45,150,1.37014,35.52600458612819,0.8397025317628135
1,V,45,151,1.35829,35.48159075098378,0.8386527539943723
1,V,45,152,1.35576,35.4344862174984,0.8375393781310865
1,V,45,153,1.3772,35.45240617753812,0.8379629392939514
1,V,45,154,1.37503,35.46309244853413,0.8382155229693459
1,V,45,155,1.37869,35.41648421593518,0.8371138778119389
1,V,45,156,1.39601,35.32724666925387,0.8350046343225694
1,V,45,157,1.39998,35.28663984020568,0.8340448400097596
1,V,45,158,1.40264,35.3022194431432,0.834413083840804
1,V,45,159,1.3814,35.28954679951008,0.8341135497089243
1,V,45,160,1.37706,35.27092060705014,0.8336732958400211
1,V,45,161,1.35336,35.20738637831198,0.8321715831271354
1,V,45,162,1.36798,35.16159643110448,0.8310892791909803
1,V,45,163,1.36838,35.11889035260349,0.8300798664338548
1,V,45,164,1.38049,35.13603627274451,0.8304851321742482
1,V,45,165,1.36084,35.14978240980695,0.830810039695591
1,V,45,166,1.36684,35.09307682682547,0.8294697307543138
1,V,45,167,1.38342,35.01504952468954,0.8276254557249809
1,V,45,168,1.3801,34.96779972096928,0.8265086462139929
1,V,45,169,1.38085,34.92523844457202,0.8255026560396912
1,V,45,170,1.37913,34.97386483860648,0.8266520030224696
1,V,45,171,1.38809,34.96048707420564,0.8263358024598794
1,V,45,172,1.37858,34.90106758826574,0.8249313469529614
1,V,45,173,1.36361,34.84720215295967,0.8236581685325918
1,V,45,174,1.35288,34.80273809396788,0.822607203659316
1,V,45,175,1.34821,34.80428091667723,0.8226436702462625
1,V,45,176,1.35693,34.80455042949124,0.8226500405261435
1,V,45,177,1.35651,34.77024859213803,0.8218392727518001
1,V,45,178,1.36365,34.71159605492104,0.820452945058349
1,V,45,179,1.35194,34.65513743212128,0.8191184733366595
1,V,45,180,1.3523,34.61021119167503,0.8180565842138947
1,V,45,181,1.35015,34.57348557355925,0.8171885272828766
1,V,45,182,1.34971,34.56793970294912,0.817057443541645
1,V,45,183,1.35189,34.51742189497799,0.8158633905726538
1,V,45,184,1.35609,34.46779811596803,0.814690469121009
1,V,45,185,1.3613,34.42846887530644,0.8137608722428749
1,V,45,186,1.36405,34.37492080581408,0.812495195169205
1,V,45,187,1.37989,34.36763393357126,0.8123229606288392
1,V,45,188,1.37344,34.33567276690582,0.8115675175983121
1,V,45,189,1.3761,34.29801783733454,0.8106774952030918
1,V,45,190,1.38415,34.25676059311423,0.8097023274962544
1,V,45,191,1.38606,34.21636634606593,0.8087475578307584
1,V,45,192,1.38538,34.24697118949511,0.8094709424277902
1,V,45,193,1.38926,34.27064247619246,0.8100304435482062
1,V,45,194,1.40861,34.22684039009513,0.8089951252504998
1,V,45,195,1.40746,34.14925893386243,0.8071613883590205
1,V,45,196,1.40986,34.09650202621417,0.805914411406889
1,V,45,197,1.40651,34.05117422403717,0.8048430308592962
1,V,45,198,1.4228,34.08159353728869,0.8055620302134133
1,V,45,199,1.40372,34.06702614722363,0.8052177113275348
1,V,45,200,1.40285,34.03347939639244,0.8044247909883767
1,V,45,201,1.40131,33.9577086484375,0.8026338525016952
1,V,45,202,1.4056,33.9272403292613,0.8019136948299034
1,V,45,203,1.40927,33.87688499537956,0.8007234821437076
1,V,45,204,1.39901,33.91699944815363,0.8016716385138675
1,V,45,205,1.39853,33.90394971948117,0.80136319149505
1,V,45,206,1.4002,33.8549305498348,0.8002045607585939
1,V,45,207,1.40253,33.79396199007201,0.7987634909116702
1,V,45,208,1.42132,33.73827180544156,0.7974471822084171
1,V,45,209,1.4081,33.74230852743027,0.7975425952928162
1,V,45,210,1.4052,33.72984033121067,0.797247893536903
1,V,45,211,1.40404,33.71532164809843,0.7969047259021174
1,V,45,212,1.40373,33.6535132337651,0.7954438050188214
1,V,45,213,1.40454,33.61067820489333,0.7944313443548434
1,V,45,214,1.40246,33.57228398372353,0.7935238478576455
1,V,45,215,1.42161,33.5790714902861,0.7936842792518128
1,V,45,216,1.4145,33.57214875608867,0.7935206515796324
1,V,45,217,1.4201,33.55626949226162,0.7931453248804035
1,V,45,218,1.40949,33.46617125580594,0.7910157378879854
1,V,45,219,1.42978,33.42138376057518,0.7899571281857487
1,V,45,220,1.42788,33.37208977579161,0.7887920018422249
1,V,45,221,1.41124,33.37127276682784,0.7887726907909728
1,V,45,222,1.41707,33.3688323389909,0.7887150081594149
1,V,45,223,1.41045,33.31267730715816,0.7873877121983154
1,V,45,224,1.41169,33.24994350229096,0.7859049185268122
1,V,45,225,1.41247,33.19597133395897,0.7846292173349366
1,V,45,226,1.42969,33.15319325469587,0.783618102747759
1,V,45,227,1.43238,33.15283751452595,0.7836096943740954
1,V,45,228,1.41398,33.14481891250654,0.7834201644650798
1,V,45,229,1.41686,33.09256471742589,0.7821850697671079
1,V,45,230,1.41748,33.01503273279021,0.7803525022000646
1,V,45,231,1.42883,32.96568268840698,0.7791860508162411
1,V,45,232,1.41891,32.97936141555277,0.7795093650180329
1,V,45,233,1.41906,32.99866186125352,0.7799655557241895
1,V,45,234,1.41879,32.97445296376082,0.7793933474853901
1,V,45,235,1.43114,32.8962481299888,0.7775448762688971
1,V,45,236,1.43062,32.83465278145727,0.7760889914681917
1,V,45,237,1.426,32.78696223195048,0.7749617643671276
1,V,45,238,1.44492,32.80253833816527,0.7753299255486602
1,V,45,239,1.42386,32.79950287072158,0.7752581783953498
1,V,45,240,1.43373,32.78246399877298,0.7748554428758254
1,V,45,241,1.42443,32.70774786911438,0.7730894316407104
1,V,45,242,1.4319,32.66960746285842,0.7721879343834563
1,V,45,243,1.43199,32.62261023814055,0.7710770949000648
1,V,45,244,1.44882,32.66274573338912,0.7720257486360084
1,V,45,245,1.4321,32.62475823933369,0.7711278656540834
1,V,45,246,1.43441,32.59490190117526,0.7704221729359502
1,V,45,247,1.43562,32.51043683243393,0.768425733063415
1,V,45,248,1.45366,32.44764571271895,0.7669415846822183
1,V,45,249,1.43558,32.4062596551548,0.7659633723073352
1,V,45,250,1.45247,32.46744454289839,0.7674095553426203
1,V,45,251,1.42847,32.41526059851667,0.76617612110972
1,V,45,252,1.43161,32.40240642046611,0.7658722961798262
1,V,45,253,1.44759,32.33371981558061,0.7642488004703463
1,V,45,254,1.42821,32.26974693158127,0.7627367195796234
1,V,45,255,1.42927,32.24756952994451,0.7622125283422678
1,V,45,256,1.42737,32.27241880568614,0.7627998727395847
1,V,45,257,1.43538,32.243242612278,0.7621102561120628
1,V,45,258,1.42506,32.19757183874383,0.7610307689980184
1,V,45,259,1.42721,32.19236810605324,0.7609077721238746
1,V,45,260,1.44852,32.13622774575554,0.7595808229432607
1,V,45,261,1.43042,32.11632906898113,0.7591104922809512
1,V,45,262,1.43558,32.11772872433133,0.7591435749243514
1,V,45,263,1.43241,32.09109599346414,0.7585140762853271
1,V,45,264,1.43803,32.0387691308331,0.7572772639969101
1,V,45,265,1.45327,32.04381803421104,0.7573966012823288
1,V,45,266,1.46235,31.95911238617368,0.7553944750105961
1,V,45,267,1.45625,31.92181134850357,0.7545128173028447
1,V,45,268,1.44962,31.92774826248589,0.7546531438540538
1,V,45,269,1.45637,31.91824110892358,0.7544284301264863
1,V,45,270,1.4547,31.81003307821017,0.7518707949967933
1,V,45,271,1.46192,31.75260941147527,0.750513513228068
1,V,45,272,1.48344,31.70297991262518,0.74934045658069
1,V,45,273,1.4731,31.74016286974039,0.7502193233035824
1,V,45,274,1.46073,31.73985205286072,0.75021197674931
1,V,45,275,1.46563,31.7010342252244,0.7492944677717742
1,V,45,276,1.46594,31.60213238721004,0.7469567964027546
1,V,45,277,1.48327,31.56417700672655,0.7460596724661537
1,V,45,278,1.46112,31.50102258394245,0.7445669369525031
1,V,45,279,1.47309,31.60879802766676,0.747114347335727
1,V,45,280,1.45316,31.5480721651175,0.745679013947688
1,V,45,281,1.45581,31.51684567982016,0.7449409360504491
1,V,45,282,1.46813,31.4875347038112,0.7442481336638623
1,V,45,283,1.45649,31.39401555982461,0.7420376891489592
1,V,45,284,1.46439,31.35542579736876,0.7411255707835026
1,V,45,285,1.48135,31.39267308705689,0.7420059580889932
1,V,45,286,1.45747,31.36871762048386,0.7414397400139443
1,V,45,287,1.47262,31.31226678725599,0.7401054524087439
1,V,45,288,1.47648,31.26542500804813,0.7389982870786895
1,V,45,289,1.4632,31.1868584690615,0.7371412664970767
1,V,45,290,1.48156,31.15637889307317,0.7364208427561404
1,V,45,291,1.46367,31.18510056606207,0.737099716212534
1,V,45,292,1.48789,31.17468806615025,0.7368536034666794
1,V,45,293,1.47042,31.14485697366966,0.7361485074624138
1,V,45,294,1.47292,31.05208038969674,0.7339556143026582
1,V,45,295,1.47437,30.99725904790584,0.7326598418105714
1,V,45,296,1.48203,31.01811455476675,0.733152788375104
1,V,45,297,1.48087,30.98131700578815,0.7322830312661929
1,V,45,298,1.48038,30.92149938588503,0.7308691653541143
1,V,45,299,1.47892,30.84800780845383,0.7291320979762556
1,II,45,300,1.23692,,
2,VI,25,1,0.58718,32.24272071972145,0.9196221365827391
2,VI,25,2,2.59438,30.33671696697663,0.8652593779721794
2,VI,25,3,1.33153,29.34776849107702,0.8370527350439116
2,VI,25,4,4.03258,28.71544558164598,0.8190177140530959
2,VI,25,5,0.88945,28.31015295961041,0.8074580175170155
2,VI,25,6,0.20965,28.0231162663197,0.7992711991819179
2,VI,25,7,2.39051,27.85250551574455,0.7944050644555164
2,VI,25,8,0.81935,27.75169908064994,0.7915298781451287
2,VI,25,9,4.18414,27.62321019041145,0.7878651369219728
2,VI,25,10,3.35419,27.48991992053774,0.7840634514552753
2,VI,25,11,0.41716,27.28971065855663,0.7783531123413027
2,VI,25,12,0.36496,27.24092375915571,0.7769616195744755
2,VI,25,13,1.83823,27.27799865564094,0.778019064317297
2,VI,25,14,0.64287,27.19133961757911,0.7755473879836098
2,VI,25,15,3.15568,27.12984750275802,0.7737935189318528
2,VI,25,16,2.49601,27.05306491902378,0.7716035373754007
2,VI,25,17,4.08498,26.99833919542272,0.7700426583385004
2,VI,25,18,2.80151,27.08141102706612,0.7724120208984974
2,VI,25,19,3.37596,27.09750433147432,0.7728710317590632
2,VI,25,20,4.0167,27.09482561177825,0.7727946297100048
2,VI,25,21,3.92656,27.11561354389192,0.7733875400512782
2,VI,25,22,3.1722,27.0590528730062,0.7717743249178955
2,VI,25,23,1.30748,26.98225732468753,0.7695839735874739
2,VI,25,24,3.16864,27.02986672120622,0.770941881790337
2,VI,25,25,1.34777,27.11537398413635,0.7733807073631755
2,VI,25,26,2.27526,27.16478724473063,0.7747900651118048
2,VI,25,27,1.35339,27.15138659987301,0.7744078538907768
2,VI,25,28,4.3536,27.14474933286498,0.7742185467376971
2,VI,25,29,3.23495,27.04960493178989,0.7715048521285743
2,VI,25,30,0.68643,27.07044314112343,0.7720991964693157
2,VI,25,31,4.35572,27.09530492456055,0.7728083005986616
2,VI,25,32,3.82628,27.11337271323987,0.7733236274091078
2,VI,25,33,1.74539,27.12285137631438,0.7735939764427486
2,VI,25,34,3.9303,27.1039157339096,0.7730538968360298
2,VI,25,35,3.3878,27.03669426955538,0.7711366161198328
2,VI,25,36,0.71938,27.00227321300717,0.7701548638092427
2,VI,25,37,3.66704,27.01754888159137,0.770590554181133
2,VI,25,38,0.41973,26.99768025662103,0.7700238641829465
2,VI,25,39,1.96999,26.95755523372565,0.7688794241834117
2,VI,25,40,2.15055,26.89334095085735,0.7670479138551175
2,VI,25,41,2.45856,26.82547702204467,0.7651123088621603
2,VI,25,42,0.63055,26.79520869432239,0.7642490000721635
2,VI,25,43,0.76485,26.83681276294626,0.7654356251963582
2,VI,25,44,3.34563,26.83496150295599,0.7653828238312868
2,VI,25,45,2.327,26.86529333717685,0.7662479439442926
2,VI,25,46,3.83435,26.83125370890724,0.7652770706749461
2,VI,25,47,3.20789,26.77454956277507,0.7636597633616935
2,VI,25,48,0.42145,26.72594324292669,0.7622734210582957
2,VI,25,49,1.78085,26.73610065781872,0.7625631293514129
2,VI,25,50,3.16826,26.7286355298767,0.7623502100705749
2,VI,25,51,2.41804,26.71334948080914,0.7619142236280654
2,VI,25,52,4.22237,26.68181574644721,0.7610148230960684
2,VI,25,53,3.5605,26.57213154308786,0.757886426385396
2,VI,25,54,3.28154,26.58548470168984,0.7582672832104272
2,VI,25,55,2.48752,26.63317952225281,0.7596276278653131
2,VI,25,56,2.72467,26.63158159132303,0.7595820519144332
2,VI,25,57,2.70512,26.62626642748769,0.7594304535935275
2,VI,25,58,4.32725,26.58049739204108,0.758125035898395
2,VI,25,59,2.65161,26.55401604315695,0.7573697387616516
2,VI,25,60,1.94415,26.54710536262851,0.7571726333483695
2,VI,25,61,2.05989,26.6279161233656,0.7594775059766419
2,VI,25,62,2.99772,26.68697222848341,0.7611618955180455
2,VI,25,63,1.84758,26.74264252013778,0.7627497153859906
2,VI,25,64,1.0238,26.71812475295723,0.7620504232377002
2,VI,25,65,3.7095,26.62249366419345,0.7593228473939256
2,VI,25,66,0.25021,26.43492830623289,0.7539731358501635
2,VI,25,67,3.15723,26.46448446016693,0.7548161321241523
2,VI,25,68,4.42569,26.46581604848655,0.7548541114902915
2,VI,25,69,2.83879,26.45897413005236,0.7546589672993448
2,VI,25,70,2.61233,26.46549636601087,0.7548449935537542
2,VI,25,71,4.11797,26.43157170260662,0.7538773992953831
2,VI,25,72,1.04345,26.4012004757877,0.7530111556324911
2,VI,25,73,0.25806,26.391945771158,0.7527471943086627
2,VI,25,74,0.50472,26.40350026634597,0.753076749920432
2,VI,25,75,3.51639,26.39674246768573,0.7528840049813015
2,VI,25,76,4.45849,26.38838212744818,0.7526455525870805
2,VI,25,77,4.56524,26.30510679787745,0.7502703858891404
2,VI,25,78,3.01362,26.27104516896609,0.749298885120727
2,VI,25,79,1.67234,26.31108833359018,0.7504409903706917
2,VI,25,80,2.14543,26.31482652109825,0.7505476104048073
2,VI,25,81,1.07278,26.34609442481021,0.7514394289541169
2,VI,25,82,1.03575,26.35588518137999,0.7517186794725123
2,VI,25,83,4.35807,26.22450365409935,0.7479714348812262
2,VI,25,84,3.50568,26.26808025957448,0.7492143204112786
2,VI,25,85,0.91761,26.29715184732441,0.7500434959598573
2,VI,25,86,0.59199,26.33219671761109,0.751043040594116
2,VI,25,87,4.47086,26.36924529221601,0.75209973458814
2,VI,25,88,0.61237,26.41738766359457,0.7534728442215411
2,VI,25,89,2.52891,26.26232462253527,0.7490501589784577
2,VI,25,90,3.51902,26.10639434624439,0.7446027385796932
2,VI,25,91,4.61724,26.08844853656218,0.7440908908362561
2,VI,25,92,4.27492,26.06862324057304,0.7435254366608965
2,VI,25,93,0.65676,26.0632855391502,0.743373195526236
2,VI,25,94,4.5643,26.07527890710449,0.7437152686024762
2,VI,25,95,3.60314,26.00189618430204,0.7416222573793082
2,VI,25,96,2.00317,25.98325064651109,0.7410904520937028
2,VI,25,97,2.54526,25.99093970927005,0.7413097584104427
2,VI,25,98,3.52108,26.0010202181231,0.741597273200831
2,VI,25,99,0.40791,25.99529073663753,0.7414338577728629
2,VI,25,100,4.64982,25.99972406273651,0.7415603044475947
2,VI,25,101,4.65845,25.96696880807028,0.7406260638931973
2,VI,25,102,4.64896,25.95307589738295,0.7402298123386
2,VI,25,103,0.26414,25.98956909033415,0.7412706658188084
2,VI,25,104,4.24363,25.95146609606596,0.7401838978222826
2,VI,25,105,3.39654,25.95034584337618,0.7401519461398844
2,VI,25,106,3.79597,25.93839834752952,0.7398111814211491
2,VI,25,107,0.26272,25.92518907863195,0.739434428597097
2,VI,25,108,2.0234,25.9155487409664,0.7391594683045573
2,VI,25,109,2.34455,25.93560668094085,0.7397315579174375
2,VI,25,110,1.91442,25.92199754045996,0.7393434000149179
2,VI,25,111,2.3627,25.89044451258552,0.7384434491961956
2,VI,25,112,1.69695,25.88609772773236,0.7383194708381446
2,VI,25,113,0.50795,25.87748296576607,0.738073761864809
2,VI,25,114,2.43267,25.88837142426047,0.7383843208759965
2,VI,25,115,4.4852,25.9098633071768,0.7389973091984928
2,VI,25,116,3.71956,25.9166768389528,0.7391916437493512
2,VI,25,117,4.47239,25.88338773748863,0.7382421768951265
2,VI,25,118,4.68575,25.88193522268466,0.7382007484815923
2,VI,25,119,4.3609,25.85596402394614,0.7374600017722451
2,VI,25,120,2.61048,25.79543161778723,0.7357335053897516
2,VI,25,121,2.00868,25.80607207933849,0.7360369910686141
2,VI,25,122,2.06863,25.78009274079559,0.7352960121969639
2,VI,25,123,0.43521,25.75764144100105,0.7346556595274236
2,VI,25,124,0.36334,25.76142635478969,0.7347636122816391
2,VI,25,125,4.57186,25.73736089129387,0.7340772206724985
2,VI,25,126,3.25632,25.68430747542784,0.7325640389507745
2,VI,25,127,1.94883,25.69928806082027,0.732991313003284
2,VI,25,128,1.57509,25.65541858441333,0.7317400742516038
2,VI,25,129,1.86748,25.66741517137827,0.7320822391399922
2,VI,25,130,3.63437,25.71058462690946,0.7333135119992463
2,VI,25,131,4.62421,25.66770876770018,0.7320906130510897
2,VI,25,132,4.62372,25.62362401151443,0.7308332341212318
2,VI,25,133,3.34871,25.58318010370297,0.7296796989330372
2,VI,25,134,0.3072,25.56345279695173,0.7291170395923041
2,VI,25,135,4.53284,25.59598002553386,0.7300447764202795
2,VI,25,136,4.40117,25.57831754472474,0.7295410097412754
2,VI,25,137,0.27314,25.57806166887704,0.7295337116879936
2,VI,25,138,3.24185,25.51196181335494,0.7276484213338871
2,VI,25,139,0.35034,25.48442196549907,0.726862933845206
2,VI,25,140,3.92831,25.50365238174988,0.7274114209481919
2,VI,25,141,1.83675,25.52118514984852,0.7279114879803521
2,VI,25,142,0.28053,25.50447544855881,0.7274348963386207
2,VI,25,143,4.6996,25.50205566271759,0.727365879562874
2,VI,25,144,3.20162,25.46225740575744,0.7262307595332675
2,VI,25,145,0.45087,25.45987994245742,0.7261629498748141
2,VI,25,146,4.67257,25.41923632152895,0.7250037184984794
2,VI,25,147,1.19335,25.40959610402552,0.724728761633186
2,VI,25,148,4.50272,25.40132205078209,0.7244927703039161
2,VI,25,149,3.62201,25.38832700442249,0.7241221275035741
2,VI,25,150,0.4147,25.34389851157254,0.7228549445671529
2,VI,25,151,3.25348,25.32310268812732,0.7222618091504822
2,VI,25,152,2.92299,25.34165634777451,0.7227909939011891
2,VI,25,153,4.74005,25.33253555705939,0.72253085205033
2,VI,25,154,3.12958,25.33724920514425,0.7226652940274999
2,VI,25,155,4.0146,25.3658116909782,0.7234799490461338
2,VI,25,156,0.98866,25.32220887208051,0.7222363158606998
2,VI,25,157,2.07329,25.26481313687301,0.7205992831455923
2,VI,25,158,1.33294,25.25717225807401,0.7203813511246693
2,VI,25,159,1.25644,25.26213675962322,0.7205229479074421
2,VI,25,160,0.2458,25.27105289848073,0.7207772527081283
2,VI,25,161,0.31205,25.29344302369225,0.7214158605652122
2,VI,25,162,0.27038,25.22455839316224,0.7194511432680464
2,VI,25,163,1.4413,25.19563900865259,0.7186263088378938
2,VI,25,164,0.89365,25.20426191954335,0.7188722502336542
2,VI,25,165,0.56922,25.1994440167516,0.7187348347190731
2,VI,25,166,0.24058,25.18177614824973,0.718230914373089
2,VI,25,167,4.22512,25.20203878819955,0.7188088424085497
2,VI,25,168,0.78224,25.1985586530338,0.7187095825053752
2,VI,25,169,4.00792,25.2773532808338,0.7209569512866442
2,VI,25,170,0.25445,25.29547245588136,0.721473743731525
2,VI,25,171,1.78147,25.24570657417722,0.7200543285754805
2,VI,25,172,3.68415,25.25712094361833,0.7203798875413141
2,VI,25,173,3.48084,25.23446910929106,0.7197338152553354
2,VI,25,174,1.03744,25.1673782683347,0.717820260160474
2,VI,25,175,4.78081,24.96707443262438,0.7121072236285111
2,VI,25,176,3.77093,25.0117443921034,0.7133812936406002
2,VI,25,177,4.12186,24.86202185581545,0.7091109294888711
2,VI,25,178,1.54697,24.86301547476534,0.7091392693423715
2,VI,25,179,0.26393,24.88396288210676,0.7097367282126275
2,VI,25,180,1.73904,24.88258439862111,0.7096974113094623
2,VI,25,181,4.44011,,
2,VI,25,182,4.6011,,
2,VI,25,183,1.02125,,
2,VI,25,184,0.48002,,
2,VI,25,185,1.32905,,
2,VI,25,186,1.05444,,
2,VI,25,187,2.8066,,
2,VI,25,188,0.50107,,
2,VI,25,189,3.35057,,
2,VI,25,190,1.66755,,
2,VI,25,191,3.4537,,
2,VI,25,192,3.44481,,
2,VI,25,193,4.35781,,
2,VI,25,194,0.26841,,
2,VI,25,195,3.85722,,
2,VI,25,196,3.81886,,
2,VI,25,197,0.63963,,
2,VI,25,198,1.8103,,
2,VI,25,199,3.11949,,
2,VI,25,200,1.25359,,
2,VI,25,201,4.66397,,
2,VI,25,202,3.29121,,
2,VI,25,203,0.64752,,
2,VI,25,204,1.21637,,
2,VI,25,205,4.49084,,
2,VI,25,206,3.94658,,
2,VI,25,207,0.29517,,
2,VI,25,208,1.03878,,
2,VI,25,209,0.28522,,
2,VI,25,210,2.70504,,
2,VI,25,211,2.75943,,
2,VI,25,212,4.074,,
2,VI,25,213,1.68578,,
2,VI,25,214,3.0628,,
2,VI,25,215,3.35015,,
2,VI,25,216,0.57416,,
2,VI,25,217,3.9465,,
2,VI,25,218,2.32489,,
2,VI,25,219,4.78372,,
2,VI,25,220,3.14382,,
2,VI,25,221,0.69941,,
2,VI,25,222,0.84654,,
2,VI,25,223,0.88342,,
2,VI,25,224,3.45828,,
2,VI,25,225,3.50818,,
2,VI,25,226,4.50935,,
2,VI,25,227,4.84946,,
2,VI,25,228,4.44251,,
2,VI,25,229,4.58637,,
2,VI,25,230,0.89384,,
2,VI,25,231,1.3172,,
2,VI,25,232,4.411,,
2,VI,25,233,4.76197,,
2,VI,25,234,0.58466,,
2,VI,25,235,3.99428,,
2,VI,25,236,1.19207,,
2,VI,25,237,4.87128,,
2,VI,25,238,2.12477,,
2,VI,25,239,4.88455,,
2,VI,25,240,4.28498,,
2,VI,25,241,4.9742,,
2,VI,25,242,4.87533,,
2,VI,25,243,1.10146,,
2,VI,25,244,2.23342,,
2,VI,25,245,4.72315,,
2,VI,25,246,0.71837,,
2,VI,25,247,4.47601,,
2,VI,25,248,0.42648,,
2,VI,25,249,0.244,,
2,VI,25,250,3.25382,,
2,V,35,1,1.09505,39.74161147570033,0.9819103558009353
2,V,35,2,1.11992,39.17379528775749,0.9678811160587727
2,V,35,3,1.12053,38.65528398745055,0.9550700699922966
2,V,35,4,1.12511,38.22607119928745,0.9444653545343632
2,V,35,5,1.13355,37.87145258509397,0.9357036642881269
2,V,35,6,1.1347,37.59251943511919,0.9288119621561216
2,V,35,7,1.14642,37.36190744241255,0.9231141483181248
2,V,35,8,1.1492,37.19986944368488,0.9191106169293374
2,V,35,9,1.14087,37.19052658022572,0.9188797794257049
2,V,35,10,1.14293,37.07739414261921,0.9160845754081034
2,V,35,11,1.1368,36.88368448532995,0.9112985209063308
2,V,35,12,1.14589,36.717357590007,0.9071890221995235
2,V,35,13,1.13895,36.59977968142106,0.9042839823240132
2,V,35,14,1.1333,36.66618926946769,0.9059247880137202
2,V,35,15,1.13177,36.61086411532756,0.9045578494380239
2,V,35,16,1.13061,36.54638100313994,0.9029646418835187
2,V,35,17,1.13291,36.33752617789077,0.8978043902440866
2,V,35,18,1.13633,36.2246350940616,0.8950151494414776
2,V,35,19,1.14618,36.23457869504252,0.8952608295841435
2,V,35,20,1.12972,36.27027108594267,0.8961426943839536
2,V,35,21,1.13095,36.24041479217237,0.895405024144869
2,V,35,22,1.12926,36.10664239612242,0.892099861215528
2,V,35,23,1.13427,35.98212522217687,0.8890233704031975
2,V,35,24,1.14062,35.91291793986007,0.8873134410701796
2,V,35,25,1.13217,36.0307609624875,0.8902250312141149
2,V,35,26,1.12872,36.00744699095785,0.8896490044947705
2,V,35,27,1.12381,35.98432011171899,0.8890776003322624
2,V,35,28,1.12928,35.81164612836289,0.8848112818278296
2,V,35,29,1.13143,35.72768598229512,0.882736848159006
2,V,35,30,1.12925,35.6542040372988,0.8809213031904684
2,V,35,31,1.12905,35.62121540420281,0.8801062411117584
2,V,35,32,1.14183,35.57282326111217,0.8789105989453819
2,V,35,33,1.12857,35.51669434998361,0.8775238016553258
2,V,35,34,1.12777,35.46749665498012,0.8763082564267434
2,V,35,35,1.13588,35.41944111454349,0.8751209308237746
2,V,35,36,1.12745,35.37657984818613,0.8740619420274908
2,V,35,37,1.12925,35.4283236356273,0.8753403944819895
2,V,35,38,1.12762,35.38378559901048,0.8742399771169856
2,V,35,39,1.13465,35.31178535626856,0.872461041101477
2,V,35,40,1.1335,35.27679661860265,0.8715965617163982
2,V,35,41,1.14844,35.31014691805015,0.8724205596163471
2,V,35,42,1.1311,35.40695990223568,0.8748125530010614
2,V,35,43,1.15003,35.40902410933688,0.8748635541118349
2,V,35,44,1.13929,35.36947217963028,0.8738863302920467
2,V,35,45,1.14821,35.18052236209488,0.8692178788710934
2,V,35,46,1.15512,35.11956559767155,0.8677117980650854
2,V,35,47,1.14928,35.19459421096638,0.8695655571261798
2,V,35,48,1.14277,35.19698437861587,0.8696246118620093
2,V,35,49,1.14523,35.19098063744821,0.8694762752594617
2,V,35,50,1.1594,35.02784351547757,0.8654455874355299
2,V,35,51,1.16308,34.93449904093171,0.8631392917718672
2,V,35,52,1.15212,34.87565619967783,0.861685440429496
2,V,35,53,1.1503,34.97722614871556,0.8641949658637956
2,V,35,54,1.15002,34.97313712961324,0.8640939369912224
2,V,35,55,1.15691,34.93844026114869,0.8632366689239717
2,V,35,56,1.16216,34.75487026565163,0.8587011387101778
2,V,35,57,1.15349,34.68350244969517,0.8569378282917919
2,V,35,58,1.15229,34.64527977709757,0.8559934469077376
2,V,35,59,1.15951,34.78701046485264,0.8594952382260536
2,V,35,60,1.14699,34.77623211796348,0.8592289337145882
2,V,35,61,1.14887,34.68769630928209,0.8570414474961034
2,V,35,62,1.15614,34.55703355593707,0.8538131156327772
2,V,35,63,1.15378,34.49965100375785,0.8523953441802653
2,V,35,64,1.1695,34.61965247390078,0.8553602638669451
2,V,35,65,1.15514,34.61020717609237,0.85512689548083
2,V,35,66,1.15332,34.59666584924952,0.8547923250252153
2,V,35,67,1.15969,34.46576643826253,0.85155814597601
2,V,35,68,1.16747,34.40389280124455,0.8500294116674839
2,V,35,69,1.16128,34.34646584011544,0.8486105429869994
2,V,35,70,1.15952,34.33038242374679,0.8482131642068588
2,V,35,71,1.15868,34.32636249293132,0.8481138423235545
2,V,35,72,1.17086,34.29674231457306,0.8473820058732779
2,V,35,73,1.16037,34.21106798052641,0.8452652191426193
2,V,35,74,1.17476,34.17711826702625,0.8444264113030665
2,V,35,75,1.16568,34.12275806865945,0.8430833142383591
2,V,35,76,1.16443,34.18007835286839,0.844499547213628
2,V,35,77,1.167,34.16113332845562,0.8440314656494675
2,V,35,78,1.17888,34.07373174287071,0.8418720030908917
2,V,35,79,1.16645,34.00636797501078,0.840207622135734
2,V,35,80,1.16817,33.94027347255962,0.8385746013796936
2,V,35,81,1.17175,34.06709020755514,0.8417079082778577
2,V,35,82,1.16921,34.06583640677849,0.8416769301689941
2,V,35,83,1.16924,34.04285133337191,0.8411090296544272
2,V,35,84,1.18184,33.89384437974079,0.8374274610057527
2,V,35,85,1.16994,33.82987789982096,0.8358470180713785
2,V,35,86,1.1732,33.7865438771388,0.8347763487137421
2,V,35,87,1.1771,33.92258803536858,0.8381376408921862
2,V,35,88,1.17106,33.96245921530358,0.8391227525427323
2,V,35,89,1.17633,33.91859494902378,0.8380389822649194
2,V,35,90,1.17798,33.75750338047713,0.8340588346686176
2,V,35,91,1.18312,33.67991171548545,0.832141749363062
2,V,35,92,1.1733,33.6348890655344,0.8310293584812889
2,V,35,93,1.17265,33.78832518254348,0.83482036007007
2,V,35,94,1.18797,33.76784750071589,0.8343144105853189
2,V,35,95,1.1783,33.69954343127648,0.8326267972592485
2,V,35,96,1.18607,33.50200090813282,0.8277460427557628
2,V,35,97,1.182,33.45793602049424,0.8266573156535418
2,V,35,98,1.19549,33.5137723136864,0.8280368831265027
2,V,35,99,1.18106,33.53520077916846,0.8285663239665809
2,V,35,100,1.17715,33.5327345019468,0.8285053887640487
2,V,35,101,1.17936,33.37626852663375,0.8246395273712788
2,V,35,102,1.18259,33.26068438951325,0.8217837483278363
2,V,35,103,1.18287,33.17337738613934,0.819626622646126
2,V,35,104,1.18114,33.32144316080904,0.8232849372460953
2,V,35,105,1.17418,33.3112296002036,0.8230325871134337
2,V,35,106,1.18987,33.30518857686785,0.8228833293668867
2,V,35,107,1.17574,33.11000216239469,0.818060788091729
2,V,35,108,1.19463,33.04688199755901,0.8165012553699642
2,V,35,109,1.17673,32.97824684869254,0.8148054619448503
2,V,35,110,1.18268,32.93396534984676,0.8137113829512581
2,V,35,111,1.17868,32.89887166008125,0.8128443104767288
2,V,35,112,1.18501,32.85306663145317,0.8117125890822612
2,V,35,113,1.19432,32.80703489804672,0.8105752664109122
2,V,35,114,1.1775,32.7334539043672,0.8087572742107665
2,V,35,115,1.19412,32.68134031435864,0.8074696849106029
2,V,35,116,1.18393,32.68864857048499,0.8076502526356358
2,V,35,117,1.19441,32.72045570399775,0.808436122977195
2,V,35,118,1.18192,32.6484570318425,0.8066572257667387
2,V,35,119,1.18734,32.58965405536735,0.8052043593778614
2,V,35,120,1.18505,32.52301222122998,0.8035578155000658
2,V,35,121,1.18646,32.66622305864973,0.8070961774110152
2,V,35,122,1.199,32.6988532042321,0.8079023822091829
2,V,35,123,1.18375,32.73228762912962,0.8087284586270251
2,V,35,124,1.201,32.6435724494502,0.8065365406244743
2,V,35,125,1.20301,32.46152156532843,0.8020385436443777
2,V,35,126,1.19708,32.39148548569657,0.8003081369166013
2,V,35,127,1.19288,32.51916818451391,0.8034628394958365
2,V,35,128,1.18904,32.58236725051245,0.8050243216571439
2,V,35,129,1.18495,32.56737791125276,0.8046539746354913
2,V,35,130,1.20228,32.41632320493735,0.8009218114212677
2,V,35,131,1.19684,32.28180671665068,0.7975982639361483
2,V,35,132,1.19817,32.19617465577019,0.795482521663882
2,V,35,133,1.20925,32.35413339511533,0.7993852653170197
2,V,35,134,1.19442,32.4036086762653,0.8006076689668319
2,V,35,135,1.19302,32.41264389506274,0.8008309053826366
2,V,35,136,1.20767,32.19930724281525,0.7955599196239992
2,V,35,137,1.20123,32.11455146320515,0.7934658279497342
2,V,35,138,1.20271,32.04681382703609,0.7917922096951612
2,V,35,139,1.20123,32.22602530145434,0.7962200523536611
2,V,35,140,1.19891,32.35701667967651,0.7994565036705794
2,V,35,141,1.20165,32.28244605962247,0.7976140604139861
2,V,35,142,1.20292,32.04891480624602,0.7918441193477129
2,V,35,143,1.20459,31.96107792311268,0.7896739017353085
2,V,35,144,1.20995,31.91122019114987,0.7884420487350605
2,V,35,145,1.19884,32.10658777509143,0.7932690662297416
2,V,35,146,1.20186,32.1689017015512,0.7948086789286096
2,V,35,147,1.22455,32.15735056859335,0.7945232809124905
2,V,35,148,1.22736,31.92556321624248,0.7887964270390344
2,V,35,149,1.22767,31.87201561491226,0.7874734071029508
2,V,35,150,1.24334,31.82755784445618,0.7863749729029853
2,V,35,151,1.22963,31.8782474014956,0.7876273781059903
2,V,35,152,1.23221,31.99590826131526,0.7905344674876076
2,V,35,153,1.23479,31.84475411881596,0.7867998474676563
2,V,35,154,1.23627,31.71867424457124,0.7836847464543352
2,V,35,155,1.23356,31.64521135464648,0.7818696722863364
2,V,35,156,1.23262,31.55057591175545,0.7795314802012638
2,V,35,157,1.23453,31.60953395734277,0.7809881779387315
2,V,35,158,1.24488,31.58791789119384,0.7804541019811855
2,V,35,159,1.24437,31.47968897097181,0.7777800509395425
2,V,35,160,1.23598,31.37955017180294,0.7753058854422148
2,V,35,161,1.23823,31.31314992952817,0.7736653106618702
2,V,35,162,1.24442,31.48355011154088,0.7778754495348483
2,V,35,163,1.22358,31.48882041850662,0.7780056649135346
2,V,35,164,1.2238,31.54634128626974,0.7794268537791598
2,V,35,165,1.22978,31.46110194883726,0.7773208146670382
2,V,35,166,1.22986,31.27480509732309,0.77271791103625
2,V,35,167,1.23134,31.20275261104668,0.7709376842208561
2,V,35,168,1.22874,31.24755014635386,0.7720445131137753
2,V,35,169,1.22554,31.35091879109064,0.7745984795726899
2,V,35,170,1.22452,31.33202252981058,0.7741316028168704
2,V,35,171,1.24023,31.26067781554073,0.7723688631802038
2,V,35,172,1.23077,31.07767423228283,0.7678473275182822
2,V,35,173,1.23135,31.05681130546019,0.767331859646226
2,V,35,174,1.23439,31.09778470749491,0.7683442042964896
2,V,35,175,1.22916,31.2352734889255,0.7717411893023869
2,V,35,176,1.22205,31.22957802223032,0.7716004693486292
2,V,35,177,1.22661,31.0851353190443,0.7680316712850441
2,V,35,178,1.23617,30.92484300944475,0.7640712712683693
2,V,35,179,1.23422,30.83761128236264,0.7619160054652023
2,V,35,180,1.23648,30.92513689685692,0.7640785324508612
2,V,35,181,1.23123,31.04529680696779,0.7670473667710829
2,V,35,182,1.22348,31.03222651897221,0.7667244344424828
2,V,35,183,1.23188,30.90312462084495,0.7635346671930541
2,V,35,184,1.24734,30.75194792514585,0.7597994899430456
2,V,35,185,1.23739,30.67939873975118,0.7580069910030489
2,V,35,186,1.23076,30.78744639410995,0.7606765634435059
2,V,35,187,1.22303,30.81818019296731,0.7614359145178728
2,V,35,188,1.22722,30.82216469935187,0.7615343611569616
2,V,35,189,1.23166,30.68209347805871,0.7580735708761867
2,V,35,190,1.24816,30.54901102879883,0.7547854547115079
2,V,35,191,1.23577,30.46555295437708,0.7527234259082717
2,V,35,192,1.23415,30.40185690494964,0.751149664597796
2,V,35,193,1.23356,30.42561380847889,0.751736634998113
2,V,35,194,1.23835,30.42380454844371,0.7516919329566276
2,V,35,195,1.24442,30.29779581838102,0.7485785897283207
2,V,35,196,1.23921,30.21637088984172,0.7465667945951018
2,V,35,197,1.23652,30.13971279114869,0.7446727752494413
2,V,35,198,1.23696,30.08154582917568,0.7432356231006992
2,V,35,199,1.2384,30.12989286890373,0.7444301508819977
2,V,35,200,1.2448,30.1105673319342,0.743952667856595
2,V,35,201,1.24463,30.03775411227329,0.7421536453265707
2,V,35,202,1.23837,29.97516241187417,0.7406071695666065
2,V,35,203,1.2409,29.92896341621018,0.7394657142862183
2,V,35,204,1.2503,30.12663088561709,0.7443495558821809
2,V,35,205,1.23005,30.23400102494137,0.7470023887138532
2,V,35,206,1.24961,30.23469121863683,0.747019441578896
2,V,35,207,1.236,30.14482058622188,0.7447989753880729
2,V,35,208,1.25052,29.9581867141304,0.740187744868095
2,V,35,209,1.23939,29.89193525420978,0.7385508461071386
2,V,35,210,1.23924,29.94962510138749,0.7399762100082226
2,V,35,211,1.25257,30.03257306612359,0.7420256353471217
2,V,35,212,1.25777,30.03789146718555,0.7421570390040226
2,V,35,213,1.24119,29.9603408019706,0.7402409666947664
2,V,35,214,1.26432,29.80734736523309,0.7364609025674224
2,V,35,215,1.24452,29.74995115850025,0.73504279374692
2,V,35,216,1.24349,29.73704117152276,0.7347238220335006
2,V,35,217,1.26059,29.87723496757812,0.738187640813219
2,V,35,218,1.25291,29.91548815122945,0.7391327760449034
2,V,35,219,1.26412,29.91700871210903,0.7391703450920267
2,V,35,220,1.28224,29.75088581324218,0.7350658865993768
2,V,35,221,1.26626,29.6654121745415,0.7329540585211545
2,V,35,222,1.26969,29.616970436473,0.7317571909937383
2,V,35,223,1.26058,29.77625197286522,0.7356926174715256
2,V,35,224,1.26822,29.79162250639935,0.7360723827978655
2,V,35,225,1.28872,29.78940590777803,0.7360176164947362
2,V,35,226,1.28012,29.52460984043455,0.7294752043718935
2,V,35,227,1.29715,29.45142265469024,0.7276669421267099
2,V,35,228,1.28233,29.39834933713957,0.7263556404913553
2,V,35,229,1.28661,29.59365575928073,0.7311811468393324
2,V,35,230,1.29838,29.62328648103415,0.7319132437890832
2,V,35,231,1.28718,29.62019732834625,0.7318369189773237
2,V,35,232,1.2873,29.39546863232124,0.7262844658764342
2,V,35,233,1.30582,29.32215099704738,0.7244729805675847
2,V,35,234,1.30566,29.23073073277706,0.7222142270625344
2,V,35,235,1.3075,29.25737707090551,0.7228725877676229
2,V,35,236,1.28591,29.33560550843811,0.7248054060424519
2,V,35,237,1.28918,29.2993518479538,0.7239096737522049
2,V,35,238,1.29687,29.18292714130912,0.7210331264537795
2,V,35,239,1.30217,29.08756630083045,0.7186770117083787
2,V,35,240,1.29526,29.05262993826251,0.7178138263737717
2,V,35,241,1.30398,29.00447959945089,0.7166241585530955
2,V,35,242,1.29,29.08748936149254,0.7186751107403541
2,V,35,243,1.30343,29.06472491992697,0.7181126614564108
2,V,35,244,1.29839,28.94039527478877,0.7150408039860892
2,V,35,245,1.31453,28.86118924213115,0.7130838319152415
2,V,35,246,1.29526,28.77746403680718,0.7110152030122733
2,V,35,247,1.29612,28.98977822144657,0.7162609262942373
2,V,35,248,1.28731,29.06101427411014,0.7180209811893316
2,V,35,249,1.29928,29.02114990005913,0.7170360376942208
2,V,35,250,1.30735,28.85222359995736,0.7128623145542197
2,V,35,251,1.29821,28.77693187660851,0.7110020547379428
2,V,35,252,1.32092,28.71040956263138,0.709358463887936
2,V,35,253,1.30095,28.85676257763588,0.7129744607159326
2,V,35,254,1.2958,28.86474838133361,0.713171768853651
2,V,35,255,1.29885,28.86362911614948,0.7131441147642877
2,V,35,256,1.30065,28.74919586239496,0.7103167710120531
2,V,35,257,1.30654,28.63836261795976,0.7075783739909741
2,V,35,258,1.3083,28.59157817290329,0.7064224538008872
2,V,35,259,1.31017,28.65090284752066,0.7078882099742858
2,V,35,260,1.30551,28.75110888687047,0.710364036799062
2,V,35,261,1.31917,28.74351927642607,0.7101765175512227
2,V,35,262,1.30948,28.61199705153701,0.7069269504138782
2,V,35,263,1.33596,28.4387462324532,0.702646379820675
2,V,35,264,1.31495,28.37626745659509,0.7011026941281521
2,V,35,265,1.31793,28.30626654675591,0.6993731563531526
2,V,35,266,1.31132,28.5358137226732,0.7050446613779516
2,V,35,267,1.31656,28.46134346277871,0.7032046977560865
2,V,35,268,1.34122,28.48983336635377,0.7039086080988572
2,V,35,269,1.32154,28.33209348477892,0.7000112718437368
2,V,35,270,1.33532,28.25102432767828,0.6980082668840147
2,V,35,271,1.32048,28.143480281492,0.69535113727266
2,V,35,272,1.33789,28.37187815130531,0.7009942459762335
2,V,35,273,1.31486,28.31773908609814,0.69965661252841
2,V,35,274,1.32338,28.28524736480752,0.6988538278292399
2,V,35,275,1.32011,28.15657896024024,0.695674771061845
2,V,35,276,1.33958,28.07669848409356,0.6937011352719956
2,V,35,277,1.32807,28.03549022502598,0.6926829879241528
2,V,35,278,1.34584,28.01913365517722,0.6922788602422721
2,V,35,279,1.34291,28.09267085000192,0.6940957702882845
2,V,35,280,1.32187,28.07104538242087,0.6935614620461577
2,V,35,281,1.34539,27.92505801780403,0.6899544994744208
2,V,35,282,1.3471,27.85670066297655,0.6882655696070121
2,V,35,283,1.32986,27.79382637964886,0.6867121119685172
2,V,35,284,1.33009,27.72095496722964,0.6849116516489848
2,V,35,285,1.34899,27.81681951745906,0.6872802117332185
2,V,35,286,1.35406,27.83992406557042,0.6878510641524898
2,V,35,287,1.33277,27.70254866555024,0.6844568805020712
2,V,35,288,1.33382,27.58393953915957,0.6815263619556174
2,V,35,289,1.34374,27.50160242995874,0.6794920292451676
2,V,35,290,1.34994,27.74292982935125,0.6854545925082829
2,V,35,291,1.33851,27.83341210691324,0.6876901708367786
2,V,35,292,1.33228,27.82781823265078,0.6875519609639678
2,V,35,293,1.33022,27.74143065157486,0.6854175517812171
2,V,35,294,1.34071,27.57016970896914,0.6811861457852221
2,V,35,295,1.35048,27.52585348962659,0.6800912089397697
2,V,35,296,1.34141,27.55868196513624,0.6809023139471193
2,V,35,297,1.3381,27.59624945370783,0.681830507462685
2,V,35,298,1.35032,27.54300208180407,0.6805149054035321
2,V,35,299,1.36254,27.67651628515197,0.6838136890724826
2,V,35,300,1.34899,27.40416809487152,0.6770846839191931
2,V,35,301,1.36376,27.33750966266719,0.675437729946959
2,V,35,302,1.37069,27.25290676383968,0.6733474155534346
2,V,35,303,1.3577,27.4732688038156,0.6787919801053798
2,V,35,304,1.34437,27.47185336238566,0.6787570082824849
2,V,35,305,1.35544,27.33284547533801,0.6753224901851613
2,V,35,306,1.35305,27.16398836258231,0.6711504764819212
2,V,35,307,1.35737,27.13714789060127,0.6704873192415842
2,V,35,308,1.37668,27.05007137097214,0.668335888205044
2,V,35,309,1.36021,27.24795775188488,0.6732251385266872
2,V,35,310,1.37609,27.20200199362902,0.6720896930008382
2,V,35,311,1.35651,27.22418086943314,0.6726376744999126
2,V,35,312,1.3548,27.08105637184229,0.6691014458183155
2,V,35,313,1.36724,26.99256187685651,0.6669149803522374
2,V,35,314,1.3809,26.93706288838874,0.665543746788991
2,V,35,315,1.37124,27.05647519877881,0.6684941098927574
2,V,35,316,1.3832,27.12161560487452,0.6701035574453702
2,V,35,317,1.38712,27.1238077569775,0.670157719739537
2,V,35,318,1.37792,16.91330118580245,0.417883044206048
2,V,45,1,1.02889,40.93103710061133,0.9873859508094537
2,V,45,2,1.08406,40.72011558218685,0.9822978573046688
2,V,45,3,1.05896,40.41332131304166,0.9748970101089771
2,V,45,4,1.06749,40.26312791730167,0.9712738708151081
2,V,45,5,1.05459,40.1380978339246,0.9682577501277285
2,V,45,6,1.04166,40.0441441963679,0.9659912915104477
2,V,45,7,1.05201,39.96530066229202,0.9640893363347864
2,V,45,8,1.05415,39.90073367333095,0.9625317765390371
2,V,45,9,1.02989,39.8845546550734,0.9621414874953923
2,V,45,10,1.0221,39.78985599937777,0.9598570566864546
2,V,45,11,1.01968,39.70312741098869,0.9577648890851691
2,V,45,12,1.03258,39.64265464564983,0.9563060949003206
2,V,45,13,1.00903,39.58832912344493,0.9549955916442303
2,V,45,14,1.00977,39.56593815285918,0.9544554506815909
2,V,45,15,0.97996,39.51405999056669,0.9532039854798784
2,V,45,16,0.98927,39.45281405757319,0.9517265400481062
2,V,45,17,0.9788,39.3912473684282,0.9502413569644186
2,V,45,18,0.96503,39.33529070613187,0.9488915054551648
2,V,45,19,0.95669,39.31620232286499,0.9484310333343372
2,V,45,20,0.95651,39.27735287568999,0.9474938619100458
2,V,45,21,0.95359,39.24368599712158,0.9466817104166853
2,V,45,22,0.95318,39.17160173763573,0.9449428103024302
2,V,45,23,0.95679,39.12574232296835,0.9438365363117758
2,V,45,24,0.9479,39.10565451305049,0.9433519548620883
2,V,45,25,0.94864,39.06726155258132,0.942425795339571
2,V,45,26,0.95239,39.03209692733638,0.9415775134637177
2,V,45,27,0.95056,38.98991041911906,0.9405598415824726
2,V,45,28,0.94504,38.94149239525142,0.9393918458530863
2,V,45,29,0.94212,38.90393327572424,0.9384858012089022
2,V,45,30,0.94158,38.85555871007455,0.9373188538290542
2,V,45,31,0.94017,38.81108234317769,0.9362459433208485
2,V,45,32,0.94626,38.7605536720089,0.9350270321092294
2,V,45,33,0.94534,38.72086211212534,0.9340695462654575
2,V,45,34,0.95038,38.67563915606474,0.9329786256675124
2,V,45,35,0.95086,38.63611177103515,0.9320251002399861
2,V,45,36,0.95046,38.61572184354058,0.9315332307597021
2,V,45,37,0.93651,38.56914153069695,0.9304095664271066
2,V,45,38,0.93868,38.51876769184453,0.9291943902602051
2,V,45,39,0.93831,38.48107357783049,0.9282850891224357
2,V,45,40,0.95063,38.46818346078832,0.9279741387685404
2,V,45,41,0.95236,38.42796239409805,0.9270038795474286
2,V,45,42,0.95069,38.40136465673956,0.9263622580774781
2,V,45,43,0.94165,38.33836110874085,0.9248424134179801
2,V,45,44,0.95015,38.28755161265862,0.9236167278220841
2,V,45,45,0.93367,38.24842990847311,0.9226729886984079
2,V,45,46,0.94645,38.22314376662104,0.9220630070565174
2,V,45,47,0.93201,38.19296215386496,0.9213349311874679
2,V,45,48,0.94127,38.15766708246839,0.920483502538247
2,V,45,49,0.93621,38.09430196804139,0.9189549357540029
2,V,45,50,0.94099,38.0501530292918,0.917889923847333
2,V,45,51,0.93735,38.01658168878689,0.9170800770339502
2,V,45,52,0.93919,37.98900392513617,0.9164148142330948
2,V,45,53,0.94518,37.9549414108848,0.9155931187569119
2,V,45,54,0.94683,37.88632060843103,0.9139377681702757
2,V,45,55,0.93966,37.83950054937962,0.9128083204015863
2,V,45,56,0.94265,37.79578602692125,0.9117537879885511
2,V,45,57,0.95055,37.78817547362991,0.9115701973949563
2,V,45,58,0.94029,37.75228902714027,0.9107045029098337
2,V,45,59,0.95001,37.71344511889527,0.909767465102036
2,V,45,60,0.94671,37.64843145827953,0.9081991301745607
2,V,45,61,0.94221,37.60390870568974,0.9071251006968696
2,V,45,62,0.94218,37.57921590262855,0.9065294322614768
2,V,45,63,0.95231,37.55364766588931,0.9059126455995302
2,V,45,64,0.95154,37.51641295328735,0.9050144266754597
2,V,45,65,0.93804,37.46462073107908,0.9037650346201365
2,V,45,66,0.9395,37.416831296413,0.9026122024485395
2,V,45,67,0.95509,37.38112374914212,0.9017508235778682
2,V,45,68,0.94599,37.34434954638888,0.9008637136064908
2,V,45,69,0.94418,37.31052974882969,0.9000478732238715
2,V,45,70,0.93469,37.27365370939505,0.8991583066299502
2,V,45,71,0.93881,37.22866397659898,0.8980730121140963
2,V,45,72,0.94607,37.18164892949548,0.8969388606174573
2,V,45,73,0.95041,37.14713201010893,0.8961062034535618
2,V,45,74,0.94052,37.1326747294193,0.8957574481604876
2,V,45,75,0.9367,37.0873878571908,0.8946649857026073
2,V,45,76,0.93894,37.03367907932411,0.8933693602687743
2,V,45,77,0.94517,36.99079541057677,0.8923348706726225
2,V,45,78,0.95081,36.94307154088297,0.8911836201353323
2,V,45,79,0.94084,36.91787405529366,0.8905757771626401
2,V,45,80,0.94593,36.89593606053371,0.8900465634082546
2,V,45,81,0.94838,36.86418492783948,0.8892806257588493
2,V,45,82,0.94175,36.80175806496226,0.8877746925667201
2,V,45,83,0.94271,36.76291619903397,0.8868377040260549
2,V,45,84,0.94624,36.71446305692375,0.8856688611336893
2,V,45,85,0.95088,36.70858164350166,0.8855269828575635
2,V,45,86,0.94671,36.67810059072628,0.8847916835490629
2,V,45,87,0.94482,36.64382287418155,0.8839647967135572
2,V,45,88,0.96029,36.58050763053129,0.8824374329700322
2,V,45,89,0.94811,36.5429492175839,0.8815314053707854
2,V,45,90,0.96363,36.53394064685696,0.8813140901791183
2,V,45,91,0.94458,36.49821168969935,0.880452194834327
2,V,45,92,0.95726,36.46642036012182,0.8796852875090803
2,V,45,93,0.94941,36.38793457970638,0.8777919624821567
2,V,45,94,0.95151,36.34016707375292,0.8766396593003997
2,V,45,95,0.95615,36.30086226622137,0.8756915031454376
2,V,45,96,0.96129,36.2916339953774,0.8754688880927283
2,V,45,97,0.95636,36.25321185959623,0.8745420247694958
2,V,45,98,0.96114,36.22059706605069,0.8737552528913181
2,V,45,99,0.97098,36.15509017737872,0.8721750197445995
2,V,45,100,0.96404,36.11277773165892,0.8711543098528512
2,V,45,101,0.9585,36.10446804042518,0.8709538538429146
2,V,45,102,0.957,36.07331588144594,0.8702023653321819
2,V,45,103,0.9692,36.05166604402456,0.8696801028433365
2,V,45,104,0.96722,35.99233997463566,0.8682489705881886
2,V,45,105,0.96017,35.93600690851809,0.8668900390293867
2,V,45,106,0.96029,35.90847947828418,0.8662259904295909
2,V,45,107,0.96092,35.99566413938561,0.8683291599458197
2,V,45,108,0.96283,35.83069766399036,0.8643496472899482
2,V,45,109,0.96359,35.79688492151941,0.8635339770983504
2,V,45,110,0.96429,35.7444809135199,0.8622698268365911
2,V,45,111,0.9694,35.72235753662912,0.8617361410794302
2,V,45,112,0.97634,35.68096337715952,0.8607375831536835
2,V,45,113,0.97547,35.62714613423873,0.8594393412000122
2,V,45,114,0.97546,35.62129228818127,0.8592981279358302
2,V,45,115,0.96908,35.573852792191,0.8581537373908474
2,V,45,116,0.98549,35.52301458447774,0.8569273591796867
2,V,45,117,0.97023,35.49782519532863,0.8563197115187157
2,V,45,118,0.979,35.47091250293064,0.8556704923380016
2,V,45,119,0.97089,35.44101544022794,0.8549492807153753
2,V,45,120,0.98119,35.43608174978094,0.8548302645120712
2,V,45,121,0.97338,35.39097860741926,0.8537422341991374
2,V,45,122,0.97445,35.38346090575703,0.853560883480234
2,V,45,123,0.97648,35.30449439468931,0.8516559617109406
2,V,45,124,0.97526,35.31620440121003,0.851938444070086
2,V,45,125,0.98018,35.28910991120534,0.8512848393566451
2,V,45,126,0.97263,35.26419589534845,0.8506838345696209
2,V,45,127,0.97306,35.22028673696264,0.8496246069229956
2,V,45,128,0.98382,35.20186513264679,0.8491802196173884
2,V,45,129,0.99223,35.16184882480252,0.8482148998266493
2,V,45,130,0.98804,35.15487565474018,0.8480466849305734
2,V,45,131,0.99155,35.15360343816334,0.8480159950467263
2,V,45,132,0.99248,35.11587931913627,0.8471059700932312
2,V,45,133,0.97845,35.05412008154982,0.8456161421327114
2,V,45,134,0.97859,35.02283053379865,0.8448613393706718
2,V,45,135,0.99006,35.01182768033719,0.8445959157778136
2,V,45,136,0.98241,34.99961607580096,0.8443013332895595
2,V,45,137,0.97755,34.97858173829272,0.8437939186035067
2,V,45,138,0.97969,34.92389716902247,0.8424747539976652
2,V,45,139,0.99399,34.86962521690459,0.8411655430213473
2,V,45,140,0.98257,34.83610417043138,0.8403569094589307
2,V,45,141,0.99228,34.84138246348825,0.8404842385660773
2,V,45,142,0.99278,34.81914066841636,0.8399476961882043
2,V,45,143,0.98376,34.80359593472757,0.839572708092602
2,V,45,144,0.99794,34.74637086138827,0.838192258501003
2,V,45,145,0.98651,34.70525938896098,0.8372005198799655
2,V,45,146,0.99483,34.66959397572495,0.836340157415352
2,V,45,147,0.99903,34.63859611943349,0.8355923911730218
2,V,45,148,1.00295,34.64175556268689,0.835668606927661
2,V,45,149,1.00059,34.59520937990612,0.8345457659200274
2,V,45,150,0.99063,34.54843050548974,0.833417311654872
2,V,45,151,0.99741,34.5075043991199,0.8324300446488692
2,V,45,152,1.00424,34.46301069712229,0.831356715963257
2,V,45,153,1.00878,34.44622265470511,0.8309517353324567
2,V,45,154,0.99455,34.41967747430756,0.8303113817024762
2,V,45,155,1.01178,34.3682094726826,0.8290698108721107
2,V,45,156,1.01417,34.32006410740705,0.827908392529526
2,V,45,157,0.99648,34.28190143497467,0.8269877882821317
2,V,45,158,1.01671,34.27997481277716,0.8269413120668904
2,V,45,159,1.01498,34.26475817055761,0.8265742385742461
2,V,45,160,1.01538,34.23676010971579,0.8258988368770652
2,V,45,161,1.00788,34.1857483264944,0.8246682714761756
2,V,45,162,1.01691,34.145381270465,0.8236944905308996
2,V,45,163,1.00174,34.10510226272758,0.8227228335886453
2,V,45,164,1.00824,34.10839780056473,0.822802332374683
2,V,45,165,1.00261,34.06957691065848,0.8218658498419505
2,V,45,166,1.0124,34.04879967058054,0.8213646371583059
2,V,45,167,1.00252,33.99435334975396,0.820051219857755
2,V,45,168,1.00796,33.95396050402326,0.8190768167833918
2,V,45,169,1.01909,33.91397450814694,0.8181122282131011
2,V,45,170,1.0091,33.90728312871506,0.8179508109974479
2,V,45,171,1.00594,33.90762180405596,0.8179589809168337
2,V,45,172,1.02509,33.8603979070519,0.816819791300659
2,V,45,173,1.02786,33.80468294406167,0.8154757703424018
2,V,45,174,1.02944,33.76567611444264,0.8145348023562554
2,V,45,175,1.01533,33.71487651439155,0.8133093554839005
2,V,45,176,1.02777,33.72408237571039,0.8135314299480529
2,V,45,177,1.01276,33.7161286742028,0.8133395615351852
2,V,45,178,1.0122,33.67500200886954,0.8123474564132483
2,V,45,179,1.02385,33.60840775725432,0.810740992636435
2,V,45,180,1.02308,33.5679433657244,0.8097648636513207
2,V,45,181,1.03429,33.53828466997322,0.8090494021927688
2,V,45,182,1.02394,33.52942687581385,0.8088357242083426
2,V,45,183,1.01878,33.51772698053059,0.808553485764195
2,V,45,184,1.02711,33.48310544834228,0.80771830500896
2,V,45,185,1.01931,33.41713650213369,0.8061269255744259
2,V,45,186,1.0293,33.37798520740976,0.8051824726334611
2,V,45,187,1.02099,33.34940032088934,0.8044929148466313
2,V,45,188,1.03657,33.33183827928463,0.8040692629097065
2,V,45,189,1.03542,33.30574118162075,0.8034397184511364
2,V,45,190,1.0292,33.25098917702832,0.8021189270922384
2,V,45,191,1.02369,33.22263336445614,0.8014348952928794
2,V,45,192,1.02439,33.20191474577839,0.8009350967426423
2,V,45,193,1.0443,33.16902533005057,0.8001417001096629
2,V,45,194,1.03539,33.16236372749627,0.7999810012063875
2,V,45,195,1.02578,33.13723111589606,0.7993747231993045
2,V,45,196,1.04597,33.10172175759973,0.7985181252729467
2,V,45,197,1.02996,33.07274412650591,0.7978190932459926
2,V,45,198,1.04723,33.04122717793825,0.7970588048577066
2,V,45,199,1.04059,33.04647815570069,0.7971854750336396
2,V,45,200,1.02551,33.0474564631924,0.7972090749016446
2,V,45,201,1.03728,33.03350412574005,0.7968725004349988
2,V,45,202,1.03458,32.9703764783567,0.7953496621062078
2,V,45,203,1.03612,32.93350578012129,0.7944602243588892
2,V,45,204,1.03021,32.89968038250731,0.7936442488852533
2,V,45,205,1.03236,32.88837093154097,0.7933714291917751
2,V,45,206,1.04075,32.87069078026416,0.7929449280763502
2,V,45,207,1.04294,32.85151487348047,0.7924823446117361
2,V,45,208,1.03983,32.82216254859971,0.7917742737866647
2,V,45,209,1.05487,32.7664423200997,0.7904301258076735
2,V,45,210,1.05578,32.73435434649276,0.7896560624910867
2,V,45,211,1.05344,32.72866044600974,0.7895187076195641
2,V,45,212,1.04406,32.71164933515464,0.7891083458731782
2,V,45,213,1.04099,32.6822652005068,0.7883995076960107
2,V,45,214,1.03679,32.64183893738172,0.7874242984885014
2,V,45,215,1.05582,32.61325117794924,0.7867346713979546
2,V,45,216,1.05821,32.57330696078112,0.7857710906621199
2,V,45,217,1.05563,32.56727193464318,0.7856255067618948
2,V,45,218,1.04868,32.53943478398046,0.784953986726686
2,V,45,219,1.05244,32.51226484838872,0.7842985620272888
2,V,45,220,1.06309,32.45367483882863,0.7828851858610505
2,V,45,221,1.06053,32.48042226031027,0.7835304181850307
2,V,45,222,1.04372,32.41801430656518,0.7820249411409187
2,V,45,223,1.04299,32.41000227343114,0.7818316655849017
2,V,45,224,1.04025,32.39985393417233,0.781586855574748
2,V,45,225,1.0646,32.37259563849048,0.7809292993507729
2,V,45,226,1.04601,32.30451700248337,0.779287027531995
2,V,45,227,1.0471,32.26798413074576,0.7784057392272844
2,V,45,228,1.04892,32.24442862633344,0.7778375060289956
2,V,45,229,1.06931,32.21176079152175,0.7770494546278758
2,V,45,230,1.05316,32.13909886289763,0.7752966193086578
2,V,45,231,1.04526,32.17545422242993,0.7761736254580641
2,V,45,232,1.06135,32.1253349676891,0.774964590664382
2,V,45,233,1.05869,32.11001639674038,0.7745950583287105
2,V,45,234,1.06431,32.04914256830386,0.7731265892346472
2,V,45,235,1.0637,32.02812416498314,0.7726195589315471
2,V,45,236,1.06362,32.0194911983795,0.7724113044981867
2,V,45,237,1.05556,31.98247360799412,0.7715183232480538
2,V,45,238,1.05775,31.93805453850723,0.7704467949344277
2,V,45,239,1.07328,31.90730355253772,0.7697049839843363
2,V,45,240,1.05899,31.90208834836407,0.7695791767804043
2,V,45,241,1.07566,31.89207686429427,0.7693376681498515
2,V,45,242,1.05723,31.87423700150512,0.7689073142880845
2,V,45,243,1.05882,31.84931288611434,0.7683060658683898
2,V,45,244,1.05953,31.79606298317803,0.7670215099478535
2,V,45,245,1.06745,31.7593188374617,0.7661351250471822
2,V,45,246,1.06206,31.72040204229779,0.7651963289765885
2,V,45,247,1.07196,31.74321190200848,0.7657465748685485
2,V,45,248,1.07706,31.71588229202183,0.765087298318199
2,V,45,249,1.06228,31.69727387155745,0.7646384044167783
2,V,45,250,1.07411,31.64107716627585,0.7632827623122199
2,V,45,251,1.06804,31.61341516795902,0.7626154675050492
2,V,45,252,1.07716,31.61509573036704,0.762656007980656
2,V,45,253,1.08731,31.5973361332478,0.7622275903804747
2,V,45,254,1.08721,31.57525896786416,0.7616950193908875
2,V,45,255,1.06629,31.55533268598854,0.7612143345079833
2,V,45,256,1.09127,31.48803139032238,0.759590814594508
2,V,45,257,1.07595,31.46757097936757,0.7590972448304458
2,V,45,258,1.07076,31.43301877522483,0.7582637364867364
2,V,45,259,1.08271,31.46148531899344,0.7589504394724471
2,V,45,260,1.06975,31.43410504622734,0.7582899407757705
2,V,45,261,1.09028,31.4014455789757,0.7575020912266393
2,V,45,262,1.07399,31.35950954139797,0.7564904614886707
2,V,45,263,1.07686,31.33636785268828,0.7559322108327251
2,V,45,264,1.07821,31.29602950513499,0.7549591224266071
2,V,45,265,1.09528,31.30612334940679,0.755202617845478
2,V,45,266,1.07744,31.31370518617844,0.7553855157058781
2,V,45,267,1.08902,30.85330316681799,0.7442791641975256
2,V,45,268,1.07632,31.26440986036345,0.7541963566813792
2,V,45,269,1.07798,31.23091130031498,0.7533882655625809
2,V,45,270,1.07921,31.19961869741526,0.7526333891007044
2,V,45,271,1.07777,31.19121480164298,0.7524306605796259
2,V,45,272,1.09774,31.19748560438455,0.7525819321565494
2,V,45,273,1.08856,31.14344667787973,0.7512783424943444
2,V,45,274,1.09448,31.11939731730775,0.7506981959249733
2,V,45,275,1.09078,31.08399246317675,0.7498441189693008
2,V,45,276,1.09414,31.10405154035527,0.7503280072945243
2,V,45,277,1.09252,31.05356158996458,0.7491100301504248
2,V,45,278,1.09792,31.04637257223851,0.7489366083266534
2,V,45,279,1.08367,31.00496082123649,0.7479376260375581
2,V,45,280,1.08808,30.95339198283006,0.7466936227053944
2,V,45,281,1.08926,30.91929417358822,0.7458710758025145
2,V,45,282,1.09473,30.89702885916899,0.7453339660636661
2,V,45,283,1.08361,30.92643120205647,0.746043243481109
2,V,45,284,1.07563,30.90753192865284,0.7455873332877421
2,V,45,285,1.08868,30.88908930217026,0.7451424388610466
2,V,45,286,1.07491,30.82646681001115,0.7436317864724792
2,V,45,287,1.07725,30.79840572580078,0.7429548644525046
2,V,45,288,1.07548,30.75882175501931,0.7419999739978405
2,V,45,289,1.07169,30.78301795614278,0.7425836628253077
2,V,45,290,1.08385,30.84013090941916,0.7439614077267066
2,V,45,291,1.08913,30.80728074759212,0.7431689580218505
2,V,45,292,1.09282,30.76784478403049,0.7422176379690095
2,V,45,293,1.08972,30.73695220643869,0.7414724113815802
2,V,45,294,1.0915,30.70716115908685,0.7407537571842091
2,V,45,295,1.07449,30.75339672472168,0.741869105124779
2,V,45,296,1.0767,30.71015974094218,0.7408260924536288
2,V,45,297,1.07713,30.68718873789512,0.7402719592752068
2,V,45,298,1.0924,30.65078765546291,0.739393850144977
2,V,45,299,1.091,30.61000010787542,0.7384099256146295
2,V,45,300,1.09193,30.61396766162442,0.7385056355479306
2,V,45,301,1.09555,30.61793884279506,0.7386014329861037
2,V,45,302,1.07874,30.58285272156437,0.737755044875135
2,V,45,303,1.0836,30.5523716651018,0.7370197454776877
2,V,45,304,1.08062,30.52940239170036,0.7364656540237835
2,V,45,305,1.08151,30.46675635504695,0.7349544336676165
2,V,45,306,1.09496,30.43876676504729,0.7342792363139152
2,V,45,307,1.09768,30.45148785134927,0.7345861091122451
2,V,45,308,1.09715,30.41743096559311,0.7337645494131518
2,V,45,309,1.0899,30.41544113726929,0.733716548466422
2,V,45,310,1.09356,14.21223550428093,0.3428440288973941
3,VI,25,1,3.26315,35.63747188938019,0.9691547917746138
3,VI,25,2,4.47749,34.56487744051866,0.9399857740347564
3,VI,25,3,3.37941,33.85037605571448,0.9205550343077075
3,VI,25,4,4.63389,33.37832429845177,0.9077176696389441
3,VI,25,5,0.67033,32.96714772444066,0.8965357948919003
3,VI,25,6,1.79673,32.73626916562738,0.8902570930163448
3,VI,25,7,4.38868,32.58205807066349,0.8860633493609876
3,VI,25,8,4.77399,32.41429666534978,0.8815011073944614
3,VI,25,9,0.54959,32.23381829323368,0.8765930297482432
3,VI,25,10,3.77439,32.13150095737159,0.8738105277615659
3,VI,25,11,1.10538,32.00967843234378,0.8704975855797169
3,VI,25,12,1.1091,31.87216769521331,0.8667580052238452
3,VI,25,13,0.83372,31.75289530715434,0.8635144135691801
3,VI,25,14,0.6368,31.7060366543117,0.8622401007312911
3,VI,25,15,4.96577,31.68117195316524,0.8615639095486805
3,VI,25,16,4.46886,31.56552006758919,0.8584187768234492
3,VI,25,17,4.4219,31.45425408531401,0.8553929179685276
3,VI,25,18,4.75465,31.36232693129769,0.8528929751531208
3,VI,25,19,3.19638,31.29418619052295,0.8510398996700478
3,VI,25,20,3.3588,31.24852871676632,0.8497982526865325
3,VI,25,21,0.4747,31.21282347364128,0.8488272548679016
3,VI,25,22,1.62788,31.13388305461208,0.8466804840306121
3,VI,25,23,0.449,31.04637503844915,0.8443007188933362
3,VI,25,24,1.96336,31.02254868234975,0.843652765321996
3,VI,25,25,0.94656,31.01906202582761,0.8435579463099686
3,VI,25,26,0.42764,30.96766676336544,0.8421602611698908
3,VI,25,27,4.89821,30.89022812859635,0.8400543310919126
3,VI,25,28,3.67592,30.82419341838496,0.8382585287402906
3,VI,25,29,2.7327,30.81132040845278,0.8379084494950775
3,VI,25,30,1.08986,30.76906348060396,0.8367592797605499
3,VI,25,31,0.58973,30.72573653498971,0.8355810110807358
3,VI,25,32,3.88775,30.7350419389924,0.8358340699089994
3,VI,25,33,1.40016,30.63348942289099,0.8330723670614476
3,VI,25,34,4.3015,30.57564375621374,0.8314992643111271
3,VI,25,35,0.69968,30.56924487854976,0.8313252479563958
3,VI,25,36,4.4949,30.54764810860488,0.8307379275891177
3,VI,25,37,1.22014,30.52219882908036,0.83004583890014
3,VI,25,38,4.07939,30.48588799022077,0.8290583720118221
3,VI,25,39,1.85161,30.39265797806002,0.8265229981978978
3,VI,25,40,0.71176,30.38649457742653,0.826355385599672
3,VI,25,41,1.65818,30.36580911385219,0.8257928480491585
3,VI,25,42,3.23678,30.3500148993882,0.8253633271595284
3,VI,25,43,3.62003,30.28888845186448,0.8237010041500383
3,VI,25,44,4.66681,30.30049282674327,0.8240165830876868
3,VI,25,45,1.42665,30.2308513661558,0.8221226957927622
3,VI,25,46,3.83922,30.24341072783832,0.8224642454288876
3,VI,25,47,4.67034,30.1988817891744,0.8212532887591011
3,VI,25,48,3.46254,30.21162789698068,0.8215999169232782
3,VI,25,49,1.87359,30.16230312884091,0.8202585385128172
3,VI,25,50,0.86118,30.15889500792821,0.8201658552629012
3,VI,25,51,0.92597,30.10592472248883,0.818725337649458
3,VI,25,52,2.32549,30.0653167131568,0.8176210099645221
3,VI,25,53,3.77394,30.02150806607352,0.8164296414978218
3,VI,25,54,1.17887,30.00903740588378,0.8160905040832209
3,VI,25,55,0.43713,29.99050821093626,0.8155866058794746
3,VI,25,56,3.24124,29.96409596452332,0.814868329475018
3,VI,25,57,5.09674,29.91042051849619,0.8134086351431836
3,VI,25,58,4.23409,29.85402317802939,0.8118749193698986
3,VI,25,59,0.63386,29.85046995038137,0.8117782899677897
3,VI,25,60,3.43023,29.83163142035924,0.8112659794509941
3,VI,25,61,0.59041,29.80071071698846,0.810425096351041
3,VI,25,62,0.62196,29.80630100382738,0.810577123220235
3,VI,25,63,0.49172,29.75601808142043,0.8092096879726846
3,VI,25,64,4.68539,29.70372626816096,0.8077876212910662
3,VI,25,65,0.70739,29.66263124204469,0.8066700492701802
3,VI,25,66,1.73384,29.62051833389286,0.805524796126029
3,VI,25,67,0.4481,29.68504847377018,0.8072796819515476
3,VI,25,68,0.70373,29.667550134162,0.8068038176777852
3,VI,25,69,0.64918,29.67855828091813,0.8071031822963074
3,VI,25,70,3.00439,29.62392872895562,0.8056175412210564
3,VI,25,71,4.09922,29.60210990142653,0.8050241820367586
3,VI,25,72,0.76074,29.58326026601537,0.8045115695108579
3,VI,25,73,3.7309,29.58806453337733,0.8046422207183639
3,VI,25,74,5.16882,29.55809881810338,0.8038273083520534
3,VI,25,75,5.16102,29.51864854300226,0.8027544650462837
3,VI,25,76,0.44362,29.50513328969872,0.8023869201053341
3,VI,25,77,0.47825,29.51701229106223,0.802709967462023
3,VI,25,78,0.47142,29.55075498054422,0.803627593978863
3,VI,25,79,3.13499,29.51203269830703,0.8025745483112268
3,VI,25,80,4.00912,29.44575160417977,0.8007720455922659
3,VI,25,81,4.51162,29.4255890718138,0.8002237290641618
3,VI,25,82,4.88599,29.38392699279574,0.7990907361391593
3,VI,25,83,2.00368,29.37071419593768,0.7987314164481475
3,VI,25,84,0.95242,29.33960589169908,0.7978854315755279
3,VI,25,85,4.10469,29.3930053895128,0.799337621544142
3,VI,25,86,2.42321,29.34808425395623,0.7981159991487111
3,VI,25,87,3.62358,29.30225251457469,0.7968696130421191
3,VI,25,88,1.39408,29.11516886835142,0.7917819061261305
3,VI,25,89,0.58509,29.09339824838808,0.7911898579381202
3,VI,25,90,2.91495,29.08581055460442,0.7909835119377143
3,VI,25,91,0.50718,29.10206738609655,0.7914256136162109
3,VI,25,92,2.2235,29.11889941616696,0.7918833577190661
3,VI,25,93,5.24435,29.14332827748026,0.792547696313927
3,VI,25,94,2.95778,29.02919429773797,0.7894438427713721
3,VI,25,95,2.18019,28.99254481210452,0.7884471664434894
3,VI,25,96,1.89427,28.99988830692422,0.7886468714959403
3,VI,25,97,0.48076,28.97437720190602,0.7879531014735156
3,VI,25,98,5.26893,29.03468518579778,0.7895931665082181
3,VI,25,99,4.39094,28.98304191255823,0.7881887367585885
3,VI,25,100,0.53582,28.91846614522045,0.7864326101022927
3,VI,25,101,3.95096,28.87473892064627,0.7852434559064334
3,VI,25,102,1.0575,28.93277010869131,0.7868216038777822
3,VI,25,103,3.58991,28.91105482319724,0.7862310605009496
3,VI,25,104,0.49627,28.9184097195295,0.7864310756155329
3,VI,25,105,5.12006,28.96362178158653,0.7876606097060709
3,VI,25,106,0.69756,28.91334982847764,0.7862934727666555
3,VI,25,107,3.39341,28.92132699160848,0.7865104103175856
3,VI,25,108,0.68915,28.92249197400585,0.7865420918093662
3,VI,25,109,2.07737,28.98838505366474,0.7883340425429767
3,VI,25,110,4.81321,28.87151659940715,0.785155825446023
3,VI,25,111,5.17214,28.75882762361994,0.7820912685323522
3,VI,25,112,2.59089,28.69937831115891,0.7804745549164663
3,VI,25,113,0.62162,28.64556250707036,0.7790110435717919
3,VI,25,114,5.10397,28.62263720963373,0.7783875941326024
3,VI,25,115,3.66647,28.66045347001435,0.7794160006949039
3,VI,25,116,0.67028,28.74053458039261,0.7815937924331795
3,VI,25,117,1.10869,28.65482312340207,0.7792628844072059
3,VI,25,118,4.84466,28.61655620703928,0.7782222223345832
3,VI,25,119,5.27557,28.57191405641768,0.7770081868854821
3,VI,25,120,2.61744,28.55212883711582,0.7764701313199183
3,VI,25,121,3.26736,28.61814397943797,0.7782654015262277
3,VI,25,122,0.50552,28.62661603589206,0.7784957976142036
3,VI,25,123,0.51409,28.58611999804437,0.7773945149741276
3,VI,25,124,1.16423,28.50506234624735,0.7751901663634032
3,VI,25,125,0.45455,28.50339679880522,0.775144872093106
3,VI,25,126,1.08512,28.48674044747546,0.7746919055427619
3,VI,25,127,5.31018,28.51953582528899,0.7755837700850813
3,VI,25,128,3.93881,28.58240261441382,0.7772934213788917
3,VI,25,129,5.23032,28.58159285867018,0.7772714002135983
3,VI,25,130,2.70484,28.51329929146615,0.7754141686426099
3,VI,25,131,0.79862,28.50286171673626,0.7751303206301757
3,VI,25,132,4.6025,28.50801343445927,0.7752704206892547
3,VI,25,133,0.67547,28.48180012459017,0.7745575543291838
3,VI,25,134,0.45414,28.48440397876357,0.7746283656863157
3,VI,25,135,5.34237,28.47225630726921,0.7742980118925838
3,VI,25,136,0.47778,28.42863812746555,0.773111823150116
3,VI,25,137,2.41158,28.41686349241258,0.7727916140169203
3,VI,25,138,2.03916,28.40304809964075,0.7724159068358208
3,VI,25,139,0.53301,28.37068817525225,0.7715358843729502
3,VI,25,140,0.45256,28.41210591801327,0.7726622326163364
3,VI,25,141,0.62835,28.36727823264656,0.7714431515824133
3,VI,25,142,4.10408,28.34879905269243,0.7709406135276321
3,VI,25,143,5.12539,28.32843664706041,0.7703868614811461
3,VI,25,144,5.35252,28.32330778417251,0.7702473829552957
3,VI,25,145,5.01857,28.31350753205959,0.7699808668195463
3,VI,25,146,3.46169,28.33865507391063,0.7706647498054646
3,VI,25,147,3.83236,28.30912800657825,0.769861766392919
3,VI,25,148,0.90298,28.25136556242537,0.7682909268645389
3,VI,25,149,1.53494,28.23495024006057,0.7678445150545836
3,VI,25,150,5.35683,28.24336399959396,0.7680733257680352
3,VI,25,151,1.57125,28.23469319485475,0.7678375247553363
3,VI,25,152,5.37787,28.22612643853801,0.7676045533212204
3,VI,25,153,4.46227,28.19257871661167,0.7666922289128293
3,VI,25,154,0.52857,28.17204480821144,0.7661338128786696
3,VI,25,155,1.36983,28.11110231369145,0.7644764924388225
3,VI,25,156,3.75771,28.11517986747487,0.7645873807981367
3,VI,25,157,0.84486,28.13131527624596,0.7650261804070507
3,VI,25,158,4.64608,28.19675594798107,0.7668058279865956
3,VI,25,159,5.42187,28.1843737095002,0.7664690951848446
3,VI,25,160,2.76899,28.11749240999308,0.7646502699859462
3,VI,25,161,1.22274,28.13266097149278,0.7650627763530474
3,VI,25,162,2.85554,28.02904832670507,0.762245048667533
3,VI,25,163,4.19816,28.02666619276389,0.7621802669531929
3,VI,25,164,2.32276,28.0314845203942,0.7623113005272284
3,VI,25,165,0.93512,28.06430858220461,0.7632039451258072
3,VI,25,166,4.25853,27.99706906914982,0.7613753783723654
3,VI,25,167,3.84141,27.95771642688117,0.760305190174335
3,VI,25,168,5.31363,27.9222258072052,0.7593400290027238
3,VI,25,169,1.91541,27.916379161015,0.7591810304859763
3,VI,25,170,0.99919,27.9522585141008,0.7601567631944246
3,VI,25,171,5.08734,27.94183404445098,0.7598732715723423
3,VI,25,172,4.44828,27.87028859536318,0.7579276056444018
3,VI,25,173,5.40529,27.82689051002841,0.7567474023323769
3,VI,25,174,4.79712,27.78528172213831,0.7556158586502438
3,VI,25,175,0.50389,27.75411166252054,0.754768194350929
3,VI,25,176,0.61577,27.89998966783437,0.7587353210961499
3,VI,25,177,1.2595,27.86395784282346,0.7577554419404652
3,VI,25,178,3.30482,27.78066352831392,0.7554902676799262
3,VI,25,179,5.45847,27.77488194970451,0.7553330386646155
3,VI,25,180,2.4999,27.73808568953583,0.7543323708290138
3,VI,25,181,5.18377,27.72747613547215,0.7540438458687887
3,VI,25,182,5.22456,27.80459320314533,0.7561410309860457
3,VI,25,183,2.67877,27.79958310385429,0.7560047822153626
3,VI,25,184,5.20305,27.72833135365596,0.7540671033771615
3,VI,25,185,5.37772,27.67733768745419,0.752680339576884
3,VI,25,186,3.0551,27.66823668495476,0.7524328394116182
3,VI,25,187,1.11871,27.70282779149328,0.7533735384813686
3,VI,25,188,3.34006,27.82278383743833,0.7566357220922274
3,VI,25,189,0.78188,27.85994039086622,0.7576461880397629
3,VI,25,190,2.49977,27.80011813641232,0.7560193323318518
3,VI,25,191,5.35302,27.75260235787836,0.7547271490761476
3,VI,25,192,3.33035,27.7520589996151,0.7547123725435663
3,VI,25,193,1.49629,27.7155718407585,0.753720110663883
3,VI,25,194,2.92396,27.79909324607004,0.7559914606189159
3,VI,25,195,5.30934,27.78767769422701,0.7556810166905765
3,VI,25,196,2.51347,27.55868549024623,0.7494536139035359
3,VI,25,197,2.23725,27.50134457015653,0.7478942376480542
3,VI,25,198,5.40623,27.38703986777587,0.7447857413333199
3,VI,25,199,3.31991,27.29571738707691,0.7423022425026266
3,VI,25,200,4.1708,27.46615036786396,0.7469371374951477
3,VI,25,201,0.45439,27.49224010614612,0.747646643347605
3,VI,25,202,1.11732,,
3,VI,25,203,5.45999,,
3,VI,25,204,4.27874,,
3,VI,25,205,5.35508,,
3,VI,25,206,5.27204,,
3,VI,25,207,4.63529,,
3,VI,25,208,2.82302,,
3,VI,25,209,2.68885,,
3,VI,25,210,3.6202,,
3,VI,25,211,3.87575,,
3,VI,25,212,4.39015,,
3,VI,25,213,3.29894,,
3,VI,25,214,4.90237,,
3,VI,25,215,5.24306,,
3,VI,25,216,3.25943,,
3,VI,25,217,4.90078,,
3,VI,25,218,1.75875,,
3,VI,25,219,3.49096,,
3,VI,25,220,1.61337,,
3,VI,25,221,2.79857,,
3,VI,25,222,0.72019,,
3,VI,25,223,2.34779,,
3,VI,25,224,5.35687,,
3,VI,25,225,2.0807,,
3,VI,25,226,1.20715,,
3,VI,25,227,1.17347,,
3,VI,25,228,5.03928,,
3,VI,25,229,1.08128,,
4,VIII,25,1,2.09083,34.23352049349796,0.9633958838706749
4,VIII,25,2,2.1006,33.32803503108719,0.9379138138172324
4,VIII,25,3,1.98804,32.72731222793072,0.9210083402473108
4,VIII,25,4,2.01595,32.31167452005597,0.9093115106143776
4,VIII,25,5,1.99495,32.22121235891173,0.9067657346487137
4,VIII,25,6,2.04844,32.06959932462568,0.9024990576880411
4,VIII,25,7,2.08525,31.7891650911882,0.894607109027914
4,VIII,25,8,1.99003,31.60870696270835,0.8895286766703212
4,VIII,25,9,2.02533,31.43520214339108,0.8846459235572217
4,VIII,25,10,2.10804,31.36526137435192,0.8826776583003699
4,VIII,25,11,2.00474,31.49226453007636,0.8862517668261568
4,VIII,25,12,2.01847,31.44771278960162,0.8849979967559477
4,VIII,25,13,2.08965,31.30953910837555,0.8811095285577167
4,VIII,25,14,1.97896,31.22808981972335,0.8788173918361479
4,VIII,25,15,2.00975,31.1870786242455,0.8776632593850762
4,VIII,25,16,2.01303,31.18108741659756,0.8774946554932113
4,VIII,25,17,2.02388,31.34579970789288,0.8821299702715134
4,VIII,25,18,1.98709,31.2771273329934,0.8801974000198984
4,VIII,25,19,2.007,31.13203234013491,0.8761141530480697
4,VIII,25,20,2.09726,31.04366723741153,0.8736273922646532
4,VIII,25,21,1.99789,31.07727034914143,0.8745730472559937
4,VIII,25,22,2.09804,31.21932133461674,0.8785706301143702
4,VIII,25,23,1.97778,31.28700768557315,0.8804754517910662
4,VIII,25,24,1.99668,31.16909723485391,0.8771572291469818
4,VIII,25,25,1.98041,31.1015269780778,0.875255674579652
4,VIII,25,26,1.9827,31.0146292093408,0.8728102073442658
4,VIII,25,27,1.98566,31.02464503181665,0.8730920714940148
4,VIII,25,28,2.08034,31.10935067943151,0.8754758483033048
4,VIII,25,29,2.08539,31.01862725271178,0.8729227198311972
4,VIII,25,30,2.02124,30.8350889477395,0.8677576054931472
4,VIII,25,31,2.11467,30.66348950949947,0.8629284734000466
4,VIII,25,32,2.12953,30.51056964367973,0.8586250197333174
4,VIII,25,33,2.01613,30.68431093843333,0.8635144277115524
4,VIII,25,34,2.11163,30.78901973279656,0.8664611308271072
4,VIII,25,35,2.10366,,
4,VIII,25,36,2.01087,,
4,VIII,25,37,2.08319,,
4,VIII,25,38,2.03942,,
4,VIII,25,39,2.0788,,
4,VIII,25,40,2.02565,,
4,VIII,25,41,1.99114,,
4,VIII,25,42,2.12616,,
4,VIII,25,43,2.03286,,
4,VIII,25,44,2.09878,,
4,VIII,25,45,2.10696,,
4,VIII,25,46,2.03095,,
4,VIII,25,47,1.99858,,
4,VIII,25,48,2.0661,,
4,VIII,25,49,2.07116,,
4,VIII,25,50,2.06829,,
4,VIII,25,51,2.02824,,
4,VIII,25,52,2.06591,,
4,VIII,25,53,2.10311,,
4,VIII,25,54,2.10347,,
4,VIII,25,55,2.10264,,
4,VIII,25,56,2.0381,,
4,VIII,25,57,1.99012,,
4,VIII,25,58,1.99494,,
4,VIII,25,59,2.09986,,
4,VIII,25,60,2.00453,,
4,VIII,25,61,2.00029,,
4,VIII,25,62,2.08823,,
4,VIII,25,63,2.05711,,
4,VIII,25,64,2.07096,,
4,VIII,25,65,2.03568,,
4,VIII,25,66,2.1511,,
4,VIII,25,67,2.04702,,
4,VIII,25,68,2.04498,,
4,VIII,25,69,2.01007,,
4,VIII,25,70,2.02817,,
4,VIII,25,71,2.09756,,
4,VIII,25,72,2.16619,,
4,VIII,25,73,2.16025,,
4,VIII,25,74,2.02911,,
4,VIII,25,75,2.03035,,
4,VIII,25,76,2.02809,,
4,VIII,25,77,2.0424,,
4,VIII,25,78,2.06577,,
4,VIII,25,79,2.10393,,
4,VIII,25,80,2.0596,,
4,VIII,25,81,2.10725,,
4,III,25,82,2.12476,,
5,VI,25,1,0.99215,36.27649850941464,0.9748908465964837
5,VI,25,2,3.1271,35.50829943284563,0.9542463445391357
5,VI,25,3,3.28422,34.88361578481848,0.9374586611765278
5,VI,25,4,1.9703,34.38402750885735,0.9240327778274217
5,VI,25,5,3.01636,34.05901097849488,0.9152983174064224
5,VI,25,6,2.11032,33.65405508343294,0.9044155748156865
5,VI,25,7,2.13255,33.45664592242688,0.8991104215620132
5,VI,25,8,2.52839,33.26008890968071,0.8938281688520153
5,VI,25,9,2.16996,33.32568072968201,0.8955908765983067
5,VI,25,10,0.06912,33.26056430189428,0.8938409444929011
5,VI,25,11,2.84422,33.12156491629028,0.8901054894662065
5,VI,25,12,-0.15998,32.8075834713368,0.881667584782356
5,VI,25,13,-0.03325,32.68987691575881,0.8785043510543928
5,VI,25,14,2.58676,32.5988336667222,0.8760576642522706
5,VI,25,15,2.10378,32.74854635851202,0.8800810275547497
5,VI,25,16,1.80477,32.66772292428123,0.8779089869924103
5,VI,25,17,-0.19917,32.46556489218695,0.8724762130712027
5,VI,25,18,0.46424,32.27708291046739,0.867410967904857
5,VI,25,19,0.73736,32.18729483595617,0.8649980125323369
5,VI,25,20,0.29556,32.21024502388772,0.8656147734949841
5,VI,25,21,1.77991,32.26934106442092,0.8672029143396954
5,VI,25,22,0.80439,32.2382917045085,0.866368497071903
5,VI,25,23,0.23574,31.97039387592019,0.8591690386995346
5,VI,25,24,2.29715,31.92924616364792,0.8580632393610949
5,VI,25,25,2.89889,31.86358379900871,0.856298635805544
5,VI,25,26,1.75688,32.04487921814223,0.86117075003667
5,VI,25,27,2.58151,31.99113765113488,0.8597265047563926
5,VI,25,28,0.47322,31.95421955263862,0.8587343716185041
5,VI,25,29,1.85011,31.66753182935969,0.8510299555711923
5,VI,25,30,3.18186,31.60337135445789,0.8493057136441824
5,VI,25,31,0.21219,31.57315437944958,0.8484936658016985
5,VI,25,32,2.68428,31.57947703229735,0.8486635801164966
5,VI,25,33,3.62025,31.47552191242597,0.845869901040961
5,VI,25,34,0.39805,31.43626839550061,0.8448150061111948
5,VI,25,35,0.97034,31.33143965843115,0.8419978495379725
5,VI,25,36,2.43211,31.28588613723413,0.8407736489488862
5,VI,25,37,2.94268,31.25797488146845,0.8400235647654329
5,VI,25,38,2.12765,31.24714509634099,0.8397325262466898
5,VI,25,39,-0.10405,31.2404735538949,0.8395532359091264
5,VI,25,40,3.13774,31.17305360719895,0.8377413992762482
5,VI,25,41,3.20062,31.14077984168959,0.8368740774598357
5,VI,25,42,0.51567,31.06018427864669,0.8347081606840911
5,VI,25,43,2.88777,31.08086020148169,0.835263803283157
5,VI,25,44,2.95444,31.33579587926866,0.8421149181635218
5,VI,25,45,3.62308,31.26064729223292,0.8400953828542695
5,VI,25,46,3.13404,31.26022742490641,0.8400840993834215
5,VI,25,47,1.01973,30.92619938022659,0.8311074644642501
5,VI,25,48,2.82212,30.84471085930386,0.8289175504313498
5,VI,25,49,3.38021,30.80649801930575,0.8278906225450505
5,VI,25,50,0.51974,31.06062043453514,0.834719881892058
5,VI,25,51,3.50424,31.00495702918669,0.8332239893281572
5,VI,25,52,2.48621,30.95471100771035,0.8318736829747901
5,VI,25,53,-0.07085,30.71987672344245,0.8255627708524308
5,VI,25,54,2.51749,30.60542601386982,0.8224870343912651
5,VI,25,55,0.32861,30.55493431645714,0.8211301257683459
5,VI,25,56,2.93043,30.82024996933957,0.828260191019454
5,VI,25,57,3.27429,30.70761017195592,0.8252331208240408
5,VI,25,58,3.69868,30.69863088512716,0.8249918124040438
5,VI,25,59,3.16553,30.400956194934,0.8169921337510052
5,VI,25,60,2.77617,30.36144683247463,0.8159303632549771
5,VI,25,61,3.51241,30.31845889825905,0.8147751099834966
5,VI,25,62,-0.07878,30.55810022977188,0.8212152061933725
5,VI,25,63,0.6832,30.50467814474021,0.8197795466384693
5,VI,25,64,3.30058,30.47638558824752,0.8190192154189504
5,VI,25,65,2.30754,30.13900078815501,0.8099523714040681
5,VI,25,66,1.18765,30.0779753615562,0.8083123804389702
5,VI,25,67,3.78301,30.04046327413138,0.8073042845044166
5,VI,25,68,3.63175,30.22727837954921,0.8123247342104579
5,VI,25,69,2.53674,30.19987917671122,0.8115884108841076
5,VI,25,70,2.67344,30.21615806579972,0.812025888055754
5,VI,25,71,1.15422,29.95909737602955,0.805117665824447
5,VI,25,72,2.33137,29.88578439347456,0.803147460359027
5,VI,25,73,3.20309,29.92007461958227,0.8040689723277594
5,VI,25,74,3.27904,29.80474803498928,0.800969697692426
5,VI,25,75,2.41125,29.78156973779259,0.8003468065451208
5,VI,25,76,3.39407,29.71578246423557,0.7985788462003087
5,VI,25,77,2.37136,29.636666874741,0.7964527020797199
5,VI,25,78,3.6006,29.59578536276505,0.795354056580347
5,VI,25,79,3.53897,29.55892238215174,0.7943634046747102
5,VI,25,80,3.31899,29.58812442931707,0.7951481774519387
5,VI,25,81,1.78494,29.57313748166528,0.7947454197800439
5,VI,25,82,0.07113,29.59452438346522,0.7953201691538404
5,VI,25,83,0.29717,29.39243088851976,0.7898891295972555
5,VI,25,84,3.62653,29.36163946614288,0.7890616441159566
5,VI,25,85,3.8687,29.39707065159309,0.7900138181073496
5,VI,25,86,2.64558,29.51934559629989,0.7932998222494476
5,VI,25,87,3.80558,29.5145689667333,0.7931714556034539
5,VI,25,88,3.76267,29.52368952685628,0.793416560587261
5,VI,25,89,3.88839,29.18570013445963,0.7843334688217013
5,VI,25,90,1.62924,29.14278481985768,0.7831801671221618
5,VI,25,91,3.1632,29.1427026756736,0.7831779595879054
5,VI,25,92,0.53723,29.41297980159209,0.790441358949174
5,VI,25,93,3.85638,29.51520588578286,0.7931885720997243
5,VI,25,94,2.05311,29.32738570971426,0.7881411122295855
5,VI,25,95,3.11631,29.11450756926857,0.7824202472319033
5,VI,25,96,2.91907,29.07472505562126,0.7813511360992702
5,VI,25,97,3.24715,29.03977887562179,0.7804119960938984
5,VI,25,98,2.81413,29.38839966272482,0.7897807948546665
5,VI,25,99,3.45947,29.28475522977321,0.7869954651470878
5,VI,25,100,3.81611,29.21793091505262,0.7851996354659437
5,VI,25,101,3.89059,29.01554180450823,0.7797606515665102
5,VI,25,102,2.90544,28.99601845460169,0.7792359830924057
5,VI,25,103,2.12742,28.91826524951723,0.7771464515487065
5,VI,25,104,2.00541,29.02633118563546,0.780050604272355
5,VI,25,105,3.27971,29.04869841198901,0.7806516987862085
5,VI,25,106,3.10607,28.99350245156267,0.7791683682885097
5,VI,25,107,2.77348,28.6843974537222,0.7708615127370101
5,VI,25,108,1.76991,28.61641887577314,0.769034663505958
5,VI,25,109,3.3134,28.53944099574027,0.7669659679670275
5,VI,25,110,0.72928,28.91622680096602,0.7770916704944293
5,VI,25,111,2.86896,28.77837604545167,0.773387083633256
5,VI,25,112,2.5799,28.75939730705853,0.7728770509922993
5,VI,25,113,0.9657,28.60893669515316,0.7688335881624514
5,VI,25,114,3.95053,28.42169947649599,0.7638017946291343
5,VI,25,115,3.54832,28.33683582841958,0.7615211777802671
5,VI,25,116,3.97492,28.29700638200379,0.760450805381297
5,VI,25,117,0.82501,28.28391928477052,0.7600991040918816
5,VI,25,118,1.69856,28.23220141816456,0.7587092435256375
5,VI,25,119,3.47793,28.29959349837536,0.760520331277493
5,VI,25,120,3.49039,28.11954195581307,0.7556816448559245
5,VI,25,121,3.88617,28.18831241219117,0.7575297749454886
5,VI,25,122,1.67997,28.02385184532841,0.7531100787827245
5,VI,25,123,2.74046,28.01476982387081,0.7528660094830012
5,VI,25,124,2.03333,28.03848517717151,0.7535033334201682
5,VI,25,125,0.13418,27.93562439327622,0.7507390634157952
5,VI,25,126,0.17187,27.94926431046972,0.7511056211313042
5,VI,25,127,3.27255,27.94677990825142,0.7510388555645763
5,VI,25,128,2.55537,28.12963292974007,0.7559528286393352
5,VI,25,129,3.06416,28.20452883775621,0.7579655734789046
5,VI,25,130,2.09826,28.19522882291409,0.7577156458476465
5,VI,25,131,0.1882,28.22224759811992,0.7584417456013913
5,VI,25,132,2.84127,27.89438062009006,0.7496306825463501
5,VI,25,133,3.39399,27.85048423381004,0.7484510156286086
5,VI,25,134,3.3311,27.77057135476517,0.7463034452315981
5,VI,25,135,3.16226,28.15231470375273,0.756562376274253
5,VI,25,136,1.9778,28.08959203300099,0.7548767737463771
5,VI,25,137,3.18323,28.05009767235313,0.7538154064074707
5,VI,25,138,0.08013,27.78466178480272,0.746682109982405
5,VI,25,139,0.28906,27.67057809919696,0.7436162368851384
5,VI,25,140,2.72528,27.64154503215491,0.7428360052621615
5,VI,25,141,2.39736,27.9722580416188,0.751723552269849
5,VI,25,142,3.5188,28.04920439648905,0.7537914006048393
5,VI,25,143,3.76687,27.85635354363254,0.748608746850113
5,VI,25,144,3.92546,27.63243216200719,0.7425911069379496
5,VI,25,145,4.07832,27.42306252968976,0.7369645292226675
5,VI,25,146,3.7885,27.44066646154448,0.737437615455751
5,VI,25,147,1.9151,27.60449850284829,0.741840420688038
5,VI,25,148,3.80524,27.67110951900485,0.7436305182057648
5,VI,25,149,3.626,27.54287047994361,0.7401842356125126
5,VI,25,150,3.9721,27.13516539826414,0.7292276116666531
5,VI,25,151,0.09531,27.09878786272557,0.7282500055614474
5,VI,25,152,0.12315,27.02657182190368,0.7263092791940328
5,VI,25,153,3.39373,27.2691163783099,0.7328273963676311
5,VI,25,154,3.0571,27.52997684079831,0.7398377332956253
5,VI,25,155,3.24002,27.33276067108241,0.7345377664698042
5,VI,25,156,2.73472,26.95369891297149,0.7243509002213651
5,VI,25,157,0.47516,27.26613578542958,0.7327472962246776
5,VI,25,158,2.49269,26.89124129143987,0.7226724205986539
5,VI,25,159,0.12348,26.85744481208678,0.7217641775288338
5,VI,25,160,0.10005,27.38782729213123,0.7360176211145284
5,VI,25,161,3.00821,27.38479855686142,0.7359362271980087
5,VI,25,162,0.55877,26.93488756284329,0.7238453659552245
5,VI,25,163,2.28842,26.75692135474013,0.7190627205949445
5,VI,25,164,4.07935,26.72319119976761,0.7181562599196272
5,VI,25,165,0.87776,26.65502949189036,0.7163244892739385
5,VI,25,166,1.0402,26.6836403958876,0.7170933757311726
5,VI,25,167,4.05265,26.63756436121662,0.7158551331693513
5,VI,25,168,2.71626,26.57121316772971,0.7140720180990159
5,VI,25,169,3.69473,26.4327198458129,0.710350162975198
5,VI,25,170,4.03368,26.25967547635738,0.7056997865946478
5,VI,25,171,3.28753,26.08447539654543,0.7009914778782672
5,VI,25,172,4.07009,26.32024865250228,0.7073276238281011
5,VI,25,173,4.19613,26.32852004081643,0.7075499082570688
5,VI,25,174,2.39925,26.22535300642776,0.7047774081088001
5,VI,25,175,4.26209,25.82686737536196,0.6940685467195056
5,VI,25,176,4.2923,25.74944544623185,0.6919879178513363
5,VI,25,177,0.87236,25.65620729160223,0.6894822453846737
5,VI,25,178,3.48147,25.85603476698429,0.6948523881672772
5,VI,25,179,3.41605,25.83796669468394,0.6943668286721488
5,VI,25,180,0.9756,25.77716836976115,0.6927329408138638
5,VI,25,181,4.04287,25.43643554910868,0.683576122442794
5,VI,25,182,4.3012,25.30941016915557,0.68016245559814
5,VI,25,183,3.99463,25.17930620987281,0.6766660553328883
5,VI,25,184,4.20911,25.11671122849356,0.6749838843159234
5,VI,25,185,3.85314,25.38899533084655,0.6823012189530792
5,VI,25,186,0.8091,25.20886915431802,0.6774605268260672
5,VI,25,187,3.4408,25.18296738557686,0.6767644453878362
5,VI,25,188,3.03481,24.71486435394371,0.664184693218955
5,VI,25,189,1.23792,24.56511272951632,0.6601602836448246
5,VI,25,190,0.97691,24.39872800833552,0.655688877959114
5,VI,25,191,4.10023,24.66453463728969,0.662832137650091
5,VI,25,192,1.03162,24.59218619443597,0.6608878531242486
5,VI,25,193,3.79903,24.39159277002167,0.655497126307045
5,VI,25,194,1.46461,23.96306405127635,0.6439808901052487
5,VI,25,195,4.58519,23.80932810923849,0.6398494063941981
5,VI,25,196,0.39046,23.62583824726995,0.634918318934642
5,VI,25,197,3.70363,23.308001600577,0.6263768099603549
5,VI,25,198,4.6885,22.94588243081793,0.6166452570685118
5,VI,25,199,4.34114,22.53367100904592,0.6055675302078622
5,VI,25,200,3.99007,21.69172994317628,0.5829412936024473
5,VI,25,201,3.14965,21.09760483904563,0.5669748373690863
5,VI,25,202,0.492,20.52327395298216,0.5515403288925966
5,VI,25,203,4.64676,20.03493546937435,0.5384167712927223
5,VI,25,204,4.07442,19.68663391252642,0.5290565514926159
5,VI,25,205,4.56023,19.35742171387776,0.5202093371186269
5,VI,25,206,5.32932,18.91711335048335,0.5083765359721303
5,VI,25,207,4.7686,18.56122039230049,0.4988123056423874
5,VI,25,208,3.96814,18.22558691142948,0.4897925263980497
5,VI,25,209,1.4878,17.9000016767968,0.48104278267766304
5,VI,25,210,4.01544,17.60985011008156,0.47324527966223534
5,VI,25,211,4.44385,17.37013461491099,0.46680319038593765
5,VI,25,212,1.88889,17.1293220696178,0.4603316190987858
5,VI,25,213,6.13124,16.82030570263461,0.4520271454037232
5,VI,25,214,4.06654,16.56618941946367,0.4451980508490165
5,VI,25,215,0.9994,16.32555421598561,0.43873124542735314
5,VI,25,216,3.93787,16.13715643941878,0.4336682631815208
5,VI,25,217,1.61943,16.18821669205942,0.43504045109848155
5,VI,25,218,2.29262,16.15259863827684,0.4340832552269669
5,VI,25,219,1.80967,15.9368262306989,0.42828460999550316
5,VI,25,220,6.5168,15.45012341984728,0.41520500929509696
5,VI,25,221,0.90501,15.23322724081039,0.40937616394636683
5,VI,25,222,1.15037,15.01319377243762,0.4034630074104399
5,VI,25,223,1.06864,14.80613382219228,0.397898499850855
5,VI,25,224,6.89338,14.90162790028383,0.40046479776991856
5,VI,25,225,1.97738,14.75071971855334,0.39640930699515725
5,VI,25,226,6.90319,14.61464831594256,0.39275253827878387
5,VI,25,227,1.52458,14.30987769451097,0.38456216430793133
5,VI,25,228,2.244,14.00858378126824,0.37646522303121627
5,VI,25,229,6.71464,13.83352899021869,0.37176081878992007
5,VI,25,230,6.38877,13.65589235178375,0.36698703025061413
5,VI,25,231,5.26214,13.75781653897858,0.36972613025270606
5,VI,25,232,4.80442,13.64349158834287,0.36665377342412675
5,VI,25,233,6.02532,13.47369104247326,0.3620905712211244
5,VI,25,234,7.56685,13.29729724611364,0.35735018269044067
5,VI,25,235,6.78426,12.90380110704804,0.3467754083900336
5,VI,25,236,5.69832,12.7458694942292,0.34253117065894867
5,VI,25,237,9.06307,12.60100033221013,0.33863797187158934
5,VI,25,238,9.3334,12.52997938063049,0.33672936220812927
5,VI,25,239,7.93307,12.52557402607772,0.3366109731682281
5,VI,25,240,5.21505,12.44155797473316,0.3343531345457454
5,VI,25,241,6.28024,12.26471491907287,0.32960067266735804
5,VI,25,242,6.27479,11.91056540335677,0.32008329542907243
5,VI,25,243,9.8796,11.78797730224948,0.3167888755544496
5,VI,25,244,6.99477,11.64827771279781,0.3130346033224045
5,VI,25,245,10.2504,11.52142908150142,0.30962568640276167
5,VI,25,246,10.60279,11.60901892944504,0.31197956686321604
5,VI,25,247,10.40901,11.52184718212424,0.30963692239539853
5,VI,25,248,9.94012,11.4473719781935,0.3076354835136486
5,VI,25,249,2.75296,11.30270814366784,0.30374780267598417
5,VI,25,250,8.52873,10.91858635390684,0.29342495366344584
5,VI,25,251,13.59136,10.67373208064229,0.2868447653993086
5,VI,25,252,16.54811,10.44677783060073,0.2807456204968791
5,VI,25,253,16.88023,10.23937437096954,0.275171881501799
5,VI,25,254,7.33066,10.03651552201377,0.2697202739011715
5,VI,25,255,17.18395,9.976598261161827,0.26811006366705714
5,VI,25,256,5.63308,9.802147884025157,0.26342190238237007
5,VI,25,257,10.40999,9.615831868097516,0.25841486515536094
5,VI,25,258,14.17243,9.384034823294334,0.2521855754903705
5,VI,25,259,17.23272,9.206987673194464,0.24742762879924862
5,VI,25,260,16.15285,9.050319065337284,0.24321733293209538
5,VI,25,261,14.70995,8.881945510706576,0.23869247954317777
5,VI,25,262,18.26789,8.711952528386004,0.23412410582301416
5,VI,25,263,-1.63163,8.566232084306934,0.23020802977014507
5,VI,25,264,19.15052,8.455296099994227,0.2272267476699291
5,VI,25,265,16.40476,8.319265180312277,0.22357106688757306
5,VI,25,266,19.40047,8.11986687233777,0.21821245750522808
5,VI,25,267,20.20688,7.915623033944022,0.2127236298425439
5,VI,25,268,19.83724,7.741581440574651,0.20804645417028783
5,VI,25,269,-2.78373,7.560249045956506,0.20317334626383507
5,VI,25,270,8.88007,7.37759524560589,0.19826472703721196
5,VI,25,271,11.97593,7.282401848998173,0.19570650960106092
5,VI,25,272,15.25482,7.176978121959681,0.19287336332931587
5,VI,25,273,5.73971,7.062962617378662,0.18980932252181434
5,VI,25,274,5.55084,6.862189511004122,0.18441376695030615
5,VI,25,275,22.65872,6.669281936765461,0.17922958887105755
5,IX,25,276,2.65635,6.362518159171645,0.17098565102887697
5,IX,25,277,2.69104,6.171057413628054,0.16584035487344606
5,IX,25,278,2.81747,5.973621125985035,0.1605344726213534
5,IX,25,279,2.84786,5.727673447402961,0.15392490029647504
5,IX,25,280,2.87594,5.444773123168943,0.1463222664170408
5,IX,25,281,2.92491,5.272874802821264,0.1417026888409754
5,IX,25,282,2.9557,4.991844574747708,0.1341503117311854
5,IX,25,283,3.02712,4.659066083397338,0.12520725717818146
5,IX,25,284,3.12445,4.333238935614687,0.116451012308972
5,IX,25,285,3.17193,3.876157905380248,0.10416746425890867
5,IX,25,286,3.35739,3.470549390727998,0.09326718323720389
5,IX,25,287,3.51992,3.015854885369619,0.08104777040835663
5,IX,25,288,3.67298,2.555262046793196,0.0686698463862928
5,IX,25,289,3.8985,2.138139820950826,0.05746014708799524
5,IX,25,290,4.25554,1.76848618268119,0.04752611367331409
5,IX,25,291,4.60254,1.496497436195374,0.04021671639900278
5,IX,25,292,5.01781,1.174396662928263,0.031560613730817706
5,IX,25,293,5.47786,0.9001016641756696,0.02418923847304032
5,IX,25,294,6.05297,0.6475060931125222,0.017401011377297732
5,IX,25,295,6.81695,0.4797092049708896,0.01289165526360893
5,IX,25,296,7.6356,0.3650434291356403,0.009810139134077921
5,IX,25,297,8.66317,0.2922104584227664,0.00785283345696073
5,IX,25,298,9.92964,0.2460738556832208,0.006612963195166629
5,IX,25,299,11.47431,0.2134571080385843,0.0057364241125357285
5,IX,25,300,13.30948,0.1937310578727723,0.0052063082927533335
5,IX,25,301,15.60648,0.1719720986679923,0.0046215602869693366
5,IX,25,302,18.49498,0.1547169927050273,0.004157848364607776
5,IX,25,303,21.01478,0.1401216009322273,0.0037656133246658807
5,IX,25,304,23.8404,0.1258266858232286,0.0033814532633242413
5,IX,25,305,25.04928,0.1128927847633362,0.0030338689519331823
5,IX,25,306,24.17241,0.102183324066586,0.002746064019421932
5,IX,25,307,25.76144,0.09192916448296438,0.002470494801653631
5,IX,25,308,23.81114,0.08148511466174659,0.0021898224933970764
5,IX,25,309,23.63991,0.0764081089803907,0.0020533835709473894
5,IX,25,310,24.36258,0.06904382254409784,0.0018554765034669565
5,IX,25,311,23.2502,0.06695423139444985,0.0017993210483203644
5,IX,25,312,18.6239,0.07346770970323355,0.0019743635867034448
5,IX,25,313,19.89614,0.06737237280570134,0.0018105581371013067
5,IX,25,314,21.84317,0.06458244799041744,0.001735581987889806
5,IX,25,315,18.69873,0.06490194719738426,0.001744168176335914
5,IX,25,316,19.76917,0.06069301769680449,0.0016310578428504416
5,IX,25,317,20.80319,0.060472425514645,0.001625129671498341
5,IX,25,318,18.77611,0.07521281398603652,0.002021261337632174
5,IX,25,319,20.08268,0.06621414163377548,0.0017794319530937681
5,IX,25,320,23.86039,0.06012992979473535,0.0016159254771560526
5,IX,25,321,25.99632,0.05272954524654813,0.0014170483127723562
5,IX,25,322,25.02735,0.04765501776207817,0.0012806759891279408
5,IX,25,323,28.42094,0.04124022168053525,0.0011082854266524528
5,IX,25,324,28.93629,0.03592050449032253,0.0009653239003663805
5,IX,25,325,29.4983,0.03169587632242837,0.0008517916825288506
5,IX,25,326,30.5315,0.02774131883451673,0.0007455173160459855
5,IX,25,327,31.72697,0.02416657931094699,0.0006494501380191322
5,IX,25,328,78.01688,2.721403327936376,0.07313470988976085
5,IX,25,329,85.52116,,
5,IX,25,330,135.49113,,
5,IX,25,331,142.14436,,
5,IX,25,332,134.66695,,
5,I,25,333,425.42291,,
6,VIII,25,1,1.75469,33.79594589209153,0.9389801478022874
6,VIII,25,2,1.92201,32.58458088429388,0.9053238122851174
6,VIII,25,3,1.81996,31.87169725053832,0.88551718867627
6,VIII,25,4,1.94913,31.4496047782249,0.8737898515185953
6,VIII,25,5,1.658,31.16233153546778,0.8658083062526336
6,VIII,25,6,1.83887,30.91441493758014,0.8589202385397057
6,VIII,25,7,1.80125,30.73335496723433,0.8538897026801909
6,VIII,25,8,1.89854,30.53984098030514,0.8485131467871038
6,VIII,25,9,1.90328,30.36009826535755,0.8435192093016207
6,VIII,25,10,1.94775,30.2599422102805,0.8407364924722169
6,VIII,25,11,1.93979,30.23077814825945,0.8399262037069763
6,VIII,25,12,1.93692,30.13329025922862,0.8372176186967096
6,VIII,25,13,1.60751,30.08567729108045,0.8358947490243583
6,VIII,25,14,1.90249,29.9763255451211,0.8328565408643857
6,VIII,25,15,1.94391,29.90694791594863,0.830928965980033
6,VIII,25,16,1.62351,29.89288661741382,0.8305382895297077
6,VIII,25,17,1.59325,29.90104923111765,0.8307650780399789
6,VIII,25,18,1.87904,29.74391260083981,0.8263992237214002
6,VIII,25,19,1.6937,29.7100260842285,0.8254577271739212
6,VIII,25,20,1.93982,29.69270119173136,0.8249763756482215
6,VIII,25,21,1.87834,29.60516563124846,0.8225443042458518
6,VIII,25,22,1.72168,29.57063580494391,0.8215849341039254
6,VIII,25,23,1.68661,29.56548419878174,0.8214418028558454
6,VIII,25,24,1.93694,29.49633075222017,0.8195204566186148
6,VIII,25,25,1.87223,29.449879035692,0.8182298509409233
6,VIII,25,26,1.6064,29.42496734525685,0.8175377092609274
6,VIII,25,27,1.75005,29.43357622459497,0.8177768967309017
6,VIII,25,28,1.6441,29.45458956618459,0.8183607274262947
6,VIII,25,29,1.71268,29.48302475042766,0.8191507651896582
6,VIII,25,30,1.85672,29.431823440603,0.8177281977130639
6,VIII,25,31,1.90479,29.33407413984891,0.8150123496890816
6,VIII,25,32,1.65033,29.26259917644459,0.8130265028684056
6,VIII,25,33,1.76498,29.21789857182902,0.811784549751816
6,VIII,25,34,1.9119,29.24972140564384,0.8126687093280661
6,VIII,25,35,1.68413,29.2542614607688,0.8127948493581715
6,VIII,25,36,1.63663,29.20186526366213,0.8113390833600665
6,VIII,25,37,1.77791,29.12913186012017,0.8093182722773985
6,VIII,25,38,1.75515,29.08274623192424,0.8080295027853893
6,VIII,25,39,1.9278,29.09305065436596,0.8083157989032207
6,VIII,25,40,1.92243,29.1802645982005,0.8107389345696598
6,VIII,25,41,1.71103,29.14786863888931,0.8098388513833705
6,VIII,25,42,1.62009,29.14900888987264,0.8098705319003259
6,VIII,25,43,1.60662,29.08521277533939,0.8080980327596032
6,VIII,25,44,1.81591,29.07401061849849,0.8077867941595724
6,VIII,25,45,1.91749,29.09927052281316,0.8084886105479224
6,VIII,25,46,1.9026,29.12213086558658,0.809123757973733
6,VIII,25,47,1.8656,29.12699477637863,0.8092588959482404
6,VIII,25,48,1.93291,29.02562846454707,0.8064425535748184
6,VIII,25,49,1.8134,28.90118009748584,0.802984903758772
6,VIII,25,50,1.87026,28.90060040140664,0.8029687975929062
6,VIII,25,51,1.66272,28.87586727485107,0.8022816170978577
6,VIII,25,52,1.89667,28.91718614183723,0.8034296126578448
6,VIII,25,53,1.86169,28.93852120026059,0.8040223818726998
6,VIII,25,54,1.72522,28.89528026226298,0.8028209838564482
6,VIII,25,55,1.90905,28.81188971861098,0.8005040768151812
6,VIII,25,56,1.92114,28.81505556263095,0.8005920360247053
6,VIII,25,57,1.80343,28.81482014661451,0.8005854952707754
6,VIII,25,58,1.67694,28.86440525114908,0.8019631584062686
6,VIII,25,59,1.93461,28.82202084311506,0.8007855580559967
6,VIII,25,60,1.81905,28.79121394200345,0.7999296249611968
6,VIII,25,61,1.72767,28.73982977196889,0.7985019769312288
6,VIII,25,62,1.6289,28.70858701348493,0.7976339340579005
6,VIII,25,63,1.69762,28.6470001696146,0.7959228168740619
6,VIII,25,64,1.64708,28.77484175887385,0.7994747433317859
6,VIII,25,65,1.93167,28.75971727203291,0.7990545274593056
6,VIII,25,66,1.86083,28.7379875468708,0.7984507928986703
6,VIII,25,67,1.90737,28.66684302763327,0.7964741270760216
6,VIII,25,68,1.83224,28.64139574876615,0.7957671047086612
6,VIII,25,69,1.70829,28.64158730702466,0.7957724269269669
6,VIII,25,70,1.85884,28.68963075528378,0.7971072569770362
6,VIII,25,71,1.62792,28.69034551159452,0.797127115630747
6,VIII,25,72,1.623,28.64600568667727,0.7958951863488367
6,VIII,25,73,1.93377,28.59395193235908,0.7944489347161876
6,VIII,25,74,1.86252,28.51215189959802,0.792176218127711
6,VIII,25,75,1.62878,28.49033506962416,0.7915700634635142
6,VIII,25,76,1.85126,28.49499474433392,0.7916995269814655
6,VIII,25,77,1.80179,28.47653282640289,0.7911865845568641
6,VIII,25,78,1.87037,28.43586937892317,0.7900567990480762
6,VIII,25,79,1.83785,28.41113152664612,0.7893694872544789
6,VIII,25,80,1.62726,28.38273002618072,0.7885803853548026
6,VIII,25,81,1.63232,28.35478053472853,0.7878038419877794
6,VIII,25,82,1.84186,28.33245477752347,0.7871835473859612
6,VIII,25,83,1.67532,28.31368834895745,0.7866621444956586
6,VIII,25,84,1.79287,28.27920937185455,0.7857041871383021
6,VIII,25,85,1.88228,28.24692963199444,0.7848073329711887
6,VIII,25,86,1.91236,28.20394462268704,0.7836130456291027
6,VIII,25,87,1.9012,28.17967800340699,0.7829388264836763
6,VIII,25,88,1.60935,28.15868126291699,0.7823554570300851
6,VIII,25,89,1.92731,28.09446560047913,0.780571301249991
6,VIII,25,90,1.85799,28.05423320765769,0.7794534920820352
6,VIII,25,91,1.72583,27.97590095903868,0.7772771237501409
6,VIII,25,92,1.84174,27.93474413794497,0.776133630442481
6,VIII,25,93,1.73213,27.9131998450402,0.7755350478964972
6,VIII,25,94,1.7852,27.83993616263109,0.7734995036464059
6,VIII,25,95,1.92859,27.80511580263821,0.7725320613716123
6,VIII,25,96,1.61203,27.70535835578961,0.769760419397591
6,VIII,25,97,1.92822,27.63182859428237,0.7677174824563263
6,VIII,25,98,1.61716,27.56594944746014,0.7658871087417471
6,VIII,25,99,1.77138,27.51287486187193,0.7644124945267969
6,VIII,25,100,1.61808,27.43621024416477,0.7622824593357204
6,VIII,25,101,1.73378,27.38854094374978,0.7609580245383569
6,VIII,25,102,1.61632,27.33026824154324,0.7593389868376386
6,VIII,25,103,1.72594,27.22461967453851,0.7564036670990537
6,VIII,25,104,1.91064,27.15035145914547,0.7543402130951494
6,VIII,25,105,1.61854,27.11758740829844,0.7534299029234746
6,VIII,25,106,1.68093,27.09419106637152,0.7527798633988901
6,VIII,25,107,1.70223,26.98523765989174,0.749752722627432
6,VIII,25,108,1.59936,26.90589032993235,0.7475481514681906
6,VIII,25,109,1.78946,26.81804641069624,0.7451075126847336
6,VIII,25,110,1.86641,26.73366573994489,0.7427630961400172
6,VIII,25,111,1.62153,26.65433490477416,0.740558983268854
6,VIII,25,112,1.61556,26.70347276961219,0.7419242203814836
6,VIII,25,113,1.60374,26.61985698872331,0.7396010553915664
6,VIII,25,114,1.85698,26.58986795760597,0.7387678458414945
6,VIII,25,115,1.63238,26.49455377312933,0.7361196546260955
6,VIII,25,116,1.88427,26.44709240508736,0.7348009969823285
6,VIII,25,117,1.68183,26.39630257798093,0.7333898620634975
6,VIII,25,118,1.59335,26.34943788701036,0.7320877823822612
6,VIII,25,119,1.58944,26.38585363959038,0.7330995507419662
6,VIII,25,120,1.62533,26.28895173339338,0.730407246567563
6,VIII,25,121,1.79478,26.22893599230449,0.7287397806052832
6,VIII,25,122,1.76693,26.11813130292511,0.7256612041410281
6,VIII,25,123,1.68967,26.08241227284199,0.7246687933869721
6,VIII,25,124,1.74213,26.03263575107238,0.7232858119513423
6,VIII,25,125,1.56373,26.04339993036654,0.7235848818663219
6,VIII,25,126,1.79221,25.96758711323843,0.7214785129409024
6,VIII,25,127,1.76276,25.9157360181304,0.7200378919532933
6,VIII,25,128,1.74488,25.86057805789103,0.7185053936523608
6,VIII,25,129,1.62294,25.80504042843416,0.7169623466939324
6,VIII,25,130,1.8293,25.75458466202421,0.7155604932541038
6,VIII,25,131,1.85437,25.76572212825566,0.7158699345025169
6,VIII,25,132,1.87052,25.75329570902078,0.7155246812284385
6,VIII,25,133,1.8199,25.53854545780008,0.7095581009979092
6,VIII,25,134,1.57413,25.44454404913535,0.706946383696566
6,VIII,25,135,1.78022,25.4128219372317,0.7060650225587836
6,VIII,25,136,1.84844,25.37706785311216,0.7050716378700314
6,VIII,25,137,1.55336,25.39081266661923,0.7054535211603997
6,VIII,25,138,1.821,25.31069801373083,0.7032276308465002
6,VIII,25,139,1.84567,25.18596438979259,0.6997620555075111
6,VIII,25,140,1.85101,25.05981088929961,0.6962570305877501
6,VIII,25,141,1.547,24.99368640498478,0.6944198404628298
6,VIII,25,142,1.81818,24.90202636626223,0.6918731753396796
6,VIII,25,143,1.81981,24.89949899865044,0.6918029554375278
6,VIII,25,144,1.5429,24.85720844723895,0.6906279627818468
6,VIII,25,145,1.5432,24.78476294767762,0.6886151507687459
6,VIII,25,146,1.64366,24.6615171536429,0.6851909130134769
6,VIII,25,147,1.56261,24.56119152946978,0.682403484908484
6,VIII,25,148,1.86194,24.4875417524071,0.6803572134778003
6,VIII,25,149,1.64415,24.52468927060744,0.6813893130746458
6,VIII,25,150,1.68284,24.50754312372211,0.6809129277831073
6,VIII,25,151,1.6356,24.47695825852371,0.680063163691988
6,VIII,25,152,1.78817,24.30274419822691,0.6752228332982468
6,VIII,25,153,1.80984,24.25772663705953,0.6739720739209649
6,VIII,25,154,1.80511,24.09050570189753,0.6693260391890062
6,VIII,25,155,1.7214,24.1966940664478,0.6722763565601685
6,VIII,25,156,1.80471,24.09567732499863,0.669469726583919
6,VIII,25,157,1.7908,23.80574152057099,0.6614142052097312
6,VIII,25,158,1.63177,23.66000920040639,0.6573652060793429
6,VIII,25,159,1.83358,23.52090872378966,0.6535004648316801
6,VIII,25,160,1.72716,23.42334836568875,0.6507898663545216
6,VIII,25,161,1.73214,23.38992669940098,0.6498612851202253
6,VIII,25,162,1.60445,23.45244225521934,0.6515982054606027
6,VIII,25,163,1.72372,23.4085477417005,0.6503786486260867
6,VIII,25,164,1.59846,23.23563507640117,0.6455744759440123
6,VIII,25,165,1.60368,23.08539288702902,0.6414001754633203
6,VIII,25,166,1.62327,22.949677401808,0.6376294821742854
6,VIII,25,167,1.80786,22.88450101652871,0.6358186338530645
6,VIII,25,168,1.62063,22.85159708742521,0.6349044373304541
6,VIII,25,169,1.64639,22.81230059498937,0.6338126310412225
6,VIII,25,170,1.7152,22.69094143192631,0.6304408110828771
6,VIII,25,171,1.67955,22.53962946819433,0.6262367881943639
6,VIII,25,172,1.72742,22.44197230276912,0.6235235000408764
6,VIII,25,173,1.75467,22.35429502140936,0.6210874910925559
6,VIII,25,174,1.65839,22.38225307781644,0.6218642724266604
6,VIII,25,175,1.66762,22.2918676247813,0.6193530201503934
6,VIII,25,176,1.66669,22.17558883422086,0.6161223522976478
6,VIII,25,177,1.7813,22.06825361101188,0.6131401708231311
6,VIII,25,178,1.9042,21.99165223040982,0.6110118925997833
6,VIII,25,179,1.84468,21.88619949322045,0.6080820137596292
6,VIII,25,180,1.91106,21.83461555599933,0.6066488154360562
6,VIII,25,181,1.72529,21.83022311778389,0.6065267767661543
6,VIII,25,182,1.77085,21.61318037079115,0.6004965022681013
6,VIII,25,183,1.87901,21.45745067080136,0.5961697378336773
6,VIII,25,184,1.74521,21.37004845307964,0.5937413712012821
6,VIII,25,185,1.74644,21.26809955674871,0.5909088424106765
6,VIII,25,186,1.87863,21.22397212689422,0.5896828142728875
6,VIII,25,187,1.81392,21.14421377987711,0.5874668234937059
6,VIII,25,188,1.92795,21.00195969058608,0.5835144628699062
6,VIII,25,189,1.9015,20.94297106402631,0.581875534062806
6,VIII,25,190,1.94791,20.85713385379242,0.5794906493014886
6,VIII,25,191,1.74674,20.83910386448879,0.5789897074999113
6,VIII,25,192,1.98242,20.75563957457522,0.5766707515065063
6,VIII,25,193,1.97128,20.66560989947043,0.5741693840967463
6,VIII,25,194,1.91564,20.58703234895792,0.5719862003435896
6,VIII,25,195,1.78819,20.43332137650512,0.5677155238519949
6,VIII,25,196,1.86066,20.35419283710651,0.5655170315281782
6,VIII,25,197,2.00483,20.27038316751227,0.5631884795712622
6,VIII,25,198,1.99767,20.29251136763213,0.5638032852845121
6,VIII,25,199,1.81354,20.32147829279114,0.564608096836585
6,VIII,25,200,1.86963,20.06888756405169,0.5575901639589981
6,VIII,25,201,1.84634,19.91625839691165,0.5533495441409378
6,VIII,25,202,1.87158,19.83881648701351,0.5511979128111202
6,VIII,25,203,1.98916,19.75661788563029,0.5489141224676749
6,VIII,25,204,2.01078,19.75826673900476,0.5489599338969572
6,VIII,25,205,1.94461,19.71319073418172,0.5477075507322363
6,VIII,25,206,2.02159,19.61453370872328,0.5449664826573114
6,VIII,25,207,2.01165,19.47749682958266,0.5411590760103522
6,VIII,25,208,1.82209,19.48937393487293,0.5414890672500272
6,VIII,25,209,1.84019,19.37549764309691,0.5383251499676278
6,VIII,25,210,1.83854,19.3155008859541,0.5366582114517038
6,VIII,25,211,1.85547,19.27189749811298,0.5354467431977759
6,VIII,25,212,1.84496,19.21756149033187,0.5339370818679762
6,III,25,213,2.15953,,
7,VIII,25,1,2.20704,33.30542239157823,0.9333263996771057
7,VIII,25,2,2.08256,31.87099662419724,0.89312911824547
7,VIII,25,3,1.94982,31.04269169929038,0.8699173167463358
7,VIII,25,4,2.10854,30.51888814619444,0.8552386353412103
7,VIII,25,5,2.0641,30.13455274377356,0.8444683057176282
7,VIII,25,6,2.1206,29.82443155615191,0.8357777000828024
7,VIII,25,7,2.1459,29.67684556408608,0.8316418599484822
7,VIII,25,8,2.1424,29.52264861071568,0.8273207591487889
7,VIII,25,9,1.93114,29.38385638734727,0.8234313490516397
7,VIII,25,10,2.02543,29.19925713578968,0.8182582768469497
7,VIII,25,11,1.99491,28.99182764239123,0.8124454269156612
7,VIII,25,12,2.11259,28.87071572715762,0.8090514766311103
7,VIII,25,13,2.04998,28.75638632631388,0.805847594488072
7,VIII,25,14,2.12917,28.67900472146099,0.8036791099149159
7,VIII,25,15,1.89179,28.59095900428603,0.8012117821851624
7,VIII,25,16,1.9788,28.44360845681762,0.7970825399752237
7,VIII,25,17,2.12181,28.35831969564903,0.7946924711312228
7,VIII,25,18,2.11173,28.30629961193508,0.7932346989741005
7,VIII,25,19,2.14445,28.27411073688934,0.792332661867263
7,VIII,25,20,1.90139,28.22317532488337,0.7909052857437997
7,VIII,25,21,1.94219,28.16673438090173,0.7893236266847606
7,VIII,25,22,1.90888,28.06782214036433,0.7865517835818756
7,VIII,25,23,2.13349,27.93225495618018,0.782752749585509
7,VIII,25,24,2.1438,27.87634550619424,0.781185984719122
7,VIII,25,25,2.07083,27.76398434954665,0.7780372591883516
7,VIII,25,26,1.87644,27.66575587174307,0.7752845773440475
7,VIII,25,27,1.90541,27.56050745527225,0.7723351739567702
7,VIII,25,28,1.89652,27.4534731372986,0.7693357237933186
7,VIII,25,29,1.92371,27.32848483036377,0.7658331443892298
7,VIII,25,30,1.86889,27.28069346052297,0.7644938745662945
7,VIII,25,31,1.86268,27.24862818611696,0.763595301151907
7,VIII,25,32,2.11994,27.18967213893381,0.7619431607103386
7,VIII,25,33,1.88469,27.15691978710435,0.761025333148972
7,VIII,25,34,1.87697,27.08315223969056,0.7589581262349971
7,VIII,25,35,1.93131,26.99592645421725,0.7565137756617585
7,VIII,25,36,1.9896,26.9437089650103,0.7550504715598406
7,VIII,25,37,2.09723,26.97274477760144,0.7558641495882641
7,VIII,25,38,2.09838,26.95193995168136,0.7552811306118463
7,VIII,25,39,2.00322,26.91918144975369,0.7543631307046992
7,VIII,25,40,1.83643,26.80631264306686,0.7512001791665884
7,VIII,25,41,1.94465,26.75521665298844,0.7497683031225876
7,VIII,25,42,1.87151,26.71029521651118,0.7485094581788811
7,VIII,25,43,1.84543,26.72520657198337,0.7489273229203499
7,VIII,25,44,1.93758,26.71724699838049,0.7487042697464132
7,VIII,25,45,1.82711,26.73493089090647,0.7491998300053254
7,VIII,25,46,2.09497,26.67839821815492,0.7476156004074247
7,VIII,25,47,2.03493,26.59453727866744,0.7452655437768508
7,VIII,25,48,1.93295,26.52314275743606,0.7432648367846343
7,VIII,25,49,1.95402,26.50828388567609,0.7428484428077033
7,VIII,25,50,1.94394,26.51335280502996,0.7429904904357195
7,VIII,25,51,1.93407,26.50915723278848,0.7428729168379825
7,VIII,25,52,1.94879,26.50367892500255,0.7427193968128633
7,VIII,25,53,1.91399,26.38246709164768,0.7393226464971558
7,VIII,25,54,2.02012,26.35728247426605,0.7386168915005165
7,VIII,25,55,1.84315,26.34661374303268,0.7383179189069822
7,VIII,25,56,1.93874,26.35446660478463,0.7385379816673321
7,VIII,25,57,2.05595,26.33569457001325,0.7380119281190001
7,VIII,25,58,1.88709,26.29339869397145,0.7368266599292393
7,VIII,25,59,2.06446,26.21689947077346,0.7346829025636661
7,VIII,25,60,1.87061,26.22131872176703,0.734806744368481
7,VIII,25,61,2.05181,26.24597998782554,0.735497833356672
7,VIII,25,62,1.87523,26.23298181251781,0.7351335821539788
7,VIII,25,63,1.84871,26.23897340798741,0.7353014861715954
7,VIII,25,64,1.88155,26.24660362025406,0.7355153095682747
7,VIII,25,65,1.87721,26.13578107657579,0.7324097009836361
7,VIII,25,66,1.89626,25.95480583617192,0.7273381853736268
7,VIII,25,67,2.05544,25.95823850877255,0.7274343800389264
7,VIII,25,68,1.97872,25.94604357872007,0.7270926383841778
7,VIII,25,69,1.85259,25.91796023957738,0.7263056517636572
7,VIII,25,70,2.01783,25.9392183788736,0.7269013740571597
7,VIII,25,71,2.00467,25.89048143883981,0.725535606278021
7,VIII,25,72,2.02444,25.84548846261044,0.7242747565574803
7,VIII,25,73,2.10434,25.80444319769711,0.7231245345643481
7,VIII,25,74,1.8649,25.78966814662001,0.7227104895159261
7,VIII,25,75,1.90804,25.77568460828527,0.7223186252322289
7,VIII,25,76,2.06543,25.75851658822294,0.7218375213997666
7,VIII,25,77,1.85946,25.67902331874848,0.7196098611069515
7,VIII,25,78,1.86645,25.63599459507877,0.7184040561400249
7,VIII,25,79,1.86582,25.59113222364294,0.7171468663911338
7,VIII,25,80,1.98731,25.57370939593761,0.7166586220186942
7,VIII,25,81,1.96857,25.54657865989099,0.715898330439225
7,VIII,25,82,1.89444,25.57296676116097,0.7166378109737477
7,VIII,25,83,2.00245,25.48537763413657,0.7141832783869694
7,VIII,25,84,2.1263,25.4943392197609,0.7144344112009543
7,VIII,25,85,2.05762,25.50525177890522,0.7147402166466167
7,VIII,25,86,2.13087,25.44546090086574,0.713064681525698
7,VIII,25,87,1.89057,25.41486121884626,0.7122071787829096
7,VIII,25,88,1.88293,25.43914289141296,0.712887630325255
7,VIII,25,89,1.90231,25.31650601966899,0.7094509457930269
7,VIII,25,90,2.07502,25.02994430721497,0.701420553377477
7,VIII,25,91,1.89456,24.764488272864,0.6939816107962833
7,VIII,25,92,2.12151,24.51471674164332,0.6869821990718133
7,VIII,25,93,1.93325,24.28966001733821,0.6806753767247133
7,VIII,25,94,2.18833,23.80110846388287,0.6669845711531128
7,VIII,25,95,2.07807,23.30657807959538,0.653126219270607
7,VIII,25,96,2.16309,22.58688450575811,0.632958061538125
7,VIII,25,97,2.23121,21.76664852891287,0.6099723782414561
7,VIII,25,98,2.26507,20.93441189467916,0.5866503974427634
7,VIII,25,99,2.39516,20.21587329256905,0.5665146057794206
7,VIII,25,100,2.40869,19.61595892328557,0.5497030514380622
7,VIII,25,101,2.42357,19.20750583938216,0.5382568658363754
7,VIII,25,102,2.50591,18.88777840366957,0.5292970618458072
7,VIII,25,103,2.47145,18.66715237338259,0.5231144019743361
7,VIII,25,104,2.47379,18.50470870939128,0.5185622014863549
7,VIII,25,105,2.55103,18.37817304899556,0.5150162601990957
7,VIII,25,106,2.56982,18.24251966392391,0.5112148105731348
7,VIII,25,107,2.562,18.11573574456151,0.5076619122611354
7,VIII,25,108,2.54862,17.99985398619122,0.5044145280047105
7,VIII,25,109,2.56074,17.87714063811832,0.5009757003566887
7,VIII,25,110,2.53926,17.76196504282636,0.497748105089448
7,VIII,25,111,2.49424,17.67941950746917,0.4954349103664221
7,VIII,25,112,2.50061,17.57425145526929,0.4924877590477352
7,VIII,25,113,2.55157,17.49470630395297,0.4902586448567497
7,VIII,25,114,2.53928,17.3761068138733,0.4869351009071137
7,VIII,25,115,2.57566,17.29102652511469,0.48455087413896325
7,VIII,25,116,2.51512,17.21003357067829,0.4822811877895581
7,VIII,25,117,2.54736,17.11754045770222,0.4796892295458244
7,VIII,25,118,2.51317,17.0519645776935,0.4778515798299729
7,VIII,25,119,2.55872,16.97045148039499,0.47556731738364566
7,VIII,25,120,2.57016,16.91035487145657,0.4738832146872787
7,VIII,25,121,2.51953,16.82387338093947,0.4714597216826248
7,VIII,25,122,2.5363,16.73068555854458,0.46884829541854695
7,VIII,25,123,2.58763,16.68702898858941,0.4676248961540232
7,VIII,25,124,2.58824,16.61403770775986,0.4655794427577711
7,VIII,25,125,2.53072,16.55986766934966,0.46406142186839944
7,VIII,25,126,2.59345,16.49302264051184,0.46218820646917685
7,VIII,25,127,2.53429,16.41522055819194,0.46000793874804524
7,VIII,25,128,2.59696,16.32042172519555,0.45735136672040794
7,VIII,25,129,2.54783,16.23676484628084,0.45500702853163794
7,VIII,25,130,2.59936,16.21011012370216,0.4542600763997521
7,VIII,25,131,2.54679,16.15131571363451,0.45261246555655626
7,VIII,25,132,2.59327,16.12199184048504,0.4517907151331747
7,VIII,25,133,2.56082,16.04958662446635,0.4497616851815337
7,VIII,25,134,2.55282,15.93606458556918,0.4465804279495374
7,VIII,25,135,2.59828,15.88932294578724,0.4452705749814599
7,VIII,25,136,2.56002,15.85057428042051,0.44418471118685543
7,VIII,25,137,2.56943,15.80835394381885,0.4430015598582133
7,VIII,25,138,2.56351,15.77894293886779,0.44217736771799293
7,VIII,25,139,2.57466,15.7745202146547,0.44205342858225594
7,VIII,25,140,2.59902,15.68201796833084,0.439461214392373
8,VIII,25,1,2.27376,31.50480924250831,0.9281497113272892
8,VIII,25,2,2.23271,30.17151429360582,0.8888700790523454
8,VIII,25,3,2.16904,29.44475170073359,0.8674592371207048
8,VIII,25,4,2.09526,29.01636241032875,0.8548386434467563
8,VIII,25,5,2.0781,28.75276865531244,0.8470730205622362
8,VIII,25,6,2.27799,28.4735870419744,0.8388481704502107
8,VIII,25,7,2.05574,28.34278385906048,0.8349946338194146
8,VIII,25,8,2.06987,28.13892402631927,0.8289888064724366
8,VIII,25,9,2.17102,27.96151837147567,0.823762334346754
8,VIII,25,10,2.04968,27.78846721479967,0.8186641482292845
8,VIII,25,11,2.11694,27.74441843536037,0.8173664459767108
8,VIII,25,12,2.0844,27.64458952882766,0.8144254292555102
8,VIII,25,13,2.21749,27.4637591243426,0.8090980620453146
8,VIII,25,14,2.08839,27.26970173058238,0.803381020160914
8,VIII,25,15,2.00917,27.23339439278411,0.8023113852097187
8,VIII,25,16,2.10943,27.1416302736223,0.7996079617401578
8,VIII,25,17,2.03358,27.19281372063399,0.8011158553827745
8,VIII,25,18,2.17052,27.18539261008198,0.8008972252186128
8,VIII,25,19,2.06459,27.1262833420978,0.7991558323539876
8,VIII,25,20,2.01389,26.95348001512864,0.794064947441521
8,VIII,25,21,1.97807,26.94332162501907,0.7937656754549753
8,VIII,25,22,2.00183,26.92342155494095,0.7931794080011328
8,VIII,25,23,2.14593,26.92832891250099,0.7933239815634633
8,VIII,25,24,2.01035,26.98153362147264,0.7948914227402427
8,VIII,25,25,2.01651,26.98102003716788,0.7948762922526865
8,VIII,25,26,2.11083,26.95900583487445,0.7942277412538067
8,VIII,25,27,2.07288,26.83058544272061,0.7904444030025374
8,VIII,25,28,2.05393,26.79826497204205,0.7894922234384791
8,VIII,25,29,1.95215,26.97929401879455,0.7948254427635618
8,VIII,25,30,2.0275,26.82754041920939,0.7903546948671487
8,VIII,25,31,2.00099,26.53223851707882,0.7816549318212237
8,VIII,25,32,2.19028,26.13283146402062,0.769888171446815
8,VIII,25,33,2.24204,25.94453290035795,0.7643407879930202
8,VIII,25,34,2.28011,25.78521889968875,0.759647306353652
8,VIII,25,35,2.24447,25.83896039295158,0.7612305615028656
8,VIII,25,36,2.23591,25.82758635269036,0.7608954757671033
8,VIII,25,37,2.2537,,
8,VIII,25,38,2.24036,,
8,VIII,25,39,2.29608,,
8,VIII,25,40,2.2433,,
8,VIII,25,41,2.24056,,
8,VIII,25,42,2.231,,
8,VIII,25,43,2.27189,,
8,VIII,25,44,2.24124,,
8,VIII,25,45,2.24456,,
8,VIII,25,46,2.2024,,
8,VIII,25,47,2.22435,,
8,VIII,25,48,2.31163,,
8,VIII,25,49,2.30355,,
8,VIII,25,50,2.32595,,
8,VIII,25,51,2.31077,,
8,VIII,25,52,2.31037,,
8,VIII,25,53,2.27145,,
8,VIII,25,54,2.33122,,
8,VIII,25,55,2.33878,,
8,VIII,25,56,2.32055,,
8,VIII,25,57,2.2989,,
8,VIII,25,58,2.31026,,
8,VIII,25,59,2.31292,,
8,VIII,25,60,2.32249,,
8,VIII,25,61,2.33647,,
8,VIII,25,62,2.3401,,
8,VIII,25,63,2.36323,,
8,VIII,25,64,2.35208,,
8,VIII,25,65,2.36685,,
8,VIII,25,66,2.38161,,
8,VIII,25,67,2.41171,,
8,VIII,25,68,2.43449,,
8,VIII,25,69,2.43698,,
8,VIII,25,70,2.45235,,
8,VIII,25,71,2.72736,,
8,VIII,25,72,2.52724,,
8,VIII,25,73,2.59387,,
8,VIII,25,74,2.67686,,
8,VIII,25,75,2.84659,,
8,VIII,25,76,2.73772,,
8,VIII,25,77,2.78134,,
8,VIII,25,78,2.78744,,
8,VIII,25,79,2.77978,,
8,VIII,25,80,2.78304,,
8,VIII,25,81,2.79033,,
8,VIII,25,82,2.79566,,
8,VIII,25,83,2.81159,,
8,VIII,25,84,2.82308,,
8,VIII,25,85,2.82136,,
8,VI,25,86,6.19751,,
42,VI,25,1,3.28194,,
42,VI,25,2,1.14726,,
42,VI,25,3,3.58891,,
42,VI,25,4,0.59344,,
42,VI,25,5,4.00091,,
42,VI,25,6,0.33912,,
42,VI,25,7,3.68275,,
42,VI,25,8,1.64525,,
42,VI,25,9,0.86391,,
42,VI,25,10,2.01718,,
42,VI,25,11,4.20978,,
42,VI,25,12,2.96078,,
42,VI,25,13,2.80289,,
42,VI,25,14,3.28255,,
42,VI,25,15,1.07766,,
42,VI,25,16,1.61253,,
42,VI,25,17,3.33411,,
42,VI,25,18,0.87011,,
42,VI,25,19,0.28375,,
42,VI,25,20,0.93757,,
42,VI,25,21,3.41682,,
42,VI,25,22,1.0298,,
42,VI,25,23,4.4065,,
42,VI,25,24,4.40643,,
42,VI,25,25,1.09915,,
42,VI,25,26,2.4024,,
42,VI,25,27,4.43665,,
42,VI,25,28,0.25434,,
42,VI,25,29,0.8862,,
42,VI,25,30,3.31933,,
42,VI,25,31,1.75008,,
42,VI,25,32,2.148,,
42,VI,25,33,4.13208,,
42,VI,25,34,2.69236,,
42,VI,25,35,2.51849,,
42,VI,25,36,4.20767,,
42,VI,25,37,2.21714,,
42,VI,25,38,0.4492,,
42,VI,25,39,2.89774,,
42,VI,25,40,0.87742,,
42,VI,25,41,3.05242,,
42,VI,25,42,3.91524,,
42,VI,25,43,2.66141,,
42,VI,25,44,2.81201,,
42,VI,25,45,0.95461,,
42,VI,25,46,1.99435,,
42,VI,25,47,4.23008,,
42,VI,25,48,4.15567,,
42,VI,25,49,3.66404,,
42,VI,25,50,4.1554,,
42,VI,25,51,0.76074,,
42,VI,25,52,0.23763,,
42,VI,25,53,1.98275,,
42,VI,25,54,4.18746,,
42,VI,25,55,0.32474,,
42,VI,25,56,1.68499,,
42,VI,25,57,1.74212,,
42,VI,25,58,0.22831,,
42,VI,25,59,0.42242,,
42,VI,25,60,1.51491,,
42,VI,25,61,4.42477,,
42,VI,25,62,3.6189,,
42,VI,25,63,3.64396,,
42,VI,25,64,0.5833,,
42,VI,25,65,2.44743,,
42,VI,25,66,4.67857,,
42,VI,25,67,0.35409,,
42,VI,25,68,1.24815,,
42,VI,25,69,4.2584,,
42,VI,25,70,4.32776,,
42,VI,25,71,3.90153,,
42,VI,25,72,4.72045,,
42,VI,25,73,3.0524,,
42,VI,25,74,4.63705,,
42,VI,25,75,4.5951,,
42,VI,25,76,0.53829,,
42,VI,25,77,4.62363,,
42,VI,25,78,0.75964,,
42,VI,25,79,0.48683,,
42,VI,25,80,1.82501,,
42,VI,25,81,2.62967,,
