state,T_C,cell,cycle,capacity,SOH,R_s_rel,R_ct_rel,R_sei_rel,C_dl_log,tail_slope,Zmag_0.1Hz_rel,Zmag_1000Hz_rel
IX,25,1,0,37.20271307236226,1.0,1.0,1.0,1.0,-1.9336434200866641,1.0894595419192203,1.0,1.0
IX,25,1,1,36.22303298575675,0.9736664343619255,1.0054553084347462,1.0846849198838233,1.0400111911825205,-1.8672310471946454,1.2517555399124691,0.9981004446990421,1.0079568253352427
IX,25,1,2,35.58930074895991,0.9566318639109966,1.0090592678531756,1.0084521750481352,1.0291188973773318,-1.937298727092378,1.1525209100900204,0.993811274658002,1.0124898758084386
IX,25,1,3,35.10808143432482,0.9436968042098648,1.0064426945767817,1.0101328198936137,1.061569836575799,-1.938021901942992,1.326090167744002,0.9936238445899115,1.0095885959568753
IX,25,1,4,34.767280221266,0.934536149383537,1.0152798005479993,1.0028391476030416,0.9317303254882893,-1.9348746991583763,1.2675069021815366,0.9923079130793045,1.0148496783953564
IX,25,1,5,34.51914390415908,0.9278663047239748,1.0143911530201675,1.0069020657246353,0.994003626121457,-1.9366306519275487,1.31062144830381,0.9917170913661227,1.0109613347696678
IX,25,1,6,34.31968901831604,0.9225050052548989,1.0097998074597023,1.0117481969781026,0.987221434218673,-1.9387158592010136,1.372950622864281,0.9918034884994457,1.0098610753372073
IX,25,1,7,34.17658494359931,0.9186584020666211,1.0095529609241933,1.009561726984956,1.0672498668985013,-1.937776297967007,1.1963070655787942,0.9909396198229631,1.0103323912792508
IX,25,1,8,34.04663311095897,0.9151653279892663,1.0181185357063514,0.9981235518715531,0.9027277512145617,-1.9328277234731424,1.3831858508001653,0.9826712371832644,1.0122273736743281
IX,25,1,9,34.1875305046328,0.9189526161206392,1.0213028560144157,0.9940279998694644,0.9955490393835352,-1.931042037902022,1.237188557139508,0.9827320926500295,1.0146759620929249
IX,25,1,10,34.07004892551811,0.9157947394656173,1.0220433956209425,0.9999836830597529,1.0263921754513894,-1.9336363336717388,1.3742683115916667,0.9874016734215285,1.0157099208764788
IX,25,1,11,33.97043682203633,0.9131171900275421,1.030905186245711,1.002855464543289,1.017086807693697,-1.9348817653957469,1.4094460633260846,0.9968769542124727,1.0267555387111431
IX,25,1,12,33.77003898176319,0.907730544169662,1.0317197798128903,1.0097738472081716,1.0641483482510476,-1.9378675385155903,1.4112050678403865,0.9979636322989263,1.0272116136646567
IX,25,1,13,33.70502981089783,0.9059831132567897,1.0373725654760435,1.0057272460268252,1.0649989986774133,-1.9361236357900409,1.1035183425110457,0.9985429699173718,1.0298340865507885
IX,25,1,14,33.71013577575091,0.9061203603667829,1.0468021031324826,0.9957412785954378,0.9804531411553039,-1.931789931327243,1.3445100161014092,0.9937883839679126,1.0326471052543154
IX,25,1,15,33.74974794052379,0.9071851258503063,1.0530966897879588,0.994762262180596,0.8376878215977916,-1.9313627213753553,1.3114797801569456,0.9937345796737468,1.0363611879004457
IX,25,1,16,33.67808405359693,0.9052588177666064,0.8630001727925748,0.9886107757073394,1.2496092206881448,-1.9286687599811279,1.1997446406994952,0.9399474669463174,0.892036413315246
IX,25,1,17,33.54328285512801,0.9016353938994621,0.8687270124163807,0.998074601050811,1.3140681352666066,-1.9328064239129699,1.1636937746914926,0.9495814486845006,0.9018208814259984
IX,25,1,18,33.57989324102066,0.9026194722870098,0.8723062871812595,1.002284371634631,1.279168513654334,-1.9346343786538194,1.3718224803083856,0.9536641676121232,0.9036873325078437
IX,25,1,19,33.41691785253865,0.8982387329531605,0.8702080916294339,0.9990046666449107,1.5138137983738373,-1.9332109370347685,1.371208125060123,0.9503034232163701,0.9038620630726694
IX,25,1,20,33.54878697370695,0.9017833432860629,0.8778356495766582,1.0684169304572007,1.3128903688467495,-1.8606682062539712,1.1678396665166464,0.946333103837229,0.9059570807911198
IX,25,1,21,33.48888424809694,0.9001731723962813,0.8821554639480634,0.9903240544333127,1.3617532404330686,-1.9294207480417978,1.2661715765216348,0.9499337359694708,0.9096719880186954
IX,25,1,22,33.46613782063033,0.8995617538843473,0.8766754708597665,0.9995920764938158,1.4544642235557994,-1.9334662250154147,1.379252129813007,0.957370713928413,0.910537571693255
IX,25,1,23,33.3055839253036,0.895246103705436,0.8852410456419243,0.9950722840452958,1.2224291155955593,-1.9314980499999923,1.2226939820750138,0.9580065528151107,0.9090485017502495
IX,25,1,24,33.28812477345996,0.8947768058934813,0.8808965466169681,1.0753679470025783,1.4313238246061153,-1.863484532406942,1.2103938705394173,0.958468951771268,0.9096855142184785
IX,25,1,25,33.26649677962369,0.8941954506091447,0.8941275209202438,1.0579251378781451,1.385105629633177,-1.8563823816268223,1.0904173873763583,0.9498544206496081,0.9130216451833381
IX,25,1,26,33.38786122701813,0.89745769783177,0.8962750857791711,0.9808275952093463,1.3145482388033032,-1.925236096142076,1.2517572316522168,0.9529197607495896,0.9143420451319457
IX,25,1,27,33.38368336771948,0.8973453979763664,0.8966947248895362,1.0568155859413242,1.3553629492835864,-1.855926654527669,1.2500821687165102,0.9532585959662422,0.9136231149877077
IX,25,1,28,33.28306434129424,0.8946407826911982,0.8937078818098787,1.0679437391900273,1.2592211791912098,-1.8604758189267763,1.2439775901016163,0.96054792373135,0.9156526483806559
IX,25,1,29,33.09499665320671,0.8895855683652503,0.8913381550689936,1.069281728290311,1.2436151402569093,-1.8610195906231697,1.3452808024723018,0.9622989551631723,0.9139668695948778
IX,25,1,30,33.05934481065878,0.888627255392791,0.8882525733751326,0.9933426883790754,1.4131064548762917,-1.9307425195361552,1.2278242549658211,0.9615123204276209,0.9136882923333389
IX,25,1,31,33.00589383624229,0.8871905060268905,0.8922021179432745,1.0665404823287539,1.2998221864827864,-1.8599047893607585,1.2464924357749476,0.9622709649905761,0.913657878861237
IX,25,1,32,32.9772992629416,0.8864218907582926,0.8906716694231195,1.0692654113500637,1.3325714993821902,-1.8610129633602213,1.3455180131017483,0.9644258760534491,0.9144995134774484
IX,25,1,33,32.93551049820543,0.8852986187900658,0.8915109476438497,0.9908951473419706,1.3628198351301977,-1.9296711216557132,1.3469681967216913,0.9640680776189113,0.9130145436626337
IX,25,1,34,32.89801374425885,0.8842907150419265,0.8913628397225444,1.0702933785856477,1.2929827398107192,-1.8614302835427219,1.2041030337334908,0.9644337824795691,0.9130094800157911
IX,25,1,35,32.86386624832409,0.8833728385454372,0.8915356322974006,1.068123225532748,1.32836051098279,-1.860548803463021,1.3538034239070456,0.9654642059380794,0.9122191148863846
IX,25,1,36,32.81978651196843,0.8821879858098337,0.8897583372417367,1.0688574878438795,1.3962572502953756,-1.86084724891042,1.194850785555073,0.9654987198330506,0.9134454450843092
IX,25,1,37,32.77468513363694,0.8809756715830793,0.8903013996198562,1.0693469960513005,1.428824789668195,-1.8610460986637007,1.0792506101788806,0.9628355508356802,0.9120647264491386
IX,25,1,38,32.79736147863905,0.8815852062951848,0.8925230184394362,1.0659693894200963,1.4106107674258617,-1.8596721784752483,1.171425062615093,0.9639031244702998,0.9136994614101721
IX,25,1,39,32.7567171520958,0.8804926965509575,0.8934610352743698,1.0678295206082957,1.4065949646260443,-1.860429367835026,1.328553278849805,0.9675582963488019,0.9151883378130714
IX,25,1,40,32.69147203121864,0.878738923358388,0.8975340031102662,1.063456580622002,1.3714335706323746,-1.8586472078803682,1.2805752402231734,0.9678713877598379,0.9142028843156659
IX,25,1,41,32.68126906030405,0.8784646699485696,0.8975340031102662,0.987468589890024,1.3580595567928486,-1.9281667102541327,1.3424188340235512,0.9695338502699911,0.91793038992274
IX,25,1,42,32.66244596745636,0.8779587097297255,0.8993112981659301,1.0583004275038346,1.6533416342650191,-1.8565364164498839,1.2457382245165372,0.9632359620786008,0.91971336811424
IX,25,1,43,32.82704886584605,0.8823831961393463,0.9138011898003011,1.0497666677544626,1.315449954083554,-1.8530202237988376,1.2831875562250539,0.9637005740903236,0.9216017635607224
IX,25,1,44,32.82063607847807,0.8822108219537457,0.9120732640517389,1.052638449237999,1.4427843386423747,-1.8542066741333951,1.0993423024305509,0.9630075345505584,0.9255842927304606
IX,25,1,45,32.79372694275237,0.8814875108427158,0.9093579521611413,1.0658878047188594,1.3108153159839069,-1.8596389381759735,1.3153615130955765,0.9766099818669248,0.923090130505246
IX,25,1,46,32.57228423888191,0.875535184101391,0.9064945323492384,1.064761935841791,1.39759635829475,-1.8591799620459613,1.3270876460535879,0.9759160784878604,0.9226676721611825
IX,25,1,47,32.50680086351863,0.8737750066854074,0.905284984325245,0.9849557810919296,1.4284493896065344,-1.9270601536717478,1.2562232350507738,0.975268276548364,0.9221304746436307
IX,25,1,48,32.48594688021512,0.8732144566184554,0.9157265927772704,1.0502888098423784,1.411796023448704,-1.8532361832671878,1.258675397635821,0.9699168771093235,0.923388823274086
IX,25,1,49,32.62446184142216,0.8769377055368238,0.9138258744538519,0.9744966223933689,1.3927257183685602,-1.9224237582776424,1.2591000415044291,0.9697432972771566,0.9242234808656503
IX,25,1,50,32.59866528420086,0.8762443002690112,0.9167139789193057,1.0534053454296253,1.270546371824168,-1.8545229627118,1.2940645831452073,0.9728393846714718,0.9237754320130367
IX,25,1,51,32.49096938272863,0.873349460280789,0.9134556046505886,1.0631465587573017,1.2438363002093817,-1.8585205826689506,1.2479050722178229,0.9800858845126178,0.9243173918169549
IX,25,1,52,32.36156568089293,0.8698711198279301,0.9068648021525016,1.0692001435890743,1.444979646327819,-1.8609864532970712,1.2004062347130644,0.9794156969800246,0.9215825759827938
IX,25,1,53,32.37904717529384,0.8703410182024628,0.9088148897830218,1.064941422184512,1.2472901020630505,-1.85925316466182,1.2364392183291808,0.9791078426595441,0.9217263662460607
IX,25,1,54,32.41866831276366,0.8714060248699268,0.9124188492014514,1.053666416473583,1.2995154094873624,-1.8546305828853564,1.1431472079301483,0.9734307516089281,0.9223262932507647
IX,25,1,55,32.45002926487437,0.8722489997371015,0.9082224580978004,1.0560813236301931,1.418758969398,-1.8556248072568569,1.298618002591998,0.9754727976851267,0.9193580061350284
IX,25,1,56,32.40338637886427,0.8709952501538554,0.9094566907753449,1.0566197826583559,1.3234563491361826,-1.8558461824329568,1.178576524014713,0.9745468298566522,0.9188792083720498
IX,25,1,57,32.22724290634704,0.8662605558810312,0.9026437263953,1.0669810397154327,1.3485225961235026,-1.8600841469559257,1.3058265547338943,0.9845715327525068,0.9160566033837761
IX,25,1,58,32.1919600279732,0.8653121605770326,0.9045691293722692,1.0669647227751855,1.3274652625240826,-1.8600775054027658,1.173567462429961,0.983880728207064,0.9176352069893579
IX,25,1,59,32.1443822305929,0.8640332808005025,0.9058527313569154,1.061580132493555,1.226727306836129,-1.8578802269858365,1.2840216595223315,0.9851170629996855,0.9156379924909911
IX,25,1,60,32.30144624269487,0.8682551237557855,0.9048653452148798,1.0564566132558821,1.3868388759958354,-1.8557791109618187,1.1801525484064643,0.9776265315185572,0.9160229012293586
IX,25,1,61,32.26452231201046,0.8672626173594754,0.9016069709461627,1.0612211598081127,1.4761844889252334,-1.8577333457318133,1.2777896586806008,0.9800326323322053,0.9153675579464378
IX,25,1,62,32.24551267472249,0.8667516428708407,0.9029152575843598,1.0639624057696704,1.34634088192959,-1.8588537276829882,1.1473746828728897,0.9858986903705657,0.91713580047705
IX,25,1,63,32.05441742521072,0.8616150484203212,0.9029399422379106,1.0653656626309433,1.2988216205655658,-1.859426139993531,1.1236828908159744,0.9876506755429328,0.9164945815285385
IX,25,1,64,32.0099561231664,0.8604199392905691,0.9023228258991384,1.0685311490389322,1.230957171477619,-1.8607146318085273,1.3105042750900389,0.9895952319920914,0.9136683412314268
IX,25,1,65,32.00483749890768,0.8602823518987905,0.8999777838118042,1.0577456515354242,1.3103639040053974,-1.8563086934813906,1.1694631061324108,0.9799562347255322,0.9142416371614497
IX,25,1,66,32.09425650820502,0.8626859134111837,0.8939794129989385,1.0668668211337011,1.635587687390661,-1.8600376539507455,1.060250092416301,0.9822576920462435,0.9148266937904765
IX,25,1,67,32.08527439586003,0.8624444763867518,0.9009898546073906,1.0625754658486442,1.3965891214556145,-1.8582872290112473,1.2919476171830242,0.9858260448310162,0.9166164104023261
IX,25,1,68,32.07209060737735,0.8620900993159978,0.9050875070968378,1.0694775315732794,1.343601497961246,-1.861099109891341,1.2759842792533003,0.9958634530983613,0.9210927000334477
IX,25,1,69,31.86251295421428,0.8564567022904792,0.9107896620670929,1.0656920014358906,1.2043577865908275,-1.8595591510759781,1.1356429690907877,0.994075130405285,0.9200122584723434
IX,25,1,70,31.83152439099037,0.8556237371472211,0.9068401174989508,1.06941226381229,1.4252567247454084,-1.8610726050863586,1.069639450050636,0.9941783635257058,0.9187873177684925
IX,25,1,71,31.79246290022874,0.854573773648977,0.9071610179951124,1.0678458375485431,1.3784353893520298,-1.8604360040094654,1.270481605689453,0.9960339982056466,0.9184436469191795
IX,25,1,72,31.81887438623725,0.8552837080550278,0.9043222828367603,1.0704402310478742,1.3887365844844395,-1.8614898679896723,1.2453381633090834,0.9963478980121909,0.9185192226429075
IX,25,1,73,31.75774631610063,0.8536406001984121,0.9204166769519389,1.061498547792318,1.028972681524969,-1.8578468492444447,1.1335394663124567,0.9966223317841453,0.9208675415226427
IX,25,1,74,31.71533783039643,0.8525006702792766,0.9168620868406111,1.0650556407662437,1.2506684136597972,-1.8592997417211854,1.1347413585274093,0.9989387420200799,0.9221794135318238
IX,25,1,75,31.67409284914525,0.8513920150806368,0.9155291155488632,1.0666710178507328,1.3126146558486225,-1.8599579400745567,1.106686910823079,1.0020263941891379,0.9217121575187831
IX,25,1,76,31.636868233334,0.8503914263402713,0.9169608254548147,1.0641582090526385,1.3863624354097115,-1.8589336444743385,1.2351318963902358,1.0037916504851234,0.9229908972040296
IX,25,1,77,31.60066823399992,0.8494183790449392,0.9197995606131667,1.1548640798877396,1.253686631394221,-1.792674244465733,1.3200838770107497,1.0045062473915034,0.9250518135724292
IX,25,1,78,31.61795839137394,0.8498831343261035,0.9132581274221816,1.0659857063603433,1.400421122925356,-1.859678826229814,1.2258589488013478,1.005332391299773,0.9232242311616523
IX,25,1,79,31.59750266391077,0.849333289280572,0.9286119819308336,1.1498874131122934,1.190398490394311,-1.7907986910409233,1.3213613800435198,1.0070063465904446,0.9285734322802239
IX,25,1,80,31.51869405305143,0.8472149327320576,0.9256745081582779,1.0625917827888913,1.3549235586962698,-1.858293897998938,1.3231356903737634,1.0100642109502203,0.9309425773374211
IX,25,1,81,31.49502326329974,0.8465786675837161,0.922588926464417,1.0686780015011585,1.4318541380337702,-1.8607743145158402,1.0909326573200147,1.0096041683253492,0.9298986231244739
IX,25,1,82,31.43062269581348,0.8448475957836301,0.9227617190392732,1.0673236954606273,1.3993994167650872,-1.860223596115323,1.155163007801035,1.0107914839650973,0.9284965820202257
IX,25,1,83,31.58672448603181,0.8490435744455814,0.9229591962676803,1.0632281434585387,1.207209247544792,-1.8585539086726275,1.1401404461662532,1.0037131367825476,0.9233497943116354
IX,25,1,84,31.55741179593024,0.8482556563696992,0.9241934289452247,1.0626733674901283,1.1550743013825011,-1.8583272414013532,1.1292508125984357,1.0067131197515602,0.9267955751915354
IX,25,1,85,31.5270772007921,0.8474402697316566,0.9217990175507885,1.0623633456254284,1.2924988615670967,-1.8582005228508145,1.135122058645667,1.001186982181123,0.9277578965589786
IX,25,1,86,31.33171625396221,0.8421890143608481,0.9246377527091407,1.0678784714290377,1.449517368405749,-1.860449276054142,1.1861534680814232,1.0166929087333592,0.9305821137485224
IX,25,1,87,31.27286599478069,0.8406071335161084,0.9227123497321715,1.1646542440361582,1.4351370673989323,-1.7963403845186954,1.320814176914045,1.018486606127264,0.9324267533689876
IX,25,1,88,31.28581215526498,0.8409551232032881,0.9242674829058773,1.0702933785856477,1.355908176957621,-1.8614302835427219,1.208618067302848,1.0191559265840564,0.9310137805757855
IX,25,1,89,31.39976645365355,0.8440181873988193,0.9272296413319839,1.0610416734653918,1.312925168099341,-1.8576598864720228,1.1448059269027375,1.0079669856465125,0.928483852078877
IX,25,1,90,31.36124913485381,0.842982851112328,0.9298708992619288,1.0616127663740496,1.2345591102071862,-1.8578935773641563,1.2082413793495912,1.0101360228612997,0.9296121997504088
IX,25,1,91,31.28095766863633,0.8408246357676216,0.9322159413492631,1.1535260907874556,1.4230555511508447,-1.792170792878081,1.2923340913860533,1.0156766582211079,0.935028986991274
IX,25,1,92,31.09326368437829,0.8357794665109343,0.9281182888598157,1.0722677283555786,1.298717662343135,-1.8622306802738582,1.1887748411998937,1.023035406935231,0.934743846366573
IX,25,1,93,31.00121573397787,0.8333052396925467,0.9250573918195059,1.0798061547498614,1.3960503461363383,-1.8652732434510668,1.1376045691810974,1.0213592557427122,0.9352830879168822
IX,25,1,94,31.00759647376509,0.8334767524468667,0.927427118560391,1.1730248343830567,1.364943786204892,-1.799450577674299,1.3293344538859446,1.0259762503534673,0.9355443197481109
IX,25,1,95,31.1182195236244,0.8364502734813176,0.9295499987657673,1.1565120908527233,1.4194031225247161,-1.793293548409896,1.3302850332789116,1.0189968575781487,0.9360936578974286
IX,25,1,96,31.14518953483919,0.8371752209108863,0.9321418873886105,1.0652024932284698,1.414849117217113,-1.8593596191727317,1.086562163278535,1.0178682362400915,0.9367953090728943
IX,25,1,97,31.1190464594697,0.8364725013184028,0.9378440423588654,1.0706849851515845,1.2019491325666047,-1.8615891572384498,1.1504838258071164,1.0270131087060255,0.9387023876202883
IX,25,1,98,30.86233274310724,0.8295720982251356,0.9313766631285328,1.0780602421433934,1.2933458907186028,-1.8645704748483196,1.1086495795842617,1.0293422677732054,0.9348204636533515
IX,25,1,99,30.82642149492903,0.8286068124915827,0.9307842314433117,1.0815520673563292,1.3673163597908087,-1.8659748766815425,1.1117888298184206,1.0321919468985241,0.9403720095469299
IX,25,1,100,30.71305325744758,0.8255595014726004,0.9310557626323714,1.1648826811996211,1.4539661315386725,-1.7964255593865386,1.3243912287904471,1.0264063934173353,0.9366885783494936
IX,25,1,101,30.80376514796829,0.8279978153220303,0.9227617190392732,1.0770322749078092,1.6059296945494588,-1.8641561626753451,1.156822046185779,1.0266332295666234,0.9377271587582978
IX,25,1,102,30.85673232399154,0.8294215603032156,0.9341660289797832,1.1699572496165522,1.3473646952094716,-1.7983133637731001,1.3216954809585648,1.0280114550954675,0.9363889518634302
IX,25,1,103,30.78593836018667,0.8275186355442828,0.9309076547110661,1.1752765721371927,1.4634464006464754,-1.8002834499608928,1.3631985020282864,1.0395442162410997,0.938474583495936
IX,25,1,104,30.50536061593967,0.8199767731080337,0.9318703561995507,1.171915282446236,1.2728381919794782,-1.7990395886549637,1.39572064493654,1.0384059827482002,0.9366206117211504
IX,25,1,105,30.47258451906036,0.8190957594890658,0.927871442324307,1.177348823548608,1.3569989125467352,-1.8010485250871682,1.229223103679843,1.0410555096937417,0.9349083250383731
IX,25,1,106,30.34654505543989,0.8157078489521296,0.9309076547110661,1.078533433410567,1.2903914703033244,-1.8647610572114655,1.1364028293145807,1.03340569819797,0.9355902907986391
IX,25,1,107,30.50999430875816,0.8201013256590662,0.9357952161141417,1.1667917632085631,1.2352013131165134,-1.7971367255351756,1.3728493826511428,1.0338571134729237,0.9375983351623265
IX,25,1,108,30.49050816008248,0.8195775426586765,0.9277727037101035,1.0762490617759357,1.4076166006020188,-1.8638402307527184,1.1900548519023106,1.0326048690807141,0.9361331567016103
IX,25,1,109,30.39563201067305,0.8170272945295982,0.9274518032139418,1.1820154684593547,1.3261200718091177,-1.8027665308936904,1.4344700156259984,1.0439859998621488,0.9346620397448686
IX,25,1,110,30.19903753160565,0.8117428821082512,0.925649823504727,1.0871324609209283,1.3695023937025264,-1.8682099085169972,1.169330480755551,1.0413466741894233,0.9350352989289548
IX,25,1,111,30.21262960289639,0.8121082337229116,0.9246871220162424,1.0857455209999023,1.3971087278675294,-1.8676554913419445,1.171970352911244,1.043273873386214,0.9349933368149264
IX,25,1,112,30.10972405590481,0.8093421573136074,0.9257238774653798,1.1850830532258592,1.3609810944113145,-1.8038921586362247,1.4516214709812496,1.0455853207419257,0.9322706751512807
IX,25,1,113,30.0740470285674,0.8083831673800501,0.9256991928118289,1.1803511405541234,1.272790535886419,-1.8021545949290108,1.1381679603149788,1.046552359023587,0.934993195761401
IX,25,1,114,29.95981610005737,0.805312667433236,0.9238231591419614,1.1861110204614431,1.3803209198549298,-1.8042687119777785,1.4429747254212422,1.044174595255983,0.9307647889444743
IX,25,1,115,29.83495524211074,0.8019564375339875,0.9257732467724814,1.1801553372711548,1.3523643388390332,-1.802082545742681,1.3644933386911424,1.048097542917625,0.9348422875328096
IX,25,1,116,29.85542577375369,0.802506680512319,0.9218237022043395,1.090575335313122,1.4243269338080125,-1.8695831162528957,1.1785660964953877,1.0509612182932893,0.9366143264710831
IX,25,1,117,29.7202432887463,0.7988730077545163,0.9248845992446496,1.0929086577684954,1.34797672849337,-1.8705113112438496,1.2966236395477932,1.0498901907504465,0.9330130064190741
IX,25,1,118,29.60306626331841,0.7957233174295132,0.926538471032559,1.089416832555559,1.3724148679862174,-1.8691215261521068,1.1629450707562152,1.0503094218939415,0.9362079106637577
IX,25,1,119,29.59823120422579,0.7955933522013532,0.9280195502456122,1.0872140456221648,1.3823429101725333,-1.8682424992613562,1.2733670060208055,1.050837492364228,0.9356820513340584
IX,25,1,120,29.49157476958675,0.7927264528321705,0.9290069363876478,1.0895636850177857,1.3377287665419528,-1.869180064733412,1.0718973458934862,1.0525912604703702,0.9378978821832894
IX,25,1,121,29.43611792435327,0.7912357861400501,0.9312779245143293,1.0888946904676438,1.3027090343050085,-1.8689133250481806,1.3031645461771817,1.054245376419703,0.9378346610437711
IX,25,1,122,29.26906648007581,0.7867454834045338,0.9276986497494507,1.0962862643996998,1.2744457904392985,-1.8718514176647398,1.0585510724910998,1.0535642445596562,0.9379589148638802
IX,25,1,123,29.15115968803236,0.7835761771280234,0.9275258571745945,1.2010736546682765,1.3068823374415743,-1.8097130118157063,1.1858206243419163,1.0612151303076713,0.935963445458568
IX,25,1,124,29.08010780469557,0.7816663195539645,0.925649823504727,1.0913095976242535,1.3399703575746322,-1.8698754195519542,1.0614664583917186,1.047684528652117,0.9353886446196517
IX,25,1,125,29.22587649480059,0.7855845469644624,0.9310804472859223,1.0883562314394806,1.296446302066174,-1.8686985130693894,1.363980655690581,1.0468673638376709,0.9380086548991863
IX,25,1,126,29.21081983659194,0.7851798276048996,0.9300930611438868,1.0850928433900078,1.3543453256671154,-1.8673943440380922,1.1821776323651085,1.045882342542148,0.9399614574434424
IX,25,1,127,29.13520401886494,0.7831472925696208,0.9333761200661549,1.1959501354306041,1.3618091236390173,-1.8078564432403994,1.5982462780165634,1.0579264468843164,0.9441468167921264
IX,25,1,128,28.89590342627968,0.7767149500649276,0.9326602651131791,1.0961720458179685,1.3408767236058359,-1.871806167545647,1.2161604680579303,1.0585461169263717,0.9419237630202351
IX,25,1,129,28.75198312198091,0.772846406821352,0.9308829700575152,1.2066214143523808,1.40891641698118,-1.8117143995435003,1.4936297770390121,1.0624867000455416,0.9434864449843112
IX,25,1,130,28.74296106703735,0.7726038961494552,0.9307348621362098,1.0947198381359529,1.4811882750454055,-1.8712304331793272,1.312286804351863,1.0519034811091135,0.9443634723465848
IX,25,1,131,28.78605504297217,0.7737622518814955,0.9338944977907234,1.1825049766667755,1.3344325866846272,-1.8029463480881702,1.0567978323561338,1.053770315703128,0.9419466578862173
IX,25,1,132,28.82256262987519,0.7747435670568702,0.9349312532398607,1.1849362007636333,1.4009282465003887,-1.8038383386396377,1.0965258565954787,1.0570495457498053,0.9449124088382649
IX,25,1,133,28.6381253364504,0.7697859368682857,0.9373997185949494,1.2084978624808276,1.3973533918119174,-1.8123892575014997,1.1747870276459158,1.070717247426088,0.9472087681643659
IX,25,1,134,28.4162423995751,0.7638217767694316,0.9393744908790205,1.0986685376758152,1.3295725173367594,-1.8727941327889586,1.3868681115188086,1.0664347983300795,0.9473531547112652
IX,25,1,135,28.24440180711366,0.7592027428799625,0.9413245785095405,1.1955585288646673,1.2345818844511598,-1.807714212877848,1.5338471912455272,1.0685659665155258,0.9489942921281803
IX,25,1,136,28.2099645099288,0.7582770765954128,0.9392016983041642,1.097493717978005,1.3255563484765045,-1.8723294879209893,1.2342789289378184,1.0602456378224536,0.9475593827466884
IX,25,1,137,28.31554263130739,0.761114991162913,0.9392263829577151,1.0951114447018895,1.3860789176907096,-1.8713857625636585,1.5016308359762458,1.0587307111068898,0.9470022721696563
IX,25,1,138,28.41683416645301,0.7638376833211059,0.941892325541211,1.090461116731391,1.3384053820300121,-1.869537629163695,1.0751227587689345,1.05559823412435,0.9484919688054005
IX,25,1,139,28.2172602621134,0.7584731846634025,0.9446570067389103,1.0920928107561272,1.2949024719548285,-1.8701869930435018,1.2857973726679655,1.0693414127727094,0.9510460601661367
IX,25,1,140,27.89985864098951,0.74994150525318,0.9410777319740318,1.2038964853310707,1.3791433526815182,-1.810732517482572,1.181794677595801,1.0762687020644808,0.9494831625409111
IX,25,1,141,27.69998499130378,0.7445689495125016,0.9381649428550269,1.2112227915021376,1.466460440587047,-1.813367405235907,1.1780741475420604,1.07783672589827,0.950885978268411
IX,25,1,142,27.82581704083672,0.7479512848085375,0.942114487423169,1.206050321443723,1.3746603913879962,-1.8115087996686094,1.5055195252309534,1.074128263325232,0.9503054413651787
IX,25,1,143,27.89720637188042,0.749870212895982,0.9472488953617536,1.0896452697190222,1.2161327980569319,-1.8692125827583534,1.225358344122997,1.0633614418131248,0.9506230755235142
IX,25,1,144,27.91051548047762,0.7502279585413416,0.9458912394164547,1.18588258329798,1.2733125802892167,-1.804185061668011,1.5692349090877442,1.0615088451053234,0.948685563457248
IX,25,1,145,27.84268086486986,0.7484045803518042,0.9437930438646294,1.0933002643344323,1.310262740271929,-1.8706668979956582,1.0425611143429323,1.0653835546960917,0.9518052703671798
IX,25,1,146,27.46270752101726,0.7381909880497182,0.9452247537705807,1.2040270208530497,1.3934998503825955,-1.8107796044077153,1.535341107811816,1.0776699128391236,0.9529768905492902
IX,25,1,147,27.43227475283047,0.7373729625436859,0.9457431314951494,1.19523219005972,1.3035394048673596,-1.8075956519833476,1.363166192080616,1.0771604855028871,0.9517112463753387
IX,25,1,148,27.35126821539435,0.7351955262562152,0.946286193873269,1.1991808895995821,1.291781672655956,-1.8090280697980154,1.5577364753499707,1.0783647463745596,0.951364273813678
IX,25,1,149,27.55920127138988,0.7407847169045179,0.9448791686208684,1.0879319909930492,1.3273601050306865,-1.8685291924019154,1.3330459402948684,1.0639733909265188,0.9552971239947751
IX,25,1,150,27.61068518748303,0.7421685922147139,0.9463355631803707,1.1849525177038802,1.3307225054925154,-1.8038443189686344,1.4814532454739473,1.0650553189152037,0.9509624176434719
IX,25,1,151,27.59251441284266,0.7416801661527483,0.9510750166621411,1.085174428091244,1.320444831657131,-1.8674269960400247,1.1942568601795787,1.0663303559989707,0.9523629281532154
IX,25,1,152,27.09532685849924,0.7283158840000905,0.9488287131890103,1.0977874229024573,1.394866905501009,-1.8724456957509417,1.2278413165816136,1.0818510390340006,0.9560657193530875
IX,25,1,153,27.22588997730215,0.7318253893028074,0.9517168176544641,1.1876448128446953,1.3074247282751175,-1.8048299471745817,1.294591347748638,1.0773081132718807,0.9552068466910787
IX,25,1,154,27.10728983436709,0.7286374459207112,0.9468786255584902,1.0924681003818166,1.4775893942923073,-1.8703362094964053,1.0593943406195259,1.0751347819695818,0.955219403504011
IX,25,1,155,26.99297850615567,0.7255647848492168,0.9582582508454492,1.1895375779133899,1.1583704296168111,-1.8055215370179023,1.2985267827118028,1.0737431889545823,0.9563587506666846
IX,25,1,156,27.52707394376926,0.7399211420475409,0.9523833033003382,1.170544659465457,1.455151715631538,-1.7985313587769594,1.1574010693273686,1.0623326633539985,0.9580450148283919
IX,25,1,157,27.17516661099793,0.7304619573884317,0.958529782034509,1.0879972587540385,1.4002636668448925,-1.8685552460325245,1.1853338548634165,1.0816245788215342,0.9637397706717855
IX,25,1,158,26.84469212582561,0.7215788825296299,0.9626521191775073,1.1802369219723918,1.2123159636448049,-1.8021125676896097,1.0849212296395239,1.0819554121467627,0.9622931286936989
IX,25,1,159,26.86717896644888,0.7221833234095069,0.9617141023425736,1.0870835101001863,1.3183283695001082,-1.8681903528963781,1.2263040712516327,1.0804782763215717,0.9618401613585594
IX,25,1,160,26.79925056906384,0.7203574243883006,0.9636395053195428,1.0819110400417713,1.297899901505244,-1.8661189973345262,1.167772627936157,1.0818801366608581,0.9658744350799007
IX,25,1,161,26.74039916650472,0.7187755128098453,0.9615906790748191,1.1798126815259604,1.3632612718195343,-1.8019564308977416,1.1243377115740565,1.0822677292249572,0.9642575516020352
IX,25,1,162,26.75406696102184,0.71914289984666,0.9646022068080274,1.1760924191495612,1.3736639427092394,-1.8005848215202527,1.417727551674989,1.0808101514763373,0.9642952502738914
IX,25,1,163,26.68851186403614,0.7173807945706768,0.9643553602725186,1.175374473778677,1.3227244660995108,-1.80031962559212,1.3350796536933804,1.0812454703736942,0.964664165505597
IX,25,1,164,26.56393219576817,0.7140321229825146,0.9695885068253066,1.0815683842965766,1.2717236804705807,-1.8659814286579761,1.1248706501745833,1.0858929737066638,0.9682147600377095
IX,25,1,165,26.46312618566007,0.7113224816208208,0.9682802201871096,1.0743889305877363,1.3562321161036393,-1.8630889700431377,1.2178045459773654,1.0849104816845654,0.9657412532972232
IX,25,1,166,26.22057535036637,0.7048027733720724,0.9646268914615783,1.1883627582155796,1.4940197206943544,-1.8050924040170344,1.1643226314662256,1.0878963775485133,0.9655153375040366
IX,25,1,167,26.44036425572967,0.7107106464063802,0.9737108439683048,1.1694840583493782,1.3356710459654966,-1.7981376770753221,1.4668967924671312,1.0859856330088442,0.9673611192676881
IX,25,1,168,26.16872867779962,0.7034091472549152,0.9729456197082273,1.171539992820546,1.3322524038646144,-1.7989004895932779,1.4750396440452178,1.0840569405808915,0.9711717226334593
IX,25,1,169,26.2372498790385,0.7052509807014598,0.9744513835748315,1.0715008321639525,1.3476738612302714,-1.8619199575544778,1.1924968384667154,1.0858630168450099,0.9753478024525438
IX,25,1,170,26.05508555148399,0.7003544472900339,0.9697119300930611,1.2850732630617105,1.451030613866229,-1.7372256278333769,1.157705440275797,1.0973196321282737,0.9732595268718703
IX,25,1,171,25.72758021380276,0.6915511824032983,0.9714398558416232,1.1811017198055023,1.42064403608662,-1.8024306727991677,1.4367718654852297,1.0968126499137938,0.9745610994277358
IX,25,1,172,25.63925607930375,0.6891770508627514,0.9710202167312582,1.1891786052279476,1.4182867078508852,-1.8053904580277058,1.4140805375287273,1.099894264659797,0.9745849174160471
IX,25,1,173,25.54456671650906,0.6866318235130549,0.9709708474241563,1.1758476650458507,1.4153061559317899,-1.800494432009259,1.4465938593383048,1.0925256934975236,0.9729985609422693
IX,25,1,174,25.71046974681814,0.6910912571566815,0.9764508405124533,1.1717847469242568,1.2622138964851604,-1.7989912114255946,1.1695315746344292,1.0938225905909875,0.972756465917371
IX,25,1,175,25.6252776904335,0.6888013151242567,0.9767964256621657,1.268805273635088,1.392083814840699,-1.7316927150516397,1.0909155517420148,1.0924748856973978,0.9753910776841835
IX,25,1,176,25.54470802337227,0.686635621807629,0.9808940781516131,1.1704793917044678,1.273456777520425,-1.7985071425127677,1.2980116084244249,1.1019003008084731,0.9784824237441782
IX,25,1,177,25.2239648865289,0.678014123256717,0.9861765940115029,1.2766863557745651,1.2044154561963476,-1.734381956989497,1.1538405755148555,1.1039635320420498,0.9804619820281766
IX,25,1,178,25.13618802195781,0.6756547022005065,0.9840290291525757,1.2741082792154814,1.3299598801933705,-1.7335040777675348,1.1434035353630667,1.1073067667032326,0.9817862378668641
IX,25,1,179,25.01645756896891,0.672436376355399,0.9847942534126534,1.1851483209868487,1.4074436619032884,-1.8039160764939997,1.2918793272829066,1.1103475525444213,0.9821446095899927
IX,25,1,180,25.14022988239799,0.6757633464392295,0.9876083039174545,1.1632836210553794,1.2631617372643633,-1.7958289842145634,1.3938549630971866,1.100265822460857,0.9809678295063973
IX,25,1,181,25.14128817230646,0.6757917930180156,0.9830169583569893,1.1654864079887743,1.3649819233589102,-1.7966505840147735,1.3881271702645146,1.102247343982866,0.975237871717468
IX,25,1,182,25.01977191739607,0.6725254652457903,0.9967663103848337,1.1536566263094346,1.2929981978389555,-1.7922199358059716,1.1334271500981812,1.1065348958650467,0.9895720754471476
IX,25,1,183,24.68763636622115,0.6635977413314378,1.0036286440719804,1.169418790588389,1.0242394584465473,-1.79811343884887,1.169060628843236,1.1177961408548311,0.9892973285543567
IX,25,1,184,24.58034607147848,0.6607138039547744,1.0009873861420353,1.1625656756844958,1.3706857702549908,-1.7955608673393877,1.3390573929855232,1.1220538920561873,0.991808373094252
IX,25,1,185,24.43739088848328,0.6568712029402425,1.004393868332058,1.274353033319192,1.26802691248209,-1.7335874970107217,1.1700477896450463,1.1235837256483239,0.9954156683262504
IX,25,1,186,24.47441796443944,0.6578664818567058,1.0113549406334081,1.1613419051659435,1.3021940893379171,-1.7951034680548117,1.2370036379235518,1.1166967199320825,0.9976532610578052
IX,25,1,187,24.60284718597749,0.6613186285130062,1.0091580064673793,1.1609013477792647,1.4174704351421952,-1.794938686312805,1.1769856733781714,1.1180895872426415,1.0016784858554124
IX,25,1,188,24.44617935562564,0.6571074348280961,1.015131692626694,1.1470972163299937,1.416885983656399,-1.7897435967695448,1.112447934123811,1.1249155282796646,0.9993503557340129
IX,25,1,189,24.13170565879992,0.6486544573204062,1.0122189035076892,1.2565023006885752,1.4357208992803736,-1.7274610281159464,1.1891353045910913,1.1329071308744698,1.0014310259123271
IX,25,1,190,24.00633882170063,0.6452846268229518,1.017081780257214,1.2705511862415562,1.3307303235341261,-1.7322899059874786,1.1526923457136298,1.1367656864035536,1.0052363967604871
IX,25,1,191,23.87775886520302,0.64182842844711,1.0219446570067388,1.1566426263747023,1.263761051304389,-1.7933425644627574,1.3225379519787526,1.1406810765478634,1.007394809931753
IX,25,1,192,23.75883655914815,0.6386318253976615,1.0239687985979116,1.248229611983161,1.2832032116555139,-1.7245922211978828,1.1302716927155707,1.134952804600292,1.0060611925070968
IX,25,1,193,23.85813853675506,0.6413010387266399,1.0277455505911974,1.255376431811507,1.3585174152569925,-1.7270717110147067,1.0940242371575815,1.1360336151265358,1.0114998570855562
IX,25,1,194,23.94127379310017,0.6435356944675641,1.031300140702525,1.1524818066116245,1.3631074972065411,-1.7917774491374838,1.1961829453871113,1.1456422829824757,1.0161849283035662
IX,25,1,195,23.7094209435586,0.6373035455086805,1.0375947273580015,1.2543974153966648,1.376115386952846,-1.7267328904881503,1.154644976021833,1.1570768608235347,1.0200427711861988
IX,25,1,196,23.36920865788649,0.6281587209091849,1.037940312507714,1.1481578174460725,1.3482061270614454,-1.7901449580459337,1.2373580236997053,1.1608948816450895,1.0222681491144474
IX,25,1,197,23.16276981665337,0.6226096943951352,1.0432721976747057,1.256290180465359,1.3785030843412711,-1.7273877051946525,1.0945045214987692,1.1631539941886027,1.0225903341983549
IX,25,1,198,22.97566076485146,0.617580247982505,1.044284268470292,1.3675880298926348,1.4077442937857472,-1.66294923004418,1.3389293424863193,1.185369295029474,1.0262274858961982
IX,25,1,199,22.63580666325588,0.6084450512850346,1.0609710942706918,1.2417028358842153,1.3058783192000392,-1.7223154129744886,1.1211426093105437,1.17952155547327,1.0328168014534107
IX,25,1,200,22.62654449600556,0.6081960864519509,1.0514181333464985,1.2445583004275038,1.4500811483114002,-1.7233129856120244,1.197644889418281,1.1985234852818605,1.0329403447475296
IX,25,1,201,22.24796851848855,0.598020055021645,1.062476858137296,1.360392259243547,1.323608962612266,-1.6606580912508964,1.306328855216335,1.2085911424563005,1.0364418761157892
IX,25,1,202,21.89908360728029,0.5886421123288729,1.072795043321567,1.3616323467023466,1.270441596270683,-1.6610537990461287,1.2032769018573413,1.2240593727456668,1.0429357104958235
IX,25,1,203,21.52535677656426,0.5785964248009471,1.078250351756313,1.2403648467839312,1.3128552569441336,-1.7218471893692722,1.0556017858120208,1.2326656866683023,1.0463099114524201
IX,25,1,204,21.17509916940563,0.5691815843704293,1.0809903483004615,1.2315210651698594,1.3044897810780878,-1.7187395848285567,1.158651522152596,1.2453938357667846,1.051706609918491
IX,25,1,205,20.90387068308257,0.561891027743672,1.0831379131593888,1.2272786607055448,1.2249057505778702,-1.7172409229751404,1.1575611219654125,1.2514080639831935,1.0499549003124042
IX,25,1,206,20.72245555297472,0.5570146325798304,1.081558095332132,1.2285187481643443,1.2897844830475804,-1.7176795285248203,1.1362183016074205,1.2566128517816153,1.0521251796827633
IX,25,1,207,20.50199729179002,0.551088767421666,1.087507096837896,1.4904382730150443,1.366121333274488,-1.5985669264924578,1.0315702194753669,1.2641111947111054,1.0564355020824867
IX,25,1,208,20.23810550940107,0.5439954196360984,1.0822739502851078,1.369921352348008,1.4546805508787384,-1.6636895740363096,1.1761896789803015,1.2762365368237318,1.0544372112403886
IX,25,1,209,20.01322056607057,0.5379505663241079,1.0812618794895212,1.4861469177299875,1.3448330002661266,-1.5973146772927833,1.1558162157801877,1.281030936842382,1.0534398307571635
IX,25,1,210,19.81331369649931,0.5325771176408782,1.0891115993187035,1.4909604151029598,1.288841585093842,-1.5987190453155948,1.023415857581755,1.2798518500809488,1.0536749013834659
IX,25,1,211,19.87384448322974,0.5342041706628632,1.090518624571104,1.475345103286232,1.2821267054221825,-1.5941465517819713,1.0832550085809238,1.284325791261382,1.0572935278222946
IX,25,1,212,19.81227358988485,0.5325491598246717,1.1002196934166029,1.3261266847240805,1.3441616010505173,-1.6495789533091618,1.0428968569941406,1.2916011294514322,1.063490169778679
IX,25,1,213,19.58770741245779,0.5265128748636727,1.1088593221594134,1.3477629474920862,1.3767620564479441,-1.6566074517959917,1.2638647740063933,1.3038866126384303,1.07033151428177
IX,25,1,214,19.15142972317422,0.5147858352675289,1.107402927599911,1.4922820872629967,1.3538863908466567,-1.5991038581245354,1.1191476397305025,1.3146301218617524,1.0729181260251133
IX,25,1,215,18.90305070742499,0.5081094669267008,1.108291575127743,1.3530006853114906,1.3409743611843548,-1.6582919557317044,1.2064577512132342,1.3241975673223008,1.0713875524554641
IX,25,1,216,18.72801723781161,0.5034046092655693,1.0980227592505738,1.3364063570799203,1.4084938908090248,-1.6529324720017275,1.175152237090552,1.3281629450705614,1.0663227337526795
IX,25,1,217,18.53345787665942,0.49817490032542405,1.106514280072079,1.3292758541918221,1.3678392150843575,-1.65060905518153,1.1778422824490231,1.3285353805846651,1.070426692809468
IX,25,1,218,18.64136433824327,0.5010754001189194,1.105230678087433,1.3374506412557516,1.3401055568604716,-1.6532717024680121,1.2109459784414596,1.3338877015495996,1.070845024693849
IX,25,1,219,18.53252695365309,0.49814987733840377,1.1077485127496234,1.4714290376268644,1.346410980194835,-1.592992254488386,1.0946272295502626,1.3370146596266406,1.070236942956664
IX,25,1,220,18.38799841978968,0.4942649850300851,1.103675544913727,1.6276637404953822,1.4536534103660852,-1.5351677858887152,1.0759405644930002,1.3526389186476635,1.073089222222161
IX,25,1,221,17.95049196417575,0.4825049164898432,1.1012317642121892,1.4880886336194235,1.3450668111267923,-1.5978817316510885,1.0501598652198794,1.3534346037033274,1.0692676474338558
IX,25,1,222,17.80140141123494,0.47849739820345333,1.1029350053072005,1.3211173840681396,1.31288907769641,-1.6479353464688786,1.2170557050787878,1.3615602862784921,1.0706169693852146
IX,25,1,223,17.62068581369231,0.47363980630710095,1.1067858112611388,1.4733707535163008,1.2758479587437361,-1.5935649770354012,1.1141267352654791,1.3641354109368862,1.0692773147124577
IX,25,1,224,17.6972283308864,0.4756972508016787,1.106933919182444,1.3150801161766146,1.324567602586758,-1.6459461505041133,1.224181955532342,1.3627012571411516,1.0695208959446683
IX,25,1,225,17.56012058138655,0.4720118273963167,1.1096986003801437,1.611493652710244,1.2692204103858804,-1.530831696355984,1.0927226930456135,1.364482967372128,1.0706157048774643
IX,25,1,226,17.3907836291737,0.4674600907559412,1.1149811162400334,1.6150670626244168,1.2882149713597812,-1.5317936573904867,1.1269701176276041,1.3704334122496469,1.0692433107446317
IX,25,1,227,17.00359005048073,0.45705242027395654,1.1094517538446347,1.6289690957151717,1.3280339661208234,-1.5355159421763602,1.1815689560072997,1.379392401648166,1.0750429125075631
IX,25,1,228,16.80653015568288,0.4517554975894589,1.110291032065365,1.457510687595862,1.3791577245436346,-1.5888646802241557,1.283648194065698,1.3852137682153693,1.0756827373187967
IX,25,1,229,16.64711750592802,0.4474705238176593,1.1132038211843696,1.4558463596906308,1.2525872669476719,-1.5883684770522009,1.2312314639684552,1.3899221565661128,1.0785564378182133
IX,25,1,230,16.52822515000069,0.4442747258204521,1.1138209375231418,1.6051789968345138,1.3204672418313113,-1.5291265656052822,1.0704425345254749,1.3838068963951613,1.0754225781183129
IX,25,1,231,16.6378017750155,0.44722011920618915,1.1176470588235294,1.6161602976209901,1.3296619980320754,-1.5320875308271833,1.1258673461271729,1.3933746597390841,1.0803489946304823
IX,25,1,232,16.52282197319708,0.4441294897245496,1.1195477771469478,1.4579512449825407,1.376573489986131,-1.5889959332796764,1.0866951031407162,1.3966971332921856,1.0841169262391266
IX,25,1,233,16.34490208810086,0.4393470459078808,1.125422724692059,1.6197173905949158,1.2247325318490367,-1.5330423422392885,1.2098386676387345,1.4035550003153243,1.0822388653480317
IX,25,1,234,15.95247950649811,0.42879882108246403,1.1184369677371577,1.4548999771562838,1.3806651863584853,-1.5880860692575287,1.1416365349382054,1.4098395732630016,1.0824607697208057
IX,25,1,235,15.87147956691234,0.42662156214362756,1.1154254400039494,1.443722873086839,1.402939026683238,-1.5847367693103012,1.2493217554785634,1.4137078709478876,1.0814431151950032
IX,25,1,236,15.73522907735909,0.422959181679917,1.1157957098072127,1.459207649381588,1.3047694943538712,-1.5893700298243234,1.080991039857457,1.4166087210638874,1.0755079508200878
IX,25,1,237,15.64323476089266,0.42048639652880465,1.120313001407025,1.4509023267956795,1.3323296984597963,-1.5868911093766311,1.0765611164529105,1.4181198794125305,1.0802180695229353
IX,25,1,238,15.78212832901257,0.42421982231013816,1.1215225494310188,1.6052932154162454,1.3809722910096238,-1.5291574672898436,1.1005805426421782,1.4222333658410276,1.082795225919321
IX,25,1,239,15.72363292907589,0.4226474799967455,1.1241638073609637,1.6150996965049116,1.3360549836743965,-1.5318024326118789,1.2684702106012327,1.429462386936541,1.0871003365811278
IX,25,1,240,15.60180849735134,0.41937286850570743,1.1210782256671028,1.619374734849721,1.2469364202898474,-1.5329504563069825,1.0780133294484513,1.4421760452228187,1.0797637705740089
IX,25,1,241,15.16105195023386,0.40752543828576154,1.118807237540421,1.6152791828476325,1.3450466169608255,-1.5318506931603855,1.151304709003322,1.4150649294570294,1.0813783622721882
IX,25,1,242,15.24719980234486,0.4098410718779524,1.1173755276344697,1.6074633684691446,1.3383469533961987,-1.52974418191605,1.0531383555187115,1.447927582037099,1.08203148484531
IX,25,1,243,15.05404700087271,0.4046491709244802,1.1234726370615387,1.437245047808635,1.2423090595675799,-1.5827837531078575,1.1942737005190043,1.4523696929845809,1.0837466332210652
IX,25,1,244,14.94302490155578,0.40166492353636685,1.1233985831008861,1.61288059263127,1.3305878609954975,-1.5312053132786796,1.1102245383856546,1.4528435654753145,1.081970407351376
IX,25,1,245,14.94140431078974,0.40162136244546226,1.1153267013897459,1.6212348660379206,1.3788406252132563,-1.533449032129972,1.2035308621408356,1.4580087374983235,1.082483740285023
IX,25,1,246,14.85492866997358,0.3992969179715349,1.127150650440621,1.4407858238423132,1.276384107455187,-1.5838523589272466,1.0894385811593206,1.4606958822401592,1.0852841319868196
IX,25,1,247,14.68342508890236,0.39468694286736355,1.1179926439732417,1.621740691185589,1.3669242190336879,-1.5335845108397836,1.2876143365189496,1.438100164480296,1.0806314361106129
IX,25,1,248,14.58581369846852,0.3920631721159138,1.1217940806200786,1.6173840681395426,1.2496643747282272,-1.532416257913365,1.2027016702701296,1.4385202402348154,1.0805452095992358
IX,25,1,249,14.50833149983512,0.3899804692097389,1.1248302930068375,1.602780406618151,1.1474965275327174,-1.528477121794794,1.089371495760091,1.441777690590199,1.0807504002248085
IX,25,1,250,14.46380246422108,0.3887835394178867,1.1185603910049122,1.6228012923016677,1.3084799102800233,-1.5338684419653257,1.2203311482427315,1.450737085370226,1.0809762953401698
IX,25,1,251,14.39704061212584,0.3869889968541392,1.1171533657525115,1.6224260026759785,1.2813322479813762,-1.533767995248061,1.2880050510670706,1.450417144154825,1.0799453543173858
IX,25,1,252,14.36435894270409,0.386110521422571,1.1122904890029868,1.596335215220442,1.4957557478084733,-1.5267271913909848,1.0748204431642654,1.4444494668949885,1.0756421584910307
IX,25,1,253,14.34901952806598,0.38569820163803614,1.1142405766335068,1.4395294194432662,1.3724865084353164,-1.5834734771132337,1.1246231172429448,1.4498005825381717,1.0792269295561758
IX,25,1,254,14.22437252176496,0.3823477200197044,1.1130557132630643,1.6232581666285941,1.3200763899388896,-1.5339906935771201,1.3012911648042076,1.458059498063138,1.081095806267236
IX,25,1,255,14.16182463801703,0.38066644791392357,1.1246575004319814,1.601181346473909,1.2163335648377964,-1.5280436190828053,1.0748760841090277,1.4864800614140619,1.0856222313196102
IX,25,1,256,13.90073984097077,0.37364855122078644,1.1234232677544371,1.7896583232712204,1.3443714320876785,-1.4739035766381048,1.2801526846683626,1.4933380966247936,1.0892263075361084
IX,25,1,257,13.78056616144688,0.3704183115527777,1.1217693959665276,1.7869007603694158,1.31413834304986,-1.473233885708329,1.2849047994990273,1.4660060256450549,1.0827996895601137
IX,25,1,258,13.97495947893354,0.37564355727903836,1.1173755276344697,1.432953692523578,1.3039117866183905,-1.5814850881180469,1.1083520447636948,1.4607976123807758,1.081307853860763
IX,25,1,259,14.02984605353291,0.37711889523335934,1.118831922193972,1.4264269164246324,1.2683462465819597,-1.5795024575033119,1.1159720410307046,1.4611757353745523,1.0798265354710141
IX,25,1,260,13.984944680478,0.37591195710044484,1.1393695539483102,1.7873413177560942,1.3017618987446433,-1.4733409470873753,1.1512477172647502,1.503487859289732,1.0974646740661402
IX,25,1,261,13.77551548872206,0.37028255068192417,1.1349016316555995,1.7956303234017559,1.350530553937089,-1.4753503829384669,1.2566804386961488,1.484706685780602,1.0970429744267782
IX,25,1,262,13.56406350177002,0.3645987720139343,1.1414183801930338,1.6181672812714163,1.1975658980238744,-1.5326265127424423,1.2798874648065637,1.4881631907928052,1.096807507222194
IX,25,1,263,13.54909273213282,0.3641963613185616,1.142084865838908,1.6043631498221456,1.3688836654328669,-1.5289057753199455,1.115339708457833,1.5167432652090016,1.1013344918644077
IX,25,1,264,13.35803569592497,0.3590607940324815,1.1376909975068499,1.6115915543517279,1.324958505447904,-1.5308580798611955,1.124048931564005,1.4919614515363422,1.0960065095887155
IX,25,1,265,13.38584054028745,0.3598081815767285,1.1443805386191404,1.782527820383122,1.2297219711822431,-1.472169768798345,1.2538651742576798,1.4917932229077913,1.095903149521228
IX,25,1,266,13.58272162702264,0.3651002979434096,1.1388018069166397,1.5823515974284503,1.3310367684087994,-1.5229060869040962,1.0851928919485414,1.488207051658695,1.0933267299252505
IX,25,1,267,13.50360090187201,0.3629735518376422,1.140307570783244,1.604477368403877,1.3190560384169592,-1.5289366927180001,1.2375459641983209,1.4937834042910276,1.0954145258102073
IX,25,1,268,13.45684291790304,0.3617167084488812,1.1374688356248919,1.7854648696276476,1.3153219567250365,-1.4728847616130167,1.2635324136786643,1.5030667075109,1.0961766854638615
IX,25,1,269,13.17926235836495,0.3542554096183853,1.1395176618696155,1.7815488039682799,1.301079627185906,-1.4719311760394533,1.244126160332618,1.5066801669975987,1.0999181150424542
IX,25,1,270,13.10856944586562,0.3523552010942966,1.1388264915701907,1.792415886173025,1.3280477965464585,-1.474572236480591,1.2621125631774415,1.5094012809863073,1.098907893296124
IX,25,1,271,13.06088505159673,0.3510734560189807,1.1419367579176025,1.6046242208661035,1.2429094608651992,-1.5289764404244963,1.1399160794582117,1.5091262970114694,1.0978009799979864
IX,25,1,272,13.00004801138602,0.34943817097693614,1.1388264915701907,1.7767516235355547,1.3127198598143381,-1.4707601730309678,1.2576509471874602,1.5029345805247079,1.0974891698565266
IX,25,1,273,13.23248023365529,0.35568589333571066,1.1413690108859322,1.5969715758900893,1.365504337384039,-1.5269002833918885,1.1837545429687757,1.5054573427786455,1.0986437042432284
IX,25,1,274,13.11401122363918,0.3525014747750084,1.1452198168398706,1.5771464934895407,1.2780447165272681,-1.5214751317976474,1.0708110429796205,1.508347540336462,1.098820122401613
IX,25,1,275,13.07769526169375,0.35152531043251023,1.1438868455481226,1.5775707339359721,1.2813139835451137,-1.5215919380105112,1.1024595703239786,1.512632526873398,1.099684011086902
IX,25,1,276,12.7634043028272,0.3430772448773119,1.1444792772333439,1.7961361485494238,1.2553246437203984,-1.4754727055190733,1.1526637676575708,1.5241354929893993,1.1017503557613422
IX,25,1,277,12.75201669127907,0.34277114861153746,1.1412209029646267,1.7886956237966258,1.3318707411875002,-1.473669896523829,1.2611943931058744,1.5264013239450376,1.1001584216059683
IX,25,1,278,12.65186365093569,0.3400790589204288,1.1428500900989853,1.593952941944327,1.2478438006037784,-1.5260785927193077,1.0895582193380644,1.5179697543773685,1.0992984419711875
IX,25,1,279,12.52934360265435,0.3367857494232685,1.1449236009972599,1.7942270665404827,1.2118596081149247,-1.475010855945394,1.2174389128096552,1.5266461782537082,1.1000898241080643
IX,25,1,280,12.61613454769306,0.33911866919903577,1.1481326059588752,1.7686747381131092,1.208746340666802,-1.4687814249311244,1.2502916536473787,1.5180113832548439,1.0988768730071234
IX,25,1,281,12.63796129325867,0.3397053668821632,1.1549455703389202,1.777306399503965,1.3018239958519582,-1.4708957567170913,1.227379008765957,1.53304174935945,1.1096072098965506
IX,25,1,282,12.40422707085884,0.33342264707231495,1.1581792599540865,1.77789380935287,1.3459393189708349,-1.4710392697927719,1.2162409319593033,1.5352356192171273,1.112192064302527
IX,25,1,283,12.41995042766954,0.3338452871303161,1.1650415936412333,1.7787259733054857,1.2370392415456388,-1.4712424988368304,1.2731570224723716,1.5386463495335665,1.1166146536112362
IX,25,1,284,12.31321802790748,0.3309763458368556,1.1621534891757794,1.800117481969781,1.2962735362539908,-1.476434301679478,1.1804272560366424,1.5446711036655127,1.1134100446903337
IX,25,1,285,12.22247709068764,0.32853725121912325,1.16467132383797,1.5812094116111346,1.2466137365073868,-1.522592487755602,1.1296164100328325,1.5456366762359217,1.1138938761039707
IX,25,1,286,12.13962282377157,0.32631014840662376,1.1787415763619757,1.5957804392520318,0.9726342656238749,-1.5265762343641858,1.1416541981923425,1.5490521614315593,1.1172820957104594
IX,25,1,287,12.11661942384465,0.3256918225366213,1.1702747401940212,1.771807590640603,1.2427404192305989,-1.4695500099961385,1.246655347297185,1.5396100568306696,1.1174433795988912
IX,25,1,288,12.31690687503857,0.3310755011625416,1.1749895090222406,1.5811115099696507,1.180703844942473,-1.5225655972889267,1.0788059281820523,1.5486117340407002,1.1184236456678998
IX,25,1,289,12.16029761343299,0.3268658817914768,1.1728419441633136,1.792203765949809,1.2015290570059043,-1.4745208376425047,1.18047263558096,1.5540010917176252,1.1220137351075172
IX,25,1,290,12.0551629651006,0.32403988767303993,1.2542272469205893,1.5842933133178867,1.3244921493520148,-1.5234386863117728,1.1010855379129563,1.5808630519019462,1.1805703811099295
IX,25,1,291,11.91718482420433,0.3203310683558065,1.2735059613438324,1.5806220017622297,1.2566433566901687,-1.5224311199749854,1.0983714330940157,1.589686529459478,1.1974158613808203
IX,25,1,292,11.82066696082307,0.31773669134912086,1.267285428649009,1.7898051757334466,1.3144113950231149,-1.473939211706909,1.2469130248808151,1.5919700889018213,1.1954921497477065
IX,25,1,293,11.77186068772169,0.3164247904400004,1.2737774925328924,2.013037235257644,1.367995457234185,-1.42329713505818,1.1493223422542238,1.7296879592820487,1.2055206237947649
IX,25,1,294,11.52559536489064,0.3098052376575986,1.3170743748611489,2.021619945827758,1.370942647509956,-1.4251448407221365,1.0699234608561634,1.742627761856373,1.2358678077578258
IX,25,1,295,11.43513878634261,0.3073737865327281,1.3234430154772776,2.0198903501615377,1.4162139456621414,-1.4247731213179493,1.0224230261487504,1.739745572339085,1.2396351378888961
IX,25,1,296,11.42006733757275,0.30696866960642905,1.321172027350596,1.7889893287210783,1.3314469708509913,-1.4737412020915228,1.190490637513641,1.7445629594707752,1.240015241810266
IX,25,1,297,11.29284399260839,0.3035489366230604,1.3127051911826417,1.774565153542408,1.2759228803910059,-1.4702254012646296,1.148020289060706,1.7467672120493922,1.2318271290928378
IX,25,1,298,11.20058324739075,0.3010689899310493,1.320752388240231,1.8026955585288649,1.304623913105401,-1.4770558407946368,1.1739327303185643,1.7573091742573488,1.2379517860871796
IX,25,1,299,11.03550997380617,0.2966318599490639,1.3220853595319788,1.7817446072512484,1.2722087937185949,-1.4719789050786336,1.1802833030075344,1.7569271884645405,1.2354873448671286
IX,25,1,300,10.97027985666824,0.2948784900534046,1.3144084322776528,1.8015696896517965,1.454886057355994,-1.4767845185567368,1.211279977207565,1.760313507113672,1.2381263347936566
IX,25,1,301,10.9027441331249,0.293063146010835,1.3261830120214262,1.7768495251770389,1.3004606155789764,-1.4707841026397772,1.0441176912658974,1.7612106816371527,1.2432395261283622
IX,25,1,302,10.77795287494744,0.28970878693668006,1.326676705092444,2.025258623502921,1.3071984563418462,-1.4259258169903997,1.0806018926156022,1.760232472431623,1.2385889697240315
IX,25,1,303,10.72226094278336,0.2882118011642781,1.3272691367776652,1.7950755474333455,1.3343704965150038,-1.4752161830611406,1.2048291854168856,1.7695639226584254,1.243505639701463
IX,25,1,304,10.75625026165475,0.2891254258992612,1.3149021253486708,2.0263192246189994,1.2757100834414783,-1.4261531917268608,1.057364177778886,1.7654234855462652,1.2348529323430795
IX,25,1,305,10.65104548175388,0.28629754666109275,1.295105033200859,2.0311979897529615,1.3817592971487271,-1.4271975849778797,1.021640400359198,1.7614230263162183,1.2212669089029746
IX,25,1,306,10.57749235024515,0.2843204561363866,1.308039791661524,2.0122703390660184,1.237138417314728,-1.4231316526536204,1.1477952867160794,1.7684490278954026,1.228486504368541
IX,25,1,307,10.44920546694438,0.2808721354977482,1.3105329416701637,1.771073328329472,1.2551128539532994,-1.4693699948718073,1.0638103596260224,1.7682892134022317,1.2276810208849744
IX,25,1,308,10.39362052949312,0.2793780257175517,1.3039915084791782,1.7869986620109,1.3891902150306898,-1.4732576794068366,1.1883238172458148,1.7715353369867834,1.2289976107890428
IX,25,1,309,10.36440102720514,0.278592612507737,1.3088297005751524,2.015860065920439,1.2702648470264457,-1.4239057085159583,1.1528017876744248,1.778146668426985,1.230305269312113
IX,25,1,310,10.34036225343239,0.27794645603721313,1.3090518624571101,2.0262702737982576,1.2979558767297092,-1.4261427001281721,1.0868603663145002,1.783059944040436,1.2312753419732196
IX,25,1,311,10.41617199661382,0.2799842037421714,1.31349510009627,1.79269327415723,1.3808006185759059,-1.474639441168504,1.1937859436264802,1.7836890128005756,1.2396771847009265
IX,25,1,312,10.38451605682246,0.27913329967692796,1.3154451877267903,1.7670593610286198,1.3138395188137748,-1.4683845911290752,1.1224869981524235,1.7842129810170366,1.2386756258469884
IX,25,1,313,10.3403303692326,0.2779455989975739,1.3162104119868676,1.7644323336487944,1.245730994715966,-1.4677384598033059,1.1075149698134377,1.7902644593446253,1.238283791297882
IX,25,1,314,10.25611608528136,0.2756819392535268,1.3184567154599984,1.7649707926769573,1.1751080074572386,-1.4678709750066454,1.109968224612232,1.7926912937076247,1.2364020116493333
IX,25,1,315,10.00301428359476,0.26887862356001013,1.3124583446471327,1.7832620826942531,1.2217676748534894,-1.472348627386859,1.1601836568754125,1.7986230961742364,1.2348453038601985
IX,25,1,316,9.954889189206012,0.2675850325712255,1.3138160005924318,1.7826583559051006,1.2629662293827137,-1.4722015712648135,1.1713473511131969,1.799420108158112,1.2342010006065325
IX,25,1,317,9.915242269023466,0.2665193328706303,1.3093480782997209,1.769963776392651,1.2204505875264489,-1.4690978303702413,1.0467115098966489,1.798938645041767,1.2316166253658198
IX,25,1,318,9.843833699837155,0.2645998876665288,1.304559255510849,2.0316548640798877,1.243244913160406,-1.42729525920192,1.0847360319690866,1.800952082759758,1.2277729369604873
IX,25,1,319,9.781137474700088,0.2629146281798049,1.3082125842363803,1.9981398688118006,1.2330741665572764,-1.420071212281883,1.1860908535196362,1.790342105449181,1.22792738672817
IX,25,1,320,9.948625563106118,0.26741666780471746,1.3081138456221766,2.013950983911497,1.21468520839371,-1.4234942232955563,1.1691718989328566,1.8086216449338748,1.2275225514122974
IX,25,1,321,9.70171973243882,0.26077989832537746,1.2997951173755276,2.013184087719871,1.3800432601597445,-1.4233288159862318,1.1607300116968946,1.7669986665152457,1.225505334088402
IX,25,1,322,9.711808431181153,0.261051080126627,1.3016958356989459,2.0216688966485004,1.2385672845418083,-1.4251553564543349,1.11088722587978,1.7648832908039103,1.2215270566475223
IX,25,1,323,9.872423838838364,0.2653683837422208,1.3037446619436694,2.041265541885586,1.2521109888605515,-1.4293448313364086,1.0390871923473413,1.8184451047562984,1.2236615761961493
IX,25,1,324,9.535293643543245,0.2563064049924621,1.2953765643899187,1.7868844434291684,1.2291859322918346,-1.4732299199651702,1.1726456514450525,1.813952375347987,1.2249718241005045
IX,25,1,325,9.504331291740836,0.25547414440592414,1.2909580114043098,2.009741213327677,1.2419705733086677,-1.4225854655118553,1.19136792514961,1.7708382525483852,1.216660646097601
IX,25,1,326,9.55195507401064,0.2567542602452494,1.2969070129100737,2.0306432137845514,1.1971170051735045,-1.4270789510228834,1.0743465361530877,1.7792792623117686,1.2197117921559442
IX,25,1,327,9.558052876312262,0.2569181677078519,1.2861938732689886,1.773194530561629,1.2700955313623776,-1.469889835115883,1.1091552950408272,1.7741197609016885,1.2121985426112232
IX,25,1,328,9.668360283637572,0.25988320434673234,1.2955987262718767,2.01752439382567,1.2495766372158217,-1.4242641213940548,1.069838791013674,1.7749080103829085,1.2178058064813362
IX,25,1,329,9.78647239144644,0.2630580294617483,1.3072745674014465,1.754805338902849,1.1285532973119328,-1.4653623991257212,1.108728997360266,1.8304243689069883,1.22728101096343
IX,25,1,330,9.573665506783382,0.2573378314684156,1.3037199772901187,2.037920569134876,1.184244213465712,-1.4286325796794261,1.0179029857570299,1.8438097221327943,1.2280405776046608
IX,25,1,331,9.33706076064344,0.2509779526692612,1.301671151045395,2.005988317070783,1.1673988006699394,-1.4217737262760903,1.1772031775260374,1.8379801307086865,1.2239743370995255
IX,25,1,332,9.301092109307197,0.2500111239525953,1.2905630569474955,2.035228273994061,1.18836463749758,-1.4280584542847374,1.0751160600844563,1.7911968471532493,1.2148749931207585
IX,25,1,333,9.314180424574957,0.2503629347262424,1.2939201698304164,2.0334660444473456,1.218410676711188,-1.4276822517214862,1.0798731504494676,1.7960800640579917,1.2175956105389538
IX,25,1,334,9.250388202379842,0.24864821510160012,1.2929080990348298,2.006787847142904,1.1348562709987113,-1.4219467892573399,1.1952875380891443,1.8010159717250493,1.2156208861954494
IX,25,1,335,9.23473761767154,0.2482275311402487,1.2979684530127618,2.0375452795091866,1.1275643020057249,-1.4285525955892309,1.0747749365041173,1.8349617747370681,1.2221831932350469
IX,25,1,336,9.141311977904856,0.24571627236229443,1.2969070129100737,1.7570570766569853,1.1535408542019852,-1.4659193215216517,1.0821573503900623,1.8376120389234758,1.2203783189226995
IX,25,1,337,9.384400785942928,0.2522504411893164,1.2903902643726395,1.774842541526613,1.2115598722946972,-1.4702932819261265,1.1817727222415115,1.8139455699840445,1.2198132096194705
IX,25,1,338,9.273813913360176,0.24927789259137806,1.2931796302238898,1.7734066507848452,1.1159053885626444,-1.4699417849336618,1.1955350639981528,1.8137938663707798,1.2184513054608912
IX,25,1,339,9.286695030385347,0.24962413392598495,1.2906617955616992,2.0253891590249,1.1397520416263591,-1.425953807998234,1.0823879792590976,1.8126811811567078,1.2164027587364297
IX,25,1,340,9.244344312260957,0.24848575678553245,1.2933771074522968,2.0045687432692625,1.1697373203874502,-1.4214662811580552,1.1747945363277446,1.8557199933094055,1.2167099955793403
IX,25,1,341,9.079865119746746,0.2440645955601593,1.2901187331835797,2.0265313448422155,1.2517540230826836,-1.4261986523926062,1.0313844405999952,1.8193335408236724,1.2146786180610265
IX,25,1,342,9.065351909759944,0.24367448395839056,1.284984325244995,2.032992853180172,1.0973454903464492,-1.427581178840968,1.074592881985955,1.8194856595001256,1.2109229298849646
IX,25,1,343,9.027656684199451,0.24266124534089586,1.2803682950309792,1.769800606990177,1.1877944742856519,-1.4690577917894292,1.2460550377862336,1.8248111578404604,1.2093793517276035
IX,25,1,344,8.987012126081261,0.24156872937198967,1.28150378909432,1.7771432301014916,1.2312573880194362,-1.4708558835560994,1.1974762576413644,1.819734891385542,1.2114687431394213
IX,25,1,345,8.990828485527464,0.24167131219810722,1.2981165609340672,2.014750513983618,1.1136081704136866,-1.423666602164121,1.0883617484638057,1.85295572943382,1.220541513611657
IX,25,1,346,8.975431624274783,0.2412574482623579,1.2935745846807039,2.0265802956629577,1.122408169638286,-1.4262091426397148,1.0271828086282562,1.8291513483296777,1.2162832841288096
IX,25,1,347,8.975095081218733,0.24124840206577014,1.2923156673496088,2.027673530659531,1.1215174107852204,-1.4264433588275915,1.082179771956074,1.8320301041640328,1.2142759539825576
IX,25,1,348,8.95799363503138,0.24078871929601922,1.2897731480338672,2.017393858303691,1.1156370117097445,-1.4242360212674277,1.1447248584797216,1.8379564139278846,1.214570577099853
IX,25,2,0,35.06083579015776,1.0,1.0,1.0,1.0,-1.7940963306410844,1.1398948655805312,1.0,1.0
IX,25,2,1,32.24272071972145,0.9196221365827391,1.0131588036195343,0.9423964149928107,1.0257253115163865,-1.8696337567941097,1.0204425750354835,0.9931778179145248,1.0130805987828988
IX,25,2,2,30.33671696697663,0.8652593779721794,1.0193755612350626,1.012482246980884,1.0073207157196227,-1.7994837476084489,1.3368212317076362,0.9839609838052688,1.0202240395588245
IX,25,2,3,29.34776849107702,0.8370527350439116,1.020549837673551,0.9493035523680983,0.9731015672907246,-1.8728052375049993,0.9715555846664139,0.9779290909633231,1.022952679543699
IX,25,2,4,28.71544558164598,0.8190177140530959,1.024279892242868,0.9471334938823758,0.9480551082419534,-1.8718113264875365,1.2536534337114569,0.9742192429310456,1.025819298064665
IX,25,2,5,28.31015295961041,0.8074580175170155,1.0198590868273814,0.8858513951006078,0.9776094089195075,-1.944606635860299,1.568645034110617,0.9696569599569519,1.0231955854090196
IX,25,2,6,28.0231162663197,0.7992711991819179,1.0227602403812943,0.9435784793712123,0.9584271518943112,-1.8701781586369453,1.079166534280276,0.9711621059726315,1.0245423431933625
IX,25,2,7,27.85250551574455,0.7944050644555164,1.0172687711542447,0.9516059314931942,1.1051148120986134,-1.8738572718566873,0.9618081685423517,0.9725923114062079,1.0229536503076273
IX,25,2,8,27.75169908064994,0.7915298781451287,1.015610969123437,0.9514647894778627,1.0551834087734069,-1.8737928526022054,1.45057007383067,0.9702080873753245,1.0241902916443648
IX,25,2,9,27.62321019041145,0.7878651369219728,1.013918629550321,0.9427757341590142,1.0604216776314492,-1.8698085272765397,1.2093101829997175,0.9682293139505301,1.0210081561755129
IX,25,2,10,27.48991992053774,0.7840634514552753,1.0243144297851765,0.9395912174380959,0.984092844718328,-1.8683390801449076,1.2280123741001485,0.9693201545601092,1.0250418173539881
IX,25,2,11,27.28971065855663,0.7783531123413027,1.0229674656351453,0.9504150457388345,0.9865747242515817,-1.8733134343433575,0.9619542813314494,0.9719752224504502,1.0240106213408202
IX,25,2,12,27.24092375915571,0.7769616195744755,1.0151965186157352,0.8842635474281276,1.0581036543690512,-1.9438274845739538,1.5430529469445011,0.9651190414452704,1.0198206882095608
IX,25,2,13,27.27799865564094,0.778019064317297,1.0171306209850106,0.8806644260371732,1.0433437447891039,-1.942056216000963,1.0818934913434213,0.9620235625246368,1.0192966317409096
IX,25,2,14,27.19133961757911,0.7755473879836098,1.0121917524348967,0.8826139501239403,1.1154317058429635,-1.9430165497856424,1.0494623461520325,0.9713716812689293,1.0223001005468428
IX,25,2,15,27.12984750275802,0.7737935189318528,1.0231401533466877,0.9330016495973043,0.9482079452037848,-1.8652825430679019,1.1850916989996498,0.9659254799682127,1.020009078524646
IX,25,2,16,27.05306491902378,0.7716035373754007,1.0220349519928162,0.8743130353472535,0.9761260526002872,-1.9389127158334631,1.5595449964334767,0.9645618327779815,1.017755624815791
IX,25,2,17,26.99833919542272,0.7700426583385004,1.0207916004697104,0.9320930478736072,1.0079252587039786,-1.8648594002145114,1.0397604965856881,0.9645448631006809,1.0153808155177653
IX,25,2,18,27.08141102706612,0.7724120208984974,1.0185121226773501,0.8743571422270445,1.0056362979858122,-1.938934624338288,1.5739224006374632,0.9659254076222878,1.0157883313986267
IX,25,2,19,27.09750433147432,0.7728710317590632,1.0135041790426191,0.9404733550339182,1.0980499824964811,-1.8687466273364974,0.9724387556657305,0.9680635266009774,1.0149572662617075
IX,25,2,20,27.09482561177825,0.7727946297100048,1.0132278787041513,0.9915050149522322,1.117340930061428,-1.790391245814351,1.5680336431514943,0.9624826446415292,1.0162895038753144
IX,25,2,21,27.11561354389192,0.7733875400512782,1.018926573185052,0.9924312594278455,0.9333000074005938,-1.7907967657890334,1.537374572448253,0.9633945370568334,1.0153612784534243
IX,25,2,22,27.0590528730062,0.7717743249178955,1.0163707950542238,0.9222395709282732,1.0027437477674102,-1.8602438842071505,1.144743236178773,0.9596226060100576,1.0140546347140638
IX,25,2,23,26.98225732468753,0.7695839735874739,1.0201353871658492,0.9243743439101633,0.9560037227125342,-1.8612480145580772,0.9789855799511183,0.9599169570084447,1.0127250672348875
IX,25,2,24,27.02986672120622,0.770941881790337,1.0182358223388823,0.9916373355916055,0.9735945278529777,-1.7904492004272319,1.2595828865192817,0.9624017036292593,1.0122447294122527
IX,25,2,25,27.11537398413635,0.7733807073631755,1.0195137114042965,0.9854359082929756,0.9816074921301287,-1.7877247141222534,1.5667804958197202,0.9638650204816429,1.0135799259120413
IX,25,2,26,27.16478724473063,0.7747900651118048,1.0188229605581265,0.9847566623441925,0.9875326338386937,-1.78742525833961,1.5566611489915503,0.9618782892948167,1.011389364802231
IX,25,2,27,27.15138659987301,0.7744078538907768,1.0157491192926709,0.9223277846878557,1.1120229548457468,-1.8602854232151211,0.9955834988040727,0.9604642397524259,1.0125651273504452
IX,25,2,28,27.14474933286498,0.7742185467376971,1.0148511431926504,0.9205370453683366,1.1314181305862365,-1.8594414020616552,1.2318570782994904,0.9605681755913787,1.0128933311931763
IX,25,2,29,27.04960493178989,0.7715048521285743,1.0263521447813773,0.9126771993895608,0.9149751085241316,-1.8557173325338436,1.1214500916141612,0.9629338499211847,1.0100657914235043
IX,25,2,30,27.07044314112343,0.7720991964693157,1.0154382814118947,0.9190726969592715,1.1651532687197306,-1.858749996103827,0.9848903288425428,0.9610532904246485,1.0091156299523607
IX,25,2,31,27.09530492456055,0.7728083005986616,1.0240035919044,0.9205987950000442,0.9604612968918753,-1.8594705335616046,0.9518684746534302,0.9655452971861869,1.0105018593410413
IX,25,2,32,27.11337271323987,0.7733236274091078,1.0223803274159011,0.9093427192773529,1.0303994473021005,-1.8541277254009483,1.140092067713267,0.9632882894144815,1.0086082495885016
IX,25,2,33,27.12285137631438,0.7735939764427486,1.0171651585273191,0.9832393856793782,1.0865412023714762,-1.786755597428176,1.126275095385059,0.9640807852445344,1.0066775906374148
IX,25,2,34,27.1039157339096,0.7730538968360298,1.019548248946605,0.9802224751016665,1.1294258703774578,-1.785420986684184,1.3195827472623405,0.9592516346418862,1.0066971328674035
IX,25,2,35,27.03669426955538,0.7711366161198328,1.0162671824272984,0.9072785173031291,1.0407318402236072,-1.8531407591641644,1.1009664973279845,0.9644264945838282,1.00554787826623
IX,25,2,36,27.00227321300717,0.7701548638092427,1.0126407404849072,0.98164271663094,1.1152451087488675,-1.786049779293871,1.098076811734884,0.9653022359017916,1.0040031107399987
IX,25,2,37,27.01754888159137,0.770590554181133,1.0174414588657872,0.976790959853918,1.0304424172868911,-1.7838979622252007,1.1120437853212644,0.9637219077044887,1.005425660429212
IX,25,2,38,26.99768025662103,0.7700238641829465,1.0198590868273814,0.9682783320542339,0.9890239606287341,-1.7800965440449288,1.4816384121306763,0.9616902555402802,1.0059486856241275
IX,25,2,39,26.95755523372565,0.7688794241834117,1.0216205014851143,0.9093515406533111,0.9412296719229342,-1.854131938395937,0.963783684090476,0.9610533706251265,1.0045136846255631
IX,25,2,40,26.89334095085735,0.7670479138551175,1.0159218070042135,0.9637353234357493,0.9718238589540522,-1.7780541079523404,0.9607677066094611,0.9594407596953605,1.0023177725024042
IX,25,2,41,26.82547702204467,0.7651123088621603,1.0182358223388823,0.8988099963832358,0.98541998583423,-1.8490680253740839,1.14601150878429,0.9617215859183178,1.0002106887613627
IX,25,2,42,26.79520869432239,0.7642490000721635,1.0158527319195965,0.9627737934563033,1.028910239701222,-1.7776205909808702,1.497926589855325,0.9577410418698505,1.0004295131402672
IX,25,2,43,26.83681276294626,0.7654356251963582,1.0136077916695447,0.9669992325402916,1.0598808873373162,-1.7795224600460626,1.4533863086213852,0.9576907900386625,1.0012171639225131
IX,25,2,44,26.83496150295599,0.7653828238312868,1.0117773019271947,0.9696544667037165,1.0969517785227674,-1.7807133330124962,1.316385121256749,0.9570451562201183,1.0004727808199334
IX,25,2,45,26.86529333717685,0.7662479439442926,1.0185466602196587,0.8951403039846155,1.1110758025998246,-1.8472912432841455,1.0295198092370736,0.9571286599903545,1.0022662217424285
IX,25,2,46,26.83125370890724,0.7652770706749461,1.0168543206465428,0.9019592276003209,1.0822661449478042,-1.8505870374894824,1.2759788229118758,0.9619060872279678,1.003050274603982
IX,25,2,47,26.77454956277507,0.7636597633616935,1.0153692063272777,0.9626502941928882,1.0655402282766007,-1.7775648785287015,1.5179083443448413,0.9606356707121653,1.0007500551271664
IX,25,2,48,26.72594324292669,0.7622734210582957,1.0136077916695447,0.9642646059932428,1.0664724767835085,-1.778292556612377,1.128186922531493,0.959050623253423,1.0001026838714513
IX,25,2,49,26.73610065781872,0.7625631293514129,1.0154037438695862,0.9595010629758028,1.0639860728184214,-1.776141790842611,1.3231626384983373,0.953675695168233,0.9976604646807136
IX,25,2,50,26.7286355298767,0.7623502100705749,1.017717759204255,0.961768156597066,1.2239452070228602,-1.7771667244610965,1.2280269458064914,0.9559358228211319,1.000705878056304
IX,25,2,51,26.71334948080914,0.7619142236280654,1.0199281619119984,0.8913118268187471,1.1615610539022767,-1.8454298006806957,1.0424951786926022,0.9575718940146006,1.0003610729598713
IX,25,2,52,26.68181574644721,0.7610148230960684,1.0164053325965323,0.8900944769365126,1.143582607949543,-1.8448362376989296,1.166640591682916,0.9587493007117577,1.0001309822247848
IX,25,2,53,26.57213154308786,0.757886426385396,1.0215168888581887,0.8948315558260779,1.034265182241531,-1.8471414223557934,1.385504559507789,0.9586177180285812,1.0007695376042336
IX,25,2,54,26.58548470168984,0.7582672832104272,1.025419631139048,0.9580190718148217,1.0101806755613008,-1.77547048554582,1.112725675986269,0.9614832613548282,1.000491527594096
IX,25,2,55,26.63317952225281,0.7596276278653131,1.023865441735166,0.954658127574739,1.0661424420630992,-1.7739442049583325,1.343327774692763,0.9558308527564929,1.000428436663283
IX,25,2,56,26.63158159132303,0.7595820519144332,1.0243835048697933,0.9512266123269907,1.0683837123598239,-1.7723803226145125,1.4951349867036974,0.9580567829136439,0.999181843946046
IX,25,2,57,26.62626642748769,0.7594304535935275,1.0181667472542653,0.883231446441016,1.0809503311387176,-1.8414746546811396,1.0699546361056609,0.9569299548314414,0.9997395494851925
IX,25,2,58,26.58049739204108,0.758125035898395,1.020411687504317,0.950794364905038,1.0278203899476073,-1.7721829297616998,1.0703896836187523,0.9600721211982943,0.9994991692848114
IX,25,2,59,26.55401604315695,0.7573697387616516,1.0187193479312011,0.955046268116901,1.1033029942193446,-1.7741207425401335,1.1198196058911112,0.9597951296388912,0.99553385748144
IX,25,2,60,26.54710536262851,0.7571726333483695,1.0168197831042343,0.8816259560166194,1.0925668843964171,-1.840684499257328,1.0058563922263266,0.9549368448125082,0.9989314189913263
IX,25,2,61,26.6279161233656,0.7594775059766419,1.015161981073427,0.9475922054322033,1.127903835819786,-1.7707178103493622,1.4678833820617907,0.9543242450651325,0.9974043419460041
IX,25,2,62,26.68697222848341,0.7611618955180455,1.015680044208054,0.8847928299856214,1.0846190632118338,-1.8422417260872088,0.979786535152516,0.9554397705458131,0.9969577464943322
IX,25,2,63,26.74264252013778,0.7627497153859906,1.015161981073427,0.9473187427774984,1.16846937935106,-1.7705924605825232,1.0596597688485658,0.9603932070279626,0.9959079587501934
IX,25,2,64,26.71812475295723,0.7620504232377002,1.0182703598811906,0.9511295771914504,1.0742731295614256,-1.7723360177422867,1.1232603130770311,0.9611714054909805,0.9966030192839925
IX,25,2,65,26.62249366419345,0.7593228473939256,1.0198590868273814,0.8744806414904597,1.0538777766636105,-1.8371503313434396,1.121667653002946,0.9590985669947948,0.9950400508429316
IX,25,2,66,26.43492830623289,0.7539731358501635,1.0158527319195965,0.8795441112904792,1.1501040914567262,-1.8396577567358128,1.2818916717470994,0.9545822321062061,0.9929061750279679
IX,25,2,67,26.46448446016693,0.7548161321241523,1.023450991227464,0.9328781503338891,0.9391427511480334,-1.7639212518865148,1.3870393247711577,0.953106077745816,0.9938741911704015
IX,25,2,68,26.46581604848655,0.7548541114902915,1.0219313393658906,0.8711726255061265,1.004213452787194,-1.8355043517724703,1.0241424034990867,0.9538465380390705,0.9925655638866797
IX,25,2,69,26.45897413005236,0.7546589672993448,1.0166816329350004,0.8711814468820845,1.1400910760138168,-1.8355087493572806,1.1595713842303836,0.955918128364989,0.997138508533274
IX,25,2,70,26.46549636601087,0.7548449935537542,1.0157145817503626,0.869884704616226,1.161293090318551,-1.8348618260750575,1.1177417654197308,0.9550835504157766,0.9931128489673207
IX,25,2,71,26.43157170260662,0.7538773992953831,1.0153692063272777,0.9324547242878944,1.215406939703197,-1.763724084291465,0.9583641636300569,0.9561595702971206,0.9945898478350067
IX,25,2,72,26.4012004757877,0.7530111556324911,1.0147129930234164,0.8657386579158616,1.1764957319888134,-1.8327869420103262,1.0908466858183152,0.9525983985206764,0.9932367266309705
IX,25,2,73,26.391945771158,0.7527471943086627,1.0157145817503626,0.8725752242834838,1.1275067479474692,-1.836203009024749,0.9650744182459593,0.9523296446995476,0.9918711596757599
IX,25,2,74,26.40350026634597,0.753076749920432,1.0225875526697519,0.8685085699667433,1.0446585743574284,-1.8341742396488978,1.297338701154114,0.951178983316117,0.9935642877194343
IX,25,2,75,26.39674246768573,0.7528840049813015,1.0207916004697104,0.9372270886812925,1.1124719804137542,-1.7659411631639517,1.3226656334817042,0.9526486978952391,0.9919880588235385
IX,25,2,76,26.38838212744818,0.7526455525870805,1.0214478137735719,0.8605781529803018,1.163091343104543,-1.830190448158252,1.1000577154370597,0.9554703247632185,0.990415013830918
IX,25,2,77,26.30510679787745,0.7502703858891404,1.0272846584237065,0.8654563738851986,1.0927257283646337,-1.8326453122162467,1.1857207581997493,0.9551316657946164,0.9948148798080185
IX,25,2,78,26.27104516896609,0.749298885120727,1.0128479657387581,0.9396265029419288,1.2563629626779171,-1.767051588554131,1.1026783169984258,0.9612319901513312,0.9918215603973515
IX,25,2,79,26.31108833359018,0.7504409903706917,1.0243835048697933,0.930408165065587,1.1170579265536615,-1.7627698436548653,1.0663276307236365,0.960163942627718,0.9918816495884897
IX,25,2,80,26.31482652109825,0.7505476104048073,1.0264902949506112,0.8611162569137534,1.1109677544570868,-1.8304619197681438,1.137219252319476,0.958692060851784,0.9918560712255334
IX,25,2,81,26.34609442481021,0.7514394289541169,1.0187538854735096,0.9338485016892936,1.125481378659764,-1.764372756960018,1.0916609058352744,0.9615604922247047,0.9935404374115553
IX,25,2,82,26.35588518137999,0.7517186794725123,1.0224494025005182,0.9340866788401654,1.0429782617244392,-1.764483509221636,1.0999802350988332,0.9606724968485159,0.9946580734392259
IX,25,2,83,26.22450365409935,0.7479714348812262,1.0222767147889755,0.9296230626053053,1.1425711482550212,-1.7624032200397286,1.0720736484817974,0.9617576381754026,0.9909869760876987
IX,25,2,84,26.26808025957448,0.7492143204112786,1.0251778683428885,0.9204400102327961,1.063228823724167,-1.7580918192183699,1.3540235660730986,0.9553444957413194,0.9891741012659928
IX,25,2,85,26.29715184732441,0.7500434959598573,1.0257650065621329,0.8592196610827357,1.1157222435677212,-1.8295043376716487,0.9770969934269323,0.9555080483737588,0.9914312745738129
IX,25,2,86,26.33219671761109,0.751043040594116,1.023934516819783,0.9241626308871657,1.1241525075916199,-1.7598447342009482,1.44585578819992,0.9554995805363217,0.9935468326510785
IX,25,2,87,26.36924529221601,0.75209973458814,1.0262830696967604,0.9317049073314455,1.069335593550103,-1.7633747135845135,1.1150439814434177,0.9639073260423558,0.996067867447677
IX,25,2,88,26.41738766359457,0.7534728442215411,1.0217241141120397,0.9278058591579114,1.1725702868840993,-1.7615534414320542,1.0990009800731428,0.9623214796064864,0.994288890074987
IX,25,2,89,26.26232462253527,0.7490501589784577,1.029356910962216,0.9920784043895167,1.3374324771028094,-1.688901319673943,1.151869936034487,0.9560485634484112,0.994365374007334
IX,25,2,90,26.10639434624439,0.7446027385796932,1.0218622642812738,0.9245772355572021,1.1496132985258833,-1.7600395269099227,1.3539268487010676,0.9535942444735709,0.9921748624449126
IX,25,2,91,26.08844853656218,0.7440908908362561,1.0285625474891207,0.9215691463554487,1.0402576613877694,-1.7586242570154924,1.4394934938084185,0.9576918481120467,0.9943494055268749
IX,25,2,92,26.06862324057304,0.7435254366608965,1.0290460730814395,0.9256887289279383,1.1339870130591843,-1.7605613064863872,1.3204802742113106,0.9587397472534669,0.995172088275093
IX,25,2,93,26.0632855391502,0.743373195526236,1.028942460454514,0.9171319942484629,1.0972634262888257,-1.7565281747609107,1.3107402187511403,0.9614466444116786,0.9942226204847897
IX,25,2,94,26.07527890710449,0.7437152686024762,1.0255232437659736,0.9235627773220065,1.170282415498619,-1.7595627517144887,1.0765530869016728,0.964540177100115,0.9942229910597598
IX,25,2,95,26.00189618430204,0.7416222573793082,1.0236236789390065,0.9221160716648581,1.2053921688734246,-1.7588819220968583,1.4199021666771416,0.9583624025566148,0.9914991497963976
IX,25,2,96,25.98325064651109,0.7410904520937028,1.0257650065621329,0.91908151833523,1.1507073822520437,-1.7574503636736345,1.0493006884278238,0.9626556725805371,0.9941998616310275
IX,25,2,97,25.99093970927005,0.7413097584104427,1.0295641362160668,0.9187021991690264,1.090063904146757,-1.7572710866221157,1.320150227949527,0.9530093133746564,0.9905583374042866
IX,25,2,98,26.0010202181231,0.741597273200831,1.0329488153622988,0.8509540318098817,0.9791276141528263,-1.8253062317718705,0.9710318062973291,0.9580445167765221,0.9918585508639444
IX,25,2,99,25.99529073663753,0.7414338577728629,1.025626856392899,0.9231834581558033,1.2128732278250636,-1.7593843447196194,1.0858577194301426,0.9604633360336966,0.9925132410542393
IX,25,2,100,25.99972406273651,0.7415603044475947,1.0281826345237273,0.9861680824975079,1.1154471952261966,-1.6863062660865837,1.1567700766415383,0.9604525898164399,0.9909305140745313
IX,25,2,101,25.96696880807028,0.7406260638931973,1.0269047454583131,0.9214985753477828,1.1858417668441414,-1.7585909987701598,1.094612045951227,0.9628828358177042,0.990432475637508
IX,25,2,102,25.95307589738295,0.7402298123386,1.0275954963044829,0.9152001129136123,1.139395476780907,-1.7556123956714973,1.053530643098687,0.9636636111226485,0.9894959755686656
IX,25,2,103,25.98956909033415,0.7412706658188084,1.0293223734199075,0.9854800151727667,1.1536561263332197,-1.68600314520533,1.0129393068906845,0.9568367139615757,0.9906316504787308
IX,25,2,104,25.95146609606596,0.7401838978222826,1.0276991089314083,0.9119450251850283,1.116915150390413,-1.7540649891686146,1.0635049229762203,0.9615976865432453,0.9924627719254159
IX,25,2,105,25.95034584337618,0.7401519461398844,1.0323616771430544,0.842617831529362,1.106768016640156,-1.8210307769187153,1.180491260033384,0.9555594939264279,0.9932599598035975
IX,25,2,106,25.93839834752952,0.7398111814211491,1.0244180424121019,0.9793138733779695,1.2107927240924292,-1.6832772306313852,1.0978798021079343,0.9604268879742881,0.9912994230225138
IX,25,2,107,25.92518907863195,0.739434428597097,1.0335704911238517,0.9759441077619286,1.0293786809483445,-1.6817802700508124,1.1738252819859312,0.9573130885128149,0.9910995874957368
IX,25,2,108,25.9155487409664,0.7391594683045573,1.0276991089314083,0.9100043224742196,1.186771477550907,-1.753139785843764,1.091317906844206,0.9620030945335679,0.990516773696707
IX,25,2,109,25.93560668094085,0.7397315579174375,1.03429577951233,0.9774525630507847,1.0730939205160241,-1.682451013426346,1.1029005229793487,0.957567029883689,0.9917859300802272
IX,25,2,110,25.92199754045996,0.7393434000149179,1.0294605235891414,0.912130274080151,1.1386170621699887,-1.754153201067805,1.399494381514851,0.9628695367203819,0.9916762303055064
IX,25,2,111,25.89044451258552,0.7384434491961956,1.0306002624853214,0.9791109817309305,1.0813581062011788,-1.6831872453324153,1.165571106897318,0.9624839126429298,0.9908976025241959
IX,25,2,112,25.88609772773236,0.7383194708381446,1.0332251157007666,0.9153677190568184,1.1135860652198573,-1.7556919233700174,1.2637039719280747,0.9634083362262278,0.9922249220743624
IX,25,2,113,25.87748296576607,0.738073761864809,1.03360502866616,0.976949744621166,1.0990895345579645,-1.6822275473842283,1.1986707154486869,0.9624113198004502,0.9914102566780636
IX,25,2,114,25.88837142426047,0.7383843208759965,1.0335359535815432,0.9097749666993058,1.155656920931836,-1.7530303132845833,1.0777827790070909,0.9677573860800602,0.9912913567267435
IX,25,2,115,25.9098633071768,0.7389973091984928,1.034019479173862,0.9001243814010108,1.0880294081493647,-1.7483988561068067,0.9802002338980811,0.9593227864741677,0.9911254625985919
IX,25,2,116,25.9166768389528,0.7391916437493512,1.0301167368930026,0.9097749666993058,1.206379123203199,-1.7530303132845833,1.245794973242434,0.958387382086883,0.9903952948891308
IX,25,2,117,25.88338773748863,0.7382421768951265,1.032188989431512,0.9781229876236096,1.2357407966444403,-1.6827487893970228,1.0671426383018936,0.9591435031529116,0.988079061088333
IX,25,2,118,25.88193522268466,0.7382007484815923,1.0343303170546385,0.9051172801933647,1.1923620381264588,-1.7508011870184284,1.0836457398335821,0.9662459289312912,0.9904044540635157
IX,25,2,119,25.85596402394614,0.7374600017722451,1.0283553222352697,0.9809722920581153,1.2165740882342084,-1.684012064418416,0.989926201992235,0.9620728912927639,0.991009269149518
IX,25,2,120,25.79543161778723,0.7357335053897516,1.0331560406161497,0.836539903494147,1.1556706723006498,-1.8178867933846605,1.1924759792372526,0.9600865460765835,0.989387810440909
IX,25,2,121,25.80607207933849,0.7360369910686141,1.0329488153622988,0.9001684882808021,1.2173212099203596,-1.7484201363938463,1.3885694327275768,0.9582178173407503,0.9872753475624046
IX,25,2,122,25.78009274079559,0.7352960121969639,1.035573668577744,0.8948844840818272,1.1651912938945423,-1.745863308790905,1.2469143702816692,0.9601143801719713,0.9872496818611088
IX,25,2,123,25.75764144100105,0.7346556595274236,1.0282171720660356,0.9785993419253536,1.2232082552197112,-1.6829602430566872,1.131838074676268,0.9617479895553029,0.9917854673667708
IX,25,2,124,25.76142635478969,0.7347636122816391,1.0319126890930441,0.968648829844479,1.209558184826126,-1.6785216818432778,1.187753637695493,0.9602013495383384,0.9890066589269784
IX,25,2,125,25.73736089129387,0.7340772206724985,1.0330869655315327,0.898263071073826,1.1465241934470514,-1.7474998761992997,1.3955444800648855,0.9601081425737104,0.9878783414146901
IX,25,2,126,25.68430747542784,0.7325640389507745,1.0375768460316364,0.8999038470020554,1.1114535853780552,-1.7482924390278918,1.0978654784131414,0.9623442480770459,0.9873297505050567
IX,25,2,127,25.69928806082027,0.732991313003284,1.0309456379084063,0.8897680860260584,1.232496473564931,-1.7433731551691585,0.9601200278381039,0.9551644271927503,0.9835150029660931
IX,25,2,128,25.65541858441333,0.7317400742516038,1.028873385369897,0.9023032612626917,1.1590117606449504,-1.7494488577148635,1.256217599934842,0.9609560679874826,0.9889890611148779
IX,25,2,129,25.66741517137827,0.7320822391399922,1.0294605235891414,0.9006360212065877,1.2368137883970831,-1.7486456433528406,1.0931535415025415,0.9627237521607357,0.9876802369586559
IX,25,2,130,25.71058462690946,0.7333135119992463,1.0347793051046486,0.9667434126375033,1.1699062585779272,-1.6776665451656487,1.1134858023712644,0.9597119636810119,0.9880168720377985
IX,25,2,131,25.66770876770018,0.7320906130510897,1.0353319057815844,0.9639117509549141,1.097716033652352,-1.6763925984263526,1.1675215458348418,0.9613587706290805,0.986124549654849
IX,25,2,132,25.62362401151443,0.7308332341212318,1.0365061822200732,0.9652790642284385,1.1340367162977119,-1.6770082106348299,1.0799130594670785,0.9625044038435955,0.9879232741263823
IX,25,2,133,25.58318010370297,0.7296796989330372,1.0330524279892241,0.9690546131385573,1.1436064894589353,-1.6787035770127177,1.097735937607718,0.9604324595263796,0.987038636696266
IX,25,2,134,25.56345279695173,0.7291170395923041,1.0324652897699798,0.885304469791198,1.1884772785776831,-1.7411889875645943,1.2302590117459098,0.9593441011065539,0.9875911527363819
IX,25,2,135,25.59598002553386,0.7300447764202795,1.0376113835739447,0.8889741621898183,1.0728383333457778,-1.74298546913497,1.3861949193862968,0.9604812270698138,0.9866777714380935
IX,25,2,136,25.57831754472474,0.7295410097412754,1.0362644194239137,0.8896622295145596,1.124051375163465,-1.7433214836892807,1.3928397144068516,0.9622837779758596,0.9872802299290023
IX,25,2,137,25.57806166887704,0.7295337116879936,1.0270428956275472,0.9663552720953416,1.2925267061442893,-1.6774921440352146,1.0949223250482067,0.9617932858298393,0.9878173836675602
IX,25,2,138,25.51196181335494,0.7276484213338871,1.0312910133314912,0.8870775663588006,1.2712233986804495,-1.7420579269877825,1.0354727804947874,0.9638243386807012,0.9865537999120252
IX,25,2,139,25.48442196549907,0.726862933845206,1.028873385369897,0.9632501477580473,1.1995804761669704,-1.676094407984658,1.080158199340531,0.96025450081822,0.9865321704447113
IX,25,2,140,25.50365238174988,0.7274114209481919,1.0295641362160668,0.8841665122925874,1.344064118696743,-1.740630392667675,0.9734292963075136,0.9607094331507541,0.985332790353854
IX,25,2,141,25.52118514984852,0.7279114879803521,1.035159218070042,0.9612918022953221,1.159794827964844,-1.6752105624320637,1.0615236348025578,0.9593253790315761,0.9863791622813941
IX,25,2,142,25.50447544855881,0.7274348963386207,1.0309456379084063,0.9593069927047221,1.2182632905493993,-1.6743129338779537,1.1406119380889614,0.9618350371174467,0.9857800338328343
IX,25,2,143,25.50205566271759,0.727365879562874,1.0366097948469988,0.8813701361138309,1.0806052076973718,-1.7392546616564883,0.9647694649939501,0.962525452699325,0.9845248340477164
IX,25,2,144,25.46225740575744,0.7262307595332675,1.0343648545969468,0.8809996383235857,1.141605638300969,-1.7390720607624361,1.2791594031357056,0.9626101810610938,0.985852860375454
IX,25,2,145,25.45987994245742,0.7261629498748141,1.0325689023969054,0.8813789574897893,1.1804301362786795,-1.739259008361207,1.3830718718719652,0.9599218607719137,0.9853700159382817
IX,25,2,146,25.41923632152895,0.7250037184984794,1.030289424604545,0.958116106950362,1.256559340456067,-1.673773464860092,1.1063607984241013,0.9605856089096382,0.9867116489681425
IX,25,2,147,25.40959610402552,0.724728761633186,1.0359190440008288,0.9547375199583631,1.087897042745509,-1.6722393137965263,1.0829071820662817,0.9588133391193092,0.9819382944212091
IX,25,2,148,25.40132205078209,0.7244927703039161,1.0337086412930856,0.8798969663288079,1.1634878738451409,-1.7385281510019084,1.3773900851313878,0.9615645324700621,0.9877341478174828
IX,25,2,149,25.38832700442249,0.7241221275035741,1.0357463562892864,0.8760508464110233,1.108215869028733,-1.736625644200587,1.2636931150167037,0.960594114122528,0.9834684488983787
IX,25,2,150,25.34389851157254,0.7228549445671529,1.0351246805277334,0.8859131447323154,1.1762177626316388,-1.7414874762160601,1.1015411611174486,0.9627475165582356,0.98468674354183
IX,25,2,151,25.32310268812732,0.7222618091504822,1.0351246805277334,0.9487654484346469,1.1712497238195296,-1.6695141841156953,1.0921363111083393,0.9611959381289669,0.9840185198706819
IX,25,2,152,25.34165634777451,0.7227909939011891,1.0297713614699178,0.8737925741657183,1.2784588425368415,-1.7355046802243437,1.3349859190928126,0.9569200782898748,0.9853009400412218
IX,25,2,153,25.33253555705939,0.72253085205033,1.0316363887545763,0.9562812607510519,1.2193277611029871,-1.672940969123365,1.0965363593650739,0.9615590380329941,0.9846352791330955
IX,25,2,154,25.33724920514425,0.7226652940274999,1.0332941907853836,0.8838224786302168,1.1994488651530957,-1.7404613736027266,1.3001074648414874,0.9627518166810335,0.9859176370190933
IX,25,2,155,25.3658116909782,0.7234799490461338,1.0309456379084063,0.8742777498434205,1.2010102686945365,-1.7357457564809409,1.2033332029561281,0.9609582646702979,0.9833770732509831
IX,25,2,156,25.32220887208051,0.7222363158606998,1.0318436140084273,0.9567399723008794,1.2498542256118448,-1.6731492427120231,1.0914938010076682,0.9628718174978502,0.9816135538001496
IX,25,2,157,25.26481313687301,0.7205992831455923,1.0314637010430339,0.8768888771270542,1.2261841244277965,-1.7370408919566596,1.0518386122796484,0.9628499428150411,0.98016941048691
IX,25,2,158,25.25717225807401,0.7203813511246693,1.0345030047661807,0.9538818464904155,1.2550535677276076,-1.6718499074047959,0.9891493981211167,0.9599187609530082,0.9838563342428958
IX,25,2,159,25.26213675962322,0.7205229479074421,1.0361953443392968,0.9530702799022592,1.1600908292755487,-1.6714802506028925,1.080760918924139,0.9617511136919186,0.9852831445247784
IX,25,2,160,25.27105289848073,0.7207772527081283,1.0337086412930856,0.9483861292684432,1.178905638842622,-1.6693405172090614,1.0688165027176317,0.9671304975688513,0.9848163299215933
IX,25,2,161,25.29344302369225,0.7214158605652122,1.0315327761276507,0.8815730277608702,1.2577667264525136,-1.7393546248599856,1.0855823459787846,0.9701443634033133,0.986590087798589
IX,25,2,162,25.22455839316224,0.7194511432680464,1.033950404089245,0.8735279328869716,1.2240634085351592,-1.7353731276586197,1.0362902993691228,0.9671503448038138,0.984360411725283
IX,25,2,163,25.19563900865259,0.7186263088378938,1.0331905781584583,0.8719136210866171,1.2331236485550692,-1.7345697929319197,1.3709025886069803,0.9617744023732259,0.9830641947236131
IX,25,2,164,25.20426191954335,0.7188722502336542,1.0374732334047108,0.8660121205705668,1.1480016293318132,-1.7316203010187983,1.2123640952866686,0.9615338283734829,0.9833503234809564
IX,25,2,165,25.1994440167516,0.7187348347190731,1.034088554258479,0.9437725496422933,1.2132768346767895,-1.667222665079155,1.2593224828169702,0.961912947556706,0.9841261620297685
IX,25,2,166,25.18177614824973,0.718230914373089,1.0362989569662222,0.9521175712987713,1.114302154649736,-1.6710459038023042,1.1424223575203412,0.9634814277286715,0.9828132575376808
IX,25,2,167,25.20203878819955,0.7188088424085497,1.033466878496926,0.9513060047106147,1.1968844049715952,-1.6706755617336926,1.01078028134703,0.9641114373161334,0.986184030357756
IX,25,2,168,25.1985586530338,0.7187095825053752,1.0364025695931478,0.8759097043956917,1.1915955857032574,-1.736555668654017,1.0781989455860557,0.9689530918678135,0.9826906375288288
IX,25,2,169,25.2773532808338,0.7209569512866442,1.030565724943013,0.8720812272298234,1.3407462215616932,-1.7346532684346392,1.0530851834618453,0.9658104424625867,0.9812407001745865
IX,25,2,170,25.29547245588136,0.721473743731525,1.0343303170546385,0.9435784793712123,1.2701678021133374,-1.667133350853202,1.060728757604992,0.965056307111489,0.9833682883519256
IX,25,2,171,25.24570657417722,0.7200543285754805,1.040788837466326,0.8670089360538457,1.0474957076444196,-1.7321199043097693,1.3580877800307678,0.9650947280157357,0.9826804742189647
IX,25,2,172,25.25712094361833,0.7203798875413141,1.0367134074739242,0.9425287356321839,1.154628771290221,-1.6666499234459795,1.227031245763644,0.9679698525097276,0.9830255957525601
IX,25,2,173,25.23446910929106,0.7197338152553354,1.0353319057815844,0.8722752975009042,1.2485173962665983,-1.7347499042392864,1.3742512702577767,0.9686328091746048,0.9837950067500641
IX,25,2,174,25.1673782683347,0.717820260160474,1.0330524279892241,0.9526380324803063,1.2436278287877576,-1.6712832396834665,1.1004822332384445,0.969509613739466,0.981623994421883
IX,25,2,175,24.96707443262438,0.7121072236285111,1.0389583477239759,0.8685879623503675,1.1828386538317326,-1.7329101368772455,1.382682999569847,0.9659861467299452,0.9829012497667484
IX,25,2,176,25.0117443921034,0.7133812936406002,1.0335704911238517,0.9452280766753999,1.1861886136156574,-1.6678919369417824,1.029257105548724,0.9640049917535312,0.983513238180754
IX,25,2,177,24.86202185581545,0.7091109294888711,1.0357463562892864,0.8687026402378242,1.2291976701373508,-1.7329674721022412,1.3524021107211905,0.9657959858679613,0.983510411725172
IX,25,2,178,24.86301547476534,0.7091392693423715,1.0375423084893278,0.9473628496572895,1.1537278825487205,-1.668871673773914,1.0705820105228712,0.967531308999775,0.9827939021959651
IX,25,2,179,24.88396288210676,0.7097367282126275,1.0357463562892864,0.865870978555235,1.198726425322613,-1.7315495142565858,1.3758286446834955,0.9674046216297515,0.9834391296382523
IX,25,2,180,24.88258439862111,0.7096974113094623,1.0341230918007875,0.8628717107294395,1.2376796733191866,-1.7300425615082253,1.3458887729147544,0.9664882272512034,0.9832519042307017
IX,25,3,0,36.77170271647176,1.0,1.0,1.0,1.0,-1.6656545518690962,1.3126450363055537,1.0,1.0
IX,25,3,1,35.63747188938019,0.9691547917746138,1.0099080938877312,0.9235639948334992,1.1800643748853699,-1.7327713805740315,1.3882345566767769,0.9560982348216622,1.0140240406069285
IX,25,3,2,34.56487744051866,0.9399857740347564,1.01978202193447,1.0000222694003593,0.9688992692136077,-1.6656642232391001,1.023146061736968,0.939514966196504,1.02152906544808
IX,25,3,3,33.85037605571448,0.9205550343077075,1.0237794253305545,0.9285078017132593,1.1185266098450748,-1.7350899441967278,1.2044690809313432,0.9361094757107087,1.0245051222561077
IX,25,3,4,33.37832429845177,0.9077176696389441,1.0302026034370837,0.9387665721454339,1.001286983392611,-1.73986200370686,1.0730363685805657,0.9322130922127626,1.0273383119128086
IX,25,3,5,32.96714772444066,0.8965357948919003,1.0330725340804265,0.9300146978042371,0.8469018231145252,-1.7357941991096413,1.2456180702214077,0.9317231791602373,1.0287740175444098
IX,25,3,6,32.73626916562738,0.8902570930163448,1.0299634425501383,0.8691375803554195,1.0894011632135676,-1.8081339225872108,1.3482173973235196,0.9291344206511468,1.0274125581213507
IX,25,3,7,32.58205807066349,0.8860633493609876,1.0317059004407394,0.9337708033315022,1.1210516224793694,-1.7375446774896732,1.1316225286446877,0.9256707760625477,1.0265763852226082
IX,25,3,8,32.41429666534978,0.8815011073944614,1.0321842222146298,0.8576465697700313,0.9952467890048163,-1.8023537488979935,1.2878866653647092,0.9245829511703101,1.0238305756686201
IX,25,3,9,32.23381829323368,0.8765930297482432,1.0311592469848645,0.9247145805187286,1.1743528874323745,-1.7333120924399419,1.1612320376190224,0.9258693722348185,1.0264450856001228
IX,25,3,10,32.13150095737159,0.8738105277615659,1.036318288974683,0.8622860281782145,0.9362828658322105,-1.8046967431235992,1.2076488979553601,0.9272281397253843,1.0273915991285356
IX,25,3,11,32.00967843234378,0.8704975855797169,1.030475930165021,0.9280698368395267,0.956659557346002,-1.7348850448943685,1.1326823681166205,0.9247103948434406,1.0247293597502096
IX,25,3,12,31.87216769521331,0.8667580052238452,1.0321842222146298,0.9257463960687087,1.0475796816424354,-1.733796416996698,1.1681358555187775,0.9215774992605941,1.0236798900145094
IX,25,3,13,31.75289530715434,0.8635144135691801,1.0313642420308176,0.8584334219160591,1.1261754158507735,-1.8027520118818836,1.2207409885253304,0.9268080866700507,1.0218816359043332
IX,25,3,14,31.7060366543117,0.8622401007312911,1.0305784276879977,0.8538978873762191,1.036343201982052,-1.800451333013275,1.3669524548913319,0.923492378652462,1.0208007931656895
IX,25,3,15,31.68117195316524,0.8615639095486805,1.030100105914107,0.9169054441260744,1.1563231950000559,-1.729628938341339,1.1695381399010332,0.9254023377704729,1.0206206005356389
IX,25,3,16,31.56552006758919,0.8584187768234492,1.029109296525334,0.9849161928233147,1.1103137733536241,-1.6590538295313204,1.0919596739645476,0.9212789894370396,1.0188919055896644
IX,25,3,17,31.45425408531401,0.8553929179685276,1.028938467320373,0.9212850928633994,1.3636950149851443,-1.7316984309648527,1.1344258230709683,0.9219495000742226,1.0177642761651575
IX,25,3,18,31.36232693129769,0.8528929751531208,1.0314325737128018,0.9803509657496623,1.16898430400668,-1.65703613286927,1.0666618733843312,0.9196783574535624,1.0146982415604844
IX,25,3,19,31.29418619052295,0.8510398996700478,1.0288018039564044,0.9160740531793279,1.2967823032863879,-1.7292349693681257,1.0517070727058462,0.9186907948866568,1.0129946884167127
IX,25,3,20,31.24852871676632,0.8497982526865325,1.0300317742321228,0.8417981798476774,1.104779677350462,-1.7942533763138975,1.361652531782008,0.9197274635004445,1.012543249785583
IX,25,3,21,31.21282347364128,0.8488272548679016,1.0243602446274214,0.8407069792300725,1.2965591815591617,-1.7936900467208041,1.16926292083273,0.921204775139054,1.0103391382935871
IX,25,3,22,31.13388305461208,0.8466804840306121,1.0274010044757251,0.9051694701367341,1.3558369973981321,-1.724034284478562,1.1398052626007062,0.9228815752203394,1.0099402573044165
IX,25,3,23,31.04637503844915,0.8443007188933362,1.0284259797054904,0.9115459417729412,1.2486010109053334,-1.727082948897196,1.0550861989144116,0.9235491417354362,1.0109719505005783
IX,25,3,24,31.02254868234975,0.843652765321996,1.024462742150398,0.9071366005018038,1.2902611691093095,-1.724977076882208,1.1248586884934726,0.9248655929511298,1.0083678035069799
IX,25,3,25,31.01906202582761,0.8435579463099686,1.025009395606273,0.8984218418278725,1.2083666294384248,-1.7207846886378575,1.296652562554729,0.9229677846415346,1.0083126995466063
IX,25,3,26,30.96766676336544,0.8421602611698908,1.0202261778673682,0.9008788990008462,1.3979485214871916,-1.7219708016772366,1.1406904993180105,0.9194319799965001,1.004521420293895
IX,25,3,27,30.89022812859635,0.8400543310919126,1.0321500563736374,0.8284142702317503,1.1473955893729875,-1.7872929653663903,1.1522937682168972,0.9200609292824116,1.0051043359347134
IX,25,3,28,30.82419341838496,0.8382585287402906,1.0303734326420446,0.895593627982244,1.2947888901027755,-1.719415381956839,1.172996664689243,0.9243669067321908,1.004432636926762
IX,25,3,29,30.81132040845278,0.8379084494950775,1.0290409648433496,0.966633015128346,1.2670838428487152,-1.6509161761534359,1.0429937674874912,0.9243265457381074,1.0010777133769668
IX,25,3,30,30.76906348060396,0.8367592797605499,1.0207044996412586,0.9003889721929421,1.3948627555038517,-1.7217345541786178,1.1255640486037273,0.9213684597125271,1.0018453286043476
IX,25,3,31,30.72573653498971,0.8355810110807358,1.0257268782671085,0.9614219754442747,1.2959927698099107,-1.6485685965445123,1.043976308895039,0.924238006965905,1.0040523039665272
IX,25,3,32,30.7350419389924,0.8358340699089994,1.026786019337866,0.9653562361744139,1.2599164796778732,-1.6503421583273505,1.1234016589742524,0.9258134133634623,0.9998461225906901
IX,25,3,33,30.63348942289099,0.8330723670614476,1.0284601455464826,0.8869308312424841,1.3505088305359567,-1.7151941389645118,1.1529745887223577,0.9247184954989739,1.003283526253429
IX,25,3,34,30.57564375621374,0.8314992643111271,1.0275035019987018,0.8852012411479134,1.2964135300827169,-1.7143464011641119,1.1849559438337358,0.9275030458875432,1.0013216525521753
IX,25,3,35,30.56924487854976,0.8313252479563958,1.0237452594895624,0.9583859138619594,1.447796895955645,-1.647194973799788,1.1359787916987945,0.9249321623074274,1.000181085739682
IX,25,3,36,30.54764810860488,0.8307379275891177,1.024257747104445,0.888118532594979,1.3780458295757634,-1.7157753196697063,1.1274318815756514,0.926462566514624,0.9995887822969605
IX,25,3,37,30.52219882908036,0.83004583890014,1.025009395606273,0.954852502338287,1.5532118771506043,-1.6455908424393877,1.029873008406095,0.9240173870570869,0.9975627323720647
IX,25,3,38,30.48588799022077,0.8290583720118221,1.0263076975639756,0.8890983862107873,1.428194713274266,-1.7162542089454433,1.0282381952503372,0.922594998628512,0.9976683429559698
IX,25,3,39,30.39265797806002,0.8265229981978978,1.0315350712357785,0.8774069510221656,1.3994084786397702,-1.7105054576451766,1.2216358427361569,0.9248419978922933,0.998025695943764
IX,25,3,40,30.38649457742653,0.826355385599672,1.0297926133451776,0.8811259408821652,1.2279047272524337,-1.7123423743042694,1.1956001811450214,0.9271785130084872,0.9976587687276282
IX,25,3,41,30.36580911385219,0.8257928480491585,1.0312959103488333,0.8802500111347002,1.288261857477071,-1.711910426216432,1.1411030184921243,0.9285770564882803,0.9972981166663
IX,25,3,42,30.3500148993882,0.8253633271595284,1.027571833680686,0.8870570245111865,1.5565206518994157,-1.7152559263551814,1.0957986640619217,0.9266652669214047,0.994845567593393
IX,25,3,43,30.28888845186448,0.8237010041500383,1.029314291571287,0.9539617263239158,1.3617499297835527,-1.6451855026950302,1.2835601805548917,0.9256857098050066,0.9963458275113211
IX,25,3,44,30.30049282674327,0.8240165830876868,1.029724281663193,0.8741407723028044,1.2416289761027808,-1.7088857643647908,1.3100665448324664,0.9268777626641039,0.9923954467257785
IX,25,3,45,30.2308513661558,0.8221226957927622,1.0330383682394342,0.9454770847870303,1.3962493575159927,-1.6413055593271038,1.1683992150789495,0.9229091374998706,0.9970983318849926
IX,25,3,46,30.24341072783832,0.8224642454288876,1.0343366701971368,0.879997624597295,1.332950650867627,-1.7117858868288731,1.0293247877977487,0.9254556456568368,0.9961745387770897
IX,25,3,47,30.1988817891744,0.8212532887591011,1.0328675390344735,0.9518238638894249,1.3358900561389886,-1.644211140990767,1.0940553898080758,0.9301818151223988,0.9957162338174856
IX,25,3,48,30.21162789698068,0.8215999169232782,1.0276401653626703,0.9513190908146146,1.5101827861044212,-1.64398076400768,1.1034116108450283,0.9298841239334527,0.994219237643696
IX,25,3,49,30.16230312884091,0.8202585385128172,1.0303051009600601,0.8760782101340617,1.488298240731018,-1.7098472656526584,1.0932981818042917,0.9281706938667019,0.9940199716426564
IX,25,3,50,30.15889500792821,0.8201658552629012,1.027742662885647,0.8783868046379738,1.4602341188038457,-1.710990190047515,1.0849140048662196,0.928225407243281,0.994631056749124
IX,25,3,51,30.10592472248883,0.818725337649458,1.0294851207762479,0.8736434223614472,1.4442767132287173,-1.7086385984485457,1.085631307003322,0.9284778567533848,0.9919224963601938
IX,25,3,52,30.0653167131568,0.8176210099645221,1.0314325737128018,0.8693899668928248,1.46287887402893,-1.7065190109327109,1.163196133584689,0.9347197894240995,0.9933693010025155
IX,25,3,53,30.02150806607352,0.8164296414978218,1.033585021695309,0.9467612868744154,1.5741086216057503,-1.6418950431618888,1.1494270374211049,0.9348022271902776,0.9953779890518037
IX,25,3,54,30.00903740588378,0.8160905040832209,1.0350541528579726,0.9421663672669506,1.4676121776236586,-1.639782148936374,1.0314133581484837,0.9326140577082211,0.9907252741205714
IX,25,3,55,29.99050821093626,0.8155866058794746,1.0295534524582322,0.9472140980150541,1.5827050993123613,-1.6421027051885864,1.1335530568531722,0.9331031723726804,0.9917275109573365
IX,25,3,56,29.96409596452332,0.814868329475018,1.0342341726741602,0.9429457962795256,1.3794643816564782,-1.6401412806050693,1.0626238047925427,0.9323841950886315,0.9929013707432215
IX,25,3,57,29.91042051849619,0.8134086351431836,1.0308517544159348,0.943695532758288,1.6212551618334032,-1.6404864510704211,1.3377256247718556,0.9316677774998992,0.9919555258976639
IX,25,3,58,29.85402317802939,0.8118749193698986,1.0334825241723324,0.8655893225648412,1.4469791674954573,-1.7046162775576046,1.1078983693006896,0.9340415325449914,0.9943420122106578
IX,25,3,59,29.85046995038137,0.8117782899677897,1.0387098978441354,0.9396870406936175,1.5470420741306272,-1.6386377893724602,1.0522791671992973,0.9338218330465952,0.9910048472813275
IX,25,3,60,29.83163142035924,0.8112659794509941,1.026581024291913,0.8673040663925056,1.772012253170685,-1.7054757695841078,1.0249944469428924,0.9295965909086762,0.9895005313983815
IX,25,3,61,29.80071071698846,0.810425096351041,1.0331408657624106,0.8656412844990127,1.4934336014335308,-1.7046423477774755,1.086824903321264,0.9302300734496564,0.988293777790426
IX,25,3,62,29.80630100382738,0.810577123220235,1.031842563804708,0.9356414329616818,1.6495086509991796,-1.6367639972723567,1.2676734263911535,0.9305967364730361,0.9881688411344073
IX,25,3,63,29.75601808142043,0.8092096879726846,1.0322867197376064,0.8595765844678355,1.5082892242703005,-1.7015889634429717,1.0602883947883526,0.9277234689325338,0.9857255072325561
IX,25,3,64,29.70372626816096,0.8077876212910662,1.0338241825822543,0.9299627358700655,1.6224434683974915,-1.634120098347502,1.005342779887311,0.933371999031764,0.9883326974497579
IX,25,3,65,29.66263124204469,0.8066700492701802,1.0327650415114968,0.8604599373487536,1.6197103648262074,-1.7020350415472656,1.0802929335702929,0.935409744064275,0.9864685040401859
IX,25,3,66,29.62051833389286,0.805524796126029,1.0571252861389184,0.8624641833810889,1.5552299383856671,-1.7030454556152765,1.0866545711818478,0.9444839555570907,1.0016067207938584
IX,25,3,67,29.68504847377018,0.8072796819515476,1.0600635484642453,0.8537568478406103,1.4907148671409025,-1.6986385870874354,1.2337549805200705,0.9428233726180196,1.0005045724129682
IX,25,3,68,29.667550134162,0.8068038176777852,1.0549045064744267,0.8599477411404903,1.6069208223901073,-1.7017764470335883,1.0804821484956797,0.9411576076114488,1.002447575010923
IX,25,3,69,29.67855828091813,0.8071031822963074,1.058047763845707,0.8534376531021274,1.4713350292853609,-1.6984761867105427,1.1105490273241907,0.9423636933093383,1.0004230879112386
IX,25,3,70,29.62392872895562,0.8056175412210564,1.0549728381564112,0.9276392950992473,1.5873823139560888,-1.6330336890788046,1.0873103604465948,0.940993750719356,1.0004660322018832
IX,25,3,71,29.60210990142653,0.8050241820367586,1.0562028084321295,0.9261695146755349,1.5819253838241323,-1.632345033746053,1.0868648343175569,0.942378128048163,1.0005735924611725
IX,25,3,72,29.58326026601537,0.8045115695108579,1.0573302811848715,0.8557759401398518,1.6532573755634439,-1.6996644592531094,1.1193033268308294,0.9426064115225364,1.001539455710535
IX,25,3,73,29.58806453337733,0.8046422207183639,1.058013598004715,0.8495702005730658,1.611194611713113,-1.6965036577217143,1.2411814617817736,0.9438103941410994,1.000122549832697
IX,25,3,74,29.55809881810338,0.8038273083520534,1.0560661450681608,0.8492955446353014,1.654427095783914,-1.6963632327828178,1.2052458248433793,0.9444436878122273,0.997952848831203
IX,25,3,75,29.51864854300226,0.8027544650462837,1.0590727390754722,0.9292278456582093,1.5487472520274768,-1.6337767674554386,1.0050021641443203,0.9451917289822841,0.9990631782045509
IX,25,3,76,29.50513328969872,0.8023869201053341,1.0607126994430969,0.8545808156539039,1.4526928608017542,-1.6990575261648497,1.0690193136231083,0.9469639122471817,1.000800186230017
IX,25,3,77,29.51701229106223,0.802709967462023,1.060371041033175,0.8469943732648425,1.4199777411931676,-1.6951849122249598,1.2364553169752068,0.9487844628622791,0.9999722319868899
IX,25,3,78,29.55075498054422,0.803627593978863,1.058013598004715,0.9318779043009636,1.5148144330928468,-1.6350135661952516,1.3176094251008452,0.9481099155177836,1.00057659249062
IX,25,3,79,29.51203269830703,0.8025745483112268,1.0647101028391814,0.929368885193818,1.3434507392805166,-1.633842680292953,1.1163952821316838,0.9490087970380265,0.9981270048839058
IX,25,3,80,29.44575160417977,0.8007720455922659,1.057091120297926,0.9213593241979305,1.651355073410177,-1.6300835871502894,1.0047742802219974,0.943617487941488,0.9976006231564102
IX,25,3,81,29.4255890718138,0.8002237290641618,1.0539478629266459,0.8499487803791737,1.8212643666078439,-1.696697142025585,1.0446996933569628,0.9434592629330103,0.9985891037176676
IX,25,3,82,29.38392699279574,0.7990907361391593,1.060541870238136,0.8394970084772183,1.4619404234394824,-1.6913235398618855,1.1950056432144847,0.942381727461033,0.9959826630077112
IX,25,3,83,29.37071419593768,0.7987314164481475,1.0587310806655506,0.9166679038555755,1.648654662133204,-1.6278665771294638,1.0013368478674267,0.945166316273376,0.9969328540612945
IX,25,3,84,29.33960589169908,0.7978854315755279,1.05668113020602,0.8367281796992145,1.641958146294264,-1.6898887825729765,1.0995825880864154,0.9436923106302854,0.9936890237551359
IX,25,3,85,29.3930053895128,0.799337621544142,1.0550070039974033,0.9214187092655552,1.614824701841336,-1.6301115781581237,1.267413555019924,0.9437147450674379,0.9929899443006007
IX,25,3,86,29.34808425395623,0.7981159991487111,1.058013598004715,0.8363273304927477,1.639058506104149,-1.6896806763855672,1.1640993511607785,0.9422034337677461,0.9939966074316178
IX,25,3,87,29.30225251457469,0.7968696130421191,1.0610201920120264,0.9182713006814436,1.460279781104799,-1.6286255631157966,1.0704760498234847,0.944362726928333,0.9920862722935682
IX,25,3,88,29.11516886835142,0.7917819061261305,1.0591410707574567,0.8321406832252028,1.3694591811794126,-1.6875011420975934,1.1200714511212522,0.947555079137614,0.9919720235256252
IX,25,3,89,29.09339824838808,0.7911898579381202,1.0561344767501453,0.923957420906513,1.596240470240415,-1.6313065097867967,1.185981331491056,0.9525260157842262,0.9947638681476678
IX,25,3,90,29.08581055460442,0.7909835119377143,1.061293518739964,0.9247665424529001,1.5343053831551976,-1.6316866606932448,1.2860992302665477,0.9552061996462584,0.997614084731234
IX,25,3,91,29.10206738609655,0.7914256136162109,1.0652909221360485,0.8427928797303917,1.561637257322612,-1.6930252448292729,1.0636459756488403,0.9529600414060679,0.9972105351749606
IX,25,3,92,29.11889941616696,0.7918833577190661,1.0634459667224707,0.9165342874534199,1.6193212836971271,-1.6278032683831338,0.9953368526091563,0.951558506494742,0.9968332633256508
IX,25,3,93,29.14332827748026,0.792547696313927,1.0620451672417917,0.9158587823091883,1.6705468975629352,-1.6274830661571291,0.9885447661781968,0.9515432747657266,0.9934818568364697
IX,25,3,94,29.02919429773797,0.7894438427713721,1.0595168950083707,0.9167272889232003,1.6331189023527866,-1.6278947113880107,1.2005190764713727,0.94839319251894,0.9915754748414691
IX,25,3,95,28.99254481210452,0.7884471664434894,1.0589360757115036,0.8329572279050433,1.590094273059512,-1.6879270880731883,1.1036377999388094,0.954739851090157,0.9938846507975103
IX,25,3,96,28.99988830692422,0.7886468714959403,1.062113498923776,0.9205724720519025,1.5365339200560355,-1.6297125358805555,1.287591012415054,0.9548726219105984,0.993761693265651
IX,25,3,97,28.97437720190602,0.7879531014735156,1.0619768355598074,0.9191472304289087,1.5239659173058497,-1.6290396347910687,1.0785845399464895,0.9552995264225596,0.9950057181754863
IX,25,3,98,29.03468518579778,0.7895931665082181,1.0639242884963613,0.9092967323366541,1.43113049322367,-1.6243601822715577,1.0652748926393856,0.9532001289137949,0.9958648713423673
IX,25,3,99,28.98304191255823,0.7881887367585885,1.0599268851002768,0.8369360274359012,1.5420740585196064,-1.6899966502386627,1.0625215203116392,0.9544613186067518,0.9956580214364811
IX,25,3,100,28.91846614522045,0.7864326101022927,1.0631726399945336,0.9103582404204463,1.6606479441792148,-1.6248668795987795,1.0007809644390087,0.9543329896569558,0.9929357633762131
IX,25,3,101,28.87473892064627,0.7852434559064334,1.0635484642454474,0.915665780839408,1.4898636648001682,-1.627391536427939,1.2908632802349156,0.9554725595889072,0.991351082083854
IX,25,3,102,28.93277010869131,0.7868216038777822,1.0580819296866992,0.9056074350104667,1.781389376137114,-1.6225945312728811,1.0250350645442285,0.954351879894177,0.990976868384515
IX,25,3,103,28.91105482319724,0.7862310605009496,1.0618060063548465,0.9916638211321762,1.603811408510507,-1.5595493760133141,1.2656205770435125,0.9586524231705883,0.9935363893415882
IX,25,3,104,28.9184097195295,0.7864310756155329,1.0590727390754722,0.9055183574090296,1.6987696573120508,-1.622551810981493,1.0543306512521067,0.9580326083844777,0.9923345940052596
IX,25,3,105,28.96362178158653,0.7876606097060709,1.0598927192592846,0.9138545362768532,1.5580150055987816,-1.6265316238393464,1.0435009950939649,0.9583777802387622,0.9908198307288983
IX,25,3,106,28.91334982847764,0.7862934727666555,1.0622501622877447,0.8267960271389759,1.6276341517329598,-1.684702768100153,1.1222573595486895,0.9576516909455006,0.9921490717857461
IX,25,3,107,28.92132699160848,0.7865104103175856,1.061532679626909,0.8249476669091558,1.6454878881996318,-1.6837307855990609,1.157878332313329,0.9597332933256895,0.9915553044380718
IX,25,3,108,28.92249197400585,0.7865420918093662,1.059585226690355,0.911842867111065,1.6606477740733696,-1.6255745570548228,1.0681882370044569,0.9609685533484863,0.9926429043734587
IX,25,3,109,28.98838505366474,0.7883340425429767,1.0581160955276914,0.9134536870703862,1.7793033785382335,-1.6263410849920823,1.1008991819335303,0.9617065085647625,0.991243123249147
IX,25,3,110,28.87151659940715,0.785155825446023,1.0571252861389184,0.9884570274804401,1.8477161694318702,-1.558142700247948,1.2458304448271995,0.9603015424076844,0.9909308489351027
IX,25,3,111,28.75882762361994,0.7820912685323522,1.0610885236940109,0.9095788114078716,1.6083950517595245,-1.6244948867987514,1.262522807250325,0.9590972896973274,0.9912562720322141
IX,25,3,112,28.69937831115891,0.7804745549164663,1.0606102019201202,0.8976721053491099,1.6523405864151992,-1.6187722818078272,1.0416099264708425,0.9580831277965824,0.9907365013576848
IX,25,3,113,28.64556250707036,0.7790110435717919,1.0628651474256037,0.8974791038793294,1.6852208253157819,-1.6186788975032438,0.9944191413800562,0.9603139917124499,0.9892440265597826
IX,25,3,114,28.62263720963373,0.7783875941326024,1.0596877242133314,0.9874920201315379,1.7260510591122284,-1.5577185016579584,1.0847630712922505,0.9636396959352398,0.9885403666567502
IX,25,3,115,28.66045347001435,0.7794160006949039,1.0616693429908777,0.8974271419451579,1.5579540165258468,-1.618653752143882,1.0350783768437701,0.9623691074108288,0.989340508182537
IX,25,3,116,28.74053458039261,0.7815937924331795,1.0606443677611124,0.9843000727467078,1.89466268162475,-1.5563124240581292,1.2576047923231557,0.9638498317347435,0.9901155626610059
IX,25,3,117,28.65482312340207,0.7792628844072059,1.0637876251323928,0.9873361343290229,1.6714255222637562,-1.5576499383818807,1.1543208868474866,0.9637867510125517,0.9869413795025086
IX,25,3,118,28.61655620703928,0.7782222223345832,1.0590385732344803,0.9011164392713452,1.7790532077844985,-1.6204354645637047,0.9791233666684958,0.9668773326718382,0.9910146008308102
IX,25,3,119,28.57191405641768,0.7770081868854821,1.06327513751751,0.8186676960078388,1.647136409338827,-1.680412040784938,1.0998292335087592,0.9660233379485985,0.9895135120581219
IX,25,3,120,28.55212883711582,0.7764701313199183,1.0648809320441424,0.894331695295218,1.6178655279463818,-1.6171531743779517,1.033817621522988,0.965128706945473,0.9878706056165211
IX,25,3,121,28.61814397943797,0.7782654015262277,1.0644709419522362,0.8960167465890702,1.5982307372459557,-1.6179706785884285,0.9728789700182161,0.9642085529215992,0.9875530798588753
IX,25,3,122,28.62661603589206,0.7784957976142036,1.061737674672862,0.817324108852829,1.7454185698197842,-1.679698696602122,1.0555220156837133,0.9666764284655219,0.9888502954033614
IX,25,3,123,28.58611999804437,0.7773945149741276,1.0644367761112439,0.8151714001514319,1.5071974863049702,-1.6785533212587895,1.0538237718399897,0.967180706600333,0.9885935691394754
IX,25,3,124,28.50506234624735,0.7751901663634032,1.0638559568143768,0.891703906052823,1.6799983884213228,-1.615875220914763,0.9985652836514477,0.9665818038878935,0.9861534984681299
IX,25,3,125,28.50339679880522,0.775144872093106,1.0675800334825243,0.8927802604035214,1.5683710861454796,-1.6163991312083452,1.0290201724167787,0.9687977861153827,0.9853124454582104
IX,25,3,126,28.48674044747546,0.7746919055427619,1.0620451672417917,0.8181703460664815,1.7956943046867861,-1.680148121770104,1.0378375133767792,0.9690381253216431,0.9857148347785022
IX,25,3,127,28.51953582528899,0.7755837700850813,1.0626259865386587,0.9017919444155766,1.6993304144494976,-1.620760903363612,1.199876738451976,0.9678033523814417,0.9866547977919022
IX,25,3,128,28.58240261441382,0.7772934213788917,1.0639242884963613,0.8897145062873941,1.6975252602270399,-1.6149052234188255,1.0236483774417229,0.9674025720752415,0.9867046670130442
IX,25,3,129,28.58159285867018,0.7772714002135983,1.0641292835423144,0.8132785011208931,1.6770263212882017,-1.6775436789316018,1.0974254637843273,0.969593074756648,0.9871793762569887
IX,25,3,130,28.51329929146615,0.7754141686426099,1.0665892240937511,0.8892765414136614,1.585975365933767,-1.6146913879056923,1.0162311728995101,0.9701445533562979,0.9877488431606646
IX,25,3,131,28.50286171673626,0.7751303206301757,1.0649150978851345,0.8997728521163354,1.6142700188509302,-1.619787437393537,1.0553477198095036,0.9721956176391471,0.9892678149971923
IX,25,3,132,28.50801343445927,0.7752704206892547,1.0600293826232532,0.977463366836409,1.8464561804795294,-1.5532853968319278,1.2274203870842988,0.9706959051707399,0.9877766847690711
IX,25,3,133,28.48180012459017,0.7745575543291838,1.0674092042775631,0.9818801312409996,1.566454624518263,-1.5552433788393798,1.123124920671804,0.9719824656957079,0.986177245197248
IX,25,3,134,28.48440397876357,0.7746283656863157,1.063480132563463,0.9800911560788041,1.7126280694628035,-1.5544513771811008,1.096435953625452,0.9722505274470982,0.9869022896389372
IX,25,3,135,28.47225630726921,0.7742980118925838,1.0638559568143768,0.977381712368425,1.6825928090788336,-1.553249115609169,1.2360202078032068,0.9725624528616985,0.9872534656415071
IX,25,3,136,28.42863812746555,0.773111823150116,1.0634118008814788,0.9784061047849518,1.7642713491925248,-1.5537040606810042,1.075243198995913,0.9708518972330562,0.9849551436021347
IX,25,3,137,28.41686349241258,0.7727916140169203,1.0684341795073284,0.8953338183113856,1.5877670614781825,-1.6176395407277389,1.1666030011355573,0.9737746753250013,0.9852997968548775
IX,25,3,138,28.40304809964075,0.7724159068358208,1.0672725409135946,0.9795344210698221,1.677749271076853,-1.5542046086640862,1.1736110845501464,0.9737279674159155,0.9836036184907425
IX,25,3,139,28.37068817525225,0.7715358843729502,1.061361850421948,0.8854313582849593,1.9267168987347152,-1.6128094506830994,0.9988620976348035,0.973712141713464,0.9863932080132474
IX,25,3,140,28.41210591801327,0.7726622326163364,1.0684341795073284,0.8846296598720252,1.5648465430135425,-1.6124160481764918,0.9720124014309686,0.9744437587993746,0.9870977130870642
IX,25,3,141,28.36727823264656,0.7714431515824133,1.0640951177013223,0.8927357216028029,1.8234502344613293,-1.616377464692244,0.9970950886427854,0.9755072716661899,0.9869110074539391
IX,25,3,142,28.34879905269243,0.7709406135276321,1.065598414704978,0.8921641403269148,1.7114844882585138,-1.6160993150796439,1.003773774091607,0.9761365287399727,0.9846354979913192
IX,25,3,143,28.32843664706041,0.7703868614811461,1.07065495917182,0.8851567023471949,1.5680814062907595,-1.6126747140249214,0.9642753369880862,0.9747685886697524,0.9857485674718554
IX,25,3,144,28.32330778417251,0.7702473829552957,1.0689808329632033,0.9771590183648322,1.6531940850805615,-1.5531501514117891,1.1517425068406821,0.9774238301782207,0.9852493719842113
IX,25,3,145,28.31350753205959,0.7699808668195463,1.0659400731148996,0.9778196772421576,1.5725548233225897,-1.5534436794347897,1.0823796040940563,0.9804093851734828,0.9858820982765517
IX,25,3,146,28.33865507391063,0.7706647498054646,1.0675800334825243,0.8903157800970946,1.5835316568603963,-1.615198622817246,1.098861027146132,0.9780156530280714,0.9856868018656774
IX,25,3,147,28.30912800657825,0.769861766392919,1.065222590454064,0.9777231765072674,1.7264606190912402,-1.553400816925675,1.0686008213796871,0.9802955528495184,0.9855868906406448
IX,25,3,148,28.25136556242537,0.7682909268645389,1.065017595408111,0.9743976127202816,1.7814247307421955,-1.5519211181211383,1.0967468944161092,0.9795471686018243,0.9849045373423566
IX,25,3,149,28.23495024006057,0.7678445150545836,1.0673067067545867,0.9686372611606813,1.7512216891469499,-1.5493460781577346,1.063096226981915,0.9806505890654537,0.9852859452808124
IX,25,3,150,28.24336399959396,0.7680733257680352,1.0657350780689465,0.973491990439004,1.7963701797398846,-1.5515172894984608,1.0967082927380485,0.9821081702121902,0.9851607127313317
IX,25,3,151,28.23469319485475,0.7678375247553363,1.0632068058355257,0.9765651676885846,1.925120734112646,-1.5528861365814945,1.0797858447271824,0.9831751713303889,0.9865406281031937
IX,25,3,152,28.22612643853801,0.7676045533212204,1.0686391745532817,0.9726234838249922,1.6941268887334286,-1.5511296581785412,1.083221144653861,0.9849512456242653,0.9859769455656225
IX,25,3,153,28.19257871661167,0.7666922289128293,1.0610201920120264,0.8788099232448,1.8840547615622443,-1.6095495040617287,1.0175328220702007,0.9805051315959685,0.9838470539502606
IX,25,3,154,28.17204480821144,0.7661338128786696,1.0644026102702517,0.9669150941995636,1.7102251188047468,-1.548573246770945,1.086953902011432,0.9806028996234978,0.9841059100878216
IX,25,3,155,28.11110231369145,0.7644764924388225,1.0633776350404867,0.9660985495197234,1.9092289860211937,-1.5482063369243155,1.1991361516096144,0.9791990151231881,0.9853386327087018
IX,25,3,156,28.11517986747487,0.7645873807981367,1.065017595408111,0.8823136422346601,1.8047170193365056,-1.611277546160352,0.9971420144005976,0.9783788184166216,0.9831544071317612
IX,25,3,157,28.13131527624596,0.7650261804070507,1.0674775359595476,0.8792330418516264,1.6723449478704069,-1.6097585525131393,0.9540706663722969,0.9753673387992577,0.981168206029218
IX,25,3,158,28.19675594798107,0.7668058279865956,1.0623868256517135,0.8747271998455988,1.8255769627100629,-1.6075271830922977,1.0077504820489145,0.981373195173433,0.9828280699238356
IX,25,3,159,28.1843737095002,0.7664690951848446,1.0660425706378762,0.9694315364401621,1.787839196307678,-1.549702050443889,1.0842040047835184,0.9847659399818214,0.9816834905313206
IX,25,3,160,28.11749240999308,0.7646502699859462,1.0658375755919232,0.9638864557507014,1.7983020586495757,-1.5472107845905831,1.0481795024737963,0.9844997828362401,0.9827461974084875
IX,25,3,161,28.13266097149278,0.7650627763530474,1.0682975161433599,0.8834122659857179,1.6047588022481234,-1.6118179769170398,0.9972531151421178,0.9866095514393499,0.9828213237565196
IX,25,3,162,28.02904832670507,0.762245048667533,1.0688441695992348,0.9725121368231957,1.6031254525229743,-1.5510799368244141,1.0747716068807671,0.9870274943878182,0.9825072736559488
IX,25,3,163,28.02666619276389,0.7621802669531929,1.0717824319245617,0.9629140252683462,1.613305440767961,-1.5467724192979253,1.0377096220740722,0.9874284119943911,0.9815715827612602
IX,25,3,164,28.0314845203942,0.7623113005272284,1.0670333800266492,0.971331858604154,1.7087157628017424,-1.5505525402001592,1.1393527235933465,0.9871837711511162,0.9826363775207598
IX,25,3,165,28.06430858220461,0.7632039451258072,1.0694249888961016,0.9605163531629971,1.6203942166518677,-1.5456896701474443,1.0180120840006481,0.987119167751519,0.9801444434415938
IX,25,3,166,27.99706906914982,0.7613753783723654,1.0646076053162048,0.9661059726531765,1.7750132918983152,-1.5482096738649551,1.0846032660957614,0.9878172555397203,0.9814105208525296
IX,25,3,167,27.95771642688117,0.760305190174335,1.0630359766305648,0.9670858262689846,1.8691215510703336,-1.5486499251168975,1.090027935975053,0.9882350869342201,0.9825992253348659
IX,25,3,168,27.9222258072052,0.7593400290027238,1.0651542587720797,0.9579999109223986,1.9693087732393129,-1.5445503755515866,1.0470031167464233,0.9846493262050139,0.9815388087921566
IX,25,3,169,27.916379161015,0.7591810304859763,1.069459154737094,0.8724631441424053,1.6061022995804066,-1.6064016417883882,0.9468321429012115,0.9864483988606415,0.9820961017310719
IX,25,3,170,27.9522585141008,0.7601567631944246,1.0646759369981893,0.9674940986089048,1.742641763513794,-1.5488332315026334,1.0655427566663258,0.9868991051629679,0.9807630054880465
IX,25,3,171,27.94183404445098,0.7598732715723423,1.0652567562950561,0.9653413899075076,1.9138228752214785,-1.5478658342230536,1.0686048992013764,0.9896301967225258,0.9788721857080066
IX,25,3,172,27.87028859536318,0.7579276056444018,1.069698315624039,0.9634707602773283,1.6503578186344254,-1.5470234459368701,1.1918540694559232,0.989300051947618,0.9785024371940512
IX,25,3,173,27.82689051002841,0.7567474023323769,1.073559055656155,0.8754695131909083,1.6132055932323093,-1.6078955789493354,1.1163848894313682,0.9888763206862172,0.9813077309861273
IX,25,3,174,27.78528172213831,0.7556158586502438,1.0671700433906182,0.8757441691286725,1.7945960755967745,-1.608031806253148,0.9916928749441238,0.9917796270545681,0.9822871346941286
IX,25,3,175,27.75411166252054,0.754768194350929,1.0673067067545867,0.8699318556349006,1.931920864909866,-1.6051397862338908,0.9834250366699696,0.9962926009857442,0.98210806501503
IX,25,3,176,27.89998966783437,0.7587353210961499,1.0672383750726022,0.8772436420861974,1.789225655928857,-1.6087747811738815,1.0134893596867454,0.9984310419590892,0.9835967943413675
IX,25,3,177,27.86395784282346,0.7577554419404652,1.0704157982848748,0.96630639725641,1.7948656358488084,-1.548299761571792,1.0633845417322907,1.0001149837227776,0.9825881569410967
IX,25,3,178,27.78066352831392,0.7554902676799262,1.0722607536984523,0.9685778760930562,1.7333915004265088,-1.5493194516806965,1.0656859951044495,0.9962866418426611,0.9822129816535919
IX,25,3,179,27.77488194970451,0.7553330386646155,1.0735248898151628,0.9675460605430765,1.7579917580113618,-1.5488565558570955,1.1001403060748154,0.9966002203819538,0.9823990678963495
IX,25,3,180,27.73808568953583,0.7543323708290138,1.0722607536984523,0.8670219873212882,1.8244487178675337,-1.603684663014542,0.9821449889915111,0.9971142595908677,0.9807151282229276
IX,25,3,181,27.72747613547215,0.7540438458687887,1.0739007140660766,0.8736879611621658,1.8129245240834466,-1.6070109033335622,1.010349158166009,0.9990639159464838,0.982789797868403
IX,25,3,182,27.80459320314533,0.7561410309860457,1.0739007140660766,0.959781462951141,1.6876421006747309,-1.5453572646458429,1.1409613426866192,0.9992438094206568,0.9830047023290499
IX,25,3,183,27.79958310385429,0.7560047822153626,1.0709282858997575,0.9685630298261502,1.6709736899002132,-1.549312794806357,1.0349399293241368,0.9999987565913033,0.9835432895875772
IX,25,3,184,27.72833135365596,0.7540671033771615,1.074925689295842,0.9602936591594043,1.639701285851522,-1.5455889680720427,1.1707638286587434,0.9989524295658734,0.9824083608099091
IX,25,3,185,27.67733768745419,0.752680339576884,1.0751990160237794,0.9653116973736954,1.8625266889165653,-1.5478524757344942,1.0582705512003048,0.9983401597179683,0.9831868342063476
IX,25,3,186,27.66823668495476,0.7524328394116182,1.0733198947692097,0.8640527339400509,1.8416245513830687,-1.602194800552031,0.9776892288860988,0.9998904804437613,0.9824486203424183
IX,25,3,187,27.70282779149328,0.7533735384813686,1.0717482660835698,0.9664400136585656,1.7421697154235443,-1.5483598096628532,1.1393626287486858,1.0027753225817941,0.9840719444064189
IX,25,3,188,27.82278383743833,0.7566357220922274,1.0726707437903584,0.9572798669774485,1.8136742154215602,-1.5442238320038915,1.012962584639334,1.004005181484079,0.9827075156947989
IX,25,3,189,27.85994039086622,0.7576461880397629,1.071235778468687,0.9559511260893448,1.7621337099128382,-1.5436205959801674,0.9862764208260042,1.0025207497526236,0.98320425489532
IX,25,3,190,27.80011813641232,0.7560193323318518,1.0702108032389217,0.9542957673293051,1.8961256461547544,-1.5428679044223526,1.0954461393050767,1.0001332671497285,0.9806467963619641
IX,25,3,191,27.75260235787836,0.7547271490761476,1.0727732413133348,0.8552860133319478,1.769914827810639,-1.5977659218493205,0.9693637693332876,0.9906925013008263,0.9798983153091125
IX,25,3,192,27.7520589996151,0.7547123725435663,1.0745840308859202,0.9523583294980478,1.7721882366856432,-1.54198529141966,0.9778969270682379,0.99163996349268,0.9792537650976992
IX,25,3,193,27.7155718407585,0.753720110663883,1.0730124022002803,0.9547931172706623,1.9024631001316648,-1.5430941865423053,1.0112235275003068,0.9924001130240141,0.9765742243158919
IX,25,3,194,27.79909324607004,0.7559914606189159,1.070859954217773,0.9546669240019597,1.8895833909392157,-1.54303678283744,1.158194349302017,0.9949062640221109,0.9803967341073972
IX,25,3,195,27.78767769422701,0.7556810166905765,1.070039974033961,0.8544991611859198,1.8787127402638455,-1.5973661926034348,0.9535694615391177,0.9942215166695545,0.980769580855915
IX,25,3,196,27.55868549024623,0.7494536139035359,1.0699716423519765,0.9545110381994447,2.00164181260302,-1.5429658619014874,1.153993725097384,0.9968140236559186,0.9786669842592645
IX,25,3,197,27.50134457015653,0.7478942376480542,1.0708941200587652,0.9507549326721797,1.8150289474218424,-1.5412534941353053,0.988518214221415,0.9905232366492692,0.9784449821927623
IX,25,3,198,27.38703986777587,0.7447857413333199,1.0730124022002803,0.9535534539839957,1.9170852887964613,-1.5425299504557837,1.162458165091045,1.0002086526689538,0.9786386405684172
IX,25,3,199,27.29571738707691,0.7423022425026266,1.0736615531791314,0.9499755036596049,1.7934961003480905,-1.540897313446345,1.0671046976851615,0.9999861485348829,0.9787857988092672
IX,25,3,200,27.46615036786396,0.7469371374951477,1.0716799344015853,0.9505693543358521,1.9432018882306403,-1.5411687157014164,1.1672352518017497,0.9993870469975578,0.9775933622254389
IX,25,3,201,27.49224010614612,0.747646643347605,1.0754040110697325,0.8555829386700714,1.7531842664052988,-1.5979166675122518,0.9719967028591946,0.9948411188265627,0.9788227978537157
IX,25,4,0,35.53421917888683,1.0,1.0,1.0,1.0,-1.7074561603035365,1.1541231101488416,1.0,1.0
IX,25,4,1,34.23352049349796,0.9633958838706749,1.0117788546567155,1.0046603960058618,0.7707320778133376,-1.7094754428904058,1.2111105359759284,0.9963269700574687,1.0092536306981286
IX,25,4,2,33.32803503108719,0.9379138138172324,1.0175798521453079,0.9461541083052178,0.7676156030517394,-1.7851590467264973,1.5075893536243459,0.9953112843018712,1.0169491629905807
IX,25,4,3,32.72731222793072,0.9210083402473108,1.0100810017332247,0.9484118869917869,0.9692080396093524,-1.7861941558665868,1.5381237099442233,0.9925836756861868,1.0171289710562625
IX,25,4,4,32.31167452005597,0.9093115106143776,1.0124155495030243,1.008596598848107,0.9087816234511464,-1.7111736596174405,1.1669643800384335,0.9864227370724808,1.0163425655452922
IX,25,4,5,32.22121235891173,0.9067657346487137,1.0181104311838984,0.9382220631837237,0.8831715079607346,-1.7815028088425613,1.479636336977558,0.9825991545950894,1.013545658373836
IX,25,4,6,32.06959932462568,0.9024990576880411,1.0192423331328924,1.0096104692771701,0.8072789998424994,-1.7116100056958008,1.162653869067358,0.9837969812601673,1.0178975802350425
IX,25,4,7,31.7891650911882,0.894607109027914,1.018393406671147,0.9489571618443923,0.756201821222528,-1.7864437750603561,1.143818262881982,0.9954023939573068,1.0170760840589017
IX,25,4,8,31.60870696270835,0.8895286766703212,1.0211524176718192,1.0134870326824117,0.7914434793739611,-1.713274356676914,1.1774979747726897,0.9972206324167641,1.0182329615936143
IX,25,4,9,31.43520214339108,0.8846459235572217,1.0244420077110818,0.9534301196196708,0.8320827107375367,-1.788486034781343,1.174010294449714,1.0017761976228585,1.0192952219370712
IX,25,4,10,31.36526137435192,0.8826776583003699,1.015669767606381,1.0118171284463078,0.8714064670877214,-1.7125581873495495,1.0618937354474505,0.9865654801458417,1.0142366088136059
IX,25,4,11,31.49226453007636,0.8862517668261568,1.0155636517986628,0.9364413999931842,0.8325376332475811,-1.7806777728341854,1.0944453253319695,0.9877732100516896,1.0146110669406048
IX,25,4,12,31.44771278960162,0.8849979967559477,1.015775883414099,0.9445438435061174,1.0189081632063437,-1.784419288918996,1.1534153959249664,0.9942644445451839,1.0140748737152527
IX,25,4,13,31.30953910837555,0.8811095285577167,1.0169431572989989,0.9403350032375694,0.941643505166072,-1.7824797699467503,1.51647505146702,0.9926861763060245,1.0148795505290453
IX,25,4,14,31.22808981972335,0.8788173918361479,1.0249725867496728,0.9346948164809326,0.8135759695172688,-1.7798670015015814,1.4477359024283065,0.9932203584802252,1.0143917703988654
IX,25,4,15,31.1870786242455,0.8776632593850762,1.0241236602879276,0.9346266571243568,0.793181795796179,-1.7798353309378159,1.3731390375846506,0.9958532084301968,1.0131365917173487
IX,25,4,16,31.18108741659756,0.8774946554932113,1.0171553889144351,0.9904917697576936,0.9120329753149277,-1.7033070315322987,1.2987368229468867,0.9814442374927962,1.0073951754887451
IX,25,4,17,31.34579970789288,0.8821299702715134,1.018216546991617,0.9903724908836862,1.060405476773587,-1.7032547289511668,1.296722113300853,0.9851014337085598,1.0060065125929496
IX,25,4,18,31.2771273329934,0.8801974000198984,1.0132291040288635,0.9305030160515287,1.1059943663497003,-1.7779149524171596,1.109451467549218,0.9948027120810058,1.0085542336117195
IX,25,4,19,31.13203234013491,0.8761141530480697,1.0111067878745004,0.9289779504481479,1.0423919524973588,-1.7772025732785424,1.3349233222558707,0.9941675837513805,1.0096023384997785
IX,25,4,20,31.04366723741153,0.8736273922646532,1.0157405114781932,0.9285775142282658,1.0113433183282357,-1.7770153301553624,1.4851323293446097,0.9964171887521437,1.010153544947206
IX,25,4,21,31.07727034914143,0.8745730472559937,1.0192777050687984,0.9229799270694886,1.001565183745147,-1.7743894233733453,1.4902589108384017,0.9905367035365228,1.0069576837244674
IX,25,4,22,31.21932133461674,0.8785706301143702,1.0199851437869194,0.9916675186586239,1.0226681771325936,-1.703822248773061,1.1866896987609379,0.9868838682543984,1.0032841775527297
IX,25,4,23,31.28700768557315,0.8804754517910662,1.01899472958155,0.9839058719285692,0.9338994849824109,-1.7004097127416178,1.1716964154212843,0.9865619778728179,1.004412905273229
IX,25,4,24,31.16909723485391,0.8771572291469818,1.0236638251211487,0.9889496643151691,0.9341835458194254,-1.7026303476878897,1.146374399764132,0.9912738445285201,1.0038901216646068
IX,25,4,25,31.1015269780778,0.875255674579652,1.0240175444802093,0.918677367685649,0.8599210282359565,-1.7723601845965313,1.4907064891023663,0.991417572489224,1.0013372333687527
IX,25,4,26,31.0146292093408,0.8728102073442658,1.016412578260408,0.9853201785775143,1.0307781626391048,-1.7010335371916425,1.217463373928432,0.9884010600290578,1.0023152139632467
IX,25,4,27,31.02464503181665,0.8730920714940148,1.017615224081214,0.9855672562451011,1.1667402470225152,-1.701142426686091,1.0439275401514259,0.9872416273237553,1.0025455372955268
IX,25,4,28,31.10935067943151,0.8754758483033048,1.0198436560432953,0.9758034284156357,0.977613371236537,-1.6968184999451013,1.1402243454073964,0.9837047591696961,0.999130599723928
IX,25,4,29,31.01862725271178,0.8729227198311972,1.0131937320929574,0.9920338752002181,1.0941573047316409,-1.7039826626606802,1.038385224994237,0.9949932839042125,1.0039203808563164
IX,25,4,30,30.8350889477395,0.8677576054931472,1.0234869654416185,0.9865129673175888,0.8517519777046376,-1.7015589585561772,1.2562455369732644,1.0003999841988298,1.0032455344852114
IX,25,4,31,30.66348950949947,0.8629284734000466,1.0287927558275263,0.9987560917424939,0.8849171353710958,-1.7069156015388078,1.060963265073496,1.0103281431436664,1.006561869978955
IX,25,4,32,30.51056964367973,0.8586250197333174,1.0215415089667856,0.9332464301536995,1.1804516317780502,-1.7791935046057035,1.2016943413690884,1.016661142636455,1.007369132677564
IX,25,4,33,30.68431093843333,0.8635144277115524,1.017120016978529,0.9784105238046553,1.0398076317666938,-1.6979772756376839,1.180657059507051,0.9981966374584419,0.9974648731490159
IX,25,4,34,30.78901973279656,0.8664611308271072,1.019100845389268,0.9136932147360531,1.029954643771918,-1.7699975670319916,1.3863679462737313,0.995715959169207,0.9985931982887929
IX,25,5,0,37.2108309725774,1.0,1.0,1.0,1.0,-1.7669404825673798,1.1659894497072996,1.0,1.0
IX,25,5,1,36.27649850941464,0.9748908465964837,1.0336462171539227,1.004707293306349,0.9209549128049198,-1.7689800374408295,1.2135358202893798,1.0022454523650337,1.0278352274612716
IX,25,5,2,35.50829943284563,0.9542463445391357,1.0576100696592348,0.9359418334457688,0.852558950853367,-1.8399734157544256,1.1945197388890054,1.0040735249591248,1.0484631237222921
IX,25,5,3,34.88361578481848,0.9374586611765278,1.059035528899169,0.9409189715913352,1.0240061089632595,-1.84227678177215,1.381134586586211,1.0023231591894601,1.0529533098595245
IX,25,5,4,34.38402750885735,0.9240327778274217,1.0602727199376027,0.9450116183194662,0.9502719659297163,-1.8441617044623626,1.1501592193812937,1.0014530417179286,1.0547261615804628
IX,25,5,5,34.05901097849488,0.9152983174064224,1.0664317796724134,0.9472903080728583,0.8764447916950537,-1.8452076505140016,1.267462314737697,0.9995960872436197,1.0572177300653824
IX,25,5,6,33.65405508343294,0.9044155748156865,1.0712729619967187,0.9460610149164232,0.9207753758837565,-1.8446437030806677,1.1908603807372518,0.9991027143919335,1.0617885145032262
IX,25,5,7,33.45664592242688,0.8991104215620132,1.0712191710820043,0.95133798066112,0.9476892217374583,-1.847059392156369,1.5917074794198887,1.00074703606313,1.0634119213950128
IX,25,5,8,33.26008890968071,0.8938281688520153,1.0765982625534547,0.9444419458811185,0.9900136282809479,-1.8438998238756672,1.258295160886366,0.9952189043955283,1.065817686889779
IX,25,5,9,33.32568072968201,0.8955908765983067,1.0842634679002716,0.9384154111385953,0.8973454122501053,-1.841119687917109,1.0967238165476763,0.9972646917202326,1.0709065069459631
IX,25,5,10,33.26056430189428,0.8938409444929011,1.086953013635997,0.9395847387752045,0.9319903925721733,-1.8416605106702557,1.5828896821701888,0.9939616368426697,1.0750593715929266
IX,25,5,11,33.12156491629028,0.8901054894662065,1.0870874909227832,0.950858256502511,0.8460025118725412,-1.8468403384591046,1.5008787780527628,1.0019135124387113,1.0718487394910896
IX,25,5,12,32.8075834713368,0.881667584782356,1.0859847771711357,0.9491342478075107,0.866021699520168,-1.846052200961954,1.5333658194211761,1.0024887880447002,1.0727870388702152
IX,25,5,13,32.68987691575881,0.8785043510543928,1.0842365724429144,0.9533468255752945,0.9535926571792607,-1.8479754813506077,1.5976080040199125,1.0049799033603186,1.072755210755166
IX,25,5,14,32.5988336667222,0.8760576642522706,1.0984373739275437,0.9391050146165957,0.9070664119040006,-1.8414387161359835,1.1653159105764692,0.9979188447060031,1.0777284909130003
IX,25,5,15,32.74854635851202,0.8800810275547497,1.0975498238347543,0.9392999025560304,0.9166705939429931,-1.8415288338270266,1.1055564729705583,1.0033904293035207,1.0755796611040904
IX,25,5,16,32.66772292428123,0.8779089869924103,1.0929507006266643,0.9477850236114234,0.929643236273902,-1.845434398474675,1.1196679633681177,1.0013236339808538,1.0809681775160973
IX,25,5,17,32.46556489218695,0.8724762130712027,1.11433258922568,0.9438722734427705,0.6389735151044454,-1.843637785279081,1.256535149336446,1.0104692550285357,1.0889002997135997
IX,25,5,18,32.27708291046739,0.867410967904857,1.1088728113821575,0.9483696874297278,0.7279589327936621,-1.8457022207959517,1.562964198849443,1.0122039754266028,1.0846791942850285
IX,25,5,19,32.18729483595617,0.8649980125323369,1.1131222936446035,0.9493891012667719,0.6732324246853667,-1.846168798370956,1.578178886562283,1.0142513347923887,1.0876521418214549
IX,25,5,20,32.21024502388772,0.8656147734949841,1.1176138350232647,0.9419683681882917,0.7511295251913808,-1.842760875736718,1.581022654175089,1.0083700402732567,1.09151530809749
IX,25,5,21,32.26934106442092,0.8672029143396954,1.1219171082004251,0.9397346525747695,0.724188682570222,-1.8417297982393086,1.0644493786324476,1.0139202953619328,1.0944131192769853
IX,25,5,22,32.2382917045085,0.866368497071903,1.1213523035959228,0.9404392474327261,0.816267648350115,-1.8420553018250263,1.5303774962787215,1.0068100177313195,1.0948641668637409
IX,25,5,23,31.97039387592019,0.8591690386995346,1.1252790403700816,0.9493291357469454,0.7017344170896503,-1.846141366502587,1.2446987704939074,1.019384224501221,1.09897766325077
IX,25,5,24,31.92924616364792,0.8580632393610949,1.1262203813775855,0.9486395322689456,0.732545949299114,-1.8458257754146807,1.141975190118348,1.0235978868166622,1.1012829156660704
IX,25,5,25,31.86358379900871,0.856298635805544,1.1233694628977167,0.9492691702271195,0.6918017038336877,-1.8461139329013967,1.5340439224205058,1.0197088135101615,1.0958466178104047
IX,25,5,26,32.04487921814223,0.86117075003667,1.1315456819343213,0.9346525747695078,0.695617725703026,-1.8393747632458473,1.0117838472389569,1.0109077811881837,1.0998145686830076
IX,25,5,27,31.99113765113488,0.8597265047563926,1.1300664317796725,0.9345326437298556,0.6758247271806733,-1.8393190326651794,1.0385892174307707,1.01542880588514,1.0985311008285548
IX,25,5,28,31.95421955263862,0.8587343716185041,1.1334821548640435,0.9350423506483774,0.7337089942032834,-1.839555838258164,1.1146265355383094,1.0128174111709962,1.0969974866114847
IX,25,5,29,31.66753182935969,0.8510299555711923,1.1340469594685458,0.9447267821002924,0.6454259715236371,-1.8440307839083403,1.3417273914953893,1.021917806857481,1.105035987425182
IX,25,5,30,31.60337135445789,0.8493057136441824,1.134504182243619,0.9464357994153363,0.809931780211877,-1.8448157158847855,1.1974438121234745,1.023428388649772,1.105324517194098
IX,25,5,31,31.57315437944958,0.8484936658016985,1.1381350689868481,1.023161682032831,0.8071463253502179,-1.7768847497755575,1.5480193369659636,1.0255003870055752,1.1066116352743123
IX,25,5,32,31.57947703229735,0.8486635801164966,1.1407977192652161,0.9444419458811184,0.7913408471298058,-1.843899823875667,1.3260275995367625,1.0247751115403418,1.109935021787195
IX,25,5,33,31.47552191242597,0.845869901040961,1.142492133078723,0.9448766958998576,0.8119420148415759,-1.8440996943827408,1.209455045013269,1.0278541989944896,1.1091483479221627
IX,25,5,34,31.43626839550061,0.8448150061111948,1.1444286060084452,0.948174799490293,0.7834888177583541,-1.8456129650388968,1.477694930722415,1.0295481272338274,1.1112865025451546
IX,25,5,35,31.33143965843115,0.8419978495379725,1.1472257335735994,0.9459260924968146,0.7733649253198499,-1.8445817617892173,1.1595259585876765,1.0288969355521485,1.1093040688646338
IX,25,5,36,31.28588613723413,0.8407736489488862,1.1501573384255401,0.9430177647852487,0.7068093301315885,-1.843244430698208,1.1247817990845863,1.033364841466543,1.1141541062627713
IX,25,5,37,31.25797488146845,0.8400235647654329,1.1539227024555552,0.9427329285660746,0.6563194252924464,-1.8431132332927287,1.569632061776563,1.031625654877135,1.1130936125290654
IX,25,5,38,31.24714509634099,0.8397325262466898,1.150480083913827,0.9405891612322916,0.8350267233428842,-1.8421245264425286,1.4771531348251408,1.0300032791627118,1.111614389140718
IX,25,5,39,31.2404735538949,0.8395532359091264,1.1537075387966973,0.9415935836893787,0.7323705267105913,-1.8425880469728257,1.5711069853058692,1.0305431353036596,1.1159936661404108
IX,25,5,40,31.17305360719895,0.8377413992762482,1.1524972432156209,0.9455812907578146,0.7585400234084823,-1.8444234272296138,1.3686601421181974,1.031340194792855,1.1163684926881796
IX,25,5,41,31.14077984168959,0.8368740774598357,1.1549716252924882,0.9384154111385953,0.7096197545319518,-1.841119687917109,1.0579737779543432,1.0282924021138724,1.1158924001672352
IX,25,5,42,31.06018427864669,0.8347081606840911,1.1558053844705631,0.9424930664867702,0.7376727889120598,-1.8430027205178199,1.2072522775035888,1.035780934463465,1.117582104886175
IX,25,5,43,31.08086020148169,0.835263803283157,1.1588714666092896,0.9309646953002025,0.7457322759920165,-1.8376577682165818,1.188529187101158,1.0249150233452138,1.1195811157605167
IX,25,5,44,31.33579587926866,0.8421149181635218,1.164116080793954,0.9317142642980286,0.6651323828433306,-1.8380073010176652,1.547534795149113,1.0255761683937947,1.1201877560470075
IX,25,5,45,31.26064729223292,0.8400953828542695,1.1658911809795327,0.9269619968518104,0.7015474589801478,-1.8357864860549482,1.2226825047559662,1.0235887016633394,1.1226418066776402
IX,25,5,46,31.26022742490641,0.8400840993834215,1.161668594174444,0.9457911700772057,0.7769211377079419,-1.844519811662124,1.5151691676598775,1.0376819010026,1.121458127437989
IX,25,5,47,30.92619938022659,0.8311074644642501,1.1616954896318012,0.9422831871673791,0.837728174893153,-1.842905998765859,1.1166702471629473,1.0402323246449214,1.1246519146465541
IX,25,5,48,30.84471085930386,0.8289175504313498,1.1644119308248837,0.9424780751068137,0.6930387396348381,-1.8429958125355725,1.5691369550248657,1.0379431507071517,1.1216921153031965
IX,25,5,49,30.80649801930575,0.8278906225450505,1.1673973265915387,0.9298853159433326,0.7068342912248196,-1.8371539462553172,1.0749233284099762,1.0278177372167137,1.1211989849093218
IX,25,5,50,31.06062043453514,0.834719881892058,1.1677200720798258,0.9288958848662021,0.7540367550662085,-1.8366915954445613,1.379381124369749,1.0292715943106945,1.1226175107069594
IX,25,5,51,31.00495702918669,0.8332239893281572,1.1763266184341465,1.0023536466531746,0.5855013761060333,-1.7679614572851066,1.002048995627756,1.035232224952551,1.1252695584759813
IX,25,5,52,30.95471100771035,0.8318736829747901,1.1658911809795327,1.0189640956450041,0.8826197183098189,-1.7750993639850257,1.0148490404282737,1.0466899934014449,1.1251333047965968
IX,25,5,53,30.71987672344245,0.8255627708524308,1.1738522363572794,1.0194138370436998,0.7615860833814851,-1.7752910067690004,1.545688568136901,1.0426292931836967,1.1298933103806723
IX,25,5,54,30.60542601386982,0.8224870343912651,1.173717759070493,0.944112135522075,0.7565257083264533,-1.8437481365908033,1.4493421656184744,1.0442593051196687,1.1293497601203395
IX,25,5,55,30.55493431645714,0.8211301257683459,1.1801726688362337,0.9279664193088974,0.7043804997108086,-1.8362568170601197,1.3249319401286939,1.0345151367638392,1.1295239852967973
IX,25,5,56,30.82024996933957,0.828260191019454,1.1825932599983864,1.007210853759089,0.7864548325204833,-1.7700608796734236,1.0438319816237143,1.0425711718288972,1.1308279481112637
IX,25,5,57,30.70761017195592,0.8252331208240408,1.180629891611307,1.0034630087699574,0.795792632158766,-1.76844185004042,1.541675605907024,1.035849591439877,1.131199240336156
IX,25,5,58,30.69863088512716,0.8249918124040438,1.18001129609209,1.0139719661194815,0.7748106214730115,-1.772966430535192,1.5492924445592509,1.0465281290629898,1.1364123336949992
IX,25,5,59,30.400956194934,0.8169921337510052,1.1848793738737529,0.9366014541638559,0.7268860181983757,-1.840279384275163,1.1493835573526716,1.0464304020804547,1.1351820367951906
IX,25,5,60,30.36144683247463,0.8159303632549771,1.1847180011296092,0.9356869799865078,0.7438956580928887,-1.83985514288863,1.1401314786119974,1.0449980910084322,1.1364535728479854
IX,25,5,61,30.31845889825905,0.8147751099834966,1.1830773782308168,0.9244884191589835,0.8264385305087449,-1.8346260317727991,1.3750398046668053,1.0371232215127257,1.1348256987543273
IX,25,5,62,30.55810022977188,0.8212152061933725,1.1876496059815498,0.9235889363615923,0.6968458971129496,-1.834203278423051,1.2311269612020046,1.0378207437899032,1.1343241520813558
IX,25,5,63,30.50467814474021,0.8197795466384693,1.1832387509749605,0.9293906004047674,0.8035567110337256,-1.836922832377391,1.4594102480367197,1.037796115601825,1.1350860079004568
IX,25,5,64,30.47638558824752,0.8190192154189504,1.1889136924773407,0.9364065662244211,0.7237904318000019,-1.840189006918451,1.108413865712475,1.052042491472633,1.141649630366087
IX,25,5,65,30.13900078815501,0.8099523714040681,1.1842338828971788,0.9395397646353347,0.9169038469841414,-1.8416397222437921,1.0625345291525172,1.0479579920599562,1.1421684507089507
IX,25,5,66,30.0779753615562,0.8083123804389702,1.1934590247707164,1.0136271643804813,0.6753106492385224,-1.7728187233362793,1.4960171494821908,1.0498977381053165,1.1402531611145936
IX,25,5,67,30.04046327413138,0.8073042845044166,1.1916570291277804,0.9269320140918972,0.7334869976776468,-1.8357724384911642,1.175343014298244,1.0430906467973262,1.1381124500788256
IX,25,5,68,30.22727837954921,0.8123247342104579,1.1907963744923482,1.0058916123229147,0.8753758171868521,-1.7694916693448894,1.5509032673318686,1.0419927808954053,1.1405116062383922
IX,25,5,69,30.19987917671122,0.8115884108841076,1.1873268604932627,0.9273967468705495,0.8000557206081685,-1.8359901246855468,1.1876379863594342,1.0417436643916655,1.138824586376638
IX,25,5,70,30.21615806579972,0.812025888055754,1.1946155294370782,1.0133723109212203,0.6772701087365369,-1.7727095161529693,1.5180128374856738,1.0517978175205192,1.1432422173401315
IX,25,5,71,29.95909737602955,0.805117665824447,1.1949651703827224,0.9289858331459412,0.771303804195312,-1.836733647682009,1.2449352876430912,1.0478384042848001,1.1428695574813872
IX,25,5,72,29.88578439347456,0.803147460359027,1.1972243888007317,0.9308597556405069,0.7014104272480083,-1.8376088111678506,1.09613104575201,1.0555354627193612,1.1420144577390847
IX,25,5,73,29.92007461958227,0.8040689723277594,1.1966057932815148,1.0135971816205682,0.7324338023467671,-1.7728058768575865,1.4642779203315839,1.0527447071477238,1.1434620302907774
IX,25,5,74,29.80474803498928,0.800969697692426,1.1945079476076492,1.0109886815081328,0.7470415246204771,-1.771686776055436,1.5545587919416675,1.0510315272831252,1.1455246070250196
IX,25,5,75,29.78156973779259,0.8003468065451208,1.19714370242866,1.007105914099393,0.720550366911479,-1.7700156288807904,1.5708746205190325,1.0516251455360979,1.1454837396595414
IX,25,5,76,29.71578246423557,0.7985788462003087,1.1923832064764261,0.9354621092871598,0.7922176667505938,-1.8397507577224255,1.208993002078969,1.0541376179693551,1.1447012455284882
IX,25,5,77,29.636666874741,0.7964527020797199,1.1938893520884324,0.9273367813507236,0.7455434395295972,-1.8359620422748095,1.0462574549197188,1.0517351310007437,1.1437889703520858
IX,25,5,78,29.59578536276505,0.795354056580347,1.1954223931577956,0.9351322989281164,0.7883301960069268,-1.8395976140801027,1.2183993208469677,1.0557545725575364,1.1465307642791371
IX,25,5,79,29.55892238215174,0.7943634046747102,1.1946693203517926,0.9303350573420285,0.7399521481915848,-1.837363943107677,1.2710549892317284,1.0527195510591607,1.1448411234433502
IX,25,5,80,29.58812442931707,0.7951481774519387,1.1982733116376645,0.9315493591185071,0.807087737060686,-1.8379304279345539,1.371680949426708,1.0519576466043445,1.1430654852520845
IX,25,5,81,29.57313748166528,0.7947454197800439,1.1977354024905194,1.0115733453264375,0.7289012843578591,-1.771937859852879,1.0258102478253976,1.0547551686111094,1.143063346574233
IX,25,5,82,29.59452438346522,0.7953201691538404,1.1939431430031469,0.9340679109512033,0.8198465700181518,-1.8391030090907627,1.2357238593495408,1.0555334301373493,1.1425194693691116
IX,25,5,83,29.39243088851976,0.7898891295972555,1.1991339662730967,0.9301401694025936,0.6450576327094534,-1.8372729569383597,1.2088473648784313,1.0545445954797288,1.1440444609974803
IX,25,5,84,29.36163946614288,0.7890616441159566,1.193216965654501,0.9307398246008547,0.7306401245937771,-1.8375528534964427,1.2012404506051915,1.052242920921563,1.1427296392179043
IX,25,5,85,29.39707065159309,0.7900138181073496,1.2019310938382508,1.0064462933813056,0.8129039431405652,-1.769731087315692,1.4263126882392283,1.0508046316494455,1.1476334241831856
IX,25,5,86,29.51934559629989,0.7932998222494476,1.2012856028616767,0.9237388501611574,0.7835834914297208,-1.8342737658985604,1.1197821520228197,1.0539050652735216,1.1491613009964994
IX,25,5,87,29.5145689667333,0.7931714556034539,1.2027379575589683,1.0052469829847839,0.8179202098839483,-1.7692132609103202,1.5324394488979525,1.0511537253685794,1.1523097978842416
IX,25,5,88,29.52368952685628,0.793416560587261,1.2012318119469623,0.9284461434675061,0.72430659406792,-1.8364812731575781,1.059340007095748,1.0628105035004844,1.1463850459287486
IX,25,5,89,29.18570013445963,0.7843334688217013,1.1995911890481699,1.0102840866501763,0.7972415944768915,-1.7713839948811156,1.5385556473745619,1.0573536007626316,1.1455163626492202
IX,25,5,90,29.14278481985768,0.7831801671221618,1.1988381162421669,1.0080653624166107,0.7750391340872618,-1.7704291750107695,1.398976969515917,1.052967931289264,1.1455669199875536
IX,25,5,91,29.1427026756736,0.7831779595879054,1.2074715580538449,0.9164530395022864,0.7901893206484141,-1.8308347724794667,1.0525450673076404,1.0529508421239975,1.145943023895575
IX,25,5,92,29.41297980159209,0.790441358949174,1.2078749899142036,0.9938385428378681,0.8133583564683914,-1.764256318020983,1.47822083022577,1.0505293361605144,1.1503823282305459
IX,25,5,93,29.51520588578286,0.7931885720997243,1.2109410720529303,0.9166479274417212,0.746732361247632,-1.8309271173732082,1.1178930055313916,1.053542369609166,1.152657311864828
IX,25,5,94,29.32738570971426,0.7881411122295855,1.2071219171082006,1.0053519226444796,0.6815050506975597,-1.7692585953776299,1.5443605371118923,1.0605855257276908,1.1481572824779607
IX,25,5,95,29.11450756926857,0.7824202472319033,1.2070143352787714,1.0050670864253057,0.7474565655691606,-1.7691355336690975,1.4721801142285256,1.058501816923838,1.1465250409185173
IX,25,5,96,29.07472505562126,0.7813511360992702,1.206099889728625,0.9281912900082455,0.7667376130173283,-1.8363620453000005,1.3724424835571682,1.0594172707280984,1.1494745065191885
IX,25,5,97,29.03977887562179,0.7804119960938984,1.2105645356499288,0.9998350948204785,0.8792440077588423,-1.7668688592521864,1.5304835944868747,1.0537030194443873,1.1536926982797568
IX,25,5,98,29.38839966272482,0.7897807948546665,1.2166966999273823,0.9940933962971295,0.7456468552978185,-1.7643676713822107,1.5001681509774591,1.0535803715016823,1.1537571886569145
IX,25,5,99,29.28475522977321,0.7869954651470878,1.2145719587961594,0.9921295255228247,0.7942153604588381,-1.7635088568865984,1.537923125426464,1.0518676508760187,1.15457565532069
IX,25,5,100,29.21793091505262,0.7851996354659437,1.2126892767811517,0.9234690053219398,0.7257185096441591,-1.834146880204427,0.9267372247312257,1.059748401518369,1.1513166842804585
IX,25,5,101,29.01554180450823,0.7797606515665102,1.2102417901616418,0.9259425830147666,0.810578119610674,-1.835308613795703,1.102140317696348,1.0681611481160298,1.1549000289705476
IX,25,5,102,28.99601845460169,0.7792359830924057,1.2161587907802374,0.9242035829398096,0.7047980720390762,-1.8344922043974747,1.2872159422278289,1.066539816964131,1.1555756192340763
IX,25,5,103,28.91826524951723,0.7771464515487065,1.2166429090126678,0.9209654448692002,0.7683681631378707,-1.8329678920789672,0.9534479536348686,1.060644878854773,1.1553978126098967
IX,25,5,104,29.02633118563546,0.780050604272355,1.2184449046556036,0.9165130050221123,0.7448771797306278,-1.8308631883843351,1.0833524091330378,1.0614455278024888,1.154200075856496
IX,25,5,105,29.04869841198901,0.7806516987862085,1.2213227185928297,0.9118057117157635,0.7364550654045526,-1.8286268649182038,1.1801071575452067,1.054979485404149,1.1546726571075965
IX,25,5,106,28.99350245156267,0.7791683682885097,1.2213765095075444,0.9959973015516079,0.7410217587361414,-1.7651986443617274,1.4788819419973058,1.067231075547005,1.1570214110412957
IX,25,5,107,28.6843974537222,0.7708615127370101,1.2188214410586053,1.0028633535716964,0.7842107753358245,-1.7681822442691035,1.3936752027336634,1.0707084723803886,1.1595344193684287
IX,25,5,108,28.61641887577314,0.769034663505958,1.2252225599096314,0.9230792294430704,0.7523090746323363,-1.833963535396315,0.972680243941074,1.0700863851845297,1.1624587813780827
IX,25,5,109,28.53944099574027,0.7669659679670275,1.2261639009171352,0.9204857207105914,0.751656643609056,-1.8327416123236016,1.154131898200006,1.070457555229028,1.1661463522886435
IX,25,5,110,28.91622680096602,0.7770916704944293,1.232215378822517,0.990435499587737,0.7066243539791291,-1.7627666806799782,1.49377347320494,1.0641618526333152,1.1646308661078268
IX,25,5,111,28.77837604545167,0.773387083633256,1.2314354105591565,0.9122854358743725,0.6820378620326271,-1.8288552981957824,1.1962702092088344,1.064849114742814,1.1648185353940244
IX,25,5,112,28.75939730705853,0.7728770509922993,1.2287727602807887,0.9110861254778504,0.7118867505293,-1.8282839895569396,1.2165170634169322,1.0637347558531622,1.1624015211638714
IX,25,5,113,28.60893669515316,0.7688335881624514,1.2268093918937093,1.0058616295630014,0.7857185354631316,-1.7694787240721668,1.4722268364919289,1.0785537976246455,1.1677548213143356
IX,25,5,114,28.42169947649599,0.7638017946291343,1.2285307011645734,0.922149763885766,0.8154321457940977,-1.8335260159358517,1.0742163899248507,1.0788128514898294,1.1672900826690313
IX,25,5,115,28.33683582841958,0.7615211777802671,1.2309243968693688,0.9165429877820255,0.7747297620837685,-1.8308773956395796,1.061037229567202,1.0769193929205645,1.1662729605065243
IX,25,5,116,28.29700638200379,0.760450805381297,1.2314085151017993,0.9229293156435052,0.8198551863805111,-1.8338929975472582,1.2553646855543976,1.078570246154327,1.1719562374899162
IX,25,5,117,28.28391928477052,0.7600991040918816,1.2381323794411125,0.9990705344426953,0.7652432833301833,-1.7665366330935477,1.5074514486359107,1.0792855687604794,1.1672023047228288
IX,25,5,118,28.23220141816456,0.7587092435256375,1.2372717248056804,1.00673112960048,0.730052091806079,-1.769853980407624,1.0507033650712572,1.0854756570631674,1.1714181401997652
IX,25,5,119,28.29959349837536,0.760520331277493,1.2343939108684543,0.9235439622217226,0.7848765303240373,-1.8341821299493353,1.1046244669814704,1.0828541429590213,1.1715799609142774
IX,25,5,120,28.11954195581307,0.7556816448559245,1.237648261208682,0.9229892811633312,0.7848525931188903,-1.8339212140617016,1.1656407481757982,1.08241095962655,1.1714912585341313
IX,25,5,121,28.18831241219117,0.7575297749454886,1.2383475430999704,0.9228543587437225,0.7624010856844655,-1.8338577243259964,1.1887006469568109,1.0827652756969488,1.1717031985956217
IX,25,5,122,28.02385184532841,0.7531100787827245,1.2406336569753371,1.00845513829548,0.7422927572873929,-1.7705970657070658,1.1745261317094808,1.0821303090587835,1.1726903394676529
IX,25,5,123,28.01476982387081,0.7528660094830012,1.2361421155966759,1.0013042500562175,0.811781140360833,-1.767506542108413,1.4864501309184024,1.080002112977099,1.1736737804219963
IX,25,5,124,28.03848517717151,0.7535033334201682,1.2347973427288133,1.000599655198261,0.8651871212233678,-1.7672008314590453,1.467678701609555,1.0797584305037535,1.1716727502128141
IX,25,5,125,27.93562439327622,0.7507390634157952,1.2396116295957613,0.9991454913424783,0.7152229064672878,-1.7665692155246278,1.2215786552889552,1.0835250176063256,1.1719948746070508
IX,25,5,126,27.94926431046972,0.7511056211313042,1.2349587154729567,1.0020238362941307,0.7988343412138565,-1.7678185352841176,1.4884860612313735,1.0843111397013967,1.1700743986527238
IX,25,5,127,27.94677990825142,0.7510388555645763,1.2416556843549127,1.0038527846488272,0.666472652052722,-1.7686105106129664,1.2997809527228263,1.083643098599956,1.171629245760515
IX,25,5,128,28.12963292974007,0.7559528286393352,1.239584734138404,0.9910951203058244,0.7412169047530178,-1.7630558204446831,1.4771798594235768,1.0748094528714112,1.1692272134029749
IX,25,5,129,28.20452883775621,0.7579655734789046,1.242139802587343,0.9851435424630839,0.7358546914629326,-1.7604399974890987,1.4561690685827586,1.0731904094513047,1.1696371790506663
IX,25,5,130,28.19522882291409,0.7577156458476465,1.2441300664317798,0.9870174649576495,0.7770556870503236,-1.7612653200066488,1.473143978885788,1.075596406242972,1.1726261654654335
IX,25,5,131,28.22224759811992,0.7584417456013913,1.242570129905059,1.004362491567349,0.7392923380945096,-1.7688309679608183,1.2920194280079662,1.0853121914996724,1.1728641827554598
IX,25,5,132,27.89438062009006,0.7496306825463501,1.2428928753933461,0.9144741773480249,0.724952759767756,-1.8298960030507685,0.9531458793445812,1.0887529793052066,1.1762887633071282
IX,25,5,133,27.85048423381004,0.7484510156286086,1.2415212070681263,1.002308672513305,0.7918089052795381,-1.767941970690691,1.3527503715472813,1.0882561674073135,1.1759482122885119
IX,25,5,134,27.77057135476517,0.7463034452315981,1.2439686936876362,0.9026459785623266,0.7642084715336483,-1.824242008183131,1.125493027704609,1.075294796960123,1.1745842453130013
IX,25,5,135,28.15231470375273,0.756562376274253,1.2457706893305722,0.9037853234390227,0.754686608821376,-1.8247898410932428,1.278234098655344,1.0750715229168142,1.175865772047427
IX,25,5,136,28.08959203300099,0.7548767737463771,1.247330625857293,0.9859680683606925,0.809704290225876,-1.760803332641139,1.4636151570879758,1.0788669536385067,1.1751824877891996
IX,25,5,137,28.05009767235313,0.7538154064074707,1.2465237621365752,1.000569672438348,0.8032468784552457,-1.7671878177205238,1.3877050922430199,1.090512780013382,1.17495804250314
IX,25,5,138,27.78466178480272,0.746682109982405,1.2467658212527906,0.9897009219698675,0.8038278297600774,-1.762444457405731,1.32725276479037,1.0908851096579828,1.17761177008527
IX,25,5,139,27.67057809919696,0.7436162368851384,1.247680266802937,0.995172775653999,0.7961037094705673,-1.7648389693424165,1.4989383501668323,1.0927906708118011,1.1784136900193332
IX,25,5,140,27.64154503215491,0.7428360052621615,1.247895430461795,0.9832096544486922,0.7642896875228813,-1.7595866169425303,1.4552240655847335,1.0787854654864366,1.1757698006160233
IX,25,5,141,27.9722580416188,0.751723552269849,1.25088082622845,0.9813807060939962,0.7852936354060022,-1.758777998083808,1.4364930989871298,1.0807703932799713,1.1768945726984255
IX,25,5,142,28.04920439648905,0.7537914006048393,1.2496974261047311,0.981755490592909,0.8733972392468615,-1.7589438213639583,1.497668217351683,1.0799322518345043,1.1776443494458744
IX,25,5,143,27.85635354363254,0.748608746850113,1.2488098760119417,0.9112060565175026,0.8585241279976116,-1.8283411542523924,1.1837083805270334,1.0933954960395527,1.1805467363485505
IX,25,5,144,27.63243216200719,0.7425911069379496,1.2538124310803906,0.9938985083576943,0.7629021451135553,-1.7642825213805846,1.4455057775472793,1.0954043517268657,1.178927557206778
IX,25,5,145,27.42306252968976,0.7369645292226675,1.2576853769398348,0.9892361891912155,0.727543635047504,-1.7622404783263554,1.4150396203516433,1.0965555583348476,1.1823124056973513
IX,25,5,146,27.44066646154448,0.737437615455751,1.255345472149754,0.9071733753091973,0.7552532011346121,-1.8264148521432972,1.1051169420133051,1.0958941832492368,1.183362247373809
IX,25,5,147,27.60449850284829,0.741840420688038,1.2564750813587586,0.9008320215875874,0.7507191203644135,-1.8233683720532403,0.9499978030913374,1.084608180005594,1.1804192236487845
IX,25,5,148,27.67110951900485,0.7436305182057648,1.2572012587074044,0.9802563525972567,0.6144704548834576,-1.7582801480144978,1.420203222947522,1.0824384549802846,1.1812404157814709
IX,25,5,149,27.54287047994361,0.7401842356125126,1.2514456308329525,0.9856682407615621,0.7991065566390971,-1.7606712459350604,1.4224657910286747,1.0871369081941686,1.1796855551837826
IX,25,5,150,27.13516539826414,0.7292276116666531,1.2545386084290364,0.9916947755040854,0.8053587308624767,-1.7633185078349505,1.2499087738830335,1.0981319755318786,1.1844311942184067
IX,25,5,151,27.09878786272557,0.7282500055614474,1.2567440359323312,0.9075031856682406,0.7136716317874073,-1.8265727147879849,1.0874637566749763,1.0999681194143511,1.1824236160348862
IX,25,5,152,27.02657182190368,0.7263092791940328,1.253651058336247,0.9913649651450418,0.8343397296596743,-1.7631740494332273,1.2312801634803578,1.0962103269392398,1.184543651272037
IX,25,5,153,27.2691163783099,0.7328273963676311,1.2601059681019877,0.9772880593658646,0.7336869923251169,-1.756963075102951,1.4248529321903745,1.0836056129692553,1.1815601520553454
IX,25,5,154,27.52997684079831,0.7398377332956253,1.2553992630644686,0.8916872798141068,0.7519432819863113,-1.8189371278899182,1.2808149468545467,1.0705134216227308,1.176930921265445
IX,25,5,155,27.33276067108241,0.7345377664698042,1.2553723676071114,0.9776478524848212,0.8644904352458289,-1.7571229332006069,1.206349484327157,1.08392550495463,1.1812766434300117
IX,25,5,156,26.95369891297149,0.7243509002213651,1.2585191361179098,0.9894160857506936,0.7638298205637961,-1.7623194493353593,1.3979453458342888,1.0993986312669086,1.1835258398054935
IX,25,5,157,27.26613578542958,0.7327472962246776,1.2593528952959845,1.0689753391799717,0.7651591231858748,-1.6940625379678678,1.2077988655694993,1.0903120756926115,1.1843731168410807
IX,25,5,158,26.89124129143987,0.7226724205986539,1.2605900863344182,0.9013267371261526,0.7845318768721361,-1.8236068107955197,1.0732325214362315,1.0915436924306803,1.18372079302775
IX,25,5,159,26.85744481208678,0.7217641775288338,1.2618810682875663,0.9820853009519528,0.8009405157621269,-1.759089693494704,1.399893039408215,1.0913371958216544,1.1844373859887
IX,25,5,160,27.38782729213123,0.7360176211145284,1.2624458728920684,0.8845963570946708,0.7615324401667494,-1.8154697030896876,1.0997213725921098,1.0737289792554612,1.180475243248311
IX,25,5,161,27.38479855686142,0.7359362271980087,1.2608590409079907,0.9709017315043853,0.8174209041005901,-1.7541157581756028,1.3652071630971327,1.0862752252178816,1.185082098796343
IX,25,5,162,26.93488756284329,0.7238453659552245,1.2648664640542213,0.9817255078329963,0.5866915832558162,-1.7589305578312897,1.3988468123027606,1.0951866482361634,1.1868925756918745
IX,25,5,163,26.75692135474013,0.7190627205949445,1.265592641402867,0.9805112060565179,0.6413938357058829,-1.758393044059912,1.3785500032305065,1.095622799501828,1.185179776118744
IX,25,5,164,26.72319119976761,0.7181562599196272,1.2591108361797694,0.9715313694625589,0.765808408941501,-1.7543973105238126,1.1877299542804556,1.085381989481053,1.1830334130571056
IX,25,5,165,26.65502949189036,0.7163244892739385,1.2653774777440092,0.8972041076381081,0.6970489344841497,-1.8216158097752981,1.1194137855858965,1.0937991691364355,1.1867904851141762
IX,25,5,166,26.6836403958876,0.7170933757311726,1.2610204136521341,0.9806011543362567,0.7277783322676648,-1.7584328827171596,1.3868627520556693,1.0924471101551787,1.1874519228032043
IX,25,5,167,26.63756436121662,0.7158551331693513,1.2645975094806488,0.9766284386477777,0.6756581892839699,-1.7566698490114696,1.0135298977780105,1.0961336306623588,1.1862433876261307
IX,25,5,168,26.57121316772971,0.7140720180990159,1.2639520185040747,0.9831047147889963,0.7248423660852378,-1.7595402614706943,1.3688884584253251,1.0991699166326163,1.1859821567854298
IX,25,5,169,26.4327198458129,0.710350162975198,1.2661843414647267,0.9855333183419535,0.7006375842443984,-1.7606117938083696,1.3311146797704483,1.0965560647233141,1.1871652398486738
IX,25,5,170,26.25967547635738,0.7056997865946478,1.2697883327505985,0.9826249906303877,0.6659561119082396,-1.759328287710028,1.0627252678618884,1.1000280239995741,1.1908306040412977
IX,25,5,171,26.08447539654543,0.7009914778782672,1.2678518598208763,0.9784873697623868,0.8465086709666256,-1.7574957067587407,1.3922884939836606,1.1010005275343466,1.1863510860213364
IX,25,5,172,26.32024865250228,0.7073276238281011,1.2723434011995374,0.9802863353571698,0.7851226883694075,-1.7582934314255283,1.3838645964051477,1.0996939784795499,1.1949403572972848
IX,25,5,173,26.32852004081643,0.7075499082570688,1.274952260563191,0.9801664043175177,0.7064303294763412,-1.758240295343499,1.2853577980154036,1.0961327381037549,1.1926687882975988
IX,25,5,174,26.22535300642776,0.7047774081088001,1.273768860439472,0.9808709991754743,0.7287914914667968,-1.7585523767667404,1.3733974021533526,1.1062846745199935,1.1943037142186288
IX,25,5,175,25.82686737536196,0.6940685467195056,1.276673569834055,0.98731729255678,0.622570833694315,-1.7613972261814552,1.0554069912107942,1.109868188797103,1.1921497014059663
IX,25,5,176,25.74944544623185,0.6919879178513363,1.276888733492913,0.9864627838992578,0.6590106553371688,-1.7610211879162883,1.3262475035212988,1.108654040748653,1.1939165127527325
IX,25,5,177,25.65620729160223,0.6894822453846737,1.2738495468115436,0.9852484821227796,0.7880288930185164,-1.7604862570299546,1.3614866307104005,1.1096359359580819,1.19511178065072
IX,25,5,178,25.85603476698429,0.6948523881672772,1.2778569699577742,0.9738250505959076,0.6311629299091595,-1.7554214246766602,1.345740894049432,1.0984776210823157,1.1919835257383864
IX,25,5,179,25.83796669468394,0.6943668286721488,1.2754094833382643,0.9767333783074732,0.6530290142351106,-1.7567165118619326,1.3306344659293372,1.1001233252903548,1.1922455150034523
IX,25,5,180,25.77716836976115,0.6927329408138638,1.2737150695247574,0.889663443519976,0.6759619743054972,-1.817950302217156,1.114725103558131,1.0997630855605247,1.1936532738212768
IX,25,5,181,25.43643554910868,0.683576122442794,1.2778569699577742,0.9800164905179524,0.5844622551758868,-1.7581738660973192,1.3231102192740838,1.1101944084042332,1.1961246123401819
IX,25,5,182,25.30941016915557,0.68016245559814,1.2750060514779054,0.9815306198935614,0.6138206716217964,-1.758844334993863,1.3257475664077873,1.1121342123041922,1.1963119884104645
IX,25,5,183,25.17930620987281,0.6766660553328883,1.2776418062989163,1.0729180721085378,0.636967468348405,-1.6956614121970774,0.9660192450378748,1.113128314979585,1.1969326302245564
IX,25,5,184,25.11671122849356,0.6749838843159234,1.2746564105322613,0.978322464582865,0.6218442933704131,-1.7574225086294017,1.3172002956971673,1.1050786840352698,1.196784211209637
IX,25,5,185,25.38899533084655,0.6823012189530792,1.2737419649821147,0.979117007720561,0.682488502466816,-1.7577750770987406,1.2617574261255908,1.1019131580865724,1.1954843446863637
IX,25,5,186,25.20886915431802,0.6774605268260672,1.2765390925472688,0.9840941458661271,0.8250569950159264,-1.7599771308709875,1.1908539907855487,1.106068264913369,1.1996463117870206
IX,25,5,187,25.18296738557686,0.6767644453878362,1.2828864204835806,1.0639382355145792,0.6823570534411398,-1.6920112683623083,1.0681521447501319,1.1171095300764056,1.203328930359807
IX,25,5,188,24.71486435394371,0.664184693218955,1.2792017428256368,0.9892211978112588,0.7225646765916685,-1.7622338967607032,1.235884735724208,1.1193535775048948,1.201626482985128
IX,25,5,189,24.56511272951632,0.6601602836448246,1.2790672655388506,0.9888164305524323,0.6560243033691227,-1.762056156775481,1.1174636915376341,1.1210789827881997,1.2050437952434843
IX,25,5,190,24.39872800833552,0.655688877959114,1.2863290390253086,0.9806461284761263,0.6783738944519635,-1.7584528006754385,1.16089500029744,1.114811074338022,1.2022065329239036
IX,25,5,191,24.66453463728969,0.662832137650091,1.2813802748715744,0.9709167228843415,0.730314957628921,-1.7541224639246151,1.300826607145124,1.1104575822473721,1.2007324730091233
IX,25,5,192,24.59218619443597,0.6608878531242486,1.2843387751808721,0.9718761712015592,0.7268775899582706,-1.7545514166400404,1.3076071820956792,1.115630228615467,1.2010565571318226
IX,25,5,193,24.39159277002167,0.655497126307045,1.2807616793523575,1.0570272093546211,0.7082242109962588,-1.6891810184350335,1.0582863773475142,1.1246629903292154,1.2039727354918754
IX,25,5,194,23.96306405127635,0.6439808901052487,1.2888572120168904,0.9745446368338208,0.5226451379651833,-1.7557422183623805,1.2940538782648519,1.1285080038072879,1.2019751181683787
IX,25,5,195,23.80932810923849,0.6398494063941981,1.2843925660955864,0.98063113709617,0.6813392874373583,-1.758446161457511,1.2805871294508928,1.131276890503559,1.204458964785874
IX,25,5,196,23.62583824726995,0.634918318934642,1.29434388531777,0.9716513005022113,0.5996759858949648,-1.7544509188536945,1.1479532100190208,1.1513235503776251,1.2097469592339938
IX,25,5,197,23.308001600577,0.6263768099603549,1.2934563352249806,1.0490517952177498,0.6469961040229556,-1.6858917829411633,1.0670766401498117,1.1548047207774144,1.2101715819378207
IX,25,5,198,22.94588243081793,0.6166452570685118,1.295096958123773,1.049546510756315,0.6511004722965663,-1.6860965407853672,0.9423619350648755,1.1584737289182905,1.2086298303312568
IX,25,5,199,22.53367100904592,0.6055675302078622,1.3065813184153199,0.9561052394872949,0.524276656645205,-1.7474461807149486,1.0882038188561887,1.1779352064953685,1.2156909380495982
IX,25,5,200,21.69172994317628,0.5829412936024473,1.2956617627282754,1.0535791919646205,0.7569997327395869,-1.6877620364237864,1.0573009097213708,1.2001292110520598,1.2140884695501415
IX,25,5,201,21.09760483904563,0.5669748373690863,1.2986740539522876,1.1657746795592536,0.6587846160724218,-1.630405669093243,1.1039819694835922,1.2157684592848335,1.2159170503941563
IX,25,5,202,20.52327395298216,0.5515403288925966,1.2968451628519944,1.0511056142717936,0.7108940986092973,-1.6867412074293604,1.0357436394704498,1.222849727575183,1.2136821335025745
IX,25,5,203,20.03493546937435,0.5384167712927223,1.291466071380544,1.1702870849261675,0.5889574559178075,-1.632083463078072,1.1148668758519928,1.230626681773372,1.208106140889743
IX,25,5,204,19.68663391252642,0.5290565514926159,1.2931066942793363,1.1663143692376885,0.5408453885075186,-1.6306066770724104,1.0919426606367097,1.235834710203446,1.2048350360464974
IX,25,5,205,19.35742171387776,0.5202093371186269,1.2870283209165974,1.1639757139644706,0.6738491958163876,-1.6297349697870864,1.1829604635059685,1.2477696416091983,1.2071334812022172
IX,25,5,206,18.91711335048335,0.5083765359721303,1.2835588069175117,1.1655797916198187,0.6012845308037197,-1.6303330600087562,1.2022582006631288,1.2535363050038686,1.2055575050759637
IX,25,5,207,18.56122039230049,0.4988123056423874,1.291277803179043,1.1541413687129902,0.5664671617833672,-1.6260500588471125,1.15699139473188,1.2590781388417287,1.2068534329264493
IX,25,5,208,18.22558691142948,0.4897925263980497,1.285387698017805,1.1626414811483399,0.5734018523901737,-1.6292368646287847,1.086547090345642,1.2683924047700668,1.2044505042557787
IX,25,5,209,17.9000016767968,0.48104278267766304,1.2834243296307255,1.2798141068885391,0.6323802708156222,-1.5691969367713512,1.0488761439370333,1.2718592717467165,1.2052792459677035
IX,25,5,210,17.60985011008156,0.47324527966223534,1.282751943196794,1.159073532718687,0.626148423179868,-1.6279020397038522,1.1866173923626488,1.2776270458760408,1.2046138974657692
IX,25,5,211,17.37013461491099,0.46680319038593765,1.2789327882520642,1.154935911850686,0.6292054270972567,-1.6263489364263592,1.088658251400323,1.2816940349122947,1.2019534759753496
IX,25,5,212,17.1293220696178,0.4603316190987858,1.2757322288265511,1.2743872273442773,0.6148093773919431,-1.56735145391534,1.0940313364452914,1.293103262225452,1.202627068115131
IX,25,5,213,16.82030570263461,0.4520271454037232,1.2841774024367285,1.2749419084026685,0.4981711239360873,-1.5675404408321718,1.0962698317341455,1.2937057900123148,1.2022906127096336
IX,25,5,214,16.56618941946367,0.4451980508490165,1.2872703800328125,1.2771006671164082,0.5102037672093612,-1.5682751756126534,1.0677103616765868,1.3001261430748967,1.2046855154460356
IX,25,5,215,16.32555421598561,0.43873124542735314,1.2837739705763698,1.2897384004197587,0.5295472165042511,-1.572551674482722,1.0154152881194571,1.3046470624177835,1.2063566746290364
IX,25,5,216,16.13715643941878,0.4336682631815208,1.2868131572577393,1.2657821752492318,0.6257815065245805,-1.5644090194988687,1.050105894256475,1.2967073035476295,1.2058760414302778
IX,25,5,217,16.18821669205942,0.43504045109848155,1.2885613619859608,1.2644629338130575,0.6019427510920998,-1.5639561469088625,1.019266088436741,1.3016907992130675,1.2029739916242357
IX,25,5,218,16.15259863827684,0.4340832552269669,1.2868400527150965,1.1406491267521177,0.6765609183549438,-1.620943123146787,1.1735897559621862,1.3078889359668864,1.207738685038491
IX,25,5,219,15.9368262306989,0.42828460999550316,1.28455393883973,1.2615995802413615,0.5962823529554826,-1.5629715796769708,1.08464607864689,1.312646817547613,1.2046561592405065
IX,25,5,220,15.45012341984728,0.41520500929509696,1.2753019015088352,1.2688104340004498,0.6811450865117884,-1.5654467852419047,1.1513810274628473,1.3278272096870272,1.202196995354301
IX,25,5,221,15.23322724081039,0.40937616394636683,1.2789596837094215,1.1511430927216852,0.5932795970997075,-1.6249203627299909,1.1628396376058854,1.3332111694517914,1.2020263022317257
IX,25,5,222,15.01319377243762,0.4034630074104399,1.2772652698959146,1.1500337306049022,0.5538612505379954,-1.624501629255717,1.1665093038980887,1.3354133841703932,1.2014416799676428
IX,25,5,223,14.80613382219228,0.397898499850855,1.2783948791049193,1.26635184768758,0.5293114832787486,-1.5646044322206285,1.0415772823545995,1.3311091636714127,1.200494246427023
IX,25,5,224,14.90162790028383,0.40046479776991856,1.2812995884995024,1.2625440371786227,0.5301527620777085,-1.5632965789777702,1.03392015605246,1.3372129715612886,1.2017024037525923
IX,25,5,225,14.75071971855334,0.39640930699515725,1.2797665474301392,1.2530694850460986,0.5742677220993087,-1.5600251979572988,1.1382269339085584,1.340323805558222,1.2036178079450568
IX,25,5,226,14.61464831594256,0.39275253827878387,1.2799010247169256,1.2576868300727084,0.5275717785584874,-1.5616225570595479,1.0698891487254596,1.349205372719051,1.2024160018801904
IX,25,5,227,14.30987769451097,0.38456216430793133,1.2744950377881177,1.4060115433625668,0.6537805798005929,-1.5083890950013235,0.9974600053495527,1.3559850284209078,1.2009238984708326
IX,25,5,228,14.00858378126824,0.37646522303121627,1.2782066109034185,1.4056367588636536,0.5514711834810254,-1.5082733146310572,1.0222709573506792,1.362547381214528,1.2047005489434999
IX,25,5,229,13.83352899021869,0.37176081878992007,1.283155375057153,1.2607450715838395,0.4995201008895348,-1.5626773229752713,1.1175301158661848,1.3693239096029912,1.2060194906260786
IX,25,5,230,13.65589235178375,0.36698703025061413,1.2813802748715744,1.4017689828348703,0.43580092012505667,-1.5070766547935757,0.9896107224215817,1.3672586215136526,1.2070341457845142
IX,25,5,231,13.75781653897858,0.36972613025270606,1.284634625211802,1.3937935686979988,0.5239025949510464,-1.5045986649910739,1.0042079685927283,1.3648121789038374,1.2046118407345334
IX,25,5,232,13.64349158834287,0.36665377342412675,1.2806540975229286,1.3973315343677386,0.5493625996542518,-1.505699668875693,1.039773362633801,1.3672706203173102,1.2046793148068475
IX,25,5,233,13.47369104247326,0.3620905712211244,1.2829940023130095,1.2465782175249231,0.6224582165624909,-1.5577695776958675,1.1226501371118682,1.3777463182312661,1.204732187463622
IX,25,5,234,13.29729724611364,0.35735018269044067,1.27965896560071,1.4110636384079158,0.5446706472764533,-1.5099468094469184,1.0233400666722134,1.3916939532523627,1.2056773991377236
IX,25,5,235,12.90380110704804,0.3467754083900336,1.266776041526586,1.4184843714863955,0.7382429126038753,-1.5122247639507078,1.0546029706286657,1.392377802334031,1.2042194912750197
IX,25,5,236,12.7458694942292,0.34253117065894867,1.277722492670988,1.2678809684431454,0.535171473733932,-1.5651285267573825,1.0229389852928155,1.3975607390307285,1.205302485664259
IX,25,5,237,12.60100033221013,0.33863797187158934,1.2757053333691941,1.414931414436699,0.44913448981947024,-1.511135597681828,1.0818138108776931,1.4029166972792213,1.2071291866451506
IX,25,5,238,12.52997938063049,0.33672936220812927,1.2806272020655713,1.3940034480173902,0.4648733733163235,-1.5046640567178768,0.98826370843374,1.395620131447391,1.2050878854069476
IX,25,5,239,12.52557402607772,0.3366109731682281,1.2792824291977087,1.2394573120455739,0.5438559310386093,-1.5552816177477273,1.1133799201989476,1.4025231797468416,1.2029502765491769
IX,25,5,240,12.44155797473316,0.3343531345457454,1.2816761249025042,1.3983209654448694,0.5045197032812381,-1.506007077951028,1.1767485195925913,1.4083011170130482,1.2049358342518255
IX,25,5,241,12.26471491907287,0.32960067266735804,1.2811651112127163,1.3957874222322166,0.5145017645902467,-1.5052194892208821,0.966753584004476,1.4157707067305703,1.204402780340499
IX,25,5,242,11.91056540335677,0.32008329542907243,1.271644119308249,1.4137920695600033,0.5341301822173333,-1.5107857499696067,1.0902648955625724,1.4251971303195714,1.2053473074445242
IX,25,5,243,11.78797730224948,0.3167888755544496,1.2788521018799925,1.4037928191290012,0.4716977374244524,-1.507703225262748,0.9931135630345577,1.4279930635469162,1.2043037109171224
IX,25,5,244,11.64827771279781,0.3130346033224045,1.279416906484495,1.2458136571471408,0.4664413297960469,-1.5575031313421122,1.117047052772716,1.4341262039361455,1.2027068552631404
IX,25,5,245,11.52142908150142,0.30962568640276167,1.282725047739437,1.398036129225695,0.41720533008281213,-1.5059186037007992,1.0091089980563235,1.4291282211347613,1.2026379285043511
IX,25,5,246,11.60901892944504,0.31197956686321604,1.2767273607487697,1.4003298103590436,0.5482667048790559,-1.5066305429568088,1.0815550404373842,1.4342222444194375,1.2050014334283405
IX,25,5,247,11.52184718212424,0.30963692239539853,1.2799548156316398,1.5403942732928568,0.4600420050759479,-1.4455624591104705,1.1036636316916655,1.4377372133267203,1.2051639980205422
IX,25,5,248,11.4473719781935,0.3076354835136486,1.2833705387160108,1.3773929990255607,0.32291379266034614,-1.4994580799778967,0.9645768718391043,1.4407857098540608,1.2067741364809903
IX,25,5,249,11.30270814366784,0.30374780267598417,1.2807347838950003,1.3880518701746498,0.442845360335479,-1.5028059043354718,1.0140577265872157,1.4570349122953494,1.2084985181453014
IX,25,5,250,10.91858635390684,0.29342495366344584,1.2885613619859608,1.574214826474777,0.37320527629933037,-1.4549945621369098,1.042915824805758,1.5279828798235395,1.2133085507608572
IX,25,5,251,10.67373208064229,0.2868447653993086,1.2800355020037117,1.5767933438272996,0.5350576375768021,-1.4557053417015007,1.1053726740316883,1.5346348993592307,1.2180282712946195
IX,25,5,252,10.44677783060073,0.2807456204968791,1.2941018262015547,1.3961022412113038,0.33274782990683305,-1.5053174330241677,0.9598631420642489,1.5376451908916526,1.2182200351551893
IX,25,5,253,10.23937437096954,0.275171881501799,1.2896102848228936,1.5621617569897313,0.39612656311815503,-1.4516565654407856,1.052335259456208,1.5399626944172389,1.2183385506010345
IX,25,5,254,10.03651552201377,0.2697202739011715,1.2877007073505284,1.3863578442395625,0.32882149444530245,-1.5022755528135492,1.0087490088141282,1.5371129446330745,1.2155208744514414
IX,25,5,255,9.976598261161827,0.26811006366705714,1.2927301578763348,1.558054118881643,0.37690641059798485,-1.4505131025103217,1.1585198528591611,1.545116799419717,1.2164040460852203
IX,25,5,256,9.802147884025157,0.26342190238237007,1.2883999892418172,1.5721160332808637,0.23809923508382247,-1.4544151606190165,1.041749938248255,1.5468861156001987,1.2156036704603967
IX,25,5,257,9.615831868097516,0.25841486515536094,1.2848228934133026,1.5558953601679038,0.2948045254811987,-1.4499109494223288,0.9750047578467947,1.5544033193443936,1.214972249892762
IX,25,5,258,9.384034823294334,0.2521855754903705,1.2857642344208065,1.400899482797392,0.30149664530834425,-1.5068071836912762,0.9598981130364733,1.5551485003976193,1.2161391813156992
IX,25,5,259,9.206987673194464,0.24742762879924862,1.2899330303111805,1.5598530844764265,0.2019679369761814,-1.4510142597717077,1.0016780015815392,1.5647855940206494,1.21503990727072
IX,25,5,260,9.050319065337284,0.24321733293209538,1.2899330303111805,1.573300352297429,0.2850368980012392,-1.4547422036396935,1.0897728124921835,1.571228781656571,1.2166878529452074
IX,25,5,261,8.881945510706576,0.23869247954317777,1.2931335897366936,1.391110111685781,0.3098365806156573,-1.5037617161646397,0.9426648795909394,1.5747657562280266,1.2201191277407253
IX,25,5,262,8.711952528386004,0.23412410582301416,1.2919232941556171,1.5799415336181695,0.3211945702742776,-1.45657157973575,1.061415178866158,1.5868074659723201,1.2181797410237658
IX,25,5,263,8.566232084306934,0.23020802977014507,1.2930529033646216,1.5570946705644257,0.21565876340217063,-1.4502455819832598,0.9975179076300706,1.5893167347056987,1.222629108880858
IX,25,5,264,8.455296099994227,0.2272267476699291,1.2897447621096798,1.560737575893861,0.34120049634512867,-1.4512604501849826,1.037364481528578,1.5947646554415462,1.2199683072725542
IX,25,5,265,8.319265180312277,0.22357106688757306,1.2881579301256019,1.753017015216251,0.394916954358374,-1.4000285700666786,1.0164702810858643,1.600438935178497,1.2178067078013781
IX,25,5,266,8.11986687233777,0.21821245750522808,1.2934563352249806,1.5635109811858183,0.23362944283514425,-1.4520314995485368,0.9930084640626204,1.6160500176947408,1.220520569527806
IX,25,5,267,7.915623033944022,0.2127236298425439,1.287431752776956,1.5519226444794245,0.3089524195344512,-1.4488006337996944,0.9495608467437567,1.619323704454433,1.2191862102065056
IX,25,5,268,7.741581440574651,0.20804645417028783,1.2904709394583256,1.7585488344202085,0.1843662537685162,-1.401396871642299,1.024982653195011,1.6315857564148737,1.2207482445512916
IX,25,5,269,7.560249045956506,0.20317334626383507,1.2863290390253086,1.5525972565774682,0.28918062370499253,-1.4489893781631094,0.9306450248872504,1.6416061931849766,1.2202079518171833
IX,25,5,270,7.37759524560589,0.19826472703721196,1.2892606438772491,1.5536616445543814,0.2710494945438735,-1.4492870081146252,1.000935419487289,1.6541683491071681,1.2228737336933813
IX,25,5,271,7.282401848998173,0.19570650960106092,1.2910088486054707,1.749194213327337,0.3218980358447514,-1.3990804705279665,0.965207902525768,1.6496096111558163,1.220758390830247
IX,25,5,272,7.176978121959681,0.19287336332931587,1.2993464403862187,1.7431526872048575,0.16507726443126064,-1.3975778683241242,0.9244046281672909,1.6584274218351778,1.2281458910527532
IX,25,5,273,7.062962617378662,0.18980932252181434,1.2998843495333638,1.745971066636684,0.24641925793021915,-1.398279481100121,0.9388869034466496,1.6717439798316671,1.2292766465579452
IX,25,5,274,6.862189511004122,0.18441376695030615,1.2982437266345717,1.5328236264148114,0.29767925159547076,-1.443422749580123,0.9705191126201157,1.6899359835645498,1.2280605135306109
IX,25,5,275,6.669281936765461,0.17922958887105755,1.2976251311153548,1.5441271269020316,0.13210456961079656,-1.4466136163600467,1.0153880781748577,1.7092608132228482,1.2288574641170937
IX,25,5,276,6.362518159171645,0.17098565102887697,1.3035421317339502,1.7390900232366393,0.19010757458602845,-1.396564502231942,1.0340150782902096,1.7358655396439922,1.229241425518335
IX,25,5,277,6.171057413628054,0.16584035487344606,1.309378445980474,1.9691627314294284,0.22329516075291975,-1.3491145376183116,0.923702660205325,1.7888890052613489,1.23967178826956
IX,25,5,278,5.973621125985035,0.1605344726213534,1.3154030284284985,1.7333633160932465,0.11719294492558743,-1.395132039748734,0.9545704720716619,1.827666990889587,1.2417318755503708
IX,25,5,279,5.727673447402961,0.15392490029647504,1.3081681503993976,1.7327036953751598,0.060889976415115774,-1.3949667402086359,0.9709710026511985,1.8498891501328374,1.2357801246289433
IX,25,5,280,5.444773123168943,0.1463222664170408,1.3160754148624298,1.9799715163780829,0.15539844820406565,-1.3514918725410832,0.8888794243670253,1.861496209191839,1.2419546383540727
IX,25,5,281,5.272874802821264,0.1417026888409754,1.3233909792636025,1.7141443669889813,0.07570904358520496,-1.3902898344351622,0.9772379292742492,1.9023377783414122,1.2450461269126434
IX,25,5,282,4.991844574747708,0.1341503117311854,1.3165864285522177,1.9913499737650853,0.16221535613555332,-1.3539805226240071,0.9016471273871659,1.9338072243822404,1.2460218014493774
IX,25,5,283,4.659066083397338,0.12520725717818146,1.321427610876523,2.0019488793943485,0.17304494320089808,-1.3562859133334109,0.8699907815097379,1.9855198004051315,1.251793138707375
IX,25,5,284,4.333238935614687,0.116451012308972,1.3266722250611873,2.260865002623492,0.05331169516406254,-1.3073471904075973,0.9409582409594238,2.037776248579362,1.2559269592952351
IX,25,5,285,3.876157905380248,0.10416746425890867,1.3342567440359323,2.3034854958398925,0.4800230855523968,-1.315458041240493,0.9025270736455686,2.1522886972319486,1.2670084746584205
IX,25,5,286,3.470549390727998,0.09326718323720389,1.3473548317689141,2.322419608724983,0.4184694294527301,-1.3190132489157878,0.8645152445717771,2.246923425591561,1.2782298637026537
IX,25,5,287,3.015854885369619,0.08104777040835663,1.349990586589925,2.3467056442545537,0.44185027556809936,-1.3235311771210472,0.8505790407934762,2.3417306216855014,1.2805232819227468
IX,25,5,288,2.555262046793196,0.0686698463862928,1.35160431403136,2.3512630237613372,0.5926328750060412,-1.3243737733716618,0.8185480513578491,2.475511097491209,1.2910408394874489
IX,25,5,289,2.138139820950826,0.05746014708799524,1.3720986525375864,2.3793268870399524,0.523444656909515,-1.3295266714987328,0.8195282907093971,2.7090679907060147,1.3138684444883548
IX,25,5,290,1.76848618268119,0.04752611367331409,1.3844705629219225,2.354321265272469,0.5158100949126608,-1.324938284606839,0.733061901387695,2.9043765654712272,1.3301807529859053
IX,25,5,291,1.496497436195374,0.04021671639900278,1.3749495710174553,2.3388951352972045,0.6704099753490245,-1.3220833098176341,0.7080529683341448,3.1663733832929166,1.3426389635739453
IX,25,5,292,1.174396662928263,0.031560613730817706,1.3835292219144188,2.289798365939585,0.6756587367218557,-1.3128698003386368,0.659796509138445,3.440427756172597,1.3605906516263573
IX,25,5,293,0.9001016641756696,0.02418923847304032,1.3938301820822465,2.2479724158608803,0.6298513647407094,-1.3048635370713442,0.5673434148268167,3.758789505595195,1.3827365556464086
IX,25,5,294,0.6475060931125222,0.017401011377297732,1.4081116699389473,2.2074806985983066,0.6813846582195043,-1.2969694741826283,0.49583694379385346,4.201228365157789,1.4160869216827447
IX,25,5,295,0.4797092049708896,0.01289165526360893,1.4233882897178667,2.1492541788471633,0.8226240551613546,-1.2853603390485409,0.40916210517802376,4.647682174142827,1.4539655388684078
IX,25,5,296,0.3650434291356403,0.009810139134077921,1.4452811920066702,2.0170901731504385,0.7925629672987339,-1.2577978728232624,0.3200981852881865,5.173514519832426,1.4960873471744625
IX,25,5,297,0.2922104584227664,0.00785283345696073,1.4631397756918858,1.9553406791095125,0.9772239355977183,-1.2442949947029591,0.2143224319550086,5.794218259448607,1.5395370738980976
IX,25,5,298,0.2460738556832208,0.006612963195166629,1.4850326779806893,2.012907578142568,1.0392547518221757,-1.2568963941147013,0.08084885254302154,6.50486248780094,1.5965608020856492
IX,25,5,299,0.2134571080385843,0.0057364241125357285,1.5066028347812055,1.9790420508207787,1.087447924427345,-1.249527581451379,0.012400781159702176,7.242135982026401,1.6543563014884197
IX,25,5,300,0.1937310578727723,0.0052063082927533335,1.5331755466501706,1.9439472303425533,1.1938546322585395,-1.2417570307843615,0.009454892551466483,8.0638014469558,1.7259265227628544
IX,25,5,301,0.1719720986679923,0.0046215602869693366,1.5606089131545684,1.9551457911700776,1.31314466345943,-1.2442517066070153,0.06817326916288811,8.910576478134333,1.813875330946809
IX,25,5,302,0.1547169927050273,0.004157848364607776,1.5847341384040237,2.0018889138745224,1.5006685925072438,-1.254512533755104,0.12628960859181515,9.516322591191722,1.9254927032476816
IX,25,5,303,0.1401216009322273,0.0037656133246658807,1.606815308894328,2.0877595382654976,1.6753091981853405,-1.2727530357335186,0.30006207582142713,9.687604905599523,2.044353260906503
IX,25,5,304,0.1258266858232286,0.0033814532633242413,1.6195906511390228,2.2844014691552355,1.8814423721004885,-1.31184499002648,0.460372441104444,9.846222038678777,2.211538827240006
IX,25,5,305,0.1128927847633362,0.0030338689519331823,1.63293079798822,2.690757814256803,2.097595908636503,-1.3829471694165476,0.4557089018689772,9.964332229953868,2.4434942135395783
IX,25,5,306,0.102183324066586,0.002746064019421932,1.6414028670557543,3.14111385953077,2.191596453222808,-1.4501562382785376,0.5155957792292,9.746009249990571,2.6953309213697745
IX,25,5,307,0.09192916448296438,0.002470494801653631,1.6456254538608428,3.6302975788921374,2.345242013409558,-1.5130147852487374,0.4968620527288665,9.954701230853177,2.9389297282220914
IX,25,5,308,0.08148511466174659,0.0021898224933970764,1.6584007961055378,4.17881718012143,2.3776889018962017,-1.5741259307543076,0.4879703270172351,10.053914901977206,3.207691047318967
IX,25,5,309,0.0764081089803907,0.0020533835709473894,1.6671418197466448,4.688029383104715,2.4616690838616297,-1.6240628842689087,0.45547265038719886,10.294524822193479,3.4367451166068705
IX,25,5,310,0.06904382254409784,0.0018554765034669565,1.6920739087168177,5.20677610374035,2.323769807793405,-1.6696414622349487,0.4106117137622377,10.160674505095482,3.7474430553493456
IX,25,5,311,0.06695423139444985,0.0017993210483203644,1.7481240418493318,6.346001049396598,2.455943162363981,-1.755572698808936,0.6513283119415829,8.64054307319872,4.209444209642351
IX,25,5,312,0.07346770970323355,0.0019743635867034448,1.795890374115812,6.480533693126453,2.623903526294837,-1.7646833321412394,1.0283831055386583,8.649631302543023,4.330113580344715
IX,25,5,313,0.06737237280570134,0.0018105581371013067,1.8186439310400473,6.596611948129826,2.659690535655106,-1.772393496280705,0.5297511647666074,8.766421125280125,4.430985152291595
IX,25,5,314,0.06458244799041744,0.001735581987889806,1.8614883946101504,6.763181170826775,2.591933797933,-1.7832235806082737,0.19158942413487484,9.093293364348337,4.538212787670112
IX,25,5,315,0.06490194719738426,0.001744168176335914,1.8938167343535677,6.8297578892137025,2.6654164571527548,-1.787477867705804,1.0820227183349667,9.400632357666396,4.630824185058112
IX,25,5,316,0.06069301769680449,0.0016310578428504416,1.9613243323202711,6.863353571696275,2.70168062663782,-1.7896089317573223,0.9931268557272422,9.681207896856314,4.7510796925925725
IX,25,5,317,0.060472425514645,0.001625129671498341,2.1439444877760145,7.27877970167154,2.8491231052021257,-1.8151311345228895,0.3268813663703161,8.700514232167814,4.9047735465116595
IX,25,5,318,0.07521281398603652,0.002021261337632174,2.255426158521826,7.490802788396673,2.7847064883536454,-1.8276009227070025,0.7171360619155254,10.010232778732346,4.988851448721199
IX,25,5,319,0.06621414163377548,0.0017794319530937681,2.179177536914015,7.3191364965145045,2.6768683001480413,-1.8175324057345983,0.3027472443594855,10.617385869417626,4.886742500751006
IX,25,5,320,0.06012992979473535,0.0016159254771560526,2.174443936419139,7.435859380856009,2.7737318054831652,-1.824403727485614,0.22735611941364303,10.886401810696748,4.819472901515919
IX,25,5,321,0.05272954524654813,0.0014170483127723562,2.199322234474597,7.568308222771908,2.7761176061071775,-1.832071369821003,0.237279061042721,11.08289400845562,4.876357628086629
IX,25,5,322,0.04765501776207817,0.0012806759891279408,2.2830208977703665,7.672378382430104,2.7832750079792357,-1.8380025722318514,0.24291864308232267,12.121545446093199,4.909753568808601
IX,25,5,323,0.04124022168053525,0.0011082854266524528,2.3993706462978404,7.842485570796794,2.8911131961848398,-1.8475262875505052,0.2508758921353203,12.580298118788013,5.036520836602963
IX,25,5,324,0.03592050449032253,0.0009653239003663805,2.4622522255990966,7.745101566599206,2.8591434678230025,-1.842099676549199,0.47856403041775847,12.854008580111124,5.017101851058912
IX,25,5,325,0.03169587632242837,0.0008517916825288506,2.6117102821333478,7.4251855183269635,2.8491231052021257,-1.8237798682044482,0.24369369412029251,13.447558995628208,5.0375131927740275
IX,25,5,326,0.02774131883451673,0.0007455173160459855,2.936230870605955,7.332433850535942,2.9750933781502678,-1.818320712915907,0.3913189458117688,13.379092545306602,5.202792968321965
IX,25,6,0,35.9921836166526,1.0,1.0,1.0,1.0,-1.9152580168691842,1.0577545965283788,1.0,1.0
IX,25,6,1,33.79594589209153,0.9389801478022874,1.0042800168606725,0.9428717544401709,1.0232661667135692,-1.9914947166414543,1.192661863712161,0.9890689471099641,1.0063575557748414
IX,25,6,2,32.58458088429388,0.9053238122851174,1.0043448656009857,1.0129662578974845,1.0301552093584316,-1.9208529960369753,1.5212485067842265,0.9839022337596923,1.0084917003572382
IX,25,6,3,31.87169725053832,0.88551718867627,1.0067442689925747,0.9480071170585667,0.9314884392071896,-1.9938536886145095,1.1851585012023427,0.9828014038905238,1.0097793078452013
IX,25,6,4,31.4496047782249,0.8737898515185953,1.0089815505333808,1.0061475191510671,1.0870859884066306,-1.9179196775656238,1.1378019764546292,0.9791598319814521,1.011578668963839
IX,25,6,5,31.16233153546778,0.8658083062526336,1.0126455043610776,0.9483906711130526,0.943490125242717,-1.9940293642166276,1.2734032714843657,0.9772957890298043,1.0120021387256015
IX,25,6,6,30.91441493758014,0.8589202385397057,1.0112512564443434,0.9454181271907863,1.0591953992240213,-1.9926660159377694,1.1354039584804851,0.9764462265001245,1.012717607692312
IX,25,6,7,30.73335496723433,0.8538897026801909,1.0128076262118608,0.9476235630040805,1.0100019422592015,-1.9936779419214432,1.0669336024925875,0.9784773618620922,1.0116900514686507
IX,25,6,8,30.53984098030514,0.8485131467871038,1.0134561136149929,0.9439052195314247,0.9877930735863885,-1.9919704784696393,1.0947986139116357,0.9784454531556112,1.0116067519916643
IX,25,6,9,30.36009826535755,0.8435192093016207,1.0094354917155732,0.9423177319170244,1.0779355320502082,-1.991239454310192,1.2172599969069022,0.9785548919247863,1.010106710186091
IX,25,6,10,30.2599422102805,0.8407364924722169,1.0109918614830906,0.939036213895311,0.99069897402847,-1.989724431985411,1.1738073978283754,0.9720853681329286,1.0079553343349976
IX,25,6,11,30.23077814825945,0.8399262037069763,1.0144288447196914,0.9955038941390809,0.9898642478681008,-1.91330098007722,1.5213154199775911,0.9704159611253433,1.0089433954265767
IX,25,6,12,30.13329025922862,0.8372176186967096,1.0126455043610776,0.9969741846812772,1.08089532043713,-1.9139419298492235,1.5689440936338137,0.9740834396847962,1.009041608989254
IX,25,6,13,30.08567729108045,0.8358947490243583,1.0178982523264484,0.9358932015043842,1.003077933782345,-1.988268383341324,1.094979324091285,0.9741019363654835,1.0076785639377857
IX,25,6,14,29.9763255451211,0.8328565408643857,1.014526117830161,0.9323666350589713,0.9403539324829381,-1.9866288146513718,1.3392821935775348,0.9729612459234727,1.006350941646517
IX,25,6,15,29.90694791594863,0.830928965980033,1.0084951849810315,0.9303636305522115,1.3302032917448978,-1.9856948156115173,1.2026990473814374,0.9686951649266552,1.0068055678190586
IX,25,6,16,29.89288661741382,0.8305382895297077,1.0121915631788851,0.9265387442866426,1.1363523555182133,-1.9839056754059046,1.42129269074234,0.9703355990805203,1.0057749380809797
IX,25,6,17,29.90104923111765,0.8307650780399789,1.0197140170552186,0.9961431508965577,1.2259125806820252,-1.9135797701294206,1.368279283693455,0.9744968020246068,1.011098851985374
IX,25,6,18,29.74391260083981,0.8263992237214002,1.0205570506792905,0.9888343153027415,0.9405953700002414,-1.9103815461026339,1.5198717281654084,0.9739841992305308,1.008814327070269
IX,25,6,19,29.7100260842285,0.8254577271739212,1.0159203657468954,0.9924780788203581,1.260225182890722,-1.9119789400096336,1.4794570125053566,0.9736570418113796,1.006723743884755
IX,25,6,20,29.69270119173136,0.8249763756482215,1.0189358321714599,0.9858298085426013,1.249722115886723,-1.9090599626516183,1.5132712905302472,0.9737125232183486,1.0065878448966619
IX,25,6,21,29.60516563124846,0.8225443042458518,1.0198112901656886,0.9221385269393451,1.0880731594475148,-1.9818382580673934,1.1779276338575042,0.9725670661824051,1.0096407929462339
IX,25,6,22,29.57063580494391,0.8215849341039254,1.0182224960280146,0.9822606249800232,1.148133998189273,-1.9074847520829723,1.5024046521546865,0.9708755566315952,1.0038966729657441
IX,25,6,23,29.56548419878174,0.8214418028558454,1.017606432995039,0.9816959481775854,1.1150088826553095,-1.9072350153734472,1.2370354293676593,0.9726294385274223,1.0057035958147666
IX,25,6,24,29.49633075222017,0.8195204566186148,1.021270386822736,0.976027871594626,1.0553267678984513,-1.904720236489685,1.380976702526377,0.9662699731560535,1.0042608844891712
IX,25,6,25,29.449879035692,0.8182298509409233,1.020427353198664,0.9140625832365568,1.060805687173845,-1.978018022492531,1.3327268681377435,0.9669708004313585,1.0026900867177362
IX,25,6,26,29.42496734525685,0.8175377092609274,1.0234752439933854,0.9695820326234031,1.1256535827962653,-1.9018425758316488,1.4827487621102962,0.9673974614603731,1.0032022732695345
IX,25,6,27,29.43357622459497,0.8177768967309017,1.018708861580364,0.9742699155115652,1.1245168223248256,-1.9039373090433043,1.221470569695937,0.9708929404069743,1.0013997928669718
IX,25,6,28,29.45458956618459,0.8183607274262947,1.0228267565902531,0.9685698760907318,1.0023563880821884,-1.90138897460984,1.4550615680919856,0.9702160671303182,1.0025387847865666
IX,25,6,29,29.48302475042766,0.8191507651896582,1.026166466716384,0.9709351260933953,1.0028257876309714,-1.9024482299688623,1.4538012741099444,0.9710433516713187,1.0018371642842863
IX,25,6,30,29.431823440603,0.8177281977130639,1.021756752375085,0.9691345528931694,1.0915573967440453,-1.9016420947685508,1.4681186875017127,0.9691421970112268,0.9993313497760837
IX,25,6,31,29.33407413984891,0.8150123496890816,1.0146233909406308,0.968996047262383,1.237125134109665,-1.9015800223455048,1.2287356782602818,0.9732676925307872,0.9998384573687901
IX,25,6,32,29.26259917644459,0.8130265028684056,1.0169903699620635,0.9695500697855293,1.2799931494599153,-1.9018282588244697,1.2189549379625924,0.9707969256331889,1.0014121109836038
IX,25,6,33,29.21789857182902,0.811784549751816,1.0211082649719527,0.9642442386984733,1.0955676680547872,-1.8994450695315193,1.5052970072767031,0.9711356456589723,1.000077721623678
IX,25,6,34,29.24972140564384,0.8126687093280661,1.017444311144256,0.9634771305895011,1.2220948308016588,-1.8990994274261375,1.4850618862271943,0.9688743197539648,0.9986779401686021
IX,25,6,35,29.2542614607688,0.8127948493581715,1.0171524918128465,0.9648302240594934,1.2453144780286678,-1.8997089164918182,1.2307759941672427,0.9715394775571159,1.0016491967401553
IX,25,6,36,29.20186526366213,0.8113390833600665,1.0210758406017963,0.8951938546117048,1.1261119439412675,-1.9689591830023423,1.2035845006070336,0.9687705893931389,0.9987822567480742
IX,25,6,37,29.12913186012017,0.8093182722773985,1.020589475049447,0.8897069007766969,1.2140839822618428,-1.966289049918247,1.253503220178515,0.9643917469898712,0.9972114599803917
IX,25,6,38,29.08274623192424,0.8080295027853893,1.0199734120164716,0.9556675438689948,1.1461915265794935,-1.8955648537328627,1.4682932460377704,0.9683571868644951,0.9989622382115819
IX,25,6,39,29.09305065436596,0.8083157989032207,1.0172497649233163,0.950596106926347,1.259873624845866,-1.893254048220868,1.3376218669679916,0.9652705696633527,0.993428628311226
IX,25,6,40,29.1802645982005,0.8107389345696598,1.0197464414253752,0.9487742251675384,1.248256058402093,-1.8924208948080503,1.490308780119087,0.9660621508852193,0.9960553457337331
IX,25,6,41,29.14786863888931,0.8098388513833705,1.0237670633247948,0.9477727229141585,1.2336582419135704,-1.8919622223316053,1.4769525184924532,0.968278508683428,0.9938487870321442
IX,25,6,42,29.14900888987264,0.8098705319003259,1.0257773742745047,1.0118262500133177,1.157619752025726,-1.8185183281482402,1.0750120203653055,0.9681328291471775,0.9960296286318893
IX,25,6,43,29.08521277533939,0.8080980327596032,1.0243831263577705,0.882376756624298,1.1382646185455327,-1.962696150338891,1.251396475836256,0.966850008252388,0.9941263970129722
IX,25,6,44,29.07401061849849,0.8077867941595724,1.0214649330436756,0.9519811632342131,1.3403408730112814,-1.8938863719927623,1.2501439705665023,0.9664827104034885,0.9944685293712482
IX,25,6,45,29.09927052281316,0.8084886105479224,1.0236373658441684,1.007724352486176,1.1462025872946304,-1.8167541397106306,1.0861996742064481,0.965240348976936,0.9949758243765806
IX,25,6,46,29.12213086558658,0.809123757973733,1.0243831263577705,0.9357973129907627,1.2320057465030416,-1.8864398107121376,1.3538336439456977,0.9643681043943012,0.993496270150997
IX,25,6,47,29.12699477637863,0.8092588959482404,1.0268149541195162,1.0019603873895948,1.1755196181913534,-1.8142629379319664,1.2214183013188034,0.9657938787731438,0.9938858329397038
IX,25,6,48,29.02562846454707,0.8064425535748184,1.0237994876949514,0.9433511970082784,1.3106463000206914,-1.8899314217254015,1.2300366398719573,0.9695695246173824,0.993374640659284
IX,25,6,49,28.90118009748584,0.802984903758772,1.0228267565902531,0.9371077893435897,1.2452212841740005,-1.8870475646670684,1.4480484303803642,0.9669654919654193,0.9938076400862617
IX,25,6,50,28.90060040140664,0.8029687975929062,1.0217243280049284,0.9419874492589948,1.3178659478536672,-1.889303133299138,1.2134585115848096,0.9685274445208063,0.9920931856073455
IX,25,6,51,28.87586727485107,0.8022816170978577,1.027917382704841,0.9341032825834494,1.052910566291534,-1.8856529151294648,1.2183561308130864,0.966593426885812,0.9919194600285131
IX,25,6,52,28.91718614183723,0.8034296126578448,1.0207840212703867,0.9296817566775696,1.3290492912942955,-1.8835923256682936,1.1024199002881503,0.9651190832961954,0.9940682832924337
IX,25,6,53,28.93852120026059,0.8040223818726998,1.0214973574138322,0.869346573051066,1.4210873037257856,-1.9562350373268664,1.1324789149887926,0.9626532609972125,0.9906715392893952
IX,25,6,54,28.89528026226298,0.8028209838564482,1.0249343406504328,0.9983592409891432,1.1944513148491178,-1.8126992281351242,1.2801149889373857,0.9667644364327128,0.9897007088785023
IX,25,6,55,28.81188971861098,0.8005040768151812,1.027495865892805,0.9907307770165886,1.1207031721444665,-1.8093680404846886,1.11704197837723,0.965965296956623,0.9902141795360736
IX,25,6,56,28.81505556263095,0.8005920360247053,1.0234428196232286,0.8643710246220395,1.2698778141702591,-1.9537422909159383,1.2033380748776938,0.9645153981766169,0.9891766184053887
IX,25,6,57,28.81482014661451,0.8005854952707754,1.0192925002431825,0.9324731778518842,1.3706801969869735,-1.8848943652550538,1.4437540660580384,0.9676124978608656,0.9893997198645234
IX,25,6,58,28.86440525114908,0.8019631584062686,1.026912227229986,0.9232572262649292,1.2925207912354837,-1.8805807323957768,1.4152936070277131,0.9644523084351778,0.9879554155619541
IX,25,6,59,28.82202084311506,0.8007855580559967,1.027171622191239,0.9245890111763391,1.2214399134726912,-1.8812067443728926,1.440902355805746,0.9645389483250347,0.9874628191783958
IX,25,6,60,28.79121394200345,0.7999296249611968,1.0200706851269412,0.9854142916502413,1.4203982191591809,-1.8070312425795922,1.1887921030435395,0.9643096931982552,0.9873313903205387
IX,25,6,61,28.73982977196889,0.7985019769312288,1.0222755422975909,0.9205723478835273,1.3484134115270159,-1.8793159423022638,1.399238273447546,0.9644613216098158,0.9867643810300064
IX,25,6,62,28.70858701348493,0.7976339340579005,1.0237022145844816,0.922362266804462,1.1684941363409662,-1.8801595448355763,1.472624050666197,0.9672616362968365,0.9874742902146812
IX,25,6,63,28.6470001696146,0.7959228168740619,1.0233779708829156,0.9211476789652563,1.2781761225661006,-1.8795872790076777,1.4375951723580929,0.9648326231838222,0.984292850637071
IX,25,6,64,28.77484175887385,0.7994747433317859,1.024837067539963,0.9225540438317048,1.2704609568631455,-1.8802498337061415,1.2472920374863128,0.9624897462985746,0.9850180923959222
IX,25,6,65,28.75971727203291,0.7990545274593056,1.0242210045069873,0.9217762814434417,1.3645838116539881,-1.8798835458141643,1.3408718225147187,0.9645772071651081,0.9891744341720757
IX,25,6,66,28.7379875468708,0.7984507928986703,1.032391945786453,0.918217752160155,1.2192631601600799,-1.8782037017168187,1.4396854239545862,0.9680830332281771,0.9900054060531425
IX,25,6,67,28.66684302763327,0.7964741270760216,1.027495865892805,0.9178341981056691,1.333529762702602,-1.8780222521540502,1.4437323653793575,0.9660824261098274,0.9890017262165635
IX,25,6,68,28.64139574876615,0.7957671047086612,1.0285982944781298,0.9798847206980682,1.345919816202982,-1.804587371724613,1.0998136104263707,0.9667724695429973,0.9894280216581666
IX,25,6,69,28.64158730702466,0.7957724269269669,1.0284361726273468,0.9805772488520015,1.3419595832032911,-1.804894198557265,1.1005579616940468,0.968888238131247,0.9880280220446935
IX,25,6,70,28.68963075528378,0.7971072569770362,1.0280146558153107,0.9771465709202098,1.3787575652663446,-1.8033720982435992,1.208482445070789,0.9660672272105921,0.9862174782387783
IX,25,6,71,28.69034551159452,0.797127115630747,1.033461950001621,0.9115694818823981,1.1550047192462818,-1.8750477940270058,1.4290793430475552,0.9657697089847114,0.9864792128026789
IX,25,6,72,28.64600568667727,0.7958951863488367,1.031224668460815,0.9065832791740802,1.365112878846289,-1.8726657216322273,1.170136592319502,0.9654592316734105,0.9862213300245173
IX,25,6,73,28.59395193235908,0.7944489347161876,1.0275931390032746,0.9693796013168688,1.3258353924746906,-1.7999062625513274,1.167760888229955,0.9633953036285764,0.986331780180308
IX,25,6,74,28.51215189959802,0.792176218127711,1.0253234330923122,0.9787020956967366,1.4457017343903193,-1.804062904215326,1.107203110978025,0.9659120390182341,0.9851609592549836
IX,25,6,75,28.49033506962416,0.7915700634635142,1.0312895172011283,0.9705835348767832,1.324917794946448,-1.8004453055455152,1.1361275099245676,0.9652409210129791,0.9859583848375697
IX,25,6,76,28.49499474433392,0.7916995269814655,1.0271391978210822,0.9689001587487613,1.437509231083153,-1.7996914130025108,1.1816130574613384,0.9661735172242263,0.9849957802618384
IX,25,6,77,28.47653282640289,0.7911865845568641,1.0341104374047534,0.9046442003430679,1.336810822778649,-1.8717358201509982,1.4421298463447816,0.9679596284348747,0.984532538114307
IX,25,6,78,28.43586937892317,0.7900567990480762,1.030251937356117,0.9698164267678112,1.4383914997414942,-1.800101921869272,1.1901258507718477,0.9682328371433935,0.9844892150546241
IX,25,6,79,28.41113152664612,0.7893694872544789,1.0328783113388023,0.9069881417871488,1.329195732219895,-1.872859625880688,1.4288126309269469,0.9691146635304659,0.9852505860128251
IX,25,6,80,28.38273002618072,0.7885803853548026,1.033818618073344,0.8998391203827015,1.3220661339961484,-1.8694228870023752,1.1456154312161042,0.9691614633164101,0.9843506910976019
IX,25,6,81,28.35478053472853,0.7878038419877794,1.029149508770792,0.9078404841304508,1.490819277076137,-1.873267562584263,1.244344906581406,0.9682498161300841,0.985058880076328
IX,25,6,82,28.33245477752347,0.7871835473859612,1.0386822735968353,0.9020232476374135,1.3111851811654534,-1.8704757475270235,1.2273585942742267,0.970574540019914,0.9869439166118411
IX,25,6,83,28.31368834895745,0.7866621444956586,1.0402062189941959,0.9639672274368999,1.3138492784999023,-1.7974746551276801,1.2570300722028416,0.9716991682782881,0.9880884942542273
IX,25,6,84,28.27920937185455,0.7857041871383021,1.0362180214649328,0.9666307972597193,1.386334246059401,-1.7986730137661708,1.083828543763937,0.967570151591107,0.9860393420618547
IX,25,6,85,28.24692963199444,0.7848073329711887,1.0385201517460523,0.9628378738320246,1.3301115333448292,-1.7969655511248328,1.1955572748352694,0.9663897690068859,0.9837612783805689
IX,25,6,86,28.20394462268704,0.7836130456291027,1.036542265166499,0.9014479165556846,1.3499925814287494,-1.8701986561850612,1.4174591773956182,0.968351958682394,0.9839993486167969
IX,25,6,87,28.17967800340699,0.7829388264836763,1.038131059304173,0.959822712792593,1.3469187101503506,-1.7956034085979047,1.1646086571609753,0.9696244098462605,0.983748144866016
IX,25,6,88,28.15868126291699,0.7823554570300851,1.037644693751824,0.9623584312639171,1.387953009242113,-1.7967492414784119,1.1777953602117708,0.9667556397031566,0.9842550291997488
IX,25,6,89,28.09446560047913,0.780571301249991,1.0398819752926298,0.9576598940964637,1.4796611163385007,-1.7946236858926683,1.1566368338259314,0.9682970434342622,0.9870598252769393
IX,25,6,90,28.05423320765769,0.7794534920820352,1.0389740929282447,0.8918803737521175,1.3122952812004713,-1.8655646240442185,1.1720023806411477,0.9704380250716415,0.983398847836553
IX,25,6,91,27.97590095903868,0.7772771237501409,1.0372880256801011,0.8989867780393993,1.4048720599174442,-1.8690113212089137,1.2250075350303669,0.9704425355879785,0.9832250555699303
IX,25,6,92,27.93474413794497,0.776133630442481,1.0351804416199215,0.8945652521335193,1.489185279113219,-1.8668700416025863,1.1887294245951443,0.9709771735555328,0.9840013022098253
IX,25,6,93,27.9131998450402,0.7755350478964972,1.035472260951331,0.8932121586635272,1.5048926066729338,-1.866212643051542,1.437395556657071,0.9693063491705624,0.9847189680375975
IX,25,6,94,27.83993616263109,0.7734995036464059,1.0401737946240392,0.9558699751755292,1.4207198348949341,-1.7938112061403313,1.1791422191779353,0.9662126884463618,0.9829029764659668
IX,25,6,95,27.80511580263821,0.7725320613716123,1.039622580331377,0.9546447330570323,1.2642572925114353,-1.7932541667606123,1.1526878875786934,0.9669209626709309,0.9845699973824552
IX,25,6,96,27.70535835578961,0.769760419397591,1.0390065172984013,0.9586400877912613,1.3681850314818012,-1.7950679720211407,1.196921979408685,0.9674596635891605,0.9834952159294484
IX,25,6,97,27.63182859428237,0.7677174824563263,1.0388119710774617,0.8952151631702873,1.4686824917071213,-1.8671854465394027,1.4340354359436736,0.9706233526058987,0.9862771269272497
IX,25,6,98,27.56594944746014,0.7658871087417471,1.0404980383256055,0.9580541024302413,1.3658780976654157,-1.7948024208257602,1.0783895540123563,0.9658099828798616,0.9831371243236798
IX,25,6,99,27.51287486187193,0.7644124945267969,1.0406925845465451,0.9512779808009886,1.4812690034795482,-1.7917198302033583,1.1700402399737935,0.9665199153691861,0.9827333945561451
IX,25,6,100,27.43621024416477,0.7622824593357204,1.041211374469051,0.9500101215653266,1.4322369759776226,-1.791140618298745,1.1549286531709988,0.9653358247168792,0.9845257151476198
IX,25,6,101,27.38854094374978,0.7609580245383569,1.0432216854187608,0.8906125145164554,1.4563264689973752,-1.8649468102326063,1.2022541082012097,0.9681052721585492,0.9820724272665963
IX,25,6,102,27.33026824154324,0.7593389868376386,1.0427353198664115,0.8852640663122342,1.434602335856166,-1.8623308530316123,1.4152820853099115,0.9664189792917705,0.9818197375632642
IX,25,6,103,27.22461967453851,0.7564036670990537,1.0429622904575078,0.8825898422101236,1.4841078037062647,-1.86101694168274,1.344239970612202,0.9648359758857425,0.9848340227234917
IX,25,6,104,27.15035145914547,0.7543402130951494,1.0450698745176874,0.9461532724618844,1.150608296872201,-1.78937388174173,1.148610341609636,0.9640778237475547,0.9844068000022956
IX,25,6,105,27.11758740829844,0.7534299029234746,1.0420868324632793,0.9470588862016429,1.4692084874613556,-1.7897893693331348,1.1804762138804032,0.9623491796173282,0.9813217701826119
IX,25,6,106,27.09419106637152,0.7527798633988901,1.0470477610972406,0.9443313907030759,1.4278069088794165,-1.7885368123331307,1.1500376222424444,0.9622598847026814,0.9841286517814642
IX,25,6,107,26.98523765989174,0.749752722627432,1.0506144418144676,0.9452156958842519,1.348581533577778,-1.7889433106853205,1.1787331750604042,0.9624472328495375,0.987389990606647
IX,25,6,108,26.90589032993235,0.7475481514681906,1.0481501896825653,0.8827390021202016,1.4368852581239142,-1.8610903323444632,1.431879328391829,0.9615749665912688,0.9864374272914678
IX,25,6,109,26.81804641069624,0.7451075126847336,1.0512953535877565,0.885104252122865,1.302780611825838,-1.8622524440135126,1.2115841797448472,0.9645547985062232,0.9842412458296596
IX,25,6,110,26.73366573994489,0.7427630961400172,1.044097143412989,0.8837405043735816,1.4782423545548897,-1.861582777286235,1.4465281258856406,0.9621976702941465,0.9848137837422486
IX,25,6,111,26.65433490477416,0.740558983268854,1.0484095846438184,0.8827070392823277,1.4579926097861031,-1.8610746068181196,1.2127321475808772,0.9617124375004927,0.9827596692655292
IX,25,6,112,26.70347276961219,0.7419242203814836,1.0479880678317823,0.9405917386718375,1.4858418075645665,-1.7868135459070036,1.1837032234061784,0.9572210737170027,0.9837706744091281
IX,25,6,113,26.61985698872331,0.7396010553915664,1.0495120132291431,0.8826324593272887,1.433285312948844,-1.8610379117087894,1.3923934107514329,0.956062361465644,0.9859544498746009
IX,25,6,114,26.58986795760597,0.7387678458414945,1.047177458577867,0.8822062881556376,1.5312036957984017,-1.8608281658699066,1.450328514542606,0.9566985541178702,0.9856704796428024
IX,25,6,115,26.49455377312933,0.7361196546260955,1.0487338283453844,0.9447788704333095,1.341352425285614,-1.7887425578475526,1.0705579892410062,0.9543155559233318,0.9846631439965107
IX,25,6,116,26.44709240508736,0.7348009969823285,1.043935021562206,0.8821210539213075,1.5740685859512311,-1.860786204543587,1.1815213352038472,0.9560372994781524,0.9846907840086643
IX,25,6,117,26.39630257798093,0.7333898620634975,1.0504523199636846,0.9386739683994076,1.3909677426101694,-1.7859271599820548,1.1354383526139873,0.9529465141100679,0.9869187335781228
IX,25,6,118,26.34943788701036,0.7320877823822612,1.0489607989364806,0.8722445370182934,1.4830041840560633,-1.855896274954664,1.3861073950250573,0.950991473422998,0.9850584933917829
IX,25,6,119,26.38585363959038,0.7330995507419662,1.0488635258260108,0.9398885562386133,1.5283172258456066,-1.7864887477524245,1.0742922081341004,0.9500791146018986,0.9837063124336747
IX,25,6,120,26.28895173339338,0.730407246567563,1.0477935216108427,0.9407302443026241,1.6973014563469084,-1.7868774926761544,1.214725555880455,0.9500622362250243,0.9844216709525795
IX,25,6,121,26.22893599230449,0.7287397806052832,1.0511332317369735,0.938460882813582,1.388465113531326,-1.7858285608916007,1.072422507880017,0.9495225296950068,0.9848038674288099
IX,25,6,122,26.11813130292511,0.7256612041410281,1.055575370448429,0.9328247690684963,1.387755514712475,-1.7832124552232984,1.1765984335161999,0.9482631271166916,0.9840877351908506
IX,25,6,123,26.08241227284199,0.7246687933869721,1.0507765636652509,0.9311094301026005,1.459277884576944,-1.782413111063918,1.1600927020939769,0.9479230466524858,0.986181728359609
IX,25,6,124,26.03263575107238,0.7232858119513423,1.0519438409908888,0.9297243737947346,1.5373332749086446,-1.781766602577824,1.1448433273686445,0.9479905697372757,0.9855244108485995
IX,25,6,125,26.04339993036654,0.7235848818663219,1.0569371939950065,0.934881044971713,1.371503564710524,-1.784168740342876,1.3383535972868035,0.9472949433457423,0.9864965944313481
IX,25,6,126,25.96758711323843,0.7214785129409024,1.0598553873091014,0.9290957713165492,1.39060426668,-1.7814728693743063,1.0844158910085595,0.9471369206456876,0.9850001779849795
IX,25,6,127,25.9157360181304,0.7200378919532933,1.0537596057196588,0.8606739897079663,1.5221953429670836,-1.8500966952885565,1.129593301890648,0.9472561804027351,0.983987520406374
IX,25,6,128,25.86057805789103,0.7185053936523608,1.053500210758406,0.868355725076977,1.547053122864405,-1.853955688808469,1.2757242274606932,0.9455699920263787,0.9854315872991187
IX,25,6,129,25.80504042843416,0.7169623466939324,1.0567102234039103,0.9272632352784496,1.4013128903510197,-1.7806154268807695,1.0676980356325436,0.9435885173938309,0.9826037890137266
IX,25,6,130,25.75458466202421,0.7155604932541038,1.055153853636393,0.9272738895577409,1.497830538611864,-1.7806204169072757,1.0784379682589362,0.9423925920273536,0.9859144202373087
IX,25,6,131,25.76572212825566,0.7158699345025169,1.0601147822703545,0.9185693433767671,1.3823910372487105,-1.7765243329824751,1.1665730144477962,0.9425627648075295,0.9846704584223849
IX,25,6,132,25.75329570902078,0.7155246812284385,1.056483252812814,0.8499344761823585,1.4860690184942085,-1.8446434629019388,1.2923506061135648,0.9350671624466013,0.9826358039549952
IX,25,6,133,25.53854545780008,0.7095581009979092,1.059563567977692,0.861132123717491,1.446988751883856,-1.8503278073463578,1.206898761512003,0.9491724643920231,0.9858518602053683
IX,25,6,134,25.44454404913535,0.706946383696566,1.0607632696734866,0.8614410978169382,1.3115541253132172,-1.8504836042044563,1.431354272745005,0.9471442324424649,0.9873383879581576
IX,25,6,135,25.4128219372317,0.7060650225587836,1.0571317402159461,0.8622295144844927,1.3821333148672874,-1.8508809017270749,1.2298443019340404,0.9448543088282326,0.9838284836077048
IX,25,6,136,25.37706785311216,0.7050716378700314,1.0561265847410914,0.9152771710757626,1.4365003037090391,-1.7749650162255786,1.1592999227666867,0.9459970577680215,0.9837452688359216
IX,25,6,137,25.39081266661923,0.7054535211603997,1.0559644628903084,0.9235342375265025,1.4504213991785577,-1.7788653863043136,1.0784599907797707,0.9433530804172365,0.9853743471734345
IX,25,6,138,25.31069801373083,0.7032276308465002,1.0572290133264162,0.9190487859448746,1.5532680191224926,-1.776750951628777,1.0693980775834901,0.9436155648529224,0.9847963327750028
IX,25,6,139,25.18596438979259,0.6997620555075111,1.0613469083363056,0.9141158546330134,1.338330649460809,-1.7744136274496398,1.1487503548112654,0.9453727944047471,0.9847810557102148
IX,25,6,140,25.05981088929961,0.6962570305877501,1.0596284167180052,0.920902630541557,1.322051213064255,-1.7776260994656938,1.1007905980734736,0.9448762765623803,0.9833864165905533
IX,25,6,141,24.99368640498478,0.6944198404628298,1.0568399208845367,0.9119743444954665,1.462591793090998,-1.773395006942851,1.154917439653277,0.9444637181847354,0.9858767584536766
IX,25,6,142,24.90202636626223,0.6918731753396796,1.0592717486462824,0.9150427769313546,1.4308029825701216,-1.7748537831221267,1.0699994800296457,0.9434390642582708,0.9867668140150732
IX,25,6,143,24.89949899865044,0.6918029554375278,1.0653351058655685,0.9118038760268061,1.3229806479472495,-1.7733138199710359,1.269779367290559,0.9403783124818729,0.9862514081240216
IX,25,6,144,24.85720844723895,0.6906279627818468,1.0644596478713402,0.8402390820272962,1.3930274215639369,-1.839660894873413,1.3569388534335658,0.9419098293191075,0.9851364321616638
IX,25,6,145,24.78476294767762,0.6886151507687459,1.0645893453519666,0.9064021564261285,1.4566663882439734,-1.770733316028693,1.0965022633760906,0.9432542319562336,0.986000766816082
IX,25,6,146,24.6615171536429,0.6851909130134769,1.0572290133264162,0.9092681575554821,1.6174790322727977,-1.7721043683610243,1.0680129681878707,0.9435867997298196,0.9852737306940215
IX,25,6,147,24.56119152946978,0.682403484908484,1.0611199377452092,0.9077445956168294,1.4718066958952774,-1.7713760579001214,1.1572168507809293,0.9450413832184222,0.9831892583524986
IX,25,6,148,24.4875417524071,0.6803572134778003,1.0605038747122337,0.8393015054496639,1.436695200178514,-1.8391760189741821,1.3389037549885763,0.9466544819595157,0.9852133027551907
IX,25,6,149,24.52468927060744,0.6813893130746458,1.0613144839661488,0.8414536698665017,1.4829135193496699,-1.840288225742834,1.3436623752915484,0.9423173278948445,0.9838225833286941
IX,25,6,150,24.50754312372211,0.6809129277831073,1.065043286534159,0.8929458016812452,1.6235740585261529,-1.7642374856513638,1.276237607393053,0.9459503751316056,0.9832149432395049
IX,25,6,151,24.47695825852371,0.680063163691988,1.0682532991796634,0.8325893094961591,1.4502809584815792,-1.8356888470848072,1.1725686939965017,0.9494243330547179,0.9879037002946335
IX,25,6,152,24.30274419822691,0.6752228332982468,1.0630978243247624,0.9025453073226861,1.4413580453555859,-1.7688813984303828,1.0763312167241228,0.948898785608859,0.9848667072145442
IX,25,6,153,24.25772663705953,0.6739720739209649,1.0657890470477611,0.8988376181293215,1.4415050346851284,-1.7670936261489978,1.3391182865414324,0.9513215140146956,0.983104379508982
IX,25,6,154,24.09050570189753,0.6693260391890062,1.0651081352744722,0.8921786935722733,1.3346239566877052,-1.7638642334326617,1.1702626822401616,0.9509157034012461,0.9837502545370209
IX,25,6,155,24.1966940664478,0.6722763565601685,1.0691287571738919,0.8841240584280674,1.3245742143632817,-1.7599255945168855,1.1459025741661115,0.9532769538657992,0.9800664109725468
IX,25,6,156,24.09567732499863,0.669469726583919,1.0660160176388573,0.8958011485313074,1.6369861202537574,-1.7656240008697757,1.2145228000894093,0.9578143876761205,0.9853420785951988
IX,25,6,157,23.80574152057099,0.6614142052097312,1.0683829966602898,0.8952471260081611,1.5628629548397992,-1.7653553214201516,1.2036693306177748,0.9614112099378678,0.9876445007382898
IX,25,6,158,23.66000920040639,0.6573652060793429,1.0656593495671347,0.9644147071671336,1.52258471925859,-1.6963724097922979,1.1861166982886204,0.968710779331835,0.9869828654635167
IX,25,6,159,23.52090872378966,0.6535004648316801,1.0700042151681204,0.9623158141467519,1.5248780307803127,-1.6954262079157558,1.3948441610774935,0.9704694874185209,0.9854956293027596
IX,25,6,160,23.42334836568875,0.6507898663545216,1.066210563859797,0.9659382691057863,1.5025418581534165,-1.6970579576566756,1.324591557341418,0.9751564194696402,0.9876906508166571
IX,25,6,161,23.38992669940098,0.6498612851202253,1.0665996563016764,0.9627739481562768,1.586076290047323,-1.6956329152391867,1.1804342214963643,0.9749172785982253,0.9843824845089065
IX,25,6,162,23.45244225521934,0.6515982054606027,1.0670211731137123,0.9614421632448671,1.547893546587092,-1.6950317489491482,1.2708650968631803,0.9764983862074111,0.9848507469314632
IX,25,6,163,23.4085477417005,0.6503786486260867,1.0721117992283,0.9522155573786212,1.4007681060041,-1.6908438578528753,1.3361863101329048,0.9797148528033143,0.9855879919226684
IX,25,6,164,23.23563507640117,0.6455744759440123,1.0669239000032424,0.9534727623349918,1.571442560779757,-1.6914168762722406,1.3439305143469435,0.9826481569975665,0.9855557017968554
IX,25,6,165,23.08539288702902,0.6414001754633203,1.0732466521837813,0.8795320640535271,1.4459418150581096,-1.7576640625788964,1.1076373324255244,0.98424347608153,0.98595596889576
IX,25,6,166,22.949677401808,0.6376294821742854,1.0708148244220355,0.8783068219350302,1.5523809341018922,-1.7570586419325869,1.0983312999273838,0.986582335378459,0.983062205998372
IX,25,6,167,22.88450101652871,0.6358186338530645,1.0709445219026619,0.9490299278705291,1.3886319850338682,-1.6893884933329342,1.3302776183870912,0.9887944424437646,0.9817411927604485
IX,25,6,168,22.85159708742521,0.6349044373304541,1.0730521059628417,0.9562215663921413,1.3562277050287965,-1.6926671195602379,1.2379781042551095,0.9924193954264497,0.9801096408697869
IX,25,6,169,22.81230059498937,0.6338126310412225,1.0756460555753704,0.9453648557943298,1.3933549023430443,-1.6877080383631922,1.2906007064770282,0.9972418081092249,0.9832572453297347
IX,25,6,170,22.69094143192631,0.6304408110828771,1.071106643753445,0.8812047859022575,1.511454173789323,-1.7584892331172746,1.1435429655638791,1.0002683398352612,0.9848702039868045
IX,25,6,171,22.53962946819433,0.6262367881943639,1.067961479848254,1.0293631937267604,1.522621053561032,-1.6229362135612704,1.1003949330650837,1.0024180061468217,0.9822267589048566
IX,25,6,172,22.44197230276912,0.6235235000408764,1.0685775428812296,0.9522262116579122,1.4843745116936131,-1.690848717119018,1.3054691612601232,1.0065600465879943,0.983401264949631
IX,25,6,173,22.35429502140936,0.6210874910925559,1.073019681592685,0.9423816575927723,1.4029533057113648,-1.6863354095841916,1.1509630291243522,1.006712587881005,0.9832746607632458
IX,25,6,174,22.38225307781644,0.6218642724266604,1.074932719431925,1.0259857871914253,1.4708410549155717,-1.6215089227651414,1.0849552285948763,1.0093152844791453,0.9838667724845868
IX,25,6,175,22.2918676247813,0.6193530201503934,1.0772348497130444,1.0257940101641823,1.3412711279838518,-1.6214277369526704,1.0587457030924856,1.0119297513305172,0.9815395834486247
IX,25,6,176,22.17558883422086,0.6161223522976478,1.073765442106287,0.942456237547811,1.5334097076615356,-1.6863697782299352,1.2618072546158094,1.0163440252981721,0.9840789016724487
IX,25,6,177,22.06825361101188,0.6131401708231311,1.0811906228721506,1.026625043948902,1.2688341628975186,-1.6217794325832282,1.0777359508492261,1.0189314059268189,0.9856805710722208
IX,25,6,178,21.99165223040982,0.6110118925997833,1.080996076651211,0.9445338220096099,1.5016813342330206,-1.687326098934926,1.2853153206084305,1.0232732430061624,0.9851424437126436
IX,25,6,179,21.88619949322045,0.6080820137596292,1.0817742615349695,1.024654002280016,1.557991821740027,-1.6209448188962956,1.1038136426173446,1.0236592900214139,0.9846417155268311
IX,25,6,180,21.83461555599933,0.6066488154360562,1.0795694043643203,0.9407408985819152,1.642686868499647,-1.6855786104448789,1.194295400985392,1.0269478515382628,0.9850747827006351
IX,25,6,181,21.83022311778389,0.6065267767661543,1.0850815472909439,1.0236098829094706,1.4534946540928202,-1.6205020484860644,1.0566679525755207,1.0312944715116812,0.986848259082421
IX,25,6,182,21.61318037079115,0.6004965022681013,1.086151551506112,0.936766852406269,1.3787346185922873,-1.6837400998965115,1.2711144591441226,1.0390760822967617,0.9892893969559531
IX,25,6,183,21.45745067080136,0.5961697378336773,1.081741837164813,1.0258792443985125,1.4910653272531105,-1.6214638214096646,1.0592533319526176,1.0406857978163082,0.9853197802841829
IX,25,6,184,21.37004845307964,0.5937413712012821,1.0822282027171621,1.0234820315579751,1.3781562160741179,-1.6204478006663763,1.0702019965082719,1.0431470783024628,0.9851629739315783
IX,25,6,185,21.26809955674871,0.5909088424106765,1.0833954800428,0.9407089357440416,1.4493773587890557,-1.6855638545009652,1.2006928553412235,1.048470033465801,0.9878469125691696
IX,25,6,186,21.22397212689422,0.5896828142728875,1.0820660808663791,0.9387911654716117,1.5961650429717098,-1.6846775791180775,1.252853588560511,1.0498908569711545,0.9867357496402321
IX,25,6,187,21.14421377987711,0.5874668234937059,1.089556110372556,1.0230452061070328,1.4761630694564964,-1.6202624028057577,1.0573248219400497,1.0500664253834449,0.9882609749070989
IX,25,6,188,21.00195969058608,0.5835144628699062,1.0821957783470055,1.0215749155648366,1.652147266722056,-1.6196377985845953,1.0814067713782505,1.0494884807162348,0.9873601790462918
IX,25,6,189,20.94297106402631,0.581875534062806,1.0853733666223533,1.0155765563238472,1.4299852482391116,-1.6170802451739479,1.0725300266131697,1.0540462503343901,0.9874954157811833
IX,25,6,190,20.85713385379242,0.5794906493014886,1.0872864044615933,1.0105051193811994,1.471207532363676,-1.6149060962185775,1.206590366219151,1.0629639874159065,0.989250326138041
IX,25,6,191,20.83910386448879,0.5789897074999113,1.090204597775688,1.0188793829041434,1.3899569108775478,-1.6184903525063354,1.0769731846486088,1.062268146457498,0.9895953062603373
IX,25,6,192,20.75563957457522,0.5766707515065063,1.0946467364871437,0.9283925888833249,1.3241579026151453,-1.6798402500540768,1.2131787079380578,1.0649416668342757,0.9876101971164938
IX,25,6,193,20.66560989947043,0.5741693840967463,1.0907233876981939,1.0195719110580765,1.474566182955243,-1.6187854404177098,1.0431677318169774,1.065810694546476,0.988689975252121
IX,25,6,194,20.58703234895792,0.5719862003435896,1.0880970137155084,0.9287335258206457,1.500093599444322,-1.6799997082955465,1.2146779185617216,1.0719012490940896,0.9909920447781482
IX,25,6,195,20.43332137650512,0.5677155238519949,1.0979864466132745,1.105147082325616,1.3289641328831392,-1.55213782449699,1.1265192174528011,1.0738353885980418,0.9922863572038886
IX,25,6,196,20.35419283710651,0.5655170315281782,1.0924418793164943,0.9212755303167516,1.3904055695572617,-1.6764981212855037,1.1916756632721306,1.0749445149821484,0.9870157240360019
IX,25,6,197,20.27038316751227,0.5631884795712622,1.086962160760027,1.10618054741687,1.5808000834761977,-1.552543760020077,1.1143765452259542,1.0756181495545465,0.9859390739410586
IX,25,6,198,20.29251136763213,0.5638032852845121,1.0871567069809667,1.0145643997911762,1.5628489010763515,-1.6166471973778738,1.0327821405904347,1.074068676260694,0.9868661646107901
IX,25,6,199,20.32147829279114,0.564608096836585,1.0947764339677701,0.9161721305362298,1.4227428507738598,-1.6740856617525908,1.205453712245831,1.0824116001905428,0.9899803142890299
IX,25,6,200,20.06888756405169,0.5575901639589981,1.0878700431244122,1.00392077477919,1.6523851625885466,-1.6120670196166715,1.1799098920802125,1.084575712264567,0.9887188112677605
IX,25,6,201,19.91625839691165,0.5533495441409378,1.0982134172043707,1.0167059099287228,1.3819019618918094,-1.6175629261962439,1.024332032551221,1.086550364502916,0.9887180422662909
IX,25,6,202,19.83881648701351,0.5511979128111202,1.1008073668168996,1.000809725226137,1.3188884229515543,-1.6107190950568147,1.1985798580599294,1.0913741264172938,0.9920268467633692
IX,25,6,203,19.75661788563029,0.5489141224676749,1.0938361272332284,1.105956807551753,1.5324005755711725,-1.5524559092463308,1.1238935600855238,1.091222111521371,0.9907358786462104
IX,25,6,204,19.75826673900476,0.5489599338969572,1.096105833144191,0.9995099031526014,1.4776412130791872,-1.6101546796249626,1.2161703424535708,1.0914572967911726,0.9910592916495687
IX,25,6,205,19.71319073418172,0.5477075507322363,1.096948866768263,1.0090241745597117,1.527013967853802,-1.6142691494991694,1.04106205856113,1.0888142982728957,0.9904913819196951
IX,25,6,206,19.61453370872328,0.5449664826573114,1.100353425634707,0.9987854121607943,1.3760999062385786,-1.609839768759381,1.0621121672268399,1.0874176339346724,0.9904185820373668
IX,25,6,207,19.47749682958266,0.5411590760103522,1.1002561525242371,1.0090348288390032,1.330549744627068,-1.6142737351873948,1.0530416179975488,1.0987429004839304,0.9906959248123843
IX,25,6,208,19.48937393487293,0.5414890672500272,1.097208261729516,1.008949594604673,1.4706116605621535,-1.614237048325761,1.032895976399203,1.1017512837805945,0.9932529527849834
IX,25,6,209,19.37549764309691,0.5383251499676278,1.097110988619046,1.1040390372793232,1.5294434708839895,-1.551702172755937,1.1951663589809345,1.1032374070082327,0.9893294215566591
IX,25,6,210,19.3155008859541,0.5366582114517038,1.0953276482604324,1.0030151610394316,1.5338313817783624,-1.6116750757886817,1.0773242757128128,1.1017984822987468,0.993258287005886
IX,25,6,211,19.27189749811298,0.5354467431977759,1.0996725138614183,0.9966439020232474,1.4486786875344326,-1.6089075920231435,1.152147928560442,1.105671700002286,0.9930274376722203
IX,25,7,0,35.68464623212265,1.0,1.0,1.0,1.0,-1.703082833250564,1.1552229536713388,1.0,1.0
IX,25,7,1,33.30542239157823,0.9333263996771057,1.0103102717286567,0.9382422802850354,1.1315209944665159,-1.777138840001559,1.5729474888054635,0.9710143155507979,1.0080355757391057
IX,25,7,2,31.87099662419724,0.89312911824547,1.0193678936211215,0.9417880133567419,0.727563425364434,-1.7787769988528803,1.4879163962704138,0.9609087089675653,1.0126430580392833
IX,25,7,3,31.04269169929038,0.8699173167463358,1.0213914048949702,0.8805724809804124,0.8465409309342181,-1.8508927501102332,1.0576724110405464,0.9567071964798073,1.0179601679652261
IX,25,7,4,30.51888814619444,0.8552386353412103,1.0228367700905763,0.9413577059451271,0.8436934702625435,-1.7785785222976955,1.5225010798122862,0.9551083671659399,1.019430062441766
IX,25,7,5,30.13455274377356,0.8444683057176282,1.0207490203635896,0.9428379634410822,1.0096917440100102,-1.779260901314899,1.5095497390891015,0.9538557418483381,1.0190883454361155
IX,25,7,6,29.82443155615191,0.8357777000828024,1.0155778248859768,0.9499380357327274,0.9493443677746515,-1.7825191174816954,1.266310940744281,0.95086934941306,1.0172988264486544
IX,25,7,7,29.67684556408608,0.8316418599484822,1.0194642513008287,0.8771730524286548,1.0337890960539873,-1.8492129223146443,1.1666011641134293,0.9509927544917114,1.0182543857820239
IX,25,7,8,29.52264861071568,0.8273207591487889,1.0216804779340913,0.8746342387001272,1.0869050413481984,-1.8479541154008892,1.1896991082091743,0.9514877573391215,1.0162483773390305
IX,25,7,9,29.38385638734727,0.8234313490516397,1.023993062247061,0.9453853833178422,0.9427384694825142,-1.7804327235664104,1.3018766783056603,0.9482484823272738,1.0214186529225113
IX,25,7,10,29.19925713578968,0.8182582768469497,1.0296781653497782,0.9412458260181072,0.7765819588744739,-1.7785269035323286,1.4777673435114038,0.9515261474197455,1.0231989167770792
IX,25,7,11,28.99182764239123,0.8124454269156612,1.030673861373418,0.8736703500981099,1.1234390885591976,-1.8474752382691564,1.230434881158816,0.9521543029818769,1.0220997073108051
IX,25,7,12,28.87071572715762,0.8090514766311103,1.0257275004817885,0.8736359255051809,1.114567086521359,-1.8474581257446245,1.1852078006058857,0.9456141564062455,1.024250979539385
IX,25,7,13,28.75638632631388,0.805847594488072,1.030320549881159,0.8809081207614718,0.8475576365775407,-1.85105825463687,1.2983228497493156,0.9483943350815978,1.0225179800906132
IX,25,7,14,28.67900472146099,0.8036791099149159,1.0299672383888996,0.8756497641915384,1.1135814343622137,-1.8484580760905984,1.21186335083335,0.9477281080269165,1.0240826770270974
IX,25,7,15,28.59095900428603,0.8012117821851624,1.0303847883342967,0.9444387070122895,0.9706106593863869,-1.7799976181699417,1.2280054488110237,0.952026539672735,1.0236573661017438
IX,25,7,16,28.44360845681762,0.7970825399752237,1.0312520074516607,0.870684016661503,1.2171400529980425,-1.8459882131274172,1.2171439295943254,0.9506098210131783,1.024279682395818
IX,25,7,17,28.35831969564903,0.7946924711312228,1.0336609494443374,0.9340855106888359,1.1437483450378996,-1.7752104756704232,1.1958085766192417,0.9506138095303449,1.0235986300339222
IX,25,7,18,28.30629961193508,0.7932346989741005,1.0380934027108626,0.929945953389101,1.024210613037775,-1.773281549165839,1.3106774477576397,0.9464953088471666,1.0230200414865542
IX,25,7,19,28.27411073688934,0.792332661867263,1.0300957152951757,0.8674653172226238,1.0847195933210467,-1.8443797609929642,1.1692613395619953,0.9452169198957523,1.0215839489017846
IX,25,7,20,28.22317532488337,0.7909052857437997,1.029067900044967,0.9988467761368721,1.136983388399875,-1.7025817054785854,1.196426907964384,0.9461130316174298,1.0238201647777097
IX,25,7,21,28.16673438090173,0.7893236266847606,1.0347851223742532,0.8721814864539225,1.0914375232849187,-1.8467345048252393,1.2799590126347242,0.9456876480578347,1.022590115651882
IX,25,7,22,28.06782214036433,0.7865517835818756,1.0361662491167212,0.8673018004062102,1.1030294092229003,-1.8442978889646608,1.160648721230468,0.9469886526175922,1.0216034904001052
IX,25,7,23,27.93225495618018,0.782752749585509,1.0364553221558424,0.8652363248304589,0.9669898711633542,-1.8432623849755039,1.1155997846269352,0.9458575564071531,1.0235927932522437
IX,25,7,24,27.87634550619424,0.781185984719122,1.0337251878974754,0.9308237805087952,1.0962766957824954,-1.773691310239963,1.4624122548459646,0.9444841522611066,1.021164772380523
IX,25,7,25,27.76398434954665,0.7780372591883516,1.038543071882829,0.9319167613342972,0.9763307156896226,-1.7742009631789029,1.1934815104335805,0.944420970724855,1.0197089106277122
IX,25,7,26,27.66575587174307,0.7752845773440475,1.038607310335967,0.9300836517608178,0.9423068787347544,-1.77334585098442,1.3416357627010027,0.9407139419341508,1.0233556694643813
IX,25,7,27,27.56050745527225,0.7723351739567702,1.041305325367765,0.9167613342972218,1.0420641006397167,-1.7670801282378015,1.3293015937850794,0.9364775261424382,1.0205290625566583
IX,25,7,28,27.4534731372986,0.7693357237933186,1.039795721719021,0.9231729147302832,0.9766557836834611,-1.7701068943026053,1.1522780232972951,0.9403505743607762,1.0232550687697293
IX,25,7,29,27.32848483036377,0.7658331443892298,1.041208967688058,0.9297307996832935,0.8873579627298421,-1.7731810585107228,1.2388087355998147,0.9402124843439953,1.0215482633953643
IX,25,7,30,27.28069346052297,0.7644938745662945,1.0391212179610714,0.924265895555785,1.0707051289365563,-1.770620768531164,1.2269606237915798,0.9374188164846882,1.022004328701066
IX,25,7,31,27.24862818611696,0.763595301151907,1.0405344639301086,0.8591431718819923,0.9339890593539141,-1.8401931838843353,1.1016379639046827,0.9343415253313465,1.020761780893103
IX,25,7,32,27.18967213893381,0.7619431607103386,1.0404702254769704,0.9171400048194429,0.9953528224041572,-1.767259477603102,1.384157484974199,0.9326710483413562,1.019268170565417
IX,25,7,33,27.15691978710435,0.761025333148972,1.0389927410547954,0.9169334572618677,1.074106165198933,-1.7671616598583504,1.458832042603189,0.9310576257775667,1.017499730874865
IX,25,7,34,27.08315223969056,0.7589581262349971,1.042301021391405,0.9216065957520051,1.0175584098063708,-1.7693694144587944,1.2235557857191783,0.9329253974451055,1.0215123433490747
IX,25,7,35,26.99592645421725,0.7565137756617585,1.041048371555213,0.9231901270267479,1.0261561197928202,-1.7701149915242314,1.1930447955208754,0.9326981366087768,1.0226775814420104
IX,25,7,36,26.9437089650103,0.7550504715598406,1.0399884370784351,0.9211504698956935,1.1704071820800326,-1.7691544181902272,1.1974153628807513,0.929206977315063,1.0169413113452446
IX,25,7,37,26.97274477760144,0.7558641495882641,1.035620222265048,0.9150228923542979,1.2490749043303717,-1.766255799740365,1.1405151707520083,0.930461391928184,1.0180406526266819
IX,25,7,38,26.95193995168136,0.7552811306118463,1.0406308216098157,0.8509501187648455,1.027183929131844,-1.8360317442680212,1.186092326936775,0.9261305017923124,1.0175552642783992
IX,25,7,39,26.91918144975369,0.7543631307046992,1.0360056529838761,0.851371820028228,1.1975571257187112,-1.8362469121881089,1.1522880360227203,0.9270662710828124,1.0174333313752333
IX,25,7,40,26.80631264306686,0.7512001791665884,1.0453202286888932,0.8566646011910908,1.1624820130795788,-1.8389384625341965,1.324867926937296,0.9280274965899704,1.0200157165356702
IX,25,7,41,26.75521665298844,0.7497683031225876,1.0444208903449606,0.9187579606871148,1.1971790944111296,-1.7680249553152723,1.3296417119119173,0.9294116756825107,1.0229224071504313
IX,25,7,42,26.71029521651118,0.7485094581788811,1.0378043296717414,0.857912492684774,1.2456149798143452,-1.839570632982932,1.0867668553821246,0.9265380015730054,1.0194325885013988
IX,25,7,43,26.72520657198337,0.7489273229203499,1.0455771825014453,0.9113050363179455,0.9616981528030136,-1.764487610614899,1.2116794877539456,0.9278162263789561,1.0184600697901407
IX,25,7,44,26.71724699838049,0.7487042697464132,1.0441639365324082,0.8460101896795069,1.0931826052667803,-1.8335032349184042,1.2118905716853845,0.9247839814446562,1.019552559479954
IX,25,7,45,26.73493089090647,0.7491998300053254,1.0396672448127449,0.84227512134669,1.2287949188950806,-1.8315816139668293,1.1965453221082323,0.9223450880799364,1.018278214003024
IX,25,7,46,26.67839821815492,0.7476156004074247,1.0456735401811525,0.9093944714103753,1.1487086625796106,-1.7635761498299498,1.4598098361540583,0.9271402217810394,1.0175127059372577
IX,25,7,47,26.59453727866744,0.7452655437768508,1.0419155906725766,0.908335915177803,1.1084309717944545,-1.7630703265395966,1.1540255616543178,0.9308526060057057,1.021811898984353
IX,25,7,48,26.52314275743606,0.7432648367846343,1.0472473822830346,0.8413972942269957,1.0967993262006865,-1.8311287521094204,1.1407310317815238,0.9279436923930588,1.0190192348022546
IX,25,7,49,26.50828388567609,0.7428484428077033,1.0414980407271792,0.9050913972942268,1.3775100639959685,-1.7615162772461737,1.1591005261002625,0.9282553332716851,1.017458902031696
IX,25,7,50,26.51335280502996,0.7429904904357195,1.0508768548853344,0.8465868016110709,0.956093149406782,-1.8337991345224491,1.315533595312289,0.9270917270217689,1.0192896237849491
IX,25,7,51,26.50915723278848,0.7428729168379825,1.0372904220466372,0.9111673379462287,1.1545417113915108,-1.7644219836743078,1.1930237491028728,0.9274687930953329,1.0159093072667733
IX,25,7,52,26.50367892500255,0.7427193968128633,1.0472473822830346,0.8391855141312954,1.1361784867585178,-1.8299856195716417,1.1932257859223068,0.9303038652501616,1.0206705216433165
IX,25,7,53,26.38246709164768,0.7393226464971558,1.0496563242757113,0.8462511618300114,1.0034610623811508,-1.833626918976863,1.250585020214548,0.9316308588542069,1.021688806677731
IX,25,7,54,26.35728247426605,0.7386168915005165,1.0405344639301086,0.8411305036317945,1.3907193956644421,-1.830991024002416,1.1240945332875103,0.9305077823648298,1.0176677805669747
IX,25,7,55,26.34661374303268,0.7383179189069822,1.0409841331020748,0.9020448208199936,1.3036091207386848,-1.7600519575212124,1.143072741885068,0.9327498386508698,1.0167558306680602
IX,25,7,56,26.35446660478463,0.7385379816673321,1.0440354596261323,0.8403043134014939,1.2499878876415016,-1.8305642338785724,1.183588956877415,0.9300260468321553,1.0169725515369465
IX,25,7,57,26.33569457001325,0.7380119281190001,1.0399241986252972,0.8360270577300422,1.2520246124926446,-1.828347974493287,1.1124360576846843,0.9274304027362001,1.0146747954145927
IX,25,7,58,26.29339869397145,0.7368266599292393,1.040855656195799,0.9666511755998485,1.2862973574927732,-1.6883526167001217,1.2041399954743108,0.9307000220670453,1.0176661462677405
IX,25,7,59,26.21689947077346,0.7346829025636661,1.0440996980792703,0.9061413473785671,1.0691186595238205,-1.7620197879963193,1.2065454706656926,0.9343932213244305,1.0165131131616738
IX,25,7,60,26.22131872176703,0.734806744368481,1.0472152630564655,0.9015456642225204,1.0678183059018451,-1.759811569292043,1.4039343921360619,0.9289674103789678,1.0177786067059311
IX,25,7,61,26.24597998782554,0.735497833356672,1.0435536712275968,0.9013132982202485,1.2074769762776416,-1.759699619022799,1.4024299416587014,0.9296640598985526,1.0167257621999721
IX,25,7,62,26.23298181251781,0.7351335821539788,1.0404702254769704,0.90083135391924,1.3602954327718808,-1.7594673338338669,1.3233559948880467,0.9291039431857456,1.0136670309609677
IX,25,7,63,26.23897340798741,0.7353014861715954,1.0420440675788527,0.8348738338669144,1.1787133517705617,-1.8277484908947095,1.307536701900276,0.9273333395666293,1.011387595304701
IX,25,7,64,26.24660362025406,0.7355153095682747,1.0387357872422434,0.8939722537780989,1.3729436732910325,-1.7561478800155643,1.1358014723965928,0.9338035756388741,1.0143787277308962
IX,25,7,65,26.13578107657579,0.7324097009836361,1.0435857904541657,0.9593015250094667,1.268252267892711,-1.6850379681225702,1.178106052410238,0.9309102963516327,1.0126843929398732
IX,25,7,66,25.95480583617192,0.7273381853736268,1.0289715423652597,0.9033013184619092,1.220692858457754,-1.7606564843414663,1.3410325431756545,0.9332868686505518,1.0055484741504663
IX,25,7,67,25.95823850877255,0.7274343800389264,1.0282970386073103,0.8303814244896555,1.1599074584070836,-1.825405266543661,1.173119101403452,0.9325460477566745,1.004498718903086
IX,25,7,68,25.94604357872007,0.7270926383841778,1.0206847819104516,0.8983269647836414,1.3689542111969277,-1.7582582761614025,1.448436025102252,0.9335014448221279,1.0054259073017828
IX,25,7,69,25.91796023957738,0.7263056517636572,1.0263698850131688,0.8914162277531067,1.0029276698949123,-1.7549043761304093,1.1209339839238737,0.9340244699159691,1.0034059878307868
IX,25,7,70,25.9392183788736,0.7269013740571597,1.0261450504271856,0.8963131260972838,1.2988820735693074,-1.7572835967251512,1.4300365027997346,0.9334532330921362,1.0036485565239561
IX,25,7,71,25.89048143883981,0.725535606278021,1.022483458598317,0.889428207511446,1.2314595642313957,-1.7539347388477575,1.272096286403802,0.9327845205122717,1.0031974127842778
IX,25,7,72,25.84548846261044,0.7242747565574803,1.026498361919445,0.8888774140245791,1.0585308112195702,-1.7536657113231668,1.1042416144709666,0.9363491714086297,1.002168250682188
IX,25,7,73,25.80444319769711,0.7231245345643481,1.0236718699813707,0.8985163000447518,1.170037698998096,-1.7583498002926876,1.2046358201802003,0.938382765489664,1.0051481671706919
IX,25,7,74,25.78966814662001,0.7227104895159261,1.0257596197083574,0.826259079486385,1.0605616193566907,-1.8232438858719318,1.0802406139927114,0.9355270076455438,1.0015119438378937
IX,25,7,75,25.77568460828527,0.7223186252322289,1.0228046508640072,0.8300974215979895,1.3510588116578073,-1.825256705915878,1.0561403867097494,0.9366710584977782,1.0024131084693797
IX,25,7,76,25.75851658822294,0.7218375213997666,1.030641742146849,0.9563151915728595,1.0801275087746647,-1.6836838880792373,1.0740508747003896,0.9354020782666241,0.9991117989424456
IX,25,7,77,25.67902331874848,0.7196098611069515,1.0273977002633776,0.9559795517917998,1.4032490277265743,-1.683531436155365,1.2043230616912306,0.9396496509194435,1.0044404448408288
IX,25,7,78,25.63599459507877,0.7184040561400249,1.0285539924198626,0.8936968570346655,1.1930104936836268,-1.7560140708153829,1.388743819400941,0.9410426949580111,0.9999033584764653
IX,25,7,79,25.59113222364294,0.7171468663911338,1.0269159118648423,0.960583841096079,1.37432656592274,-1.6856181099301137,1.1614863421629058,0.9405944493525298,1.0011707893978918
IX,25,7,80,25.57370939593761,0.7166586220186942,1.0259844542943406,0.8270766635684532,1.223086654861727,-1.8236734081704347,1.2215289379356333,0.9410040325409061,1.0019873418334575
IX,25,7,81,25.54657865989099,0.715898330439225,1.0263698850131688,0.8922940548728011,1.0966098736374421,-1.755331839613285,1.1812918340239424,0.9431222935168381,1.0014893177410438
IX,25,7,82,25.57296676116097,0.7166378109737477,1.0269159118648423,0.8899531825536162,1.1839746898483712,-1.7541910006832915,1.3396766142569783,0.9418212797334595,1.000654260553949
IX,25,7,83,25.48537763413657,0.7141832783869694,1.030577503693711,0.9602912320561808,1.2069202356843935,-1.6854857968045576,1.07768852041783,0.9450074783608439,1.004156348721138
IX,25,7,84,25.4943392197609,0.7144344112009543,1.030641742146849,0.875064546111742,1.1365394113302547,-1.7468639286459833,1.5185877290138379,0.9432622496847023,0.9937441668135607
IX,25,7,85,25.50525177890522,0.7147402166466167,1.031894391983041,0.9498605803986369,1.1099518243118827,-1.6807426979004676,1.0609774274124215,0.9484442773776207,0.997797676423487
IX,25,7,86,25.44546090086574,0.713064681525698,1.0278794886619131,0.8742383558814416,1.2192034431717638,-1.746453696793864,1.3741240401215695,0.9502177750348978,0.9930599050249587
IX,25,7,87,25.41486121884626,0.7122071787829096,1.02534206976296,0.8723019725291749,1.3633482680497042,-1.745490694754196,1.2945940003217868,0.9516984370801336,0.9929578060502715
IX,25,7,88,25.43914289141296,0.712887630325255,1.0323119419284383,0.9468828531102618,1.107408390151852,-1.679379085332168,1.1703000427874473,0.9520131625953762,0.9930975211006956
IX,25,7,89,25.31650601966899,0.7094509457930269,1.0294533307637952,0.9472959482254121,1.221854327165947,-1.6795685129952045,1.1315386870244835,0.9630625450848138,0.9976042219017639
IX,25,7,90,25.02994430721497,0.701420553377477,1.0294533307637952,0.9452046542049639,1.3248648550160178,-1.6786086846901136,1.1099370144399856,0.976076552210383,0.9977502137272104
IX,25,7,91,24.764488272864,0.6939816107962833,1.0300635960686066,1.0198113532307478,1.248541050595672,-1.6099528406577543,1.2685511667153473,0.9869910243272001,0.9959661566042102
IX,25,7,92,24.51471674164332,0.6869821990718133,1.0334682340849233,0.9439223381183517,1.2241297295695175,-1.6780190971311344,1.2374761072342821,1.0008529462694582,0.9973993966074888
IX,25,7,93,24.28966001733821,0.6806753767247133,1.0310914113188154,0.9671417260490894,1.2797436832242328,-1.6885729540046888,1.1017823067775552,1.0700785042452527,1.0045326230567255
IX,25,7,94,23.80110846388287,0.6669845711531128,1.0372904220466372,1.0322128128334882,1.349009413656148,-1.6152022437936788,1.0363450692052922,1.068186913052596,1.00658515783868
IX,25,7,95,23.30657807959538,0.653126219270607,1.0496242050491424,1.051034459017522,1.0253553352318774,-1.6230499530976732,1.0489503797034385,1.1375058872356827,1.0142455968819366
IX,25,7,96,22.58688450575811,0.632958061538125,1.0439069827198562,1.0547523150538742,1.2137822571892745,-1.6245834854179193,1.0015946056155647,1.1740584916148906,1.0155710839948577
IX,25,7,97,21.76664852891287,0.6099723782414561,1.0567867925740346,1.168009225790905,1.0457719047332914,-1.5664096262902476,1.153607111571589,1.2149772134243606,1.0236667301070588
IX,25,7,98,20.93441189467916,0.5866503974427634,1.0607695766685938,1.2679007883231779,0.9236932435161378,-1.5003604998454583,1.1146422087243424,1.2360137530486988,1.0283742422669577
IX,25,7,99,20.21587329256905,0.5665146057794206,1.0497205627288495,1.165487624358842,1.0254685077317809,-1.5654710194833021,1.0380111268275585,1.2494768711201596,1.0221399514186558
IX,25,7,100,19.61595892328557,0.5497030514380622,1.0482109590801052,1.1735085545113428,0.9336750764669614,-1.5684496129424144,1.0994755632224853,1.2398698396297214,1.020092540305335
IX,25,7,101,19.20750583938216,0.5382568658363754,1.0459626132202737,1.2840287101105028,1.320040094424489,-1.5058499623842423,0.9957794611370083,1.2462103918894714,1.0160496173753235
IX,25,7,102,18.88777840366957,0.5292970618458072,1.0494957281428663,1.2795535130297084,0.9893504214168721,-1.5043336814907786,1.024246399530169,1.2517386026717625,1.0119282098437778
IX,25,7,103,18.66715237338259,0.5231144019743361,1.0356523414916168,1.1703242796653928,1.152535666915537,-1.5672695681669315,1.0374086611780156,1.2543521577771204,1.0108133892872457
IX,25,7,104,18.50470870939128,0.5185622014863549,1.0487891051583478,1.2852421770112568,0.9685928034994961,-1.5062601970705083,0.9897866007731564,1.256065233002653,1.0156570362675572
IX,25,7,105,18.37817304899556,0.5150162601990957,1.0378364488983105,1.1621398326964782,1.0389244493534202,-1.564221740142072,0.9313608898528657,1.2517648697696586,1.011736617500424
IX,25,7,106,18.24251966392391,0.5112148105731348,1.0511016894713174,1.2700609315294846,0.9793469217254819,-1.5010997848345258,1.140466824638936,1.253417794793745,1.0122574893147982
IX,25,7,107,18.11573574456151,0.5076619122611354,1.047600693775294,1.1563909256773037,1.1864371631315893,-1.5620680281819075,0.9285787364742681,1.2512995792269794,1.0156174422093522
IX,25,7,108,17.99985398619122,0.5044145280047105,1.0525791738934926,1.154282419360391,0.9470945337729538,-1.5612754341836066,1.0575157975812493,1.2525550323608783,1.0159054473274884
IX,25,7,109,17.87714063811832,0.5009757003566887,1.046476520845378,1.1644979173121277,0.943879145705606,-1.5651020692668718,1.2124041540928796,1.2538984049014168,1.0161997913698222
IX,25,7,110,17.76196504282636,0.497748105089448,1.0428149290165094,1.15761299872629,1.040624204064765,-1.5625267479147509,0.9975694458024768,1.2518414123253516,1.0131598201463963
IX,25,7,111,17.67941950746917,0.4954349103664221,1.0448705595169268,1.2775482804915832,1.1668045523435309,-1.5036525497447084,0.9744967773689396,1.2526112057976042,1.0130972046295401
IX,25,7,112,17.57425145526929,0.4924877590477352,1.0432324789619065,1.1536111397982718,1.169033163976458,-1.5610227942672574,1.0243071924678748,1.2515426376589995,1.0133328432305309
IX,25,7,113,17.49470630395297,0.4902586448567497,1.0523864585340785,1.1560552858962443,1.1601943629709213,-1.5619419569201283,1.0029854808892045,1.253776978935701,1.0121845797546423
IX,25,7,114,17.3761068138733,0.4869351009071137,1.050330828033661,1.2735636338600296,1.2324300902324685,-1.5022958774310071,0.9376388463461718,1.2519681722779579,1.0141482211709332
IX,25,7,115,17.29102652511469,0.48455087413896325,1.0479540052675531,1.262892010051981,1.0720969096208943,-1.4986414435830593,1.0411000312008898,1.255518663950476,1.014773007921458
IX,25,7,116,17.21003357067829,0.4822811877895581,1.0482751975332434,1.149884677613687,1.0434211089361132,-1.559617640098214,0.9479528659612309,1.2542787122098424,1.0166826798886492
IX,25,7,117,17.11754045770222,0.4796892295458244,1.0538960621828226,1.1570105683500291,0.8491757817245201,-1.5623006790215017,1.0341865216260473,1.2565195317039712,1.0170745809836415
IX,25,7,118,17.0519645776935,0.4778515798299729,1.0523222200809403,1.2675049055044922,1.1126808973636502,-1.5002248767966884,1.0155069212325172,1.2559063173607852,1.0143276125813319
IX,25,7,119,16.97045148039499,0.47556731738364566,1.053093081518597,1.2576422596302796,1.1839975787525878,-1.4968323501985685,1.1501000169258917,1.253422502979977,1.0166717514944115
IX,25,7,120,16.91035487145657,0.4738832146872787,1.0553735466049976,1.267668422320906,1.0419138250297704,-1.5002809001465602,1.0008869693975115,1.2555507741585368,1.0141059250967182
IX,25,7,121,16.82387338093947,0.4714597216826248,1.0531252007451661,1.1438517677028468,0.9930748863307707,-1.5573331007989097,0.9290591495065793,1.2555548818790616,1.0154510050850967
IX,25,7,122,16.73068555854458,0.46884829541854695,1.053189439198304,1.1562618334538193,1.0067764940933428,-1.5620195435660025,1.033271977018397,1.2576061195015675,1.0167079615607255
IX,25,7,123,16.68702898858941,0.4676248961540232,1.0501059934476777,1.149764191538435,0.9657024067538702,-1.5595721319005251,0.9980119918608252,1.2568905163640929,1.0155588146576708
IX,25,7,124,16.61403770775986,0.4655794427577711,1.0548275197533243,1.2596044614272435,1.039656801289118,-1.4975094181858057,1.0008623896898785,1.258204163437812,1.0162138248520896
IX,25,7,125,16.55986766934966,0.46406142186839944,1.0467013554313611,1.1407707666356846,1.228087637177876,-1.5561617365553535,0.9044576279993305,1.2562215392426501,1.0128881456728436
IX,25,7,126,16.49302264051184,0.46218820646917685,1.0448063210637888,1.2568849185858377,1.2623406962393764,-1.4965707431264201,1.0277153288352816,1.263116828766284,1.013673028318467
IX,25,7,127,16.41522055819194,0.46000793874804524,1.049174535877176,1.1473716823298565,1.1229266083103364,-1.5586674802125544,1.2275488365515597,1.2596114082137306,1.007785623216796
IX,25,7,128,16.32042172519555,0.45735136672040794,1.0422046637116977,1.2559296361320527,1.2131475940461094,-1.496240536571746,1.0250215606612028,1.2632545904964183,1.010936699754023
IX,25,7,129,16.23676484628084,0.45500702853163794,1.0441639365324082,1.1537574443182208,1.097126750459745,-1.5610778693395402,1.0156910154834222,1.2648626672259389,1.007102020767707
IX,25,7,130,16.21011012370216,0.4542600763997521,1.0403738677972634,1.1488949705669729,0.9785027151723732,-1.5592436813884383,1.0034308766294964,1.2631700407316777,1.0089719718977161
IX,25,7,131,16.15131571363451,0.45261246555655626,1.0402775101175563,1.2622981858239526,1.2136426418329471,-1.4984371860260417,0.8923550655098668,1.25847939102035,1.0071368935881861
IX,25,7,132,16.12199184048504,0.4517907151331747,1.0459947324468426,1.2566353402871009,1.0683743063859699,-1.4964844971708382,1.0110030531790821,1.2639598747863825,1.0079204459781572
IX,25,7,133,16.04958662446635,0.4497616851815337,1.0454487055951693,1.2617818169300148,1.088443723877997,-1.4982594926374426,1.0067766161349818,1.262833030432182,1.010698420397058
IX,25,7,134,15.93606458556918,0.4465804279495374,1.0475364553221558,1.1379909807566524,1.0678964845786838,-1.5551021731601522,0.9206198896507436,1.2649899012546593,1.0094754200322764
IX,25,7,135,15.88932294578724,0.4452705749814599,1.0493993704631592,1.2595528245378498,0.9938072717651532,-1.4974916141239043,0.9800050142985305,1.2655538842001322,1.0081066246241364
IX,25,7,136,15.85057428042051,0.44418471118685543,1.0482109590801052,1.2589073634204275,1.1320910005547955,-1.4972690017442782,1.030066619862862,1.265815749225724,1.0077661868188672
IX,25,7,137,15.80835394381885,0.4430015598582133,1.0415622791803174,1.1362525388137283,1.2318013614166592,-1.5544382197325832,0.9294421062171251,1.2699310534320287,1.010368319920494
IX,25,7,138,15.77894293886779,0.44217736771799293,1.0472152630564655,1.255585390202761,1.0117000755510526,-1.4961214816531985,0.9852185159226523,1.2664052609558327,1.0082661742449617
IX,25,7,139,15.7745202146547,0.44205342858225594,1.0520331470418192,1.2552239319770042,1.0871921718433253,-1.495996438853188,0.9837413985488463,1.2655762343217325,1.0094004460108106
IX,25,8,0,33.94367186459094,1.0,1.0,1.0,1.0,-1.6435705260507047,1.0499248630082334,1.0,1.0
IX,25,8,1,31.50480924250831,0.9281497113272892,1.0067002764677184,0.9942906236575935,0.6591869436895211,-1.6410838700083563,1.2979534039752694,0.9652232375980131,1.0045681753536033
IX,25,8,2,30.17151429360582,0.8888700790523454,1.0029598308668077,0.920795095091186,0.7938450471871284,-1.7093833583820177,1.1689300099918536,0.9563085792756402,1.007937298393046
IX,25,8,3,29.44475170073359,0.8674592371207048,1.0079362497967148,0.9243097590502597,0.7794950397640207,-1.7110378995924218,1.1616219695382017,0.9509834767102068,1.0057123899215048
IX,25,8,4,29.01636241032875,0.8548386434467563,1.0047487396324606,0.924942398562893,0.8892848452253499,-1.7113350487496723,1.153282373948233,0.9442050384270552,1.008103496332363
IX,25,8,5,28.75276865531244,0.8470730205622362,1.007903724182794,0.9254032100597493,0.853161789484104,-1.7115513628193113,1.1350569528399017,0.9407733990992931,1.006017855544668
IX,25,8,6,28.4735870419744,0.8388481704502107,1.00878191575866,0.9204201976022182,0.8092334254795583,-1.7092065013749809,1.2869806891016327,0.9414592215037478,1.0076731298783344
IX,25,8,7,28.34278385906048,0.8349946338194146,1.0081314034802407,0.8546256882883586,0.8662115783143706,-1.7787373107976283,1.1452692921658238,0.9432222643592933,1.0076617254455098
IX,25,8,8,28.13892402631927,0.8289888064724366,1.005236623841275,0.9186628656226814,0.7528370701865956,-1.7083765227523382,1.317438967580438,0.9392518018135403,1.0070707043445695
IX,25,8,9,27.96151837147567,0.823762334346754,1.0042283298097252,0.9250205022064278,0.9401422894963624,-1.7113717197352472,1.1392860375011105,0.9395919904893544,1.008565399837663
IX,25,8,10,27.78846721479967,0.8186641482292845,1.0064400715563506,0.9895575428593745,0.7957000462129448,-1.6390115795902738,1.187457791344909,0.9349597019900011,1.0068223595448873
IX,25,8,11,27.74441843536037,0.8173664459767108,1.011449016100179,0.983988753075331,0.8101889912292435,-1.6365606605539602,1.1996641952682987,0.928173297419635,1.0036736611807977
IX,25,8,12,27.64458952882766,0.8144254292555102,1.0054643031387218,0.9864724489397431,1.0009364425386822,-1.6376554864543968,1.0571551420440217,0.9271166690638075,1.0078689604486806
IX,25,8,13,27.4637591243426,0.8090980620453146,1.0090095950561067,0.9215058382473542,0.8383041196837105,-1.7097184522209257,1.147965683599211,0.9252928013958832,1.0058844106587863
IX,25,8,14,27.26970173058238,0.803381020160914,1.010538298910392,0.9172491896746982,0.803632310738248,-1.7077076979216734,1.1487382562734318,0.9214907624937333,1.004228119060509
IX,25,8,15,27.23339439278411,0.8023113852097187,1.006895430151244,0.979903932518452,0.88505952631453,-1.6347540266185032,1.2616201074270756,0.918182978567385,1.001942486238341
IX,25,8,16,27.1416302736223,0.7996079617401578,1.004325906651488,0.8436911781934626,0.9571257857173235,-1.7731448761819482,1.1290847258780146,0.9143991301771847,1.0047325477034934
IX,25,8,17,27.19281372063399,0.8011158553827745,1.0075134168157422,0.9066505252470027,0.8381452575533583,-1.7026602786474656,1.1662167075793397,0.9008294298326784,1.000644204638631
IX,25,8,18,27.18539261008198,0.8008972252186128,1.0094324280370792,0.9013394774866248,0.8438219935535013,-1.700108754173817,1.1280051557292494,0.9054153191381429,1.0005424316317633
IX,25,8,19,27.1262833420978,0.7991558323539876,1.010538298910392,0.9019955480923183,0.9107524647795309,-1.7004247551967226,1.1124432786825906,0.913014549273118,1.0006669979207001
IX,25,8,20,26.95348001512864,0.794064947441521,1.0088144413725808,0.9031124301948686,0.8942130538910054,-1.7009621809926383,1.1389535834604216,0.9116018202455772,0.9967925501710079
IX,25,8,21,26.94332162501907,0.7937656754549753,1.007903724182794,0.8339750849377124,0.9961607160098284,-1.768114444376833,1.4413012360585669,0.9056075194683771,0.9979647535546113
IX,25,8,22,26.92342155494095,0.7931794080011328,1.0077410961131892,0.8999804740891162,0.8565029948708901,-1.6994534482822787,1.0928435533252405,0.9013853812670405,0.9974464303684193
IX,25,8,23,26.92832891250099,0.7933239815634633,1.0066677508537973,0.8952317725621899,0.859273489102073,-1.6971558484487899,1.1713764155081583,0.8995388476294475,0.9965218248423077
IX,25,8,24,26.98153362147264,0.7948914227402427,1.0005529354366565,0.9579333775920646,1.1471731843778095,-1.6249058318408807,1.047997998205197,0.8966576955427945,0.9922159655801245
IX,25,8,25,26.98102003716788,0.7948762922526865,1.0080988778663198,0.894810012887101,0.9973561952107873,-1.6969511963513262,1.026015046750776,0.8977473782838773,0.99570614176662
IX,25,8,26,26.95900583487445,0.7942277412538067,1.007903724182794,0.822985902292342,1.0384424039372862,-1.7623537639554934,1.0947470824154009,0.9005290176052834,0.9920013240533909
IX,25,8,27,26.83058544272061,0.7904444030025374,1.0084241340055293,0.8235326277970866,0.8976295440009859,-1.7626421784181472,1.1266383750218256,0.9007659268007332,0.9931019952704384
IX,25,8,28,26.79826497204205,0.7894922234384791,1.0081639290941617,0.8156910219861756,0.8495157664917057,-1.7584870503347971,1.0689711054242401,0.8980757922748726,0.9894926081224619
IX,25,8,29,26.97929401879455,0.7948254427635618,1.0044885347210928,0.9514507751786621,0.9945601072128416,-1.621956850338185,1.0502653892688893,0.8999606064099885,0.9891303382107915
IX,25,8,30,26.82754041920939,0.7903546948671487,1.0300536672629697,0.9548014214863123,1.035780310512315,-1.6234835829535008,0.9755659188023815,0.9792411431501619,1.002696724443705
IX,25,8,31,26.53223851707882,0.7816549318212237,1.0168157423971378,1.0479790682235326,1.0478411985857141,-1.561453489403969,1.1358075599633608,1.0064553429309242,0.9976910251119574
IX,25,8,32,26.13283146402062,0.769888171446815,1.014831679947959,0.9566290467450305,1.0575760507902279,-1.6243140895504447,1.0501632894466686,1.0121612522988872,0.9975344156688889
IX,25,8,33,25.94453290035795,0.7643407879930202,1.0138884371442511,1.0422618815167726,0.9656827726334057,-1.5590777357083,1.107496489042808,1.0158259669255052,0.9947606188935559
IX,25,8,34,25.78521889968875,0.759647306353652,1.0113189136444949,1.0518295778498066,1.1942256452473028,-1.5630462602126043,1.149951470881725,1.0199869091038316,0.992021039028489
IX,25,8,35,25.83896039295158,0.7612305615028656,1.009530004878842,1.0381770609598937,1.0182071831294712,-1.5573723097322016,1.2549864410381748,1.0101166807822268,0.9879541554853685
IX,25,8,36,25.82758635269036,0.7608954757671033,1.009595056106684,0.9490373725934315,1.0359964034158697,-1.6208538411034128,1.000478485663047,1.0079311910971054,0.9874369937408339
IX,35,1,0,40.11330513614951,1.0,1.0,1.0,1.0,-1.878422989794265,1.2749043109563805,1.0,1.0
IX,35,1,1,39.53193429171794,0.985506782787947,1.0012072434607644,1.0160218926884033,1.0117611295707916,-1.8853260557848148,1.1415825682929688,0.9959044467143551,1.0067051919424033
IX,35,1,2,39.11413710363177,0.9750913561192117,1.0087525150905432,1.0163961266782056,0.9873206548125475,-1.8854859911494886,1.6144875477060547,0.9943605287310195,1.0115780599522015
IX,35,1,3,38.77584164002609,0.9666578584939857,1.0033199195171025,1.0250035084436542,0.9537972551217624,-1.8891483417178543,1.5798213894749251,0.9944537207887861,1.009546064552598
IX,35,1,4,38.47334074916587,0.9591166975292262,0.9900402414486921,1.0309210834074005,1.0235958975497443,-1.8916484112829641,1.2617436854570787,0.9913503462817925,1.007357677088529
IX,35,1,5,38.30385293643189,0.9548914707083817,0.9911804158283031,1.024021144220424,1.0213137399402359,-1.8887319139374452,1.1799084292167836,0.9948130645905967,0.9998370614327099
IX,35,1,6,38.12180291266588,0.9503530757008372,0.9843729040912139,1.026102820788698,1.032412202729675,-1.8896138712949906,1.1559980669692707,0.9893200943621779,0.9981190006575135
IX,35,1,7,38.01527991972014,0.9476975230710006,0.9865191146881287,1.0253543528090938,0.9494485170098559,-1.889296969209946,1.1580897003288577,0.9912184112849448,0.9994496631110816
IX,35,1,8,37.81359519232854,0.9426696469908059,0.9885647216633131,1.0229218318753799,0.92012000256348,-1.8882654375022772,1.4345621935204718,0.987988791593136,0.9961049589125525
IX,35,1,9,37.78578072697194,0.9419762494943344,0.9822937625754526,1.0225475978855778,0.9534883255768987,-1.8881065226281064,1.4056764399648678,0.9890264359324648,0.9936010468643445
IX,35,1,10,37.69488567960609,0.939710291925958,0.980918846411804,1.019998128830051,1.0010656404101421,-1.8870223648507622,1.451969685276058,0.9874894425624089,0.9930436870384138
IX,35,1,11,37.56736348683934,0.9365312421734152,0.978806170355466,1.024395378210226,0.9817975913998358,-1.8888906001780026,1.1736045155466561,0.9906217863430278,0.9947832045362502
IX,35,1,12,37.44613631811314,0.9335091234944697,0.9765928906773976,1.0239041960986106,0.988958540942575,-1.888682312594049,1.0930916846533094,0.9917846469663829,0.9913440063349677
IX,35,1,13,37.33650933367751,0.9307761902678622,0.9704896042924211,1.0279272114889835,1.0601842434666529,-1.8903853527337948,1.12026217532983,0.9902753289923111,0.9905916122491841
IX,35,1,14,37.34431556634903,0.9309707948422054,0.9716297786720322,1.0229218318753799,1.0454805493584325,-1.8882654375022772,1.122573754831804,0.9879286035845609,0.9888648467069666
IX,35,1,15,37.27493895662256,0.9292412786756618,0.972132796780684,1.0222435327688637,1.0399458700749549,-1.8879773614621354,1.3491138504883415,0.9896377670621622,0.9872953474437923
IX,35,1,16,37.31038635154596,0.9301249604067752,0.9683098591549295,1.0214950647892593,1.0640249045086743,-1.8876592625346655,1.1039160505964396,0.9930924314306239,0.9852621184721192
IX,35,1,17,37.11316910987812,0.9252084559951228,0.9718645204560697,1.0240913130935116,0.9786340155329513,-1.8887616720244942,1.168496379005564,0.9956243092578602,0.9871069449512384
IX,35,1,18,36.98360933697255,0.9219786106242208,0.9701542588866532,1.029166861580203,0.9870573271274932,-1.890908783593206,1.1115444644133239,0.998647673627816,0.9874691185852602
IX,35,1,19,36.92432303437548,0.9205006396019916,0.9710932260228035,1.0210974411750946,0.9863357554941241,-1.8874901776651352,1.1557472907294704,0.9971606584434279,0.9863398105643546
IX,35,1,20,36.90945703530755,0.9201300393979576,0.9700871898054996,1.019623894840249,1.0608932538937434,-1.8868629943824602,1.1741701470414576,0.9966074545862257,0.9847384780815133
IX,35,1,21,36.86922186260228,0.9191270013144912,0.9691482226693493,1.0177761145156008,1.0111460329731203,-1.8860752442940154,1.3959607652599848,0.9969196472983773,0.9849338284568189
IX,35,1,22,36.76652511931901,0.9165668347329866,0.9689134808853118,1.1089488702811432,0.9186693399036439,-1.822170418967088,1.0951715329868934,0.9991445224294797,0.9853368157080575
IX,35,1,23,36.66012080007859,0.9139142405655581,0.966901408450704,1.0239977545960612,1.003887033323375,-1.8887219941219584,1.352116629262121,1.0029331517865123,0.9874551071250853
IX,35,1,24,36.56267941512385,0.9114850868315538,0.967437961099933,1.1054872058754734,0.9219917650887725,-1.8208126168698724,1.0909856271590443,0.9984279138380863,0.9837704113913571
IX,35,1,25,36.57570057497998,0.911809696329872,0.9716968477531858,1.0180334003835898,0.9669270627123144,-1.8861850166794143,1.321098973997249,0.9995026772734508,0.983330078392943
IX,35,1,26,36.469342583324,0.9091582570806007,0.9681757209926224,1.018197127754128,1.0282214323723295,-1.88625485739021,1.189054893637509,1.0029747968524905,0.9858394034411382
IX,35,1,27,36.52463632337357,0.9105366959766702,0.964654594232059,1.0203957524442155,1.0054245431031348,-1.8871916319175543,1.172484645996561,1.0065970623558491,0.9848003837641555
IX,35,1,28,36.37510766939454,0.9068090386950896,0.9675050301810865,1.1080132853066378,1.0023854905007548,-1.8218038638458143,1.2014270827467417,1.0101361125204293,0.9810453254175481
IX,35,1,29,36.26141727182174,0.9039748070807432,0.9692823608316566,1.1082004023015388,0.9243344290411273,-1.8218771996247631,1.1778534658376738,1.0069954208355394,0.9870185942053116
IX,35,1,30,36.19406705909434,0.9022958077437698,0.9719315895372231,1.016957477662909,0.9146125755896175,-1.8857257838158903,1.051112644163434,1.0084289231891193,0.9842371905931158
IX,35,1,31,36.14467682526948,0.9010645396231993,0.9657947686116699,1.110352247742901,1.0274910149176182,-1.8227196722107835,1.1482147557182873,1.009394892350585,0.9863734550582219
IX,35,1,32,36.0269859455863,0.8981305784528664,0.9694835680751174,1.1068905833372316,0.9662834335033574,-1.8213635889257183,1.1039093086820875,1.0088703039172837,0.9840200806207734
IX,35,1,33,36.06217824228416,0.8990079007422768,0.9642521797451374,1.1135332366562192,1.0163119334837136,-1.823962080494755,1.3644099706570822,1.0143916733167253,0.9876995330261881
IX,35,1,34,35.97014596743347,0.8967135927928738,0.9714285714285713,1.1122935865649997,0.8385855044062562,-1.8234783292485617,1.2795058132922268,1.0158961847256418,0.9851642739415282
IX,35,1,35,35.87682541621567,0.8943871689068076,0.9726693494299127,1.1128315479253403,0.9014593636197235,-1.82368832521796,1.2835587641124107,1.0180799088438202,0.9830914704681073
IX,35,1,36,35.81648401552493,0.8928828949387082,0.9719651240778,1.1117322355802965,0.9205812139650219,-1.823259094707472,1.3288063958910081,1.0192374417568912,0.988170523271292
IX,35,1,37,35.76435775524394,0.8915834193631089,0.9691482226693493,1.1111942742199559,0.9703120988078974,-1.8230488910378464,1.072708390531513,1.0189374276582799,0.9856916983803802
IX,35,1,38,35.69684542031274,0.8899003784194106,0.972635814889336,1.1145389905038123,0.9354542120531485,-1.8243541623765769,1.3259994753708348,1.0226961929412055,0.9862209197839769
IX,35,1,39,35.62969599466074,0.8882263845806062,0.9736753856472166,1.1116854563315712,0.9109496249571325,-1.8232408201658366,1.3351239934520067,1.0251683144830372,0.9867798870022907
IX,35,1,40,35.54109313478892,0.8860175698351971,0.9744802146210597,1.114375263133274,0.959803755108474,-1.8242903592100144,1.1770919427473763,1.0255371633487451,0.9878829330634074
IX,35,1,41,35.48069076384815,0.8845117759163027,0.9731723675385647,1.111895962950835,1.0078787507043574,-1.823323049548247,1.3262880338682934,1.0234150313158763,0.989201473265297
IX,35,1,42,35.49601607290818,0.8848938264356507,0.9761234071093225,1.1092295457734949,0.9443443428781155,-1.8222803252012323,1.35293945183973,1.025310518352449,0.991309465510542
IX,35,1,43,35.4428509789166,0.8835684533752377,0.9779007377598925,1.1094634420171212,0.9148299202143423,-1.8223718924878105,1.3223179199437542,1.0257647368644773,0.9904934921324742
IX,35,1,44,35.37361309518436,0.881842395562319,0.9766264252179744,1.1129017167984283,0.8944737486357818,-1.823715708512155,1.1286798834560092,1.0286793076700147,0.9926822393883895
IX,35,1,45,35.22156181676399,0.8780518508065505,0.9771629778672031,1.1135800159049445,0.9540023149117336,-1.8239803247125277,1.2856620636822296,1.0334116781728235,0.9926935399321328
IX,35,1,46,35.14937224541012,0.876252209238526,0.9747820254862507,1.1168311736913505,1.0060096309050652,-1.8252464238901474,1.1934765286739109,1.0377242496623607,0.990682351277056
IX,35,1,47,35.10724851152548,0.8752020904876111,0.9727364185110663,1.114889834869252,1.0354621891255877,-1.824490851892242,1.09273279214573,1.0307409932637575,0.9916185863727852
IX,35,1,48,35.10726037863382,0.8752023863273155,0.9764587525150905,1.1115685082097582,0.9660781489032779,-1.8231951304472267,1.1623402419765378,1.0322796230962412,0.9907064375597805
IX,35,1,49,35.06155873099335,0.8740630723893253,0.9772635814889336,1.1142583150114609,0.9050123126112511,-1.8242447797800738,1.2934517042581055,1.036070184256279,0.9960526675880146
IX,35,1,50,34.97940682345958,0.8720150759139679,0.9775989268947015,1.116994901061889,0.9732306640141417,-1.8253100867638978,1.1580781297335798,1.0420324339110376,0.9932474519785758
IX,35,1,51,34.88334480024976,0.869620308819016,0.9791415157612341,1.1169013425644383,0.900596294724664,-1.825273709121635,1.2623844968470348,1.043522852409084,0.9905411504041433
IX,35,1,52,34.81629878226301,0.8679488928696399,0.9772635814889336,1.1191467465032512,0.9234082784767986,-1.8261459326420675,1.1061593440515676,1.0428568770533762,0.9950431472416266
IX,35,1,53,34.83106408057583,0.8683169826658484,0.9859825620389,1.1037329840482761,0.8250206530693834,-1.8201229173793658,1.0194987365649466,1.0392064749398562,0.9923090451294623
IX,35,1,54,34.7762190623584,0.8669497301287844,0.9774983232729711,1.1135566262805818,1.0195361005659502,-1.8239712026994437,1.2384107167251417,1.0440589183857811,0.9939836845773315
IX,35,1,55,34.72358984168197,0.8656377160601905,0.9804828973843057,1.1126912101791646,0.9043409526110239,-1.8236335534492818,1.144982433029353,1.045576339330283,0.9988178228925725
IX,35,1,56,34.61472837335078,0.862923866678752,0.9803822937625754,1.1134162885344059,0.8778780474333772,-1.8239164665969592,1.079317400520927,1.0501624466146258,0.9954535887330881
IX,35,1,57,34.54277233110726,0.8611300468476687,0.9794433266264252,1.1209477475791738,0.9465406100517346,-1.8268442647881171,1.1262280797665096,1.0513976091320139,0.9932116714412856
IX,35,1,58,34.48510495022163,0.8596924345469645,0.9787055667337357,1.1182813304018335,0.9083346758188547,-1.8258099705970585,1.141802084354358,1.048233727055375,0.9926342173612158
IX,35,1,59,34.49953991868038,0.8600522894232893,0.9815895372233401,1.115451185853955,0.9949703716716438,-1.824709465671884,1.1944648406805516,1.0501502120688324,0.9980558218209045
IX,35,1,60,34.46139836815308,0.8591014440517138,0.9866197183098592,1.1144688216307244,0.9101149773097582,-1.824326819310099,1.1165645805015827,1.0495283979191246,0.9954688714258537
IX,35,1,61,34.4117471653646,0.8578636701355543,0.9807176391683433,1.1185853955185479,0.9337349559301266,-1.8259280409332224,1.0082770789011877,1.0541770683266543,0.998635553233251
IX,35,1,62,34.3120923394432,0.8553793366810268,0.9855130784708248,1.1169247321888012,0.8707508052819773,-1.825282803817869,1.1618639780661317,1.0583561607163412,0.9992131313508733
IX,35,1,63,34.25495800357645,0.8539550128644571,0.9834339369550638,1.1211348645740749,0.855686430873664,-1.826916754426192,1.1090356231359022,1.0606424780162245,0.9978038809937029
IX,35,1,64,34.19942225839026,0.8525705409293298,0.9861167002012071,1.1153576273565047,0.827092881987662,-1.8246730376831106,1.2405624855228385,1.0591479009725944,0.9971340716565407
IX,35,1,65,34.2114825103268,0.8528711955848266,0.9888665325285042,1.1147261074987136,0.852053269777176,-1.8244270688053543,1.22007317359928,1.0602096291351035,1.002050327949804
IX,35,1,66,34.17091813822512,0.8518599507630897,0.9865861837692823,1.110749871357066,0.8892737995516538,-1.8228751677567703,1.0032793812921543,1.0582980515409173,1.0030879574010652
IX,35,1,67,34.11652629400545,0.8505039955747787,0.9855466130114017,1.1189830191327126,0.8794946888807684,-1.826082392185406,1.2092049097065343,1.06658415009763,0.999295740837106
IX,35,1,68,34.00766307868611,0.8477901026420012,0.9882293762575453,1.1202460588482948,0.8195291672000357,-1.826572320833143,1.1779880429588157,1.0673172465556278,1.000159062744279
IX,35,1,69,33.96505999108886,0.8467280338981604,0.9857142857142855,1.2210319502268794,0.8910172668047807,-1.762269949037905,1.1337202798912187,1.0689384341057802,1.0000736894678892
IX,35,1,70,33.90219086625886,0.8451607453235439,0.9864185110663984,1.1213921504420639,0.9167799334337223,-1.8270164079264455,1.1893305526088014,1.0705377362413064,1.001282836660363
IX,35,1,71,33.87568549631423,0.8444999827697063,0.9916834339369549,1.1205267343406464,0.7617804002751131,-1.8266811188500967,1.0581285868701926,1.0669273515375528,0.9992731312155032
IX,35,1,72,33.83039637128577,0.8433709527664506,0.9875586854460092,1.2194414557702205,0.8958572213741274,-1.7617038760275447,1.0993670278877186,1.0721023755301615,0.9990522067295703
IX,35,1,73,33.77719870617167,0.8420447677280065,0.9863514419852447,1.1183514992749215,0.8771111662959298,-1.8258372204469124,1.1498828951577214,1.0748592771111867,1.0038062943542694
IX,35,1,74,33.72440289657764,0.8407286007002626,0.9912474849094567,1.125064321466997,0.8225931689877245,-1.8284362485093013,1.17311408562046,1.076056909820964,1.0014487454648004
IX,35,1,75,33.67131456153406,0.8394051411931642,0.9895372233400402,1.1201525003508441,0.8556960936796799,-1.8265360487698223,1.1554087674201812,1.0784639429420888,1.0031845915997062
IX,35,1,76,33.61888872869832,0.8380981974582165,0.9889336016096578,1.1213453711933385,0.9448632101932373,-1.826998290808953,1.1360351237653716,1.0771208995772763,1.001748784848741
IX,35,1,77,33.60952360135434,0.8378647305994723,0.9886988598256202,1.2227393928053514,0.8649745193186608,-1.7628768249739668,0.9679778981540365,1.0754940916701285,1.0051350221861397
IX,35,1,78,33.55208956729715,0.8364329354915336,0.988430583501006,1.2232773541656918,0.8744821621863461,-1.7630678569072757,1.1954755408060533,1.0831377337115229,1.0075377818687479
IX,35,1,79,33.4824999694274,0.834698109661711,0.9891012743125418,1.124877204472096,0.8447888953776245,-1.8283640120732816,1.0968976687746284,1.0832633770189808,1.0034941708702934
IX,35,1,80,33.42313046763609,0.8332180645347936,0.9854795439302482,1.2282827337792952,0.9477666665951091,-1.7648412678689622,0.9566351884062809,1.0828192876465463,1.0053720307910767
IX,35,1,81,33.37147257601756,0.8319302651015831,0.9900737759892689,1.1207606305842728,0.8549572233539776,-1.8267717630485187,1.1651516875470853,1.082696795623286,1.0047626700506571
IX,35,1,82,33.39762172112196,0.832582147189475,0.9912810194500333,1.1136501847780325,0.8367130703139035,-1.8240076896022315,1.0803291066013672,1.0805961944815032,1.0026514121778374
IX,35,1,83,33.38035457114755,0.8321516877716882,0.9887994634473507,1.2190672217804182,0.7997809852651032,-1.7615705750805486,1.0718084624580493,1.0831126097984554,1.0051561816159176
IX,35,1,84,33.3298182264061,0.8308918478116071,0.9940643863179075,1.2230200682977033,0.7654386776708006,-1.7629765042924015,1.1510657310756254,1.0885063060859346,1.0041450740236542
IX,35,1,85,33.21836244203649,0.8281133237286048,0.9928236083165659,1.2234878607849557,0.8660147746024922,-1.763142585665734,1.1314531877680014,1.0915298654942098,1.0054142722964048
IX,35,1,86,33.16368260857099,0.826750189145705,0.9969148222669348,1.2192777283996818,0.7417920230924276,-1.7616455618976277,1.0996853497602428,1.0921642544780894,1.0061329913088959
IX,35,1,87,33.10224300682536,0.8252185377014499,0.9928571428571428,1.1162464330822848,0.8102184664241255,-1.8250189802716221,1.1000284969704945,1.0888989076074111,1.0044141835139808
IX,35,1,88,33.118615179888,0.8256266858958475,0.9935278336686786,1.2189502736586049,0.9007485989025226,-1.7615289101424534,1.0983506842464295,1.0898276877224669,1.0098124304271734
IX,35,1,89,33.09226625868994,0.8249698235129391,0.9897719651240778,1.2211956775974175,0.9197257592480893,-1.7623281793951884,1.1858730208383461,1.0923922095034035,1.0107858687241695
IX,35,1,90,33.04909763133242,0.8238936562110677,0.9953386988598256,1.2234878607849555,0.8540085123744596,-1.763142585665734,0.9920237643928547,1.093438088896279,1.0073106873721145
IX,35,1,91,32.94944317629881,0.8214093320025444,0.9974513749161635,1.2238620947747578,0.8381801119627734,-1.7632754050507256,0.9758144633670496,1.0953817912064885,1.0095888145511112
IX,35,1,92,32.89236537282476,0.8199864175037188,0.9962105969148222,1.2245170042569116,0.787710470944604,-1.7635077412776943,1.141664388068676,1.1004313035477045,1.0109570583379874
IX,35,1,93,32.8431805785709,0.8187602708651678,0.998189134808853,1.2148804790195067,0.8004084236128255,-1.7600764747175985,1.1357655501091628,1.0969874059613507,1.0045283883566045
IX,35,1,94,32.87408228671649,0.8195306314236085,1.001441985244802,1.2120035552229032,0.7699218732696684,-1.7590468147113072,1.1738360430989123,1.0994353325696429,1.0064610680285928
IX,35,1,95,32.83899412682,0.8186559052005412,0.9955063715627096,1.117111849183702,0.8987243763210072,-1.82535555453218,1.0382171386404182,1.0971203526551723,1.0097985111042198
IX,35,1,96,32.78787030646724,0.8173814198351683,0.9995975855130784,1.2228563409271644,0.7093085198435687,-1.762918360803712,1.029992258231196,1.1037908778975873,1.0136442544634126
IX,35,1,97,32.66499975056757,0.8143183325257922,0.9959758551307846,1.2264349534546477,0.8419323292058813,-1.7641874403803621,1.0932217564076598,1.1057538850384085,1.010085550223566
IX,35,1,98,32.60225971308685,0.8127542620193164,1.001945003353454,1.2215933012115827,0.7365648332925032,-1.7624695634807803,0.9446432661373257,1.1063365861689136,1.0128340669051674
IX,35,1,99,32.55551277890186,0.8115888897313354,1.0017102615694164,1.2160967394863638,0.7325785788193115,-1.7605110450207393,1.1334760064814215,1.106928171736784,1.012249147839619
IX,35,1,100,32.57349849640319,0.8120372625951592,1.000469483568075,1.2177574028161107,0.7497245637231271,-1.7611036992967664,1.1282140669241074,1.107617329970049,1.00832263584975
IX,35,1,101,32.55631290920931,0.8116088364872743,0.993963782696177,1.2261542779622958,0.8416693683708262,-1.7640880386407602,1.0186272545544213,1.1059780544747293,1.0106905826941928
IX,35,1,102,32.47589526053956,0.8096040740176448,0.9990945674044264,1.2263881742059222,0.7837709078855934,-1.7641708750036236,0.9325866792884595,1.110280759777459,1.011418898125727
IX,35,1,103,32.37003867455378,0.8069651345030252,1.0014755197853789,1.219956027506198,0.745496848693738,-1.7618870980488226,0.9755238572857506,1.1121078283239643,1.010850741685915
IX,35,1,104,32.32845080501048,0.8059283745202178,0.995271629778672,1.2276278242971417,0.8010722988435226,-1.7646096441397903,1.1145570408963694,1.1187188022057124,1.011448272698211
IX,35,1,105,32.32269821015466,0.8057849658722319,1.000771294433266,1.2200495860036487,0.7715453981120546,-1.7619204028403959,1.1165567960733531,1.11413580556447,1.0100422479960154
IX,35,1,106,32.31202863633553,0.8055189799659868,1.0042924211938296,1.2153482715067594,0.7622416642522457,-1.7602436686069431,1.1091561467924949,1.1133194731109124,1.010081079906076
IX,35,1,107,32.27329040499117,0.8045532597090077,0.9961770623742454,1.2207512747345277,0.8756709245966572,-1.7621701074001834,0.9629128998973062,1.11213934024543,1.008821528198383
IX,35,1,108,32.18918191898596,0.8024564869369876,1.0008718980549967,1.2209617813537916,0.7112787081462629,-1.762244990780234,1.037216499465024,1.1196071324100172,1.0127767911625025
IX,35,1,109,32.08395319607204,0.7998331996621854,0.9976525821596243,1.2276979931702294,0.7842181863415466,-1.76463446687751,0.9603945311421844,1.1205607103973505,1.0110066459529907
IX,35,1,110,32.02565469549815,0.7983798539362219,0.9961435278336686,1.2236749777798566,0.7972315399780046,-1.7632090004357146,1.1157799414593021,1.125998279084727,1.0102428263256573
IX,35,1,111,31.98237444393799,0.7973009039117036,0.9974513749161635,1.2287037470178228,0.7552712032768178,-1.7649901036314048,0.9620684443497772,1.1235261364959102,1.011114008042297
IX,35,1,112,31.94092444672221,0.7962675810011358,0.9928236083165659,1.2309725405809984,0.8911472753178654,-1.7657912861361718,1.042128606928294,1.126982636124558,1.0137715166396564
IX,35,1,113,31.90257152864245,0.7953114663666128,0.9949027498323272,1.2266922393226363,0.7862460218204301,-1.764278538659716,1.0632332776995284,1.1282124357270429,1.0117069026857366
IX,35,1,114,31.83617365048348,0.7936562081440952,0.9982226693494298,1.2284464611498338,0.8019060084485513,-1.7648991545044233,1.1943555765504412,1.1312724106675367,1.0115364610326731
IX,35,1,115,31.8021556399333,0.7928081600853596,0.995271629778672,1.2341769191186789,0.7487065425047756,-1.7669203411678447,1.0517995068611248,1.1327123138443789,1.0097301159366685
IX,35,1,116,31.74980248231424,0.7915030280988188,1.0009054325955735,1.2282125649062074,0.6999437786936582,-1.76481645694878,1.1319526302929852,1.136554856848261,1.011490842058312
IX,35,1,117,31.70138831457647,0.7902960927048529,0.996244131455399,1.2301305141039434,0.7032207572806036,-1.765494112504069,1.1113841906198993,1.135309083209605,1.0130819834791263
IX,35,1,118,31.70084095018857,0.790282447247665,0.9993963782696177,1.2251017448659771,0.7426216006186449,-1.7637150793581824,0.9316095989843657,1.1305553402088477,1.0105524992828832
IX,35,1,119,31.66503743618139,0.789389887687049,0.9974849094567404,1.2269261355662628,0.8044036532104523,-1.7643613386984605,1.0748944654523824,1.1353817359917548,1.0118719228669784
IX,35,1,120,31.60350168797087,0.7878558393706198,1.0031187122736418,1.2254759788557794,0.6806441301713826,-1.763847723800676,1.1236834437079077,1.1406144538284675,1.0142371422358472
IX,35,1,121,31.56514702727427,0.7868996812937319,1.0027833668678738,1.3434766337652615,0.7731272449280425,-1.7019889643941117,1.1275738490558271,1.1428444146923156,1.0156359272349216
IX,35,1,122,31.5031867087627,0.7853550487010978,1.0001341381623072,1.2249847967441643,0.7704402992790393,-1.7636736196602099,1.0405568513463044,1.1359488200554941,1.0147212988100682
IX,35,1,123,31.54863136632114,0.7864879560345672,0.9959423205902078,1.222762782429714,0.8174142342686881,-1.7628851324577202,1.080512493876524,1.13738741703983,1.0139596908904505
IX,35,1,124,31.52815709863667,0.7859775451468337,1.0024144869215292,1.2216868597090327,0.7163043417018115,-1.7625028236364082,1.0803721812787417,1.1368909134914715,1.0145981084365798
IX,35,1,125,31.51258955844667,0.785589455954553,0.9980549966465458,1.3379332927913177,0.8930557471931229,-1.7001933077120652,1.1245014583494704,1.1398467468203866,1.0124278702339295
IX,35,1,126,31.41636779056422,0.7831907065232642,1.0041582830315223,1.2268559666931746,0.6846225132391557,-1.7643365003443428,1.0576859357825212,1.1433432852436995,1.0129822907446902
IX,35,1,127,31.34317011304601,0.7813659334892356,1.003923541247485,1.2251953033634277,0.6945669170308854,-1.7637482442670875,1.1308316976042827,1.1491607452641246,1.0172679110063885
IX,35,1,128,31.3017482289306,0.7803333114209512,1.0030181086519114,1.3425878280394818,0.7065851609302667,-1.7017015525007881,1.1819260881288767,1.1501656116766952,1.0131049319097987
IX,35,1,129,31.33992248243715,0.7812849720576647,1.0039570757880616,1.2185994292931654,0.6947269397435754,-1.761403891339526,1.1838465973737122,1.1439698273465284,1.015987680781449
IX,35,1,130,31.34141461487411,0.7813221700006389,0.9991951710261568,1.2233007437900545,0.7100475148129741,-1.7630761607376773,1.0657069000674149,1.140739121318416,1.0146575192463305
IX,35,1,131,31.301241082258,0.7803206685666444,0.9959423205902078,1.342447490293306,0.7855436290699342,-1.7016561542831883,1.133851458669566,1.1461989194313051,1.0131456749817422
IX,35,1,132,31.20948664402647,0.7780332869130981,0.9985915492957745,1.345488141460448,0.7355231187448213,-1.702638721403445,1.1168692007488876,1.1540704662499317,1.0158166656949614
IX,35,1,133,31.14124389935723,0.7763320373043309,1.0005365526492287,1.2223417691911866,0.7099959536909813,-1.7627355734313084,1.0961420301913298,1.1547771954529946,1.012635803663582
IX,35,1,134,31.08657312282859,0.7749691285052906,1.0054661301140173,1.22512513449034,0.5748507061359989,-1.7637233708228468,1.0719341111494287,1.1567170090942782,1.016351801294835
IX,35,1,135,31.12649958357408,0.7759644705896683,1.0058014755197853,1.217032324460869,0.6855901738991702,-1.7608450342182915,1.0273949331319419,1.1494924807882512,1.0155877637505988
IX,35,1,136,31.12861594294486,0.7760172301257773,0.9997652582159624,1.3365766945782849,0.767025250953094,-1.69975273117925,1.0849381764099058,1.1510552187357332,1.0147129128619572
IX,35,1,137,31.10917911568914,0.7755326819891989,1.0030181086519114,1.2131730364410347,0.7163221575476995,-1.7594656702130789,1.0366945261989813,1.1507979829720183,1.0141692039243524
IX,35,1,138,31.01184723558344,0.7731062581436607,1.0072099262240106,1.2198624690087476,0.6141780144191191,-1.761853790703005,1.034006288747587,1.1586912838713757,1.0173802575012292
IX,35,1,139,30.93205743321483,0.771117147495765,1.0028504359490273,1.2240959910183842,0.6842012594255783,-1.7633583965437936,1.0225346791804302,1.1598153731441876,1.0160155810838185
IX,35,1,140,30.88141048681391,0.7698545503044086,1.0067404426559354,1.2260607194648454,0.6230371614071614,-1.764054899671102,0.9421323341295215,1.16048572000979,1.018012239559109
IX,35,1,141,30.92079774831136,0.770836450483508,1.0050301810865192,1.2175001169481217,0.6651512143449699,-1.761011932547461,1.1531844741274295,1.1581846831096267,1.0162244126674078
IX,35,1,142,30.91312157303873,0.7706450881600451,1.0015761234071092,1.3410675024559104,0.7378380048880882,-1.7012094855242479,1.1309907555307568,1.1589170426454267,1.011555920949841
IX,35,1,143,30.91121173914888,0.7705974771770217,1.0018443997317237,1.2169855452121439,0.672067185571074,-1.7608283408572079,1.079655997082533,1.1599324563974576,1.0156460772649112
IX,35,1,144,30.81565588917672,0.7682153286692427,1.0067739771965123,1.350727417317678,0.6841440066817138,-1.704326562311066,1.1255779940796586,1.1686120622830503,1.0176849173607083
IX,35,1,145,30.73888433290524,0.7663014610382682,1.0059020791415156,1.221055339851242,0.67837752656193,-1.7622782681384024,1.0196734885606749,1.1661893599847502,1.0165136714715488
IX,35,1,146,30.68724075143263,0.765014018348185,1.000435949027498,1.3491603124853815,0.7589631977219444,-1.7038224042676422,1.1045358567650896,1.1717154724295888,1.016982491975288
IX,35,1,147,30.72504804893451,0.7659565309976304,1.0041247484909455,1.2170323244608692,0.7071849344853685,-1.7608450342182917,1.13833325840545,1.1625130612627248,1.0140835905017243
IX,35,1,148,30.73299375747429,0.7661546126194965,1.0037894030851777,1.3340740047714834,0.6820235259123019,-1.6989387687307445,1.045813820458581,1.1647405665653738,1.0170347831188629
IX,35,1,149,30.73600369881232,0.7662296486038865,1.00439302481556,1.3367170323244606,0.7375524856175367,-1.6997983287940646,1.0633065248717262,1.1644077244922317,1.0170682528921537
IX,35,1,150,30.65273634226316,0.7641538446713375,1.0087525150905432,1.2238153155260325,0.6534404156357518,-1.7632588048488314,1.040559052096744,1.1709583102061654,1.0202496989511258
IX,35,1,151,30.56726443281472,0.7620230825923132,1.0076123407109323,1.3395003976236142,0.6435697959896193,-1.7007016938292523,1.1054353307022975,1.1745818948285565,1.0207179541464992
IX,35,1,152,30.51978153689319,0.7608393632313588,1.0105969148222669,1.3386115918978336,0.7090080143963259,-1.7004134284857024,1.0396740499053831,1.1748312494333024,1.0228865269810916
IX,35,1,153,30.47589940936531,0.7597454088095295,1.0044600938967136,1.2200261963792858,0.6854077304280988,-1.7619120768819414,1.0764676634707657,1.1753358883424418,1.0208457548871228
IX,35,1,154,30.54552477054559,0.7614811261966649,1.0057679409792086,1.34008513823268,0.6881133278330408,-1.7008912377870733,1.1180810343271357,1.173120720941526,1.0183581054881543
IX,35,1,155,30.51399173704697,0.7606950270858688,1.0090878604963112,1.3442251017448656,0.7309707737863355,-1.7022308480209527,1.1253517699623277,1.1795662287305508,1.0229491281382845
IX,35,1,156,30.39965105520757,0.7578445842851244,1.0121059691482226,1.216587921597979,0.5677020513837485,-1.760686421375098,1.034039821009158,1.1802421104974035,1.0225582085181644
IX,35,1,157,30.34769440422865,0.7565493369650002,1.012173038229376,1.220540768115264,0.6713846949693766,-1.7620952111061126,1.0127257887727465,1.1810717214047792,1.023600612821678
IX,35,1,158,30.29209165807898,0.7551631947371048,1.011737089201878,1.3480610001403375,0.6314101204726622,-1.7034683915586801,1.1786120895967245,1.186247251697499,1.026207184957849
IX,35,1,159,30.23375939972606,0.7537090074504942,1.013849765258216,1.3522243532768863,0.6039285005007448,-1.7048076001900137,1.1315467333270697,1.1862697648532088,1.0267914956873323
IX,35,1,160,30.2312780542793,0.7536471490362264,1.014352783366868,1.2164943631005285,0.652712987067975,-1.7606530218148337,1.0226377988961433,1.1845179173772098,1.0243789664174472
IX,35,1,161,30.19104028479724,0.7526440462167133,1.012038900067069,1.217546896196847,0.6661308492696879,-1.7610286188532955,1.0329926598050803,1.1873179871870365,1.0270650011452116
IX,35,1,162,30.12379858905962,0.7509677521414834,1.01579476861167,1.3424708799176686,0.7457128795618313,-1.701663720982353,1.047589531778779,1.1912308112052536,1.0250878663821028
IX,35,1,163,30.06380494001096,0.7494721474077165,1.0152246814218644,1.3455115310848107,0.6177445986686383,-1.7026462710028736,1.0622647481346055,1.1928312800976957,1.028671309834714
IX,35,1,164,30.01372768325381,0.7482237522284316,1.016264252179745,1.220283482247275,0.6240520586574023,-1.762003653647081,1.0239008324458991,1.1933966315650695,1.0266226175493915
IX,35,1,165,30.06929074290719,0.7496089050964088,1.01495640509725,1.219956027506198,0.6676964735571668,-1.7618870980488226,0.9427959870344709,1.1862826132519875,1.024648533142841
IX,35,1,166,30.04716665913008,0.749057365309248,1.011200536552649,1.3373953314309772,0.7134132264505163,-1.7000186498017757,1.063626840898855,1.1885894215820398,1.0218138968521964
IX,35,1,167,30.03239016767839,0.7486889964749788,1.014654594232059,1.3401553071057677,0.6388116935610798,-1.7009139775039097,1.037656532115554,1.1899520147146805,1.026131869199247
IX,35,1,168,29.99714786544716,0.7478104275784091,1.0152582159624413,1.2227393928053514,0.6633580774656254,-1.7628768249739668,0.929454479177294,1.1933144003574856,1.0310519834729883
IX,35,1,169,29.8840649400406,0.7449913398711572,1.0126089872568744,1.347850493521074,0.6376867716013187,-1.7034005689587535,1.0771498554616201,1.198946677766725,1.0310764200764333
IX,35,1,170,29.82168745556893,0.7434363075879796,1.0167002012072435,1.222949899424615,0.6510112843975367,-1.7629515866075613,0.9278324136991968,1.1978278469479389,1.0294724730881863
IX,35,1,171,29.78270293022877,0.7424644473733241,1.0190140845070421,1.3382139682836691,0.5204096597114982,-1.7002844057018909,1.0440125966190947,1.195960085430689,1.0269874917061104
IX,35,1,172,29.82983200969313,0.7436393463078397,1.0149899396378268,1.2146465827758806,0.6259156702299095,-1.7599928536294815,1.0612433007226725,1.1989839010921908,1.0284391682344403
IX,35,1,173,29.80208379584377,0.7429476004206539,1.0184775318578134,1.3468213500491182,0.6446962556821604,-1.7030688392501772,1.108891516600627,1.2009800624346305,1.028172677073423
IX,35,1,174,29.77310644887118,0.7422252130014612,1.0192488262910797,1.2163540253543528,0.6361887694616725,-1.7606029176578104,0.998032324111079,1.2009698392609607,1.0309586302392182
IX,35,1,175,29.65529175715172,0.7392881652732927,1.0181086519114686,1.3410207232071854,0.5557802617965593,-1.701194336157127,0.9943671282963432,1.2051032985125276,1.032355683268529
IX,35,1,176,29.60442479569797,0.7380200832421286,1.0205902079141516,1.2191373906535061,0.555591076592278,-1.7615955721248793,0.9814637138870408,1.206520877093093,1.0331611606951927
IX,35,1,177,29.54676216544973,0.7365825893718897,1.020992622401073,1.346517284932404,0.6127266052707846,-1.7029707796885802,1.1297727081840208,1.206927659715296,1.0311079381484771
IX,35,1,178,29.60951719011855,0.7381470334997375,1.023910127431254,1.3353370444870656,0.5405421180678136,-1.6993497441929073,1.1020717797312378,1.2057577629231433,1.0298603174164047
IX,35,1,179,29.61391777913667,0.7382567374745954,1.019550637156271,1.2165645319736165,0.6257426838289869,-1.7606780717258355,0.9411078628278671,1.2022807108385625,1.0307056377197936
IX,35,1,180,29.58147926332687,0.7374480652472708,1.017739771965124,1.3448566216026572,0.5957640207693597,-1.7024348325946546,1.0962110555293154,1.2115796100472864,1.0325787970562117
IX,35,1,181,29.44326065378445,0.7340023604101029,1.01934942991281,1.2188567151611542,0.5444471590304107,-1.7614955753137451,1.0004650923193734,1.2119669276964038,1.0329938206787952
IX,35,1,182,29.37780884899437,0.7323706872141913,1.0195841716968477,1.348552182251953,0.7005437245788049,-1.7036266031141498,1.1092677056127527,1.2162661135349684,1.0305137133000488
IX,35,1,183,29.31432494271681,0.7307880725165968,1.015761234071093,1.34852879262759,0.6118613671767369,-1.703619070537346,1.0851158327292738,1.2120090685927072,1.0296865237671697
IX,35,1,184,29.36502725559664,0.7320520499601842,1.0181421864520455,1.3545165364644243,0.5824105802633803,-1.7055431584043959,1.0584442732898907,1.2125155483194454,1.0313717162347995
IX,35,1,185,29.3750522125435,0.7323019659646829,1.019047619047619,1.3409037750853723,0.6221172744868955,-1.7011564604271896,0.9948828124059494,1.2099887401093694,1.0313794012023252
IX,35,1,186,29.34585508248014,0.7315740994883538,1.0220992622401073,1.3474294802825466,0.5971083294365906,-1.703264891975609,1.1255755308644972,1.2181066300911347,1.0343707449793982
IX,35,1,187,29.22620546828714,0.728591308272649,1.017739771965124,1.3497918323431728,0.5638188043946782,-1.7040256428430145,1.1518382768198647,1.2207831112111236,1.0351191933595354
IX,35,1,188,29.17008669367939,0.7271923017730031,1.0177062374245474,1.3591242924638631,0.5959254981415378,-1.707018021920889,1.1237753207519086,1.2246030950748648,1.0296258378981156
IX,35,1,189,29.12780060611724,0.7261381356448662,1.0264587525150903,1.350587079571502,0.48788365531020356,-1.7042814376808966,1.1320004069605423,1.2262551843277814,1.030971109365759
IX,35,1,190,29.16364299227652,0.7270316642643012,1.024413145539906,1.3388922673901855,0.5685624245173547,-1.7005044803193403,1.1219295098451956,1.219307361560438,1.0331314961977436
IX,35,1,191,29.14174686942076,0.7264858074025581,1.0213950368879947,1.3411142817046358,0.562629587070638,-1.7012246343629367,1.1428880989718975,1.220146008005179,1.0335325149150065
IX,35,1,192,29.12619223736866,0.7260980400022079,1.0193158953722334,1.2136174393039245,0.5574150573352056,-1.7596247294439284,1.0071864569529159,1.217941098606943,1.031571934738962
IX,35,1,193,29.02393925983298,0.723548936227572,1.0202213279678067,1.2186929877906159,0.5909194340740526,-1.7614372332060275,0.9589766048336563,1.2256540366258077,1.0349066810368752
IX,35,1,194,28.95361012020026,0.7217956740769211,1.022971160295104,1.3566683819057865,0.5679664776405196,-1.7062325505524534,1.1294364535958445,1.2325786994680794,1.0342204127434333
IX,35,1,195,28.90109657183924,0.720486543647933,1.01841046277666,1.476049024652664,0.46388954866572274,-1.6410139981740874,0.9982116279699145,1.2272442533679984,1.0313010788304966
IX,35,1,196,28.87080996464411,0.7197315171774805,1.020154258886653,1.3585161622304345,0.555265802102677,-1.7068236565414594,1.024496003288442,1.2306021746845883,1.0317579902148888
IX,35,1,197,28.83954413310242,0.7189520792469593,1.0215962441314554,1.4743883613229172,0.5066742046221188,-1.640525109984155,0.99565803703206,1.2297959312393716,1.032259366443336
IX,35,1,198,28.82448419690239,0.7185766443096256,1.016130114017438,1.3393600598774382,0.5605355028679413,-1.7006561909672782,0.9994485873824622,1.2257965035309981,1.0309102052683212
IX,35,1,199,28.76382816699725,0.7170645268289229,1.0190140845070421,1.482668288347289,0.5556306568241624,-1.6429572149053973,0.9572707889164295,1.2319707545174574,1.0317958991804148
IX,35,1,200,28.71028657695475,0.7157297679537622,1.022166331321261,1.482223885484399,0.46980305225956576,-1.642827023518173,0.9341792667855304,1.2355204676191167,1.035023387041374
IX,35,1,201,28.65180276779219,0.7142718025987744,1.021629778672032,1.358492772606072,0.5631465463696219,-1.706816179212501,1.1024834363245155,1.2404352947343502,1.0368188035553776
IX,35,1,202,28.59894784731296,0.712954161973056,1.0185110663983903,1.3580717593675444,0.52723881200639,-1.706681565272274,1.1303605046473821,1.242577621255564,1.0357990017812773
IX,35,1,203,28.58388127946981,0.7125785617129425,1.017069081153588,1.3484118445057771,0.6046121346809709,-1.703581405693482,1.0332942832661136,1.2378594425587541,1.0365473815925177
IX,35,1,204,28.56922601273683,0.7122132149362749,1.0196512407780012,1.35243485989615,0.5890487495980967,-1.7048752034302959,1.1103775740518764,1.242677909210185,1.0365328144209844
IX,35,1,205,28.52041004342905,0.7109962628765506,1.020020120724346,1.3631239182298729,0.5374628321431366,-1.7082941852353926,1.061361453133156,1.2455726517821655,1.0377817367508662
IX,35,1,206,28.47649620769033,0.7099015179885473,1.020355466130114,1.3586798896009726,0.5370049713827818,-1.7068759942398006,1.0182604813134433,1.2435897791578883,1.037164800408946
IX,35,1,207,28.44663653376045,0.7091571347015423,1.0196177062374245,1.3502128455816997,0.5145927746415434,-1.7041610824067142,1.0882208573753815,1.2469876319396265,1.0371469189127798
IX,35,1,208,28.41405760663481,0.7083449621065626,1.0251173708920187,1.3398278523646907,0.4721066389108254,-1.7008078486371458,1.0421177894006517,1.241943444339162,1.0371270670410588
IX,35,1,209,28.48703189574179,0.7101641662050355,1.0230717639168343,1.4747158160639937,0.5571342011578337,-1.6406215540425217,0.93671680838827,1.2375254364243213,1.0345621104464426
IX,35,1,210,28.48844941784545,0.7101995041583369,1.0238430583501006,1.3525751976423255,0.572398570952253,-1.7049202664115972,1.0336693320519055,1.2396616190298682,1.03691915001184
IX,35,1,211,28.47278013365856,0.7098088785508555,1.0219651240778,1.3413247883238992,0.6247914092241333,-1.701292797598672,1.0517173178680228,1.244711303068495,1.0352897347751464
IX,35,1,212,28.33786239045632,0.7064454622792641,1.0235747820254861,1.4791130654441689,0.5580739126958943,-1.6419145893730538,0.9550172703927029,1.2476806360499846,1.0392101660207986
IX,35,1,213,28.28042027758158,0.7050134657713778,1.0238095238095237,1.3574402395097533,0.5345233637312122,-1.706479566095317,1.0409745032519166,1.2516454888642004,1.0382224677096343
IX,35,1,214,28.23314836041265,0.7038350059808299,1.0252850435949028,1.3485287926275904,0.5170755563174037,-1.703619070537346,1.0979786543089847,1.253955045773447,1.0392644677326424
IX,35,1,215,28.2819302828886,0.7050511092739986,1.0245472837022132,1.349511156850821,0.4992701857609076,-1.7039353263291135,1.114565335853802,1.2526498531174999,1.0369807223698926
IX,35,1,216,28.25469804706275,0.7043722264012605,1.0260898725687457,1.346447116059316,0.46444279406694444,-1.7029481474143628,1.112966738074987,1.2536342836786436,1.039190964483956
IX,35,1,217,28.24268008849968,0.7040726260935252,1.0259221998658616,1.351031482434392,0.5231439466156668,-1.7044243162615742,1.125023286794936,1.2558893280191645,1.0377393980837903
IX,35,1,218,28.14550315861847,0.7016500650616836,1.023105298457411,1.3614398652757635,0.5711261826157763,-1.707757310303141,1.0389814118396319,1.2602187405003027,1.040232675077993
IX,35,1,219,28.11711940466222,0.7009424755509236,1.029175050301811,1.4831360808345415,0.517489840848591,-1.6430942163203828,0.9419066133063163,1.2596510643183727,1.039556326666097
IX,35,1,220,28.05614049800747,0.6994223089516424,1.0312206572769953,1.3384010852785702,0.4370721210507874,-1.700345127080843,1.0014358422680871,1.26309406759808,1.0403332262768563
IX,35,1,221,28.09132057452902,0.700299326599581,1.031757209926224,1.344786452729569,0.486721260716743,-1.7024121723727974,1.1009963304465746,1.2616533689956102,1.0414418083870096
IX,35,1,222,28.07433904109105,0.6998759874261987,1.0295774647887324,1.3402488656032183,0.5136171955517438,-1.7009442952743477,1.0971568594006431,1.2618656298557636,1.044579412976081
IX,35,1,223,28.05477122176654,0.6993881737379949,1.029476861167002,1.3493240398559199,0.4986782441039671,-1.7038751048835172,1.1221689689321208,1.263745070960498,1.043595569419425
IX,35,1,224,27.98845443490135,0.6977349370715048,1.0303487592219986,1.3597090330729287,0.4785999640704586,-1.7072048297118576,1.1084023570958899,1.2720052389840724,1.0484383982969723
IX,35,1,225,27.9063078288909,0.6956870727598596,1.032059020791415,1.347476259531272,0.4880417830156539,-1.7032799692892908,1.077342512147245,1.2709363291645681,1.0491948413564836
IX,35,1,226,27.86013346550746,0.6945359743094398,1.0342387659289067,1.48907704542265,0.4458585922820286,-1.6448303849357344,1.0185248216627596,1.270172319174398,1.0497249881050243
IX,35,1,227,27.80546336273154,0.6931730823066402,1.0393024815560026,1.343079010151097,0.4637981319221136,-1.7018604089010154,1.1081867025880359,1.2700144555918,1.0482959920100325
IX,35,1,228,27.86266894215649,0.6945991821812525,1.034372904091214,1.4813584693829815,0.5677074650067314,-1.6425733808633896,0.9329566876633255,1.265116498406235,1.0488427799142752
IX,35,1,229,27.85311098247021,0.6943609081309383,1.0398390342052315,1.4747859849370817,0.38659861431971004,-1.6406422178403053,0.9356101057758016,1.2665589379468896,1.04627059000066
IX,35,1,230,27.81317574556519,0.693365347262307,1.0431254191817572,1.3395939561210646,0.4819960375537555,-1.7007320264221581,1.0120465776246335,1.2776257749823188,1.0498662329940265
IX,35,1,231,27.6756042305243,0.6899357740926578,1.035814889336016,1.3429854516536461,0.4301574663380075,-1.7018301550185995,1.0675246006472026,1.2810521303912397,1.0563933581357492
IX,35,1,232,27.62700764437062,0.6887242911198951,1.0428571428571427,1.3495579360995464,0.3440998699912673,-1.703950380385821,1.108490057267565,1.2841112885631334,1.0528667248898342
IX,35,1,233,27.57035050688682,0.6873118635652098,1.0423876592890677,1.3543060298451606,0.40486101492179666,-1.70547565906762,1.057353486820783,1.2787741336304266,1.0556759617322642
IX,35,1,234,27.62751685483337,0.6887369854232197,1.0470154258886653,1.3368573700706368,0.32079076327558825,-1.6998439216219794,1.0960036843803773,1.2795618095575796,1.0542407573045984
IX,35,1,235,27.60820774445006,0.6882556211896375,1.043494299128102,1.4683070589886327,0.46598219829556337,-1.638730102734595,1.036938713376314,1.2784823250274253,1.0542533156117815
IX,35,1,236,27.61819461587865,0.6885045877456142,1.048189134808853,1.4705524629274451,0.36613137845814975,-1.6393937388987267,1.0039976231890955,1.2809010847109386,1.0517957393899147
IX,35,1,237,27.47034483787072,0.6848187838083393,1.0435278336686786,1.3409739439584598,0.4550883199395876,-1.7011791862615362,1.050838329289445,1.2883605139218837,1.0539158269480717
IX,35,1,238,27.3980763281869,0.6830171743563499,1.043158953722334,1.3495345464751836,0.5012085342967213,-1.703942853422695,1.105639327336969,1.2911439974790668,1.0563641158326944
IX,35,1,239,27.34561163571,0.6817092618744732,1.049832327297116,1.3453945829629974,0.3763402261657844,-1.7026085216932716,1.1683021789280932,1.2923200269361017,1.0573692555625847
IX,35,1,240,27.30777808055243,0.680766094637838,1.0427565392354123,1.4839781073115965,0.4160740989380489,-1.6433407100103656,0.9392606009675742,1.2867924768588113,1.0574963022651396
IX,35,1,241,27.32382278864883,0.6811660793322415,1.051945003353454,1.467815876877017,0.3828107733808909,-1.6385847970458798,1.02014247900004,1.2867963000602414,1.0561055322299155
IX,35,1,242,27.31935979986829,0.681054819769725,1.0444332662642521,1.3512419890536556,0.49620151105270927,-1.7044919791863669,1.1142168804366919,1.2949795487740747,1.0570428491585675
IX,35,1,243,27.2208573398569,0.6785992140878431,1.045908786049631,1.4771717266220703,0.4060995948480795,-1.6413442026082894,1.0263831273804254,1.2937636642654582,1.056882925760771
IX,35,1,244,27.15749314246752,0.6770195836591284,1.0421529175050301,1.3471721944145576,0.47227614218910413,-1.7031819573926403,1.0641199478716907,1.2971249775809335,1.0593649870370454
IX,35,1,245,27.10061989841971,0.6756017687008552,1.0464453386988597,1.4941759835337043,0.42456088789012647,-1.6463149675843203,0.9793178165628038,1.2976072081549268,1.0590523449982276
IX,35,1,246,27.04332607022981,0.6741734688388659,1.0486250838363513,1.3456284792066238,0.4054972067877447,-1.7026840170315527,1.1002748736172843,1.3015670709173386,1.0574576894396028
IX,35,1,247,27.03746937673105,0.6740274650758031,1.0476190476190477,1.489685175656079,0.41224147859433297,-1.6450077120190827,1.0780036844933667,1.297022816077179,1.056537907808222
IX,35,1,248,27.01605813064445,0.6734936958933853,1.0485580147551978,1.3398980212377787,0.3795754461789213,-1.7008305927205543,1.0724400683409625,1.3003328285833415,1.0583247556549031
IX,35,1,249,26.94096088413197,0.6716215677738602,1.0467136150234742,1.4826215090985637,0.4218790889393948,-1.6429435123866025,0.9322474516458692,1.3007753906300068,1.0596595881740443
IX,35,1,250,26.88618639059703,0.6702560733737095,1.0489268947015427,1.4744117509472796,0.3585297362395177,-1.6405319995557825,1.0373866837057233,1.3059846966597473,1.0589874234020258
IX,35,1,251,26.80971960249796,0.668349803425633,1.045271629778672,1.3471955840389203,0.36571844147837584,-1.7031894975546598,1.1014525427826698,1.3090074738193398,1.0597147918999315
IX,35,1,252,26.8004329690255,0.6681182933707785,1.0427230046948357,1.4756981802872247,0.3511931994811703,-1.6409107577798019,0.9620793015487947,1.2992879313235488,1.0612980122084053
IX,35,1,253,26.83367041922547,0.6689468825405605,1.0429242119382964,1.4749497123076203,0.4274043796031526,-1.6406904295453073,1.0446351565387775,1.3005559931661752,1.0600369945988672
IX,35,1,254,26.81773201967198,0.6685495480526794,1.0436619718309859,1.4863170697478596,0.3637598155160155,-1.6440246815545085,0.9508291919134049,1.30197445704358,1.059214734107087
IX,35,1,255,26.75928866507045,0.6670925912049909,1.049698189134809,1.47574495953595,0.36222941091763744,-1.6409245245837878,1.0148499187173123,1.3077601828638166,1.0612282469749068
IX,35,1,256,26.61954218521456,0.6636087975015906,1.0523474178403753,1.4733592178509614,0.3179737827318241,-1.6402218605795758,1.043125554241617,1.3146887979851012,1.0601477133570592
IX,35,1,257,26.58488924698509,0.662744921086724,1.047887323943662,1.3560836412967208,0.30841593202341905,-1.7060453239857616,1.0890225461778884,1.318675207867529,1.0599066799389236
IX,35,1,258,26.50391371235826,0.6607262508636649,1.0455063715627095,1.4783178182158394,0.37764108694823556,-1.6416810275385272,1.0354966562841477,1.3128290851764404,1.059987957255344
IX,35,1,259,26.55196807796986,0.6619242166121491,1.0471495640509723,1.4788323899518174,0.31625525048743414,-1.6418321701264937,0.9436303631029471,1.310231400125303,1.058828619355956
IX,35,1,260,26.53124983286326,0.6614077235174942,1.0503688799463446,1.4680965523693688,0.2747192791444065,-1.6386678348209107,1.0537324233846639,1.3153055404210827,1.0583763396272277
IX,35,1,261,26.49181295653152,0.660424586471123,1.0471160295103956,1.4758385180334002,0.3521687663750987,-1.640952056882637,1.0409717800067133,1.3152361323717134,1.0603342443406745
IX,35,1,262,26.39309574319667,0.6579636271211071,1.0498658618376928,1.3485054030032277,0.24085674339124935,-1.703611537829892,1.1371565104514192,1.3229819548879027,1.058836640369996
IX,35,1,263,26.30797889162951,0.6558417164164603,1.0493293091884641,1.4739907377087524,0.3711434902162593,-1.640407970541259,1.0755596767220927,1.3256056142831207,1.0614345989672298
IX,35,1,264,26.24218605440561,0.6542015414919411,1.047551978537894,1.491977358843617,0.34003411819435053,-1.6456754486891103,0.9820495835521398,1.3255627043731983,1.060026169007951
IX,35,1,265,26.23031456557632,0.6539055925844902,1.0463112005365527,1.335477382233241,0.35794213854927376,-1.6993953841357001,1.1167781190806048,1.324622553555395,1.0592797658843471
IX,35,1,266,26.23188661849127,0.653944782895775,1.0488933601609658,1.4712307620339617,0.25163321390892285,-1.6395940130465707,1.0944613453702825,1.3262609030080217,1.0601643147745743
IX,35,1,267,26.16993537669079,0.6524003765799601,1.0468477531857814,1.477054778500257,0.3910652084369714,-1.641309818024771,1.0340963071190188,1.3265440868586018,1.0607741335202134
IX,35,1,268,26.10834774114866,0.6508650347442999,1.0460093896713614,1.347663376526173,0.26566121904495055,-1.7033402733102023,1.168310355654294,1.336240729967058,1.0667552824603852
IX,35,1,269,25.95573060812799,0.6470603835817327,1.0469818913480884,1.4776161294849604,0.34623936022360696,-1.6414748392035032,1.0175897625487254,1.334830841564606,1.0609245938043625
IX,35,1,270,25.8971014759449,0.6455987954133158,1.0533199195171026,1.472868035739346,0.2882916728111813,-1.6400770532281397,1.0521938817597356,1.3395521456126778,1.0640415105446162
IX,35,1,271,25.81580970318215,0.6435722415682303,1.053420523138833,1.3489498058661176,0.25998088876307096,-1.7037546369347123,1.1389616134976912,1.339022722684695,1.0657507001969806
IX,35,1,272,25.86710793405744,0.6448510748805485,1.0489604292421193,1.4762829208962904,0.35849954394894584,-1.6410828114715288,1.0418470859164426,1.3375717179653597,1.0648292746607546
IX,35,1,273,25.80261514926655,0.6432433094627652,1.050469483568075,1.4734761659727742,0.2513195481546233,-1.6402563314049756,1.0078067034430418,1.3422384642515586,1.0657837318330527
IX,35,1,274,25.73201171142237,0.6414832092265831,1.0512072434607647,1.475090050053796,0.31259572699124816,-1.6407317496045082,1.1020362976724085,1.3462240055985797,1.0673940361321161
IX,35,1,275,25.63669432736249,0.6391070055271781,1.0528169014084507,1.3431959582729103,0.3583301380279388,-1.7018982232905338,1.1897423076339289,1.3512321470083064,1.0665138409759851
IX,35,1,276,25.53428303671942,0.6365539551042455,1.054694835680751,1.6304205454460396,0.2420527567507342,-1.5829090545933457,1.1816172830952836,1.3560902635346817,1.0714161493024263
IX,35,1,277,25.43612462147946,0.6341069262466933,1.0563044936284371,1.6305141039434905,0.3082061191912209,-1.582933975018658,1.2079162745150136,1.355748444299739,1.0699732435877252
IX,35,1,278,25.45226550551773,0.6345093085481138,1.0528169014084507,1.4906909295036719,0.24632567604683286,-1.645300824933246,1.1069023525129018,1.3525812831498687,1.0696420439020389
IX,35,1,279,25.35970388127774,0.6322018042443466,1.0601945003353452,1.6354259250596437,0.2515264250141242,-1.58424029319733,1.1961836356084485,1.3590083002347941,1.070563744419829
IX,35,1,280,25.30349218116764,0.6308004811691398,1.0644533869885981,1.4749263226832576,0.12596260902051884,-1.6406835424865467,1.0205527884346837,1.3594737939267567,1.0740272352680584
IX,35,1,281,25.20501375767053,0.6283454747027601,1.062206572769953,1.6254151658324365,0.22420571356052543,-1.5815737228067543,1.2058014856325778,1.3677992092750253,1.0721042077131107
IX,35,1,282,25.11895847547322,0.6262001695002786,1.059926224010731,1.6268887121672824,0.1907146964140614,-1.5819672611167328,1.1085715383016472,1.3715829406999238,1.0745092938976768
IX,35,1,283,25.02950190933993,0.6239700723833828,1.0587525150905432,1.4728914253637084,0.16320623909786952,-1.6400839499112727,1.1136763116155268,1.375221912903984,1.073505890374273
IX,35,1,284,24.91924286273028,0.6212213822359262,1.0634473507712945,1.622140618421668,0.12383056321070998,-1.5806979143848792,1.2487889063940387,1.3770756625171763,1.0747745663934958
IX,35,1,285,24.92277804907017,0.6213095122548288,1.0566063044936285,1.6457407494035643,0.17231200885569117,-1.5869708378454341,1.1977965597519553,1.378864859293475,1.0751737488537794
IX,35,1,286,24.83152399072689,0.6190346047638217,1.0617706237424547,1.492421761706507,0.08329333498820146,-1.6458047891055398,1.28512271198981,1.3837386858295613,1.0777821478896468
IX,35,1,287,24.70925624960158,0.615986545255628,1.0585177733065056,1.4744351405716425,0.15114783751954575,-1.6405388890181172,1.1713688185530247,1.3895644781351142,1.0747556485465684
IX,35,1,288,24.57876641069203,0.6127335139118719,1.066431924882629,1.6310286756794683,0.18752912764608215,-1.5830710118030464,1.4106989473066458,1.3968211346049237,1.0782388270984782
IX,35,1,289,24.47793214841928,0.6102197778352633,1.0648893360160965,1.4703185666838188,0.22706223099811748,-1.6393246574278726,1.1674833128424669,1.4023532217794679,1.0784454955889753
IX,35,1,290,24.34909015958665,0.6070078263793728,1.0609322602280347,1.6492024138092343,0.11357703631706617,-1.5878833769869236,1.4544273468640572,1.4120069144824092,1.0815419493936032
IX,35,1,291,24.28351765449397,0.6053731441992304,1.061703554661301,1.642466201992796,0.1482683183521798,-1.5861058568011404,1.1316864879597954,1.4180511411839831,1.0821460624097705
IX,35,1,292,24.23457238589777,0.6041529687878533,1.0667337357478202,1.4700378911914675,0.14235425213764805,-1.639241745155398,1.1880359593577192,1.414168605262352,1.0809383577298042
IX,35,1,293,24.15281864508227,0.6021148983636382,1.0645875251509054,1.492562099452683,0.17663598641325026,-1.6458456254461344,1.4750164475710323,1.422099740977414,1.0840335553200597
IX,35,1,294,24.00251563166212,0.5983679367779497,1.096881287726358,1.6744164288721521,0.39700086550894176,-1.5944728917329274,2.742841072237773,1.5359971402075434,1.1083786035261434
IX,35,1,295,23.48669993010964,0.5855089689167442,1.0819584171696845,1.6336483136080833,0.11287748979121402,-1.583767983996555,1.7419183489698187,1.4536681767009736,1.0950719658794603
IX,35,1,296,23.49390394462461,0.5856885605632195,1.0807176391683433,1.634162885344061,0.28486265266043276,-1.5839047579126226,1.738897181325004,1.4505915187357092,1.091266500686343
IX,35,1,297,23.53366904889337,0.5866798801299765,1.1193158953722333,1.8792627590400899,0.4484561937045139,-1.5428559157748745,3.4545606824349195,1.5906703877513828,1.131733384170081
IX,35,1,298,22.97795005922106,0.5728261478636841,1.1315224681421863,1.6938298170931374,0.4133159695709531,-1.599479188853318,3.355279636054703,1.6108067821252283,1.1406637789216534
IX,35,1,299,22.56542807880994,0.5625422288744368,1.1498993963782695,1.9393039247789676,0.5145532819557403,-1.556514284641019,1.6363085702445632,1.6985909308258926,1.1635597609618031
IX,35,1,300,21.94664664262345,0.5471163886429657,1.1505365526492286,2.1563596388642,0.4584962577426755,-1.5009397675739728,4.823656125154741,1.7181316683396866,1.1674105226800253
IX,35,1,301,21.32296125905352,0.5315682960224982,1.120020120724346,1.9060438789353042,0.5572235541179246,-1.5490013025415803,1.3930031283214959,1.6760702514722445,1.1390696641247553
IX,35,1,302,20.86795194406931,0.5202251939410354,1.1185781354795439,2.085699583664686,0.44218115368066413,-1.4864703275912854,3.6966619105010685,1.6831827385600242,1.130774526935151
IX,35,1,303,20.60398579217573,0.5136446802935649,1.1070422535211268,1.8636384899658511,0.526266690000259,-1.5392300796625977,1.6151818989764721,1.6823131621115672,1.1259757276358406
IX,35,1,304,20.1860366970715,0.5032254666763958,1.110898725687458,1.8499087804649856,0.46016960174903726,-1.5360187219988441,1.2274943439409747,1.6730137891831054,1.1239415545779947
IX,35,1,305,19.875842987498,0.4954925284774449,1.0948692152917505,2.039481685924124,0.46979132978560606,-1.4767383829485685,0.9445230654055667,1.6892472796559836,1.1148558828208956
IX,35,1,306,19.56901378337056,0.4878434653277986,1.1028839704896043,1.8205781915142443,0.4861064338476221,-1.5290777443192065,1.242668413418418,1.7224643347101254,1.1212508938669088
IX,35,1,307,19.02362976370828,0.47424737750080004,1.0926224010731052,1.8204846330167936,0.4769030418126414,-1.5290554255946225,1.2143060460222004,1.6708463205797526,1.1124701707427815
IX,35,1,308,18.68982672593943,0.46592587328578006,1.0857478202548625,2.0297983814379936,0.5609885781322317,-1.474671475007557,1.9436784511750647,1.6854517055781428,1.11567368086339
IX,35,1,309,18.29998337199615,0.4562073184915515,1.0812206572769951,2.0224540393881276,0.518318305970052,-1.4730972341228976,1.7670322848196574,1.6807418811675612,1.1081715986809149
IX,35,1,310,18.10581151824104,0.45136673372557257,1.0883970489604293,2.01457173597792,0.4413444816774832,-1.4714013097387924,1.7167044713128043,1.6932109867923661,1.1127965804902484
IX,35,1,311,17.80600468506157,0.443892733960111,1.0847753185781355,2.021167610048183,0.4308860816377335,-1.4728209030360744,1.565348164730516,1.6971510854295082,1.1133473337598079
IX,35,1,312,17.36744941084966,0.43295982098464314,1.0839369550637157,1.789376432614492,0.5120432659462022,-1.5215701213255133,1.135883277193737,1.710590337045586,1.1160079968135523
IX,35,1,313,17.08020478000555,0.4257989891890789,1.086317907444668,1.7776114515600876,0.4810864018285413,-1.5187052476304694,1.22334253180371,1.7126854385567656,1.1154716035571142
IX,35,1,314,16.76806986018626,0.41801765781386896,1.0808517773306505,2.0208167656827434,0.45305788972200656,-1.4727455094876902,1.2026717890854592,1.7190667321755329,1.1152154714792886
IX,35,1,315,16.43290010293534,0.4096620821236257,1.0786049631120052,1.7908733685737008,0.4865247698492102,-1.5219332865239383,1.0610245828497507,1.7252671547967862,1.1133938328183919
IX,35,1,316,16.22770601960161,0.4045467199604413,1.0790744466800803,2.014454787856107,0.5296133780129826,-1.471376097731035,1.1733223036620597,1.730977965480219,1.112850193902436
IX,35,1,317,16.11958933517158,0.40185143758310865,1.0839034205231388,2.2242597183889226,0.5020032019080407,-1.4119344249221242,1.1875911981849805,1.744323643058333,1.1193646875032415
IX,35,1,318,15.90932834200246,0.39660976047733376,1.087424547283702,2.219605183140758,0.44510950569179497,-1.4110246584201673,1.1682143159773333,1.7514061609048024,1.1238162231637505
IX,35,1,319,15.69637002745864,0.39130084081038,1.0868544600938967,2.2313467745707998,0.5333784020272897,-1.4133159975512377,1.1118185842021422,1.7586908116563424,1.123683063574715
IX,35,1,320,15.38890868178558,0.3836360187611996,1.0842387659289068,2.2271834214342516,0.5199916499764139,-1.4125049132972465,1.1289202280277861,1.762546901672354,1.1182351252839553
IX,35,1,321,15.17638902697668,0.3783380346113625,1.07897384305835,2.227978668662581,0.5112065939430214,-1.412659956583976,1.1443740112640743,1.7718161500150593,1.1194300757916895
IX,35,1,322,14.95240119076071,0.37275415575980125,1.0808853118712274,1.9884689151892219,0.5768853461926595,-1.4657373793935675,0.9466038172212456,1.7713963791517742,1.1206901350640128
IX,35,1,323,14.77994057848908,0.36845481887678255,1.0835010060362171,2.209898489030266,0.46142460975380634,-1.4091212530955086,1.107291110139184,1.7819884355999447,1.1224319772753026
IX,35,1,324,14.7251250475413,0.36708830143919596,1.083232729711603,1.9735931140945873,0.4714646737919679,-1.462476194364666,0.9389080435224617,1.785948131539326,1.1194915955155482
IX,35,1,325,14.56963772334544,0.36321209817775646,1.0760898725687458,1.9844692894232117,0.5086965779334787,-1.4648629555303168,0.9523979934529317,1.7916713343275683,1.1179544189580688
IX,35,2,0,40.47376752970841,1.0,1.0,1.0,1.0,-1.8899800013013053,1.0013197194193375,1.0,1.0
IX,35,2,1,39.74161147570033,0.9819103558009353,1.004698214678422,1.017263762042499,1.0755228178243268,-1.8974135752148693,0.898845799762538,1.0074098002775995,1.0081056963877346
IX,35,2,2,39.17379528775749,0.9678811160587727,1.0073372118594932,1.0302229712802062,0.9852919594567137,-1.9029112305859277,1.0871035750038018,1.0164984263705716,1.0115279347104693
IX,35,2,3,38.65528398745055,0.9550700699922966,1.0031987844619044,1.0410868426446809,0.9810973083358113,-1.907466959157968,1.0949555213707416,1.018511716414293,1.0098629813612645
IX,35,2,4,38.22607119928745,0.9444653545343632,0.9998200683740178,1.044184298631198,1.0673102016263538,-1.9087571597516604,0.9828806372516551,1.0150073195608875,1.0080897970149594
IX,35,2,5,37.87145258509397,0.9357036642881269,0.9985205621863692,1.0458696790944497,0.9989062187468312,-1.9094575738094304,0.913363107353752,1.0154919197762995,1.0069496680034908
IX,35,2,6,37.59251943511919,0.9288119621561216,0.9932225754213398,1.0521556927141458,1.1321439425936402,-1.912060010590133,1.1282963235390318,1.0168483173873677,1.003965633031144
IX,35,2,7,37.36190744241255,0.9231141483181248,0.9940022791339291,1.0458696790944497,0.9447902943085694,-1.9094575738094304,0.9794968817693722,1.0146867012468246,1.0046628395077473
IX,35,2,8,37.19986944368488,0.9191106169293374,0.9958215877966372,1.041815655817979,1.0375044658344954,-1.9077708807795062,1.180304968302515,1.0145621653861288,1.0072196420457304
IX,35,2,9,37.19052658022572,0.9188797794257049,0.9949619144725004,1.0432960575762407,1.047300723543465,-1.908387567567569,0.9553945608223539,1.011667979144875,1.006886186987144
IX,35,2,10,37.07739414261921,0.9160845754081034,0.9940622563425897,1.0427722231079328,0.9756870412682975,-1.908169455412847,0.9683909571876809,1.0110596788189836,1.0020664783876132
IX,35,2,11,36.88368448532995,0.9112985209063308,0.9895839580959235,1.0460518823877742,0.9508059414970446,-1.909533226631728,1.2254422169919712,1.017211040483025,0.9997763792648141
IX,35,2,12,36.717357590007,0.9071890221995235,0.9848857434175013,1.0479422415560162,0.9826629983133678,-1.9103173480093536,1.0039500960742325,1.0149388228088294,0.9964657224040184
IX,35,2,13,36.59977968142106,0.9042839823240132,0.9798876426957756,1.0449358872161616,1.0427280667936405,-1.9090696461192758,1.2274002310046421,1.0109046541299984,0.9930144495091007
IX,35,2,14,36.66618926946769,0.9059247880137202,0.9829864651432455,1.040494681941376,0.9457815251018503,-1.9072198661378341,1.23866940471465,1.012581994249511,0.9931263458357528
IX,35,2,15,36.61086411532756,0.9045578494380239,0.9786281213139006,1.0406313344113696,0.9689426047898279,-1.9072769000831844,0.9802850324872591,1.0103956497093762,0.993844662416262
IX,35,2,16,36.54638100313994,0.9029646418835187,0.9738899218297047,0.9728744847063112,0.9761039672340346,-1.9801260114523658,1.107622835362547,1.0138277696675353,0.9894329027252361
IX,35,2,17,36.33752617789077,0.8978043902440866,0.9691517223455087,1.0516546336575032,0.9997389324160164,-1.9118531410023245,1.1134883283519672,1.0146546046014613,0.986943175130472
IX,35,2,18,36.2246350940616,0.8950151494414776,0.9628741078390212,1.0586239096271666,1.0119327952916968,-1.9147216998568752,1.3033966595923692,1.0148664947857522,0.9780453126569227
IX,35,2,19,36.23457869504252,0.8952608295841435,0.9651532417681281,1.0432960575762407,0.9471632981405183,-1.908387567567569,1.0365687145097549,1.008452947165699,0.9815281870395839
IX,35,2,20,36.27027108594267,0.8961426943839536,0.96559307463164,1.0447309085111713,0.933043596793214,-1.9089844448604412,0.9615943679547682,1.0085115986346627,0.9821797822057741
IX,35,2,21,36.24041479217237,0.895405024144869,0.9620544193206582,1.0433643838112374,0.9011890111349307,-1.908416008904981,1.1285543237171864,1.0090369661992054,0.9780715534625016
IX,35,2,22,36.10664239612242,0.892099861215528,0.9566564705411943,1.0445714806295125,0.9226776271094892,-1.9089181656566645,1.216624635646717,1.01286728369344,0.971509184608021
IX,35,2,23,35.98212522217687,0.8890233704031975,0.9505587876606889,1.0509713713075366,1.020239535162392,-1.9115708872129897,0.9679434727902765,1.0126847858484385,0.9711729816620889
IX,35,2,24,35.91291793986007,0.8873134410701796,0.9492192966672663,1.0452091921561484,0.9740259468521404,-1.9091832218027638,1.014915549852071,1.009629500939884,0.9683637533764213
IX,35,2,25,36.0307609624875,0.8902250312141149,0.9526979747695875,1.040449131118045,0.9320099738496774,-1.9072008531581488,1.2857557424791815,1.008911918236927,0.9690524894373924
IX,35,2,26,36.00744699095785,0.8896490044947705,0.9511985445530697,1.1257658232172547,1.0111617476632009,-1.8402639675593038,1.2738632875800229,1.0086307917682145,0.9705780602101067
IX,35,2,27,35.98432011171899,0.8890776003322624,0.9510985825386352,1.0443665019245225,0.8966029611041498,-1.9088329346718156,1.2711556635454264,1.0116950020935196,0.969215651209811
IX,35,2,28,35.81164612836289,0.8848112818278296,0.9464803374717607,1.0478283644976885,0.8916662308676101,-1.9102701518343972,1.1853026602447885,1.0116701906642511,0.9661655677117269
IX,35,2,29,35.72768598229512,0.882736848159006,0.941042403886523,1.0513813287175167,1.029119609190108,-1.9117402614984977,0.9399924954999697,1.0112445579954887,0.9639352251624006
IX,35,2,30,35.6542040372988,0.8809213031904684,0.9364641436254223,1.051882387774159,1.0485240253655375,-1.911947184848925,1.3084911014385392,1.0125271564335674,0.96159717360758
IX,35,2,31,35.62121540420281,0.8801062411117584,0.9369639536975949,1.0496959482542647,0.9634811262940005,-1.9110435221637665,1.235005227361824,1.0118457568314643,0.9588430866345349
IX,35,2,32,35.57282326111217,0.8789105989453819,0.9339850856674463,1.0493087662559502,0.9802723552753407,-1.9108833024118954,1.0359751545190183,1.0115695199877486,0.9595200456654818
IX,35,2,33,35.51669434998361,0.8775238016553258,0.9346848197684879,1.0500148040175827,0.9423531488949509,-1.9111754234739318,1.2916411439399103,1.0110045459019674,0.9576565912981253
IX,35,2,34,35.46749665498012,0.8763082564267434,0.9327455566884584,1.0488988088459699,0.9110761218635666,-1.9107135935181252,1.2298431667351695,1.0118248926174649,0.9564239417361524
IX,35,2,35,35.41944111454349,0.8751209308237746,0.9310861872488454,1.0475322841460362,0.8854879152718298,-1.9101474177705866,1.1723568991758588,1.0112542847164983,0.9543231521813247
IX,35,2,36,35.37657984818613,0.8740619420274908,0.9348647513944701,1.0400163982963992,0.8033397174020473,-1.9070201883245985,0.9748260943603778,1.010638103826714,0.9544259275280392
IX,35,2,37,35.4283236356273,0.8753403944819895,0.9369039764889342,1.1232149771107114,0.9778014640487666,-1.839278793418955,1.0421279248393271,1.0128174881681298,0.960896325727259
IX,35,2,38,35.38378559901048,0.8742399771169856,0.9400627761450648,1.0443892773361878,0.8736896936350079,-1.908842405607296,1.022247962339636,1.0181099785464076,0.959410384035373
IX,35,2,39,35.31178535626856,0.872461041101477,0.9378236270217317,1.0466668185027446,0.9867576317466592,-1.9097884576563537,1.265907650604208,1.0170884062341425,0.9602637556234335
IX,35,2,40,35.27679661860265,0.8715965617163982,0.9426018113117015,1.04386544286788,0.8270429744923949,-1.908624521819856,1.1358959249496048,1.018667423310137,0.9616567494687837
IX,35,2,41,35.31014691805015,0.8724205596163471,0.946200443831344,1.039560890063088,1.0262125388801813,-1.9068299335872922,0.9986506188990693,1.0162184299170465,0.9678069444946126
IX,35,2,42,35.40695990223568,0.8748125530010614,0.9600751714348547,1.0333432026783886,0.8121440213131111,-1.9042245883336208,1.02565827964681,1.0243141404826277,0.9765171775128115
IX,35,2,43,35.40902410933688,0.8748635541118349,0.9659329454807173,1.0365773111348988,1.0032399174163682,-1.9055816999619148,1.2168925785784006,1.024890456409493,0.9807936164780446
IX,35,2,44,35.36947217963028,0.8738863302920467,0.9673923908914611,1.0372605734848659,0.9630095308139279,-1.9058678718765283,0.964880544755526,1.0291166387971333,0.9836944524693221
IX,35,2,45,35.18052236209488,0.8692178788710934,0.9662128391211339,1.0411779442913434,0.9196297603447722,-1.9075049609939605,1.3357139362946948,1.0318412971229296,0.9819079572433224
IX,35,2,46,35.11956559767155,0.8677117980650854,0.9651532417681281,1.038763750654793,0.7980111478754137,-1.906496787112941,1.3422821966332366,1.032402122415312,0.9788982090700008
IX,35,2,47,35.19459421096638,0.8695655571261798,0.9659529378836041,1.0325005124467626,0.8913520505920808,-1.9038702771771976,1.1024257416466399,1.0272199370365358,0.9805414078449146
IX,35,2,48,35.19698437861587,0.8696246118620093,0.9655330974229792,1.0379666112464985,1.0565474654646536,-1.906163384886361,0.95926239819873,1.027728674539985,0.983515707921044
IX,35,2,49,35.19098063744821,0.8694762752594617,0.9673923908914611,1.0338670371466965,0.866509031813392,-1.9044446902076377,1.1000329560925148,1.0308040851332838,0.9836139676887466
IX,35,2,50,35.02784351547757,0.8654455874355299,0.9647334013075031,1.040289703236386,0.8990973495579743,-1.9071343011735764,1.299653234601603,1.034133318732987,0.979430942291009
IX,35,2,51,34.93449904093171,0.8631392917718672,0.9605549891041404,1.0372605734848659,0.8360258970201394,-1.9058678718765283,0.9975175826950842,1.0327243236127956,0.9787264241422925
IX,35,2,52,34.87565619967783,0.861685440429496,0.9639137127891401,1.0340036896166898,0.8079510362602327,-1.9045020897471494,1.3244916303419736,1.0323823745484444,0.9772043497944385
IX,35,2,53,34.97722614871556,0.8641949658637956,0.9628341230332472,1.118409365249277,0.8824439884362468,-1.8374167027274326,1.2954044562187026,1.0313360438218437,0.9760078941572164
IX,35,2,54,34.97313712961324,0.8640939369912224,0.9624942521841701,1.0330698977384016,0.9657813507739977,-1.9041097082760163,1.3379207124995414,1.032994953879364,0.9782099547911789
IX,35,2,55,34.93844026114869,0.8632366689239717,0.9570963034047062,1.038763750654793,0.9059786020887189,-1.906496787112941,0.9333130947533655,1.0343953312313823,0.9744044794049787
IX,35,2,56,34.75487026565163,0.8587011387101778,0.9519982406685459,1.1289316054387684,0.9636884902313559,-1.841483539317129,1.3321898923049877,1.0348094355954143,0.9727483362003742
IX,35,2,57,34.68350244969517,0.8569378282917919,0.9514784381934864,1.1264263101555563,0.7601700033500954,-1.8405186934653632,1.1590610748005525,1.0353501486538437,0.9697421720942596
IX,35,2,58,34.64527977709757,0.8559934469077376,0.9508986585097663,1.1191837292459061,0.9254605229053923,-1.8377172953820788,1.019522386223061,1.0361775349765665,0.9723386753285567
IX,35,2,59,34.78701046485264,0.8594952382260536,0.9536176253023851,1.1204363768875123,0.8697057530574848,-1.838203108144482,1.308993445308804,1.032897358842277,0.9726599718591483
IX,35,2,60,34.77623211796348,0.8592289337145882,0.9537775645254802,1.1225544901724098,0.9955430847727637,-1.8390233390233701,1.3202906920018422,1.0342986837947212,0.9741258780063083
IX,35,2,61,34.68769630928209,0.8570414474961034,0.9557168276055099,1.0378527341881705,0.9579413136498994,-1.9061157350962137,1.2305020084389349,1.0372498724727317,0.9741737030367145
IX,35,2,62,34.55703355593707,0.8538131156327772,0.9550570783102421,1.1214840458241282,0.8724026626276198,-1.8386090073606585,1.020915221523613,1.0399063958182875,0.974505482306532
IX,35,2,63,34.49965100375785,0.8523953441802653,0.9514184609848256,1.1191837292459061,0.8684388475304523,-1.837717295382079,1.0228466157345912,1.0373330850098723,0.9724054811824298
IX,35,2,64,34.61965247390078,0.8553602638669451,0.9562366300805694,1.1212107408841414,0.9432092805249644,-1.8385031571766708,1.3283254329800833,1.0369834384429335,0.9744792821626493
IX,35,2,65,34.61020717609237,0.85512689548083,0.9590355664847358,1.116883412667684,0.8699530502308441,-1.8368237487347148,1.1489820818180452,1.037031424214778,0.9757128239395457
IX,35,2,66,34.59666584924952,0.8547923250252153,0.9594753993482477,1.1198442161842075,0.8788274274654697,-1.8379735189290687,0.987056285032253,1.0390870161783305,0.9757892948719434
IX,35,2,67,34.46576643826253,0.85155814597601,0.9518183090425638,1.1218940032341085,0.9477840098347017,-1.838767734279669,0.9513072243060865,1.0401397445234901,0.9742034175951105
IX,35,2,68,34.40389280124455,0.8500294116674839,0.9537575721225934,1.1297742956703944,0.9047842421439931,-1.841807597207401,1.3438869397286406,1.0435525345754417,0.9722636498861333
IX,35,2,69,34.34646584011544,0.8486105429869994,0.9552570023391111,1.1193431571275652,0.7837547201474395,-1.8377791562869488,1.3350103161315758,1.0434483348529293,0.9714268940561852
IX,35,2,70,34.33038242374679,0.8482131642068588,0.9534576860792898,1.1188876488942539,0.8641033656991871,-1.8376023874618683,0.9629187667609936,1.0404823805643695,0.9711551306787548
IX,35,2,71,34.32636249293132,0.8481138423235545,0.9568763869729502,1.1200491948891977,0.7578208128102181,-1.838053005854914,1.3028532166920226,1.0432119575255296,0.9738041376923496
IX,35,2,72,34.29674231457306,0.8473820058732779,0.9559767288430395,1.1208007834741616,0.8809746748743273,-1.8383443335122784,1.0140267725428787,1.0488728651546488,0.9740386052594472
IX,35,2,73,34.21106798052641,0.8452652191426193,0.9544173214178612,1.1206413555925026,0.7823987432597855,-1.838282553064614,1.0697495599201114,1.045658635318443,0.9738241946414103
IX,35,2,74,34.17711826702625,0.8444264113030665,0.9530778304244386,1.120459152299178,0.8029164039350343,-1.8382119360755311,1.3278469923356002,1.0469099842895948,0.9752965325656882
IX,35,2,75,34.12275806865945,0.8430833142383591,0.9554569263679801,1.1210057621791516,0.8913166777407991,-1.8384237526048006,1.069665864813333,1.0466758454618335,0.9742951097963737
IX,35,2,76,34.18007835286839,0.844499547213628,0.9595553689597952,1.113375999271187,0.8960015437874919,-1.8354577627588422,1.0182511874579567,1.0464913902653772,0.975467982649917
IX,35,2,77,34.16113332845562,0.8440314656494675,0.962074411723545,1.1204819277108435,0.8715621781043555,-1.8382207638271377,1.337153773549445,1.0501891815429285,0.9806742482506413
IX,35,2,78,34.07373174287071,0.8418720030908917,0.9590155740818489,1.123647709932357,0.8442166585038665,-1.8394460786562652,1.007744473720469,1.0552281598597106,0.9785173338881169
IX,35,2,79,34.00636797501078,0.840207622135734,0.9586357184269977,1.124444849340652,0.816904551919659,-1.8397540670968757,1.276748163540129,1.0519613591964254,0.9761319142900446
IX,35,2,80,33.94027347255962,0.8385746013796936,0.9608948599532178,1.1134671009178494,0.7309220616175526,-1.8354932973166713,1.0936405766328374,1.0480288036203838,0.9763065271711197
IX,35,2,81,34.06709020755514,0.8417079082778577,0.9608948599532178,1.1162001503177172,0.8083610974661597,-1.8365579843159876,1.005052755265172,1.0489515437486279,0.9776361951881576
IX,35,2,82,34.06583640677849,0.8416769301689941,0.9668725884164017,1.116154599494386,0.7595112277866672,-1.8365402609042196,1.3343721048155945,1.0524777005375079,0.9824179660721301
IX,35,2,83,34.04285133337191,0.8411090296544272,0.96785221615786,1.1144008927961375,0.7734113698548035,-1.8358573589979552,0.9062838966190114,1.0549402258766343,0.9835095115440835
IX,35,2,84,33.89384437974079,0.8374274610057527,0.9584557868010156,1.1225317147607445,0.8724894713703699,-1.8390145275705287,1.2255031354933485,1.0557026609251883,0.9793227024412436
IX,35,2,85,33.82987789982096,0.8358470180713785,0.9590155740818489,1.1247864805156356,0.8230736730179717,-1.8398859953101394,1.2743816572554705,1.0561144179251998,0.9785673375897062
IX,35,2,86,33.7865438771388,0.8347763487137421,0.9646734240988424,1.1150841551461044,0.7656366357180202,-1.8361235523755217,1.3419691625246049,1.0533048155196487,0.9809118277733984
IX,35,2,87,33.92258803536858,0.8381376408921862,0.9711109778284251,1.1086159382330838,0.6860991662186402,-1.8335970256698562,1.233271231366916,1.056145703323488,0.9855315007697343
IX,35,2,88,33.96245921530358,0.8391227525427323,0.9803474679621743,1.108228756234769,0.7990588193485383,-1.8334453226592755,1.155836656216859,1.0588471238440174,0.9895016970832485
IX,35,2,89,33.91859494902378,0.8380389822649194,0.9708710689937823,1.1179538570159657,0.8465232347833498,-1.8372397862829528,0.9087497820326718,1.0595258068882316,0.9898246285595644
IX,35,2,90,33.75750338047713,0.8340588346686176,0.9703712589216098,1.1150613797344389,0.8295960530077744,-1.8361146818911025,1.1150917560684575,1.0610185742804772,0.9862889543169598
IX,35,2,91,33.67991171548545,0.832141749363062,0.9642735760411044,1.120504703122509,0.9084113475622947,-1.8382295913993094,1.1100968008336742,1.061145242806167,0.9831314650850443
IX,35,2,92,33.6348890655344,0.8310293584812889,0.971950658749675,1.1109845810463026,0.8021257524804475,-1.8345239392157289,0.9247167754501697,1.059156221946924,0.9867331199125637
IX,35,2,93,33.78832518254348,0.83482036007007,0.9737899598152702,1.1145830960894618,0.8528785887952713,-1.8359283598534537,1.3407215894580267,1.0616076744590526,0.9883934147074144
IX,35,2,94,33.76784750071589,0.8343144105853189,0.9764489493992282,1.111280661397955,0.8527417977056232,-1.8346396644327077,1.2620382562156254,1.062422960089275,0.9923794306270748
IX,35,2,95,33.69954343127648,0.8326267972592485,0.9675523301145564,1.1232149771107114,0.7370173404611893,-1.839278793418955,1.3312593014015361,1.0661670317138334,0.984187869538337
IX,35,2,96,33.50200090813282,0.8277460427557628,0.9658929606749435,1.1204136014758468,0.878891122786034,-1.8381942800339837,1.337431788640729,1.0654821824499925,0.981417111604928
IX,35,2,97,33.45793602049424,0.8266573156535418,0.960415042283932,1.1255608445122647,0.7814229051856236,-1.8401848843040776,1.3400970396785787,1.0659175294447834,0.9820265174629841
IX,35,2,98,33.5137723136864,0.8280368831265027,0.9686119274675622,1.113535427152846,0.7070893527830652,-1.8355199463271359,0.9640584264574933,1.0621578473437625,0.9816072611826809
IX,35,2,99,33.53520077916846,0.8285663239665809,0.9690917451368479,1.1125105336278953,0.7745132612640084,-1.8351200393694924,1.3085759098553182,1.0635108286606296,0.9825413327441462
IX,35,2,100,33.5327345019468,0.8285053887640487,0.9602551030608368,1.1191154030109094,0.8590199182149074,-1.8376907808680805,1.328084519496891,1.0632523595226904,0.9804343535938526
IX,35,2,101,33.37626852663375,0.8246395273712788,0.9568563945700633,1.1179766324276312,0.7389595247213281,-1.837248633817039,0.9740575625095957,1.0642128963282376,0.9762901335164649
IX,35,2,102,33.26068438951325,0.8217837483278363,0.9493392510845878,1.1233288541690392,0.7442459238240622,-1.8393228220974975,1.221590474401518,1.064411603938679,0.9710379327763037
IX,35,2,103,33.17337738613934,0.819626622646126,0.9475199424218795,1.1236932607556882,0.6989134255047914,-1.8394636838808214,0.911729462842762,1.062964246228982,0.9677727344419429
IX,35,2,104,33.32144316080904,0.8232849372460953,0.9559967212459265,1.1121461270412463,0.6833916840960572,-1.83497776144053,1.2128093125299435,1.0626685432009595,0.9738211093959775
IX,35,2,105,33.3112296002036,0.8230325871134337,0.9558767668286051,1.1155396633794157,0.8260229610147866,-1.8363009240267123,0.9489767233201665,1.0667248988073985,0.9746732662778178
IX,35,2,106,33.30518857686785,0.8228833293668867,0.95261800515804,1.1156763158494092,0.7331803979844818,-1.8363541213991614,1.309898451069456,1.0647941232476612,0.9703877755041708
IX,35,2,107,33.11000216239469,0.818060788091729,0.9488194486095284,1.120459152299178,0.7731954478768541,-1.8382119360755311,1.3256310365281712,1.066557036801157,0.9687518520596405
IX,35,2,108,33.04688199755901,0.8165012553699642,0.9451608388812252,1.1194798095975584,0.760807123126048,-1.8378321729073892,1.0881827438605762,1.0659389864769795,0.9674886468063129
IX,35,2,109,32.97824684869254,0.8148054619448503,0.9443011655570883,1.118454916072608,0.6902342562372585,-1.8374343904086985,1.2909627334378018,1.0664129716057675,0.9663877627022842
IX,35,2,110,32.93396534984676,0.8137113829512581,0.9449409224494691,1.1177488783109757,0.6660611304173404,-1.8371601503641632,1.356734662807048,1.066423946147117,0.9659462209599153
IX,35,2,111,32.89887166008125,0.8128443104767288,0.9401827305623863,1.1191609538342404,0.7586822335870309,-1.8377084573906073,1.0656919068365236,1.066603938062875,0.9620734977528924
IX,35,2,112,32.85306663145317,0.8117125890822612,0.941262320318279,1.1232149771107112,0.6919765559946709,-1.839278793418955,1.3488706624355016,1.067181110551566,0.9648568367754071
IX,35,2,113,32.80703489804672,0.8105752664109122,0.9433015454127431,1.1235566082856947,0.6721137046017602,-1.8394108660659916,1.3426205594756604,1.06921614197389,0.9635055213640242
IX,35,2,114,32.7334539043672,0.8087572742107665,0.9399028369219696,1.1224633885257478,0.7129375374171711,-1.8389880921392943,0.9941629865226811,1.0720658593201546,0.9629410334054893
IX,35,2,115,32.68134031435864,0.8074696849106029,0.9397828825046481,1.123283303345708,0.6988790722846785,-1.839305211161711,1.3485405838418154,1.0682530864730533,0.962807936546657
IX,35,2,116,32.68864857048499,0.8076502526356358,0.9412423279153921,1.1205274785341748,0.7866079915609454,-1.8382384187920535,1.3114447709041965,1.0687753643320559,0.9649864854866931
IX,35,2,117,32.72045570399775,0.808436122977195,0.9420020392250944,1.2121985104880773,0.7063569192198478,-1.7706736784779944,1.1248347245277748,1.0683255399285196,0.9647011131213918
IX,35,2,118,32.6484570318425,0.8066572257667387,0.9373038245466723,1.1217801261757805,0.7740199865700583,-1.8387236492876096,0.9608689389781707,1.0670829322913646,0.9630760879368875
IX,35,2,119,32.58965405536735,0.8052043593778614,0.9385033687198864,1.1241487689889995,0.781163598771622,-1.8396396968855422,1.1733237822183062,1.070525896952863,0.9653966096105151
IX,35,2,120,32.52301222122998,0.8035578155000658,0.9376836802015234,1.1241943198123308,0.688910848269525,-1.8396572942632021,1.294921103885918,1.0697551227800262,0.9618242166866285
IX,35,2,121,32.66622305864973,0.8070961774110152,0.9465603070833083,1.1171794930193364,0.7522486381196103,-1.8369388628287253,1.279109874388799,1.0703126123098443,0.9679805316959282
IX,35,2,122,32.6988532042321,0.8079023822091829,0.9507587116895578,1.1104379711663288,0.792820653097322,-1.8343102116120533,0.9940588083346651,1.0743738845676534,0.9708388064892891
IX,35,2,123,32.73228762912962,0.8087284586270251,0.9568364021671765,1.1115539663379417,0.6323279232294953,-1.834746460346745,0.9690297097792202,1.0777341223221188,0.9713713111740967
IX,35,2,124,32.6435724494502,0.8065365406244743,0.9491193346528318,1.2149315598879453,0.6677254890914692,-1.7716517461879129,1.0948901152079489,1.0748488172452777,0.9716796971302248
IX,35,2,125,32.46152156532843,0.8020385436443777,0.9479997600911653,1.1208007834741613,0.7208071866831006,-1.8383443335122784,1.3556611945206414,1.076461969793092,0.9701042999551875
IX,35,2,126,32.39148548569657,0.8003081369166013,0.9430216517723264,1.122600040995741,0.714837187134209,-1.839040961392741,1.1982691248188235,1.0761396121946765,0.96807461098489
IX,35,2,127,32.51916818451391,0.8034628394958365,0.9518782862512245,1.1126016352745578,0.7594083045315755,-1.835155601569918,1.309783169237657,1.0745561334169358,0.9704064440045982
IX,35,2,128,32.58236725051245,0.8050243216571439,0.9540774505687838,1.1090486710547294,0.7364761015609225,-1.833766513407702,1.3020749241890195,1.0753527258016788,0.9725685992707296
IX,35,2,129,32.56737791125276,0.8046539746354913,0.957336212239349,1.2047965016967683,0.7414891724044367,-1.768013630272034,0.9841498758943048,1.0810914380718155,0.9759027269630265
IX,35,2,130,32.41632320493735,0.8009218114212677,0.9502788940202723,1.1184321406609425,0.7444397155892488,-1.8374255466581122,1.0131438327469808,1.077873527979111,0.9746202376936621
IX,35,2,131,32.28180671665068,0.7975982639361483,0.9466602690977428,1.1238299132256817,0.7269689430993097,-1.839516495272861,0.8908175111906902,1.0830223051543562,0.9714889858641916
IX,35,2,132,32.19617465577019,0.795482521663882,0.9452807932985465,1.1225317147607445,0.6284328750592957,-1.8390145275705287,0.9926526328980264,1.0867101358716038,0.9674369015149816
IX,35,2,133,32.35413339511533,0.7993852653170197,0.9508986585097663,1.1166556585510283,0.7622135648052569,-1.836735178664272,1.327622214081977,1.076963810317153,0.9720987318293298
IX,35,2,134,32.4036086762653,0.8006076689668319,0.9592554829164918,1.207734529801626,0.7118682622301536,-1.7690714156499197,0.9593416442518833,1.07734322548257,0.9790724278500615
IX,35,2,135,32.41264389506274,0.8008309053826366,0.9572162578220276,1.2105586808481563,0.7800572247813453,-1.770085778811302,0.9948101310676309,1.0815532155964036,0.9787573977138421
IX,35,2,136,32.19930724281525,0.7955599196239992,0.9555768807853016,1.2125173662513953,0.6232601598616889,-1.7707878999425863,1.3378139327281753,1.083036171285922,0.9716584242122938
IX,35,2,137,32.11455146320515,0.7934658279497342,0.9510585977328615,1.1186371193659326,0.6654133934929859,-1.8375051339309114,1.2522975382330546,1.084476944291725,0.9724637750599018
IX,35,2,138,32.04681382703609,0.7917922096951612,0.9463004058457785,1.2150226615346071,0.7816866475505073,-1.7716843105400373,1.1828349318730758,1.0783937503086372,0.9707788666006599
IX,35,2,139,32.22602530145434,0.7962200523536611,0.9583158399808073,1.210217049673173,0.7099325989844959,-1.769963199480011,1.031220161517666,1.0828396368160782,0.9784437568134527
IX,35,2,140,32.35701667967651,0.7994565036705794,0.9614746396369379,1.208804974149908,0.6770262641298823,-1.769456170878038,1.1962981566693485,1.0840179208123997,0.9804929148022492
IX,35,2,141,32.28244605962247,0.7976140604139861,0.9601551410464023,1.2116519006081035,0.6972796812535819,-1.7704778003350496,0.9224537851934864,1.0857003527914206,0.980073801596777
IX,35,2,142,32.04891480624602,0.7918441193477129,0.9556168655910754,1.2132917302480242,0.7137159003587058,-1.7710651699244897,0.9793429852435295,1.0921322447365336,0.9752118433461042
IX,35,2,143,31.96107792311268,0.7896739017353085,0.9563165996921169,1.2138155647163325,0.5551524734433223,-1.7712526345850108,1.0867081898982676,1.0874822437843525,0.9757900284668022
IX,35,2,144,31.91122019114987,0.7884420487350605,0.9580759311461644,1.2102853759081698,0.6263123617945463,-1.7699877181142603,1.2099275759852437,1.0843086221956801,0.978478677057705
IX,35,2,145,32.10658777509143,0.7932690662297416,0.9717307423179191,1.205798619810053,0.6330670460990824,-1.768374714875585,1.3172705100030184,1.0890440940189692,0.9870829906001457
IX,35,2,146,32.1689017015512,0.7948086789286096,0.9946620284291969,1.2020406768852352,0.6944607338884071,-1.7670190968300385,1.2523512243503288,1.09825237899372,1.006153618480369
IX,35,2,147,32.15735056859335,0.7945232809124905,1.0073172194566065,1.106702803653176,0.7149664136901875,-1.8328469178122069,0.9694592104162333,1.1072218833372005,1.018612897205349
IX,35,2,148,31.92556321624248,0.7887964270390344,1.0005597872808332,1.2142255221263127,0.6524866118884298,-1.7713992896343231,1.32394795265852,1.1081712720907326,1.0122228101942714
IX,35,2,149,31.87201561491226,0.7874734071029508,0.9985205621863692,1.2121529596647465,0.6105365229354812,-1.7706573586733254,1.1370148906243305,1.1069626586058665,1.0132506702830955
IX,35,2,150,31.82755784445618,0.7863749729029853,0.9988804254383334,1.213428382718018,0.6756275488505851,-1.7711140815508468,1.23835719303185,1.1089627889994509,1.01057725159271
IX,35,2,151,31.8782474014956,0.7876273781059903,1.0152142185969333,1.2039082606418112,0.6895288247996184,-1.7676933268356931,1.0091811265671464,1.1103496012737797,1.024371679718339
IX,35,2,152,31.99590826131526,0.7905344674876076,1.0204322357504148,1.1042202837816295,0.700191596278715,-1.8318716282232967,0.8810137996092949,1.1132536066760461,1.0278579445740317
IX,35,2,153,31.84475411881596,0.7867998474676563,1.0025190427637496,1.214840458241283,0.7309931575303641,-1.771619179393859,1.0009482440254363,1.1133707787703666,1.0154955965462895
IX,35,2,154,31.71867424457124,0.7836847464543352,0.9970211319698513,1.2176418338761479,0.6801594478970248,-1.7726194929597776,1.354763274816561,1.110902552226305,1.0112264011711587
IX,35,2,155,31.64521135464648,0.7818696722863364,0.9967412383294347,1.2093060332065504,0.6546664698791899,-1.7696361520169186,0.9600766360504903,1.1070552244687586,1.008137706951454
IX,35,2,156,31.55057591175545,0.7795314802012638,0.9924828565145244,1.2145899287129618,0.7593473360284211,-1.7715296081160206,1.3362779152233715,1.110382129661489,1.0073686353290916
IX,35,2,157,31.60953395734277,0.7809881779387315,0.9923029248885423,1.2110369644931334,0.5820158187490707,-1.7702573317713501,1.0017025267449933,1.1072359202578927,1.0068416851526918
IX,35,2,158,31.58791789119384,0.7804541019811855,0.9891441252324116,1.2123807137814018,0.7393592656525017,-1.770738951564749,1.2973712766429548,1.108071993543449,1.003073005964492
IX,35,2,159,31.47968897097181,0.7777800509395425,0.9851256522521442,1.2113558202564514,0.6389675943406222,-1.7703716627751442,1.0811194487274218,1.1066446819210003,1.0009984409195312
IX,35,2,160,31.37955017180294,0.7753058854422148,0.9769687518742877,1.215409843532922,0.6612699334887098,-1.771822681802298,1.3602556662871896,1.1064143443702101,0.9940160313609138
IX,35,2,161,31.31314992952817,0.7736653106618702,0.9732901497430976,1.217300202701164,0.6659216093508046,-1.7724976267856458,0.8862148672979959,1.1044151377728824,0.9923690252826372
IX,35,2,162,31.48355011154088,0.7778754495348483,0.9838261460644954,1.1058373380098845,0.5719408904600523,-1.8325071572218783,1.1500782056930676,1.10616542036954,0.9988499869466443
IX,35,2,163,31.48882041850662,0.7780056649135346,0.9877046722245546,1.209488236499875,0.7113800840703901,-1.7697015812152725,1.3341844036581316,1.1062428928142845,1.0026597041117495
IX,35,2,164,31.54634128626974,0.7794268537791598,0.985785401547412,1.2072790215683151,0.6436360904549002,-1.7689075865778865,1.1163328721497283,1.1062858245138933,0.9990669090866603
IX,35,2,165,31.46110194883726,0.7773208146670382,0.979807673084228,1.2148404582412828,0.6120662635189223,-1.771619179393859,1.1894514893889645,1.1069563263570203,0.9945417414656077
IX,35,2,166,31.27480509732309,0.77271791103625,0.972790339670925,1.2162525337645478,0.6520340845842846,-1.772123690474897,1.3039123689842889,1.1063548961257548,0.9923911006091047
IX,35,2,167,31.20275261104668,0.7709376842208561,0.9686319198704492,1.2160247796478927,0.6840658025192372,-1.7720423573507194,1.250290805620464,1.1048297673536778,0.987641241429021
IX,35,2,168,31.24755014635386,0.7720445131137753,0.9749495191827104,1.2056164165167287,0.6585101349728119,-1.768309085455652,1.008773975301922,1.1024625247620867,0.9908364540030066
IX,35,2,169,31.35091879109064,0.7745984795726899,0.974849557168276,1.2083722413282623,0.6649547927573236,-1.7693006725741622,0.9638115602938515,1.1036640828031636,0.9939193404259734
IX,35,2,170,31.33202252981058,0.7741316028168704,0.9765489114136627,1.2042043409934637,0.6987527679790936,-1.7678001208979668,1.0055835317956991,1.1037577368480445,0.9903941240324842
IX,35,2,171,31.26067781554073,0.7723688631802038,0.9723904916131869,1.2113330448447857,0.6084383308627412,-1.77036349727296,1.2676897590738292,1.108938534126603,0.9883851743124843
IX,35,2,172,31.07767423228283,0.7678473275182822,0.9674123832943481,1.215409843532922,0.6172601638987231,-1.771822681802298,1.1703792729290043,1.1081125987606617,0.9866656814660981
IX,35,2,173,31.05681130546019,0.767331859646226,0.9632939482996461,1.2173229781128292,0.6733485266950131,-1.7725057522612329,0.9801668048866233,1.112483398854221,0.9842142277822351
IX,35,2,174,31.09778470749491,0.7683442042964896,0.9689917831224134,1.205024255813424,0.5811326279705549,-1.768095721320574,1.0105645234205998,1.1007009165787538,0.9839303594804176
IX,35,2,175,31.2352734889255,0.7717411893023869,0.9787280833283352,1.1013733573234339,0.5599402406426693,-1.8307504741586538,1.3433809586563958,1.108826713175243,0.9935700205719988
IX,35,2,176,31.22957802223032,0.7716004693486292,0.9808672704372338,1.3101783314733413,0.6473614479219477,-1.7026462710028734,1.2822495891992283,1.107454332425926,0.9925567364317112
IX,35,2,177,31.0851353190443,0.7680316712850441,0.965173234171015,1.2217869587992807,0.7499684519987001,-1.7740954176671762,1.3397159534188179,1.1104078032879006,0.9878407025532361
IX,35,2,178,30.92484300944475,0.7640712712683693,0.9651332493652411,1.211150841551461,0.5979594665608838,-1.7702981677279677,1.087884779592409,1.1092454639382325,0.9860110135512463
IX,35,2,179,30.83761128236264,0.7619160054652023,0.961274715608069,1.216503063292869,0.7264911247859325,-1.7722131393223028,1.3258250294268183,1.1101534953166377,0.9834716578292759
IX,35,2,180,30.92513689685692,0.7640785324508612,0.9631140166736639,1.207848406859954,0.6249253073639695,-1.7691123632632955,1.3340337154780733,1.1057977610506606,0.9840876110410095
IX,35,2,181,31.04529680696779,0.7670473667710829,0.962894100241908,1.2123579383697363,0.7535550092927569,-1.7707307929653873,0.8883631303580648,1.1049405069932783,0.9858128739821909
IX,35,2,182,31.03222651897221,0.7667244344424828,0.9677522541434255,1.199945339012003,0.5815917939485071,-1.7662613955770996,0.9832505051892728,1.1077088026036948,0.9837999544465149
IX,35,2,183,30.90312462084495,0.7635346671930541,0.9603150802694975,1.2133145056596897,0.6057388072620361,-1.771073322244766,1.3600540195925268,1.109926859250021,0.9809282877792576
IX,35,2,184,30.75194792514585,0.7597994899430456,0.9608348827445571,1.2093288086182157,0.5633990206205709,-1.7696443312058052,0.9895467444562933,1.1092692528692811,0.9786952738301659
IX,35,2,185,30.67939873975118,0.7580069910030489,0.9548771466842599,1.2172091010545016,0.6445222342960258,-1.7724651233629682,1.3488707543935496,1.1098780425317714,0.9784600174888152
IX,35,2,186,30.78744639410995,0.7606765634435059,0.9597552929886642,1.207506775684971,0.5368997954211333,-1.768989508839066,0.987083989586725,1.1048499568040164,0.9797243268238484
IX,35,2,187,30.81818019296731,0.7614359145178728,0.9620144345148843,1.205069806636755,0.582038864818491,-1.7681121376684081,0.9825749651221031,1.106283975293644,0.9824886518321669
IX,35,2,188,30.82216469935187,0.7615343611569616,0.9652532037825626,1.2077573052132917,0.43750856150473716,-1.7690796054814615,1.3381768085347683,1.1082927556596134,0.9832757977022359
IX,35,2,189,30.68209347805871,0.7580735708761867,0.9565565085267598,1.2119935317830872,0.6322656079201526,-1.7706002345270657,1.3347965924081522,1.1088598456502106,0.9784277492219001
IX,35,2,190,30.54901102879883,0.7547854547115079,0.9486595093864331,1.217710160111144,0.7010942754924308,-1.7726438620915572,0.976971752233703,1.1159928996364197,0.9754920285167359
IX,35,2,191,30.46555295437708,0.7527234259082717,0.9478997980767307,1.2174596305828231,0.6028574796573167,-1.772554501922502,0.9882506876580706,1.1084549617948514,0.974055029088248
IX,35,2,192,30.40185690494964,0.751149664597796,0.948499570163338,1.213997768009657,0.5266835224575058,-1.7713178207209936,1.334224219978463,1.1088791301825007,0.9726911736493832
IX,35,2,193,30.42561380847889,0.751736634998113,0.9475199424218795,1.2129728744847066,0.6170373531800034,-1.770951021369498,1.2914198040933287,1.1066703751211682,0.9691384195760758
IX,35,2,194,30.42380454844371,0.7516919329566276,0.9451608388812252,1.210467579201494,0.6127316719922589,-1.7700530943723851,1.1250129457572524,1.108030606886227,0.9705192540313432
IX,35,2,195,30.29779581838102,0.7485785897283207,0.9436014314560467,1.2164575124695376,0.5783911963214502,-1.7721968772657628,0.9836476289617488,1.1086053836895786,0.9701819411433498
IX,35,2,196,30.21637088984172,0.7465667945951018,0.9411823507067314,1.2157970255312367,0.6867016796486286,-1.7719610089919102,1.3006067891239417,1.1092938134941965,0.9662953715161888
IX,35,2,197,30.13971279114869,0.7446727752494413,0.9391631180151542,1.2235406654975292,0.6855698703099351,-1.7747183405548361,1.3227866448593193,1.1108461405549341,0.9667246220169545
IX,35,2,198,30.08154582917568,0.7432356231006992,0.9402427077710469,1.2176418338761479,0.5475116557453781,-1.7726194929597776,1.329096056298996,1.1110154241513914,0.9662925059364245
IX,35,2,199,30.12989286890373,0.7444301508819977,0.9426817809232491,1.2105131300248255,0.5967186849021776,-1.7700694368993173,0.9827438331749131,1.1154735683317685,0.9634706401343365
IX,35,2,200,30.1105673319342,0.743952667856595,0.9408824646634278,1.2136561368346734,0.5003108465542109,-1.7711955886888042,0.9139206992454281,1.1086144959546336,0.964771226238746
IX,35,2,201,30.03775411227329,0.7421536453265707,0.9377036726044102,1.2204659849226773,0.6181376038890688,-1.7736256123402812,1.0899730886008703,1.1099220798096416,0.9657635919637162
IX,35,2,202,29.97516241187417,0.7406071695666065,0.9365840980427437,1.217983465051131,0.6271173404112929,-1.7727413249469717,0.9880016834910446,1.1092951860390479,0.9644482280341071
IX,35,2,203,29.92896341621018,0.7394657142862183,0.9353245766608688,1.2231990343225454,0.5730904430609258,-1.7745970619937237,1.2915432510191027,1.1104133249516497,0.9658622443956999
IX,35,2,204,30.12663088561709,0.7443495558821809,0.9369239688918211,1.2138155647163325,0.7041169072608003,-1.7712526345850108,1.3241960293401633,1.1057347303667928,0.9653178456025685
IX,35,2,205,30.23400102494137,0.7470023887138532,0.9499590155740819,1.210581456259822,0.6318798184752614,-1.7700939495367038,1.22079225075654,1.1095036149521549,0.9711295617166443
IX,35,2,206,30.23469121863683,0.747019441578896,0.9557967972170575,1.2045231967567813,0.6591760418199392,-1.7679151005269789,1.2213127545311357,1.1126788312025853,0.9775632977430557
IX,35,2,207,30.14482058622188,0.7447989753880729,0.9533777164677423,1.2135422597763457,0.47960793502861576,-1.7711548370319536,1.0453433239155183,1.1159242632023763,0.9749483300584766
IX,35,2,208,29.9581867141304,0.740187744868095,0.9513184989703912,1.2133145056596897,0.5120354248438044,-1.771073322244766,1.2651654262154273,1.114956504191707,0.9743318067855063
IX,35,2,209,29.89193525420978,0.7385508461071386,0.9489194106239629,1.3269638098708636,0.5413267442587038,-1.7081749370372477,1.2904841736724209,1.1179291581730058,0.9710154817816073
IX,35,2,210,29.94962510138749,0.7399762100082226,0.9562366300805694,1.2095337873232064,0.6052224857784753,-1.7697179369747709,1.1837673124721373,1.1147938474560282,0.9756752130672404
IX,35,2,211,30.03257306612359,0.7420256353471217,0.956936364181611,1.2091010545015604,0.5756293214241442,-1.7695625323842683,1.3217259563213926,1.1172565769139757,0.9792117442915791
IX,35,2,212,30.03789146718555,0.7421570390040226,0.9622743357524141,1.2011524358302779,0.4376992879594644,-1.7666980587875334,1.1454454341718465,1.1177643683116198,0.9777269596822526
IX,35,2,213,29.9603408019706,0.7402409666947664,0.9522381495031887,1.216639715762863,0.5748854664766315,-1.772261921838668,0.8838045849226706,1.1185968955781265,0.9770437437970726
IX,35,2,214,29.80734736523309,0.7364609025674224,0.9469001779323857,1.2164119616462068,0.7192037233869972,-1.7721806146002712,0.9748361663045361,1.1181453908618522,0.9741918367653533
IX,35,2,215,29.74995115850025,0.73504279374692,0.9510985825386352,1.2166852665861938,0.5090125329428467,-1.7722781814598567,1.217541906273276,1.1208484535397458,0.9757026952107287
IX,35,2,216,29.73704117152276,0.7347238220335006,0.9677322617405385,1.209898193909855,0.6062970880782875,-1.7698487608806919,0.9037385447410062,1.1269099387724386,0.989262128497717
IX,35,2,217,29.87723496757812,0.738187640813219,0.9808872628401207,1.2049331541667614,0.5075556071779973,-1.7680628867631722,1.1221196682921042,1.1275269861733102,0.9946072047178492
IX,35,2,218,29.91548815122945,0.7391327760449034,1.002878906015714,1.2057986198100534,0.49489281944792735,-1.768374714875585,1.22087715720035,1.135882991268967,1.0134388997780164
IX,35,2,219,29.91700871210903,0.7391703450920267,0.997341010416042,1.2073473478033114,0.6066648892656659,-1.7689321648788712,1.0041910103188219,1.1371256797307518,1.0122897853918953
IX,35,2,220,29.75088581324218,0.7350658865993768,0.995041884084048,1.32641719999089,0.5257623091757415,-1.7079960033242965,1.2964267281812494,1.1407890921406616,1.0103851925621878
IX,35,2,221,29.6654121745415,0.7329540585211545,0.9877046722245546,1.2118796547247592,0.6157099818049139,-1.770559426964724,1.274702871565239,1.139338767560022,1.0067703125384315
IX,35,2,222,29.616970436473,0.7317571909937383,1.0004598252663988,1.20807616097661,0.5023266264575145,-1.769194246909585,0.8811181400026978,1.1414375466444784,1.0137112011537177
IX,35,2,223,29.77625197286522,0.7356926174715256,1.0077570523201183,1.2062313526316988,0.48580088893190426,-1.7685305450109836,0.9050518561413537,1.1431754300670534,1.0201409239795804
IX,35,2,224,29.79162250639935,0.7360723827978655,1.0196325396349386,1.2032022228801789,0.5807760164539542,-1.7674385580456566,0.9148100869582984,1.1451954199166807,1.029426192157201
IX,35,2,225,29.78940590777803,0.7360176164947362,1.0172534436913974,1.208007834741613,0.5126876594166161,-1.7691696834367183,1.2265693791230934,1.1517661811627866,1.0280821969345773
IX,35,2,226,29.52460984043455,0.7294752043718935,1.008216877586517,1.2153415172979252,0.5689853166342447,-1.771798266547563,1.186142911243457,1.1486370970351205,1.0228746781718412
IX,35,2,227,29.45142265469024,0.7276669421267099,1.0060776904776183,1.327305441045847,0.5400475283601598,-1.7082867331822014,1.2958334492268904,1.1504220982385926,1.0201538024692163
IX,35,2,228,29.39834933713957,0.7263556404913553,1.0172134588856234,1.3235930489443597,0.5140696157937105,-1.70707033620252,1.2379330030967055,1.1505294891411029,1.026847857853121
IX,35,2,229,29.59365575928073,0.7311811468393324,1.013374917531338,1.2041132393468015,0.6976878313935478,-1.7677672639834308,0.979222756677766,1.1507395066585213,1.0272510089429774
IX,35,2,230,29.62328648103415,0.7319132437890832,1.0312481257122292,1.203726057348487,0.5460800958235982,-1.7676275943576045,0.87869898131432,1.1540512064903832,1.0371317418720956
IX,35,2,231,29.62019732834625,0.7318369189773237,1.0313680801295508,1.3195390256678892,0.4973955218200123,-1.70573809757847,1.2978602119664866,1.1583028696335567,1.0374622906737716
IX,35,2,232,29.39546863232124,0.7262844658764342,1.02369099742098,1.317284259912998,0.5471060666206508,-1.7049953609913329,1.1868673088284012,1.1574683888367099,1.0334520896596358
IX,35,2,233,29.32215099704738,0.7244729805675847,1.0214718407005337,1.209579338146537,0.4723781841401041,-1.7697342921183257,1.011410545652716,1.1565813358963586,1.0292342756350303
IX,35,2,234,29.23073073277706,0.7222142270625344,1.0153141806113677,1.2138155647163322,0.5235780284652498,-1.7712526345850106,1.0894432928625133,1.1542965100166418,1.0288363394662245
IX,35,2,235,29.25737707090551,0.7228725877676229,1.0293688398408605,1.3165098959163686,0.5818339665871827,-1.704739986424823,1.2865717803728323,1.1580065198323009,1.0355276073644724
IX,35,2,236,29.33560550843811,0.7248054060424519,1.026389971810712,1.3198351060195412,0.4879767661012298,-1.7058355343623788,1.2643966392947952,1.1584942128642766,1.0366678961700189
IX,35,2,237,29.2993518479538,0.7239096737522049,1.0221515823986884,1.2059352722800463,0.498034591503226,-1.768423930432836,1.0924261411050749,1.1573258639775932,1.0331264472019237
IX,35,2,238,29.18292714130912,0.7210331264537795,1.022231552010236,1.2072562461566492,0.4997362137972292,-1.768899393501776,1.1083470823915276,1.1583988767227664,1.0308291464487096
IX,35,2,239,29.08756630083045,0.7186770117083787,1.0155740818488974,1.3254378572892704,0.5010519848768725,-1.7076752292688864,1.2506528846509548,1.15176497271543,1.0255155786781447
IX,35,2,240,29.05262993826251,0.7178138263737717,1.01071592794738,1.333705331723871,0.628567078459724,-1.7103757458188702,1.2126804064692975,1.1596467754643391,1.0257176827851777
IX,35,2,241,29.00447959945089,0.7166241585530955,1.010276095083868,1.206436331336689,0.6147073870813128,-1.7686043397745896,0.9108288900853716,1.1532913972296241,1.0235032625876104
IX,35,2,242,29.08748936149254,0.7186751107403541,1.0123553049841059,1.2041360147584668,0.5052587035119879,-1.767775478445113,1.109988846017532,1.1539142653769892,1.0240290013256428
IX,35,2,243,29.06472491992697,0.7181126614564108,1.0130550390851476,1.3227731341243996,0.5568245391986225,-1.7068012241683568,0.9339881294828899,1.1610245870464024,1.0278532522069301
IX,35,2,244,28.94039527478877,0.7150408039860892,1.0100361862492253,1.3241168834126675,0.5794332916541755,-1.7072421816295473,1.260644404864596,1.1570452824446593,1.0224677283765782
IX,35,2,245,28.86118924213115,0.7130838319152415,1.0081569003778563,1.3320199512606195,0.48410452304251655,-1.7098265883064312,1.2041054577849484,1.1590532501686406,1.0215778518321674
IX,35,2,246,28.77746403680718,0.7110152030122733,1.0118954797177073,1.2057986198100534,0.6848122381186829,-1.768374714875585,1.1765049836173433,1.155951327275328,1.0241604499580814
IX,35,2,247,28.98977822144657,0.7162609262942373,1.0293488474379737,1.3138907235748287,0.45225125497182916,-1.7038751048835172,1.2671571965006725,1.1600652161275888,1.036355759561898
IX,35,2,248,29.06101427411014,0.7180209811893316,1.0322677382594612,1.2002186439519895,0.39443161488380124,-1.7663603011757743,0.9524386382313227,1.1606044940041922,1.0412423088633214
IX,35,2,249,29.02114990005913,0.7170360376942208,1.0314280573382113,1.2016990457102512,0.5256037896926636,-1.766895648743088,1.0531205567958724,1.1648719779847907,1.0417598938646087
IX,35,2,250,28.85222359995736,0.7128623145542197,1.0243907315220215,1.2039082606418114,0.41539166345193884,-1.7676933268356931,1.1685200290885607,1.1622224870043927,1.03256202844886
IX,35,2,251,28.77693187660851,0.7110020547379428,1.022471460844879,1.3164643450930376,0.4765964257837438,-1.7047249597140313,0.9206542261928391,1.1647723552172895,1.0305615316300327
IX,35,2,252,28.71040956263138,0.709358463887936,1.0182530638357423,1.2082355888582688,0.44719979691099565,-1.769251556277361,0.9431764794990345,1.1609899428379107,1.0283665374093713
IX,35,2,253,28.85676257763588,0.7129744607159326,1.0275295387752652,1.2012435374769401,0.5760022133379623,-1.766730996690274,1.160851660879955,1.1622024432239015,1.0357438832897665
IX,35,2,254,28.86474838133361,0.713171768853651,1.032767548331634,1.318901314141253,0.5064506189293052,-1.705528159458378,1.2676535940740081,1.1669668152670722,1.0415159820667657
IX,35,2,255,28.86362911614948,0.7131441147642877,1.0371658769667527,1.3171476074430046,0.5305354874279223,-1.704950305801677,1.2598072590261864,1.1666035024490329,1.0453187311678958
IX,35,2,256,28.74919586239496,0.7103167710120531,1.0307283232371698,1.3307900790306784,0.6108411223599897,-1.7094254130405924,1.2493824227699994,1.1721240356767126,1.0432633975691248
IX,35,2,257,28.63836261795976,0.7075783739909741,1.033787160878866,1.2035666294668275,0.5424102278503019,-1.7675700702769253,1.0427077611347195,1.1718497241512769,1.0426616645752829
IX,35,2,258,28.59157817290329,0.7064224538008872,1.0341470241308302,1.2127678957797163,0.4407500608636074,-1.7708776243092776,0.9983951126221806,1.1726387613423372,1.0438251504300653
IX,35,2,259,28.65090284752066,0.7078882099742858,1.0431436054299366,1.205935272280047,0.4634089160272042,-1.7684239304328362,0.8851771478259667,1.1721769465610656,1.0499086581109418
IX,35,2,260,28.75110888687047,0.710364036799062,1.0462024430716328,1.2027694900585326,0.5375763480056177,-1.7672823355284963,1.1623799844636975,1.1711643634652575,1.0505729522424643
IX,35,2,261,28.74351927642607,0.7101765175512227,1.0543393510466021,1.3174209123829914,0.47723344582494787,-1.705040411507295,1.2705496763651993,1.1764732375300075,1.0569773377871217
IX,35,2,262,28.61199705153701,0.7069269504138782,1.0500409844259182,1.3218848930694425,0.42152319667714583,-1.7065094978284623,1.265653603765967,1.1812629977794267,1.0543382238835128
IX,35,2,263,28.4387462324532,0.702646379820675,1.0461624582658589,1.2029289179401919,0.35397527246032034,-1.7673398977309216,1.0443971944579824,1.1799935671880364,1.051436663641082
IX,35,2,264,28.37626745659509,0.7011026941281521,1.0431436054299366,1.3225681554194095,0.4783363895521715,-1.7067339200960885,1.172489372706897,1.1822419576752077,1.049131911447372
IX,35,2,265,28.30626654675591,0.6993731563531526,1.0490413642815728,1.202154553943563,0.5865893191200238,-1.7670602383957899,0.9705568581357591,1.1803947360736444,1.0534916087161583
IX,35,2,266,28.5358137226732,0.7050446613779516,1.0499010376057099,1.2064135559250235,0.4488527350088039,-1.7685961409755993,0.9755967310391052,1.1804544641676316,1.0561309191279558
IX,35,2,267,28.46134346277871,0.7032046977560865,1.0496811211739538,1.3286491903341153,0.5015814457807829,-1.70872618568177,1.1572020311173565,1.182295846370765,1.0562558974170317
IX,35,2,268,28.48983336635377,0.7039086080988572,1.0548791459245486,1.2023595326485528,0.5642257596830441,-1.7671342833940678,1.0968424249367803,1.1841958885902577,1.0598034203744353
IX,35,2,269,28.33209348477892,0.7000112718437368,1.0501609388432394,1.3220670963627672,0.43498570324737934,-1.7065693551067467,0.952250058527442,1.188782545984924,1.0558246323117628
IX,35,2,270,28.25102432767828,0.6980082668840147,1.0482416681660969,1.3261894458742345,0.38020558735947757,-1.7079214258467112,1.2554034757989607,1.188475914542805,1.054698895375029
IX,35,2,271,28.143480281492,0.69535113727266,1.0507807033327334,1.3304028970323643,0.5172300817500557,-1.7092990403888837,0.992614169110438,1.1869948072962697,1.0565556471953002
IX,35,2,272,28.37187815130531,0.7009942459762335,1.0464623443091623,1.317921971439634,0.5300726245482306,-1.7052055567621045,1.163622428769295,1.1820204709317612,1.0528472861716824
IX,35,2,273,28.31773908609814,0.69965661252841,1.0449429216897579,1.328353109982463,0.5118633334032879,-1.7086293953527292,1.2464431105689489,1.1828644227826037,1.0527444008785192
IX,35,2,274,28.28524736480752,0.6988538278292399,1.0477418580939244,1.3209738766028198,0.45229012150431447,-1.7062100876257014,1.2530057092324542,1.185465946967805,1.0529765319666065
IX,35,2,275,28.15657896024024,0.695674771061845,1.0489414022671384,1.2022001047668935,0.4152956446045477,-1.7670766939308744,1.0292600127677776,1.188218728722145,1.0555041804543968
IX,35,2,276,28.07669848409356,0.6937011352719956,1.0471021012015436,1.2069373903933311,0.42386274496892407,-1.7687846742040023,1.0578187929339566,1.1886742736090095,1.0540109467721877
IX,35,2,277,28.03549022502598,0.6926829879241528,1.0467222455466922,1.3249140228209628,0.4348031919688472,-1.707503555142378,1.202825105706037,1.1915804710545563,1.0564855161146331
IX,35,2,278,28.01913365517722,0.6922788602422721,1.0499810072172575,1.2069829412166624,0.3864754267067046,-1.768801064530528,1.0538670854476806,1.1886851163035037,1.055269518848079
IX,35,2,279,28.09267085000192,0.6940957702882845,1.051480437433775,1.2012663128886056,0.5216774592663584,-1.7667392307756478,1.0702242802081867,1.1896594762059078,1.0602732559169608
IX,35,2,280,28.07104538242087,0.6935614620461577,1.0544792978668105,1.2058669460450497,0.5162544514856006,-1.7683993233513673,0.981922765447166,1.194566821354507,1.0608341119369717
IX,35,2,281,27.92505801780403,0.6899544994744208,1.0509606349587157,1.2116519006081035,0.38788294279546465,-1.7704778003350496,0.8894190560541536,1.1952626707461287,1.0608847952882194
IX,35,2,282,27.85670066297655,0.6882655696070121,1.0495411743537457,1.3278065001024892,0.4526808615488358,-1.708450648821778,1.2615022764737653,1.1966116009355365,1.0581106812954564
IX,35,2,283,27.79382637964886,0.6867121119685172,1.0554789180111557,1.319880656842873,0.43908047866435773,-1.7058505226967287,1.1534279495941384,1.198626565063948,1.0585684785857599
IX,35,2,284,27.72095496722964,0.6849116516489848,1.053999480197525,1.333227048078894,0.36817216930021296,-1.710219974377796,1.1377485561222414,1.1979805598050923,1.0580103923259663
IX,35,2,285,27.81681951745906,0.6872802117332185,1.057498150702733,1.3232286423577104,0.24515226959748337,-1.7069507514407123,1.2533745632863311,1.195364671444475,1.0611158988154668
IX,35,2,286,27.83992406557042,0.6878510641524898,1.0576380975229414,1.2020634522969003,0.3504993225049871,-1.7670273254549882,0.975387455642909,1.1984362449949124,1.0633148242221648
IX,35,2,287,27.70254866555024,0.6844568805020712,1.0536596093484476,1.3356867925387754,0.4224393813608435,-1.7110204901022217,1.1623568459975557,1.2013534872118479,1.0611330765295615
IX,35,2,288,27.58393953915957,0.6815263619556174,1.0541194346148461,1.2093743594415471,0.34463087782893986,-1.7696606891214708,0.9618444920989636,1.2013008804043535,1.063340434691231
IX,35,2,289,27.50160242995874,0.6794920292451676,1.057878006357584,1.2004919488919763,0.40086601561151564,-1.766459184254959,0.9703686111685741,1.2005781120236474,1.0636014553401025
IX,35,2,290,27.74292982935125,0.6854545925082829,1.0589975809192504,1.1987837930170588,0.3804351448337673,-1.765840795311089,0.9650205878426886,1.1959597593555873,1.0631811549733978
IX,35,2,291,27.83341210691324,0.6876901708367786,1.0583178392210961,1.3290591477440956,0.4512817469333415,-1.7088601674583486,1.1327324301317339,1.1964730820647298,1.0639483524682471
IX,35,2,292,27.82781823265078,0.6875519609639678,1.0655950738719286,1.1979183273737672,0.4023771754431095,-1.7655271418400982,0.8879788118681905,1.1987312890780033,1.0678911528659005
IX,35,2,293,27.74143065157486,0.6854175517812171,1.0637557728063336,1.325984467169244,0.36206423606607585,-1.707854295165556,0.9829637401239917,1.2102757968972393,1.0677827331261822
IX,35,2,294,27.57016970896914,0.6811861457852221,1.0576780823287149,1.2076434281549642,0.45768919330399194,-1.7690386547792443,0.9420196965020928,1.205202398986357,1.0663227541879465
IX,35,2,295,27.52585348962659,0.6800912089397697,1.0639756892380896,1.2006058259503039,0.3965002649400977,-1.766500378894013,0.9300685175612461,1.2070830979363771,1.0683400624114856
IX,35,2,296,27.55868196513624,0.6809023139471193,1.0652352106199643,1.1976450224337807,0.45114117481395666,-1.7654280462951295,0.8869527020939239,1.2012914032199231,1.067681975645518
IX,35,2,297,27.59624945370783,0.681830507462685,1.0701133569243686,1.3176714419113127,0.39381625644092294,-1.7051229919844872,1.2527298428042153,1.2073666339963278,1.0683070030015764
IX,35,2,298,27.54300208180407,0.6805149054035321,1.0705931745936543,1.3167148746213586,0.5800373624892349,-1.7048076001900137,1.1633906422108202,1.204318994221762,1.0719001058226432
IX,35,2,299,27.67651628515197,0.6838136890724826,1.0753113816749635,1.197007310907145,0.3854808292402538,-1.7651967353864393,1.0007096822281447,1.2118915181394216,1.074474759803011
IX,35,2,300,27.40416809487152,0.6770846839191931,1.0747316019912432,1.3206322454278365,0.429750389956149,-1.706097755560954,1.135873120752511,1.2162035981387236,1.076557403152378
IX,35,2,301,27.33750966266719,0.675437729946959,1.0752713968691896,1.3265310770492176,0.40228464353085197,-1.7080332872611945,1.2630239840343902,1.2187428953874286,1.0782290693533167
IX,35,2,302,27.25290676383968,0.6733474155534346,1.0753313740778503,1.3257794884642542,0.5061136984448158,-1.7077871541061318,1.242669802384404,1.212225326745136,1.0759225950680302
IX,35,2,303,27.4732688038156,0.6787919801053798,1.0793298546552308,1.1971667387888036,0.389781618336021,-1.7652545746645627,0.8941223243487606,1.211599776925111,1.0770152899948042
IX,35,2,304,27.47185336238566,0.6787570082824849,1.0785101661368681,1.198988771722049,0.37538615100662465,-1.7659150484925714,0.9701581909648092,1.2163316705543523,1.079514241201152
IX,35,2,305,27.33284547533801,0.6753224901851613,1.0839480997221056,1.3150294941581069,0.3632967503121235,-1.7042513519891298,1.1738275464948456,1.2214327404992822,1.0845489285475307
IX,35,2,306,27.16398836258231,0.6711504764819212,1.0851476438953198,1.3178536452046372,0.356913745290475,-1.7051830406521233,0.9023733874297329,1.2243691159044152,1.0852524470384737
IX,35,2,307,27.13714789060127,0.6704873192415842,1.0878466182850517,1.2028605917051953,0.42158834970757525,-1.7673152291498029,1.0453927257820108,1.2254940346004453,1.0875697310132684
IX,35,2,308,27.05007137097214,0.668335888205044,1.087586717047522,1.3178308697929715,0.33004497067894295,-1.7051755350227102,0.951288479847835,1.2287248159805926,1.0859328523446639
IX,35,2,309,27.24795775188488,0.6732251385266872,1.0878866030908254,1.3175575648529847,0.47660547896329614,-1.7050854573505323,0.8962346694523186,1.2232337676118021,1.0876891872660972
IX,35,2,310,27.20200199362902,0.6720896930008382,1.0932645594674024,1.3212244061311407,0.2605429331961795,-1.706292446010945,1.2687289842537453,1.2241762170766526,1.0922950850812538
IX,35,2,311,27.22418086943314,0.6726376744999126,1.099102341110378,1.1956863370305422,0.2910889549422618,-1.7647171990913282,0.9325808821158036,1.2245675478173719,1.095714246504195
IX,35,2,312,27.08105637184229,0.6691014458183155,1.1033007457166277,1.3245496162343133,0.34504211870469514,-1.7073840896261006,1.2287696272357804,1.232047767103821,1.1001607583288344
IX,35,2,313,26.99256187685651,0.6669149803522374,1.101961254723205,1.3304256724440298,0.3438471174473978,-1.7093064750922864,1.0457757329809436,1.2318118373898863,1.1007991189836321
IX,35,2,314,26.93706288838874,0.665543746788991,1.1022611407665088,1.1986471405470656,0.3643678530683258,-1.7657912861361718,0.9746079282887387,1.23572689283101,1.0989058745031708
IX,35,2,315,27.05647519877881,0.6684941098927574,1.1000819688518362,1.1924066777507005,0.3892223959752382,-1.7635243319673057,1.1068818724565996,1.2294487412693729,1.099435106000718
IX,35,2,316,27.12161560487452,0.6701035574453702,1.102161178752074,1.1966884551438268,0.38921175121319485,-1.7650810337159804,0.987077304581533,1.2305857473885076,1.1007680128784767
IX,35,2,317,27.1238077569775,0.670157719739537,1.103240768507967,1.197371717493794,0.42549780328586867,-1.7653289281337825,0.9106743754286368,1.231963256535801,1.103198674881231
IX,45,1,0,42.30784503120093,1.0,1.0,1.0,1.0,-1.8600402295058565,2.075861351493981,1.0,1.0
IX,45,1,1,41.87066315028633,0.9896666473891028,1.0732950466618807,1.0180880945766582,1.0446323613900375,-1.8678255883840191,1.2542052744770167,1.0575864848544505,1.0705481157479821
IX,45,1,2,41.52909262273708,0.981593191336275,0.9741760751811003,1.024168904528197,1.1308846720259016,-1.8704118153014166,1.3176295918579273,0.9942263796356743,0.9786507966680317
IX,45,1,3,41.33967173915445,0.9771159866135353,0.8963584154538929,1.0286446275889733,1.179703586540899,-1.8723055916989713,1.0299731809395127,0.9332098098584185,0.9039925717216722
IX,45,1,4,41.18104075793207,0.9733665405922265,0.9058343666383867,1.0270395406982125,1.0506651550887123,-1.8716273936255063,1.1615938503545056,0.9390267831025504,0.9133576632784932
IX,45,1,5,41.02585875142288,0.969698615497135,0.9038438947986687,1.1163070654690246,1.2643790312193364,-1.8057347063231806,0.9609854413794431,0.9427093977249166,0.9121103329679359
IX,45,1,6,40.89940206705901,0.9667096501109137,0.9432421849507276,1.033614223539216,1.1134025510340309,-1.8743987065133787,0.9934483233511283,0.9703555450773056,0.9490147112913423
IX,45,1,7,40.79503046324747,0.9642426938352026,0.9205508059779417,1.0353736457079352,1.1987992364528628,-1.875137335806239,1.385946154460368,0.9571972642238421,0.9289685464216827
IX,45,1,8,40.74438223697366,0.9630455582629118,0.9133981596293154,1.0288915640337069,1.113561373317142,-1.8724098359268786,1.06192045415438,0.9477753178173371,0.9218374485968129
IX,45,1,9,40.68484543506076,0.9616383298430055,0.9308947334072962,1.0317313331481306,1.1155936167784004,-1.8736068495470966,1.9425461175529388,0.9603083934971754,0.9377275455590536
IX,45,1,10,40.60013050604044,0.9596359842033767,0.9307772629380671,1.0384603512670916,1.1495550930938585,-1.8764301491977446,1.1305634092552581,0.9624286018755007,0.9381045913279442
IX,45,1,11,40.50451682101851,0.9573760325336234,0.8936696469359786,1.0392320276568818,1.1437460232730061,-1.8767527521169358,1.1519812101196287,0.9426380550321353,0.9025881951155577
IX,45,1,12,40.43369242898435,0.9557020074921226,0.9059518371076161,1.0395098311572057,1.1889362985876895,-1.8768688305298957,1.10653893401017,0.9462588904058721,0.9147248230091407
IX,45,1,13,40.40462735387207,0.9550150172875673,0.9349866214187822,1.035157576318795,1.1227304082455747,-1.8750466945806887,2.2084168526842283,0.9674878756078097,0.9411453560897206
IX,45,1,14,40.3464895745227,0.9536408565543393,0.9033152776871369,1.0352193104299778,1.1831423044368614,-1.8750725940041333,2.0876236544012965,0.9445000970377555,0.9113993757072897
IX,45,1,15,40.29879739974255,0.9525135910378617,0.9157149383280035,1.0344476340401891,1.1122030050077798,-1.8747487401451095,1.0679648534153992,0.9605554456267706,0.9228061274257398
IX,45,1,16,40.19770977147505,0.9501242557220839,0.9097369966716701,1.035188443374386,1.0063713954301976,-1.8750596444854768,1.4594055787219176,0.9512039348036218,0.9174407731232834
IX,45,1,17,40.13180902980846,0.9485666074509893,0.9166481759446583,1.1291477605951163,1.1145772766116107,-1.8107018103252983,2.0958560397551844,0.9579909233355636,0.9240301811712354
IX,45,1,18,40.10572991641905,0.9479501942687492,0.9147947529857078,1.1155353890792352,0.9513810561859877,-1.8054343851149586,2.1089786017838974,0.955747741882953,0.9216611138090308
IX,45,1,19,40.08531007837143,0.9474675452935398,0.910996541147295,1.1254745809797198,1.0921324638138779,-1.8092867236210055,0.9293317664573965,0.9565879740474502,0.9187774479674193
IX,45,1,20,40.03176939187374,0.946202042726387,0.9756444560464661,1.1308763157082444,1.152618102462933,-1.8113661413840245,1.9317889390059184,1.0022624964765425,0.981404212277028
IX,45,1,21,39.89862755048577,0.943055065108175,0.9926058865757358,1.0376578078217118,1.0847745598118543,-1.8760943877617677,1.6180508461459957,1.0147729583277714,0.9970763522514153
IX,45,1,22,39.83865562756048,0.9416375520469198,0.9853618743065979,1.1264623267586502,1.0620820414601253,-1.8096677046043967,1.8773277888757638,1.0109997148684011,0.9903481540631212
IX,45,1,23,39.85439362378179,0.9420095397057028,0.9291979377406513,1.1272340031484391,1.1469146193322262,-1.8099651136266772,0.9204460920459111,0.9744759471263922,0.9362941149351334
IX,45,1,24,39.85818649046795,0.9420991889583027,0.9311884095803694,1.1210605920301255,1.145199724397893,-1.8075801191272887,1.6598983894476018,0.9710079330262601,0.9378073131362534
IX,45,1,25,39.81309773911111,0.9410334586824262,0.9081250407883574,1.0344785010957802,1.0722110126267062,-1.8747616989372957,1.2010892873481311,0.9613852140715684,0.9174169400749913
IX,45,1,26,39.75293317026775,0.9396113921886357,0.9291522547803955,1.0331203506497513,1.0402387973102807,-1.8741911459708518,0.9610979700073011,0.977945961513281,0.9364024060479774
IX,45,1,27,39.68953803622063,0.9381129671565791,0.9242380734843046,1.133037009599654,1.081380466820322,-1.8121951287030633,1.9983149089013155,0.9708918798433505,0.9327798635986831
IX,45,1,28,39.6420609476293,0.9369907854771217,0.8802323304835868,1.1230360835879858,1.012865942567958,-1.8083447433197888,1.0779081530414942,0.9379217305902271,0.8895145530516413
IX,45,1,29,39.62544164079702,0.9365979669154574,0.8920054819552307,1.130351575763188,1.0888717788421474,-1.8111645768557234,0.9286029811315217,0.9504107605335107,0.9019296408612196
IX,45,1,30,39.55760706903124,0.9349946100979273,0.9254976179599295,1.1345186282680493,1.1040890722020307,-1.8127626639756662,1.0387136740452638,0.9729410143753078,0.9335089317837408
IX,45,1,31,39.50496119522899,0.9337502575726822,0.8652417933824968,1.1300120381516805,1.0705066701553558,-1.8110341028812906,1.2809361243751285,0.9290330301176637,0.8770343723951264
IX,45,1,32,39.50190116693749,0.9336779298923373,0.8179403511061802,1.1276044078155383,0.9722731684258843,-1.810107797646656,1.176638218008621,0.8942690351637905,0.830344278824193
IX,45,1,33,39.4787905455912,0.9331316808141996,0.8518371076160021,1.1307219804302864,0.9790590859384581,-1.8113068674096864,0.9021235110184553,0.9238889753188593,0.8642931519202253
IX,45,1,34,39.45305615714312,0.9325234156466142,0.827931867127847,1.1277587430934957,1.0343791778201732,-1.8101672354889897,0.8990039628714547,0.9070337339507676,0.840511886380706
IX,45,1,35,39.43294922425966,0.9320481625849507,0.8467532467532467,1.130382442818779,1.1123732482044362,-1.8111764361826557,0.9508677290374664,0.9196943003482333,0.8592027345049308
IX,45,1,36,39.37011616045938,0.9305630228016802,0.8020165763884357,1.1260610550359593,1.0173838399016084,-1.8095129713855005,1.759415124985926,0.8869268901388097,0.817359217924167
IX,45,1,37,39.35182256452345,0.9301306302767847,0.7888664099719376,1.1311232521529766,1.084368543707364,-1.8114609629191636,1.938877117835472,0.8774160509234822,0.8049300420447125
IX,45,1,38,39.31443475109406,0.9292469215130361,0.7591985903543692,1.1289316912059761,1.0488618504323124,-1.8106186974449048,1.3597746417592231,0.8549404884598096,0.776148853919643
IX,45,1,39,39.33699935502042,0.9297802647714724,0.7777067153951577,1.1285612865388763,1.014906127481309,-1.8104761812058536,1.0620266270694558,0.8685763825557838,0.7942918803463367
IX,45,1,40,39.29030687034101,0.9286766282084432,0.820622593486915,1.1288082229836096,1.063504935482366,-1.8105711972280902,1.4953379918681087,0.9005039335668616,0.8344762907706534
IX,45,1,41,39.23398081799186,0.9273452899588204,0.8265548521829928,1.131894928542766,1.0092809327970926,-1.8117571468506484,0.9665021274596675,0.9061800591206335,0.8399799033955652
IX,45,1,42,39.16775711805349,0.9257800081561303,0.8482673105788684,1.2398061548908843,1.2054828745992339,-1.7501407271622533,1.1371395277853784,0.9233932114515311,0.8625119407416035
IX,45,1,43,39.10219211850563,0.9242302955791954,0.8253214122560856,1.1318023273759914,1.063273669768233,-1.811721615442316,1.6239301595766638,0.9072156169374223,0.8404549345829209
IX,45,1,44,39.09406670851092,0.9240382411271496,0.8537818964954643,1.1306602463191036,1.099710670344745,-1.8112831555545905,1.1200846078070816,0.9273315827630324,0.8665475474297366
IX,45,1,45,39.05573179524571,0.9231321464480909,0.8619526202440775,1.1306602463191036,1.0898762726051479,-1.8112831555545905,1.1010144598727536,0.9332190151576949,0.8748996657601547
IX,45,1,46,39.03842267962743,0.9227230233739775,0.7769235789336292,1.1347346976571904,1.096546659835823,-1.8128453676056433,1.112462435167612,0.8720911819992265,0.7934970358016735
IX,45,1,47,39.01179336306639,0.9220936054364436,0.7376231808392613,1.132604870821372,1.0798233692474932,-1.8120294577815272,1.4469419831002335,0.8458967075577325,0.7571876889083569
IX,45,1,48,38.98168244984818,0.9213818955113457,0.742002218886641,1.1397660277186152,1.1053384637047283,-1.8147667408740327,1.8155577193387031,0.8509929612245815,0.7612679857861608
IX,45,1,49,38.94866838694252,0.9206015659322497,0.7646152842132742,1.1278513442602702,1.0201536401411644,-1.8102028942901238,1.3063027441735364,0.8653825757646301,0.7819965548206639
IX,45,1,50,38.9120294375597,0.9197355575275248,0.7784376427592509,1.1327900731549212,1.090698015402983,-1.8121004673438017,0.8961125010993046,0.8786397935643867,0.7954403804081347
IX,45,1,51,38.86922901990851,0.9187239149439891,0.7934281798603406,1.137759669105164,1.0700279481043136,-1.8140015677731007,1.729640036482523,0.8888043016673493,0.8102511173955662
IX,45,1,52,38.79635080045489,0.9170013450659942,0.7520002610454872,1.2345278883847268,1.0245820158118077,-1.7482878443625331,0.927374169972863,0.8601041089761471,0.7701696074055542
IX,45,1,53,38.79012214838448,0.9168541229121403,0.711094433204986,1.1378214032163467,1.028665881636378,-1.8140251316743516,1.6858656063885067,0.831109254006196,0.7322900362127174
IX,45,1,54,38.74872981116958,0.9158757621096846,0.7664556548978659,1.1414328487205605,1.0396016748671302,-1.81540139951758,0.9500782152951747,0.8755680065129828,0.7846364950441179
IX,45,1,55,38.74202980324975,0.9157173988577891,0.7692553677478301,1.129950304040497,0.9595075455422115,-1.811010376128558,0.8905886415681998,0.8751113259614531,0.786405672495648
IX,45,1,56,38.71332808419083,0.9150389970380378,0.7230307381061151,1.13868568077291,1.1629523826254606,-1.8143548921168489,1.689314650841675,0.8406037836167934,0.744201759628795
IX,45,1,57,38.68022325071256,0.9142565219804248,0.7438164850225152,1.134858165879556,0.9719288346123376,-1.8128926197525619,1.6621407391047105,0.8556971800486581,0.7633743000862322
IX,45,1,58,38.62681224514479,0.9129940845878236,0.7080663055537427,1.2377380621662495,1.0234487239056191,-1.7494156854368241,1.6454798247052298,0.8308363797176934,0.7294812525756151
IX,45,1,59,38.6068361532813,0.9125219241209229,0.6991842328525746,1.2415347100040117,1.1060427052090809,-1.7507458049082023,1.5234246845969157,0.824385515825774,0.7216564587317112
IX,45,1,60,38.59750800515581,0.9123014414156797,0.7175748874241337,1.1411241781646448,1.0750097242487686,-1.815283940090807,1.627175193127713,0.8388443131793762,0.739555034292339
IX,45,1,61,38.59919770647094,0.9123413796662307,0.67669516413235,1.2441584097292957,1.1138266809080728,-1.751662618594479,1.6945172361601828,0.8089431680556722,0.7009812159568538
IX,45,1,62,38.57839394146226,0.9118496560865179,0.6560921490569732,1.1372657962156982,1.0064768496753196,-1.8138130105219443,0.8957583414508701,0.7974917926796004,0.68001841934796
IX,45,1,63,38.50415690010412,0.9100949687158094,0.648861189062194,1.1364015186591345,1.0788629821668683,-1.8134828382146138,1.3182569661925692,0.7901046141189589,0.6737236241980695
IX,45,1,64,38.47114647055434,0.9093147250157241,0.6449650851660902,1.2363181776090377,0.9939800101566796,-1.7489171938617945,1.5272509887130574,0.7869378697688412,0.6695576423374782
IX,45,1,65,38.45297730387916,0.908885273535466,0.6068459179011942,1.1337160848226688,0.9647058879751963,-1.8124553411026414,1.661500669691186,0.760244688729384,0.6342714964244744
IX,45,1,66,38.45159134534746,0.9088525146338798,0.6640866671017425,1.1334382813223443,1.0036367333397866,-1.8123489094192504,1.6159736281194497,0.802021895841922,0.6874154588564564
IX,45,1,67,38.38531228504768,0.90728592431828,0.6745089081772498,1.2397752878352932,0.9287287148718181,-1.7501299145374405,0.9372621784828084,0.8141622833690165,0.6977422907267515
IX,45,1,68,38.31816619875245,0.9056988407349467,0.6854467140899302,1.2472759823440438,1.05208083390223,-1.75274949874231,1.434525314365202,0.8190268405632418,0.7093939666017297
IX,45,1,69,38.28075795044116,0.9048146489666422,0.66466096717353,1.1367719233262341,1.0631738439412242,-1.8136243713694933,0.8981248079823917,0.8064069365366304,0.6894332882909293
IX,45,1,70,38.25924273518036,0.9043061093507639,0.6314690334790838,1.1357224434361202,1.0893550751090733,-1.8132232409075533,0.9110640840000269,0.7815515185092731,0.6583015885504458
IX,45,1,71,38.26880218638657,0.9045320591999979,0.6527768713698362,1.2416581782263783,0.9697366177202458,-1.7507889925058813,1.5968141531568025,0.7952606507854539,0.6771127897631598
IX,45,1,72,38.24531521449669,0.9039769145956683,0.6208249037394766,1.1348581658795567,1.0041424027027503,-1.812892619752562,1.3339269933407572,0.7736643802062534,0.6475625565093154
IX,45,1,73,38.19530147411901,0.9027947759086047,0.6171376362331137,1.134827298823965,0.9155908784684907,-1.8128808071978049,0.9825686247327191,0.7752762001024752,0.6438307674972694
IX,45,1,74,38.14820805460825,0.9016816627383158,0.6046270312601971,1.2521529771275115,1.0713843137122872,-1.7544443295577783,0.8865768240500074,0.766208966871571,0.6338086103328592
IX,45,1,75,38.1087898539097,0.9007499631759893,0.5843894798668668,1.239744420779701,0.992267160116466,-1.7501191016434188,1.3629046876182411,0.7479862193005957,0.6121914549875268
IX,45,1,76,38.12155957404499,0.901051791835092,0.5803302225412779,1.1359076457696693,0.9676147950515477,-1.813294055563563,1.1083232211964313,0.7474336122405588,0.6094812319475648
IX,45,1,77,38.1052831272502,0.9006670772086963,0.5575213730992625,1.250393554958792,1.0640602579442733,-1.7538336656158207,0.9469975896552182,0.730074287209567,0.5891306985153854
IX,45,1,78,38.08158246347046,0.9001068817233847,0.5534686419108529,1.2529246535173006,1.0429287313596605,-1.754711893967281,0.8912960635403502,0.7300427494050552,0.5845968780902246
IX,45,1,79,38.02778769840405,0.898835373684468,0.5536513737518762,1.2456091613420992,0.9662671652507587,-1.7521687328990263,1.0175650895752846,0.73066146065984,0.5842655883359641
IX,45,1,80,37.97577639077878,0.8976060199419905,0.5232461006330353,1.253881532240639,1.002358306000383,-1.755043445063605,1.1995924263438968,0.7074649720841789,0.5557063905214483
IX,45,1,81,37.98397343855031,0.897799767644467,0.517144162370293,1.24758465289996,0.9523508487224096,-1.7528569627969754,0.8980575084267645,0.705562602339233,0.5492911176124723
IX,45,1,82,38.01349929030606,0.8984976488940077,0.5112771650460093,1.1354137728802047,0.9742436938994663,-1.8131051908152496,1.2003265467502628,0.6971833818267712,0.5441562577046114
IX,45,1,83,37.96254199561314,0.897293208094545,0.4957188540103113,1.2458252307312403,0.9673662890516989,-1.7522440611869765,1.4921041721108148,0.687692665411333,0.5300744725244863
IX,45,1,84,37.8973626076622,0.8957526099406361,0.4929778763949618,1.2559187579096824,1.0462430379571428,-1.7557484860696504,0.91866088534634,0.6875890420795477,0.5284400336784523
IX,45,1,85,37.8399794379315,0.8943962853703729,0.5019708934281799,1.250980029015032,1.022788153100564,-1.7540373156844895,1.0266471114158608,0.6938701867370705,0.5370280926939303
IX,45,1,86,37.81191958976192,0.8937330549896035,0.4645108660184037,1.250393554958792,0.931289043604776,-1.7538336656158207,1.2923275402226626,0.665950659297431,0.5006167281395726
IX,45,1,87,37.83274882191975,0.8942253805179415,0.46269659988252954,1.2476463870111423,0.9292788076385333,-1.752878452417302,1.2733690189576294,0.665664129019399,0.4990339951723604
IX,45,1,88,37.81727188407058,0.8938595633074985,0.45271813613522155,1.2467512423989873,0.9653707252339347,-1.7525667487998282,1.5150364472537288,0.6587932873374441,0.489265698713975
IX,45,1,89,37.78262711837681,0.8930406899834561,0.4512105984467793,1.2475846528999595,0.9531439038327825,-1.7528569627969754,0.9815488856911135,0.6581185777200822,0.48806199977442205
IX,45,1,90,37.68751784656064,0.8907926607646189,0.4442798407622528,1.258264654134642,1.0035299243908977,-1.7565589361556697,1.1904307192427626,0.6552022635555564,0.4815071293210039
IX,45,1,91,37.65624215326893,0.8900534197735298,0.4492984402532141,1.2561348272988238,1.0395072563509937,-1.7558231960552944,1.1681517636550585,0.6596098877404118,0.4862649706202419
IX,45,1,92,37.65066011976799,0.8899214812761467,0.4704104940285844,1.2558878908540914,0.9823093182704,-1.7557378121653329,1.3477570924612687,0.6736307983157698,0.5062544660490522
IX,45,1,93,37.60624527026322,0.8888716795320017,0.45793904587874434,1.247245115288452,1.024917408279933,-1.7527387508741685,1.0240395348610798,0.6656899584993321,0.4942873423712827
IX,45,1,94,37.58307793789121,0.8883240900162765,0.4612934803889578,1.2496527456245947,0.9654774163529412,-1.753576286850215,1.2394211522289813,0.6692185004075882,0.4981428610783471
IX,45,1,95,37.48848641374421,0.8860882984254441,0.46406708869020424,1.2551162144643018,1.007161207543861,-1.755470879261686,0.9948864501788459,0.671036042917733,0.5010091628455322
IX,45,1,96,37.44874111847053,0.8851488675647049,0.4574626378646479,1.2527703182393428,0.9289126434092743,-1.7546583942712524,1.32441112979714,0.6672170793291199,0.4943273595052343
IX,45,1,97,37.40785611681235,0.8841824982866661,0.44489329765711677,1.2496527456245943,0.9671116536883334,-1.7535762868502147,1.0929253830858228,0.6576858578781265,0.48252086341005335
IX,45,1,98,37.43556644379604,0.8848374672874095,0.44559812047249236,1.25527054974226,1.0060712357813735,-1.7555242789693488,1.1010317407763446,0.6576923399947963,0.48419839935817965
IX,45,1,99,37.41055370325132,0.8842462591905121,0.454212621549305,1.2549310121307522,0.9492933559134347,-1.755406790944311,0.9726126568351088,0.6639668431027897,0.4918756545416772
IX,45,1,100,37.35065505226557,0.8828304780052126,0.4658552502773608,1.2591597987467975,0.991441272617276,-1.7568677886270947,1.089282390197038,0.6753872721086589,0.504080905853235
IX,45,1,101,37.28806416693916,0.8813510624197519,0.4546955557005808,1.3704355341543963,0.8659965729693885,-1.691929574899504,0.9786536193266343,0.6672296815197504,0.4929553078352517
IX,45,1,102,37.23084004201677,0.8799984970768425,0.45066240292370946,1.2594067351915297,0.9853118470785517,-1.7569529506700476,0.946554925756558,0.6683338503061604,0.48857121307410906
IX,45,1,103,37.2016100539055,0.8793076089427454,0.4397833322456438,1.2632033830292926,0.8873420140408973,-1.7582602192318806,1.239588448734254,0.6582357102369185,0.4776020598572947
IX,45,1,104,37.18746031544829,0.8789731617865082,0.43747960582131434,1.26493193814242,0.8356392355897819,-1.7588540973031932,1.2991971557950495,0.6575151698761249,0.47570983713657794
IX,45,1,105,37.14302917168428,0.877922974906717,0.43169092214318344,1.2603636139148686,0.9257993780741107,-1.7572827959430666,1.213242068444248,0.6531125443942043,0.47030840418268427
IX,45,1,106,37.09173688926013,0.8767106162440075,0.42556287933172354,1.2613513596937984,0.9181556626693531,-1.7576230188213382,1.2302470574641704,0.6497684155988814,0.46496661356988134
IX,45,1,107,37.05056032852428,0.8757373555944639,0.4309665209162697,1.2574003765780781,0.8701550594204612,-1.7562605252115784,0.9160956581779395,0.6530761752247678,0.46954735041826046
IX,45,1,108,37.10583778817574,0.8770439090152466,0.4302616981008941,1.2637898570855317,0.8756102164191508,-1.7584618046155958,1.0427146831815262,0.6534133745022533,0.469728366489597
IX,45,1,109,37.0318809412338,0.8752958443977413,0.44284409058278407,1.2604253480260517,0.9115305342228192,-1.7573040676831782,0.910642815556046,0.6618166397143826,0.4814168808821125
IX,45,1,110,37.01448258540692,0.8748846120172206,0.4439339554917444,1.26138222674939,0.8779137789309926,-1.757633646492836,1.2383753089134475,0.6640815551543483,0.4826787500509369
IX,45,1,111,36.93754608943177,0.87306611958589,0.4665992299158128,1.382381084668333,0.9099559902532014,-1.695698746590483,0.935472671088301,0.6840104587481224,0.5048646864903938
IX,45,1,112,36.90047108869589,0.8721898045500251,0.4429615610520133,1.2676482390344779,0.9067617239897836,-1.759785696588054,0.9462469192123661,0.6683145668281139,0.48315186031323476
IX,45,1,113,36.845489908747,0.870890254078751,0.44139528812895645,1.2560422261320487,0.8964679447933613,-1.755791179063728,1.1021808744198636,0.6623112397097017,0.47986310926975045
IX,45,1,114,36.86189897470052,0.8712781033284923,0.4433792338314952,1.254961879186344,0.8388237393628418,-1.7554174729873282,0.9133132854402758,0.6631036452993893,0.481437332706954
IX,45,1,115,36.83285125490446,0.8705915233390213,0.459792468837695,1.2685433836466333,1.0145680985510603,-1.7600922636299372,1.228814115184244,0.6768294578514761,0.4981771808536582
IX,45,1,116,36.81249707170315,0.8701104262000321,0.44828036285322714,1.382165015279192,0.8571304022124695,-1.6956308600440404,1.1593279519515802,0.6704608590570091,0.4871062316824474
IX,45,1,117,36.72073295191656,0.867941463925567,0.45011420740063957,1.3823810846683326,0.881874588826021,-1.695698746590483,0.9496931707895387,0.6717640568634922,0.48873619611208596
IX,45,1,118,36.66068497963708,0.8665221533406107,0.46372120341969586,1.2680186437015768,0.822584401649632,-1.7599125781632574,0.9296881054724291,0.6845163325838736,0.5016107476896999
IX,45,1,119,36.6073799917344,0.8652622218110474,0.4737779808131567,1.2588511281908812,0.9077895132668973,-1.7567613125841213,0.9488621631132836,0.6879280712482105,0.5114109320397723
IX,45,1,120,36.62656084730233,0.8657155858515413,0.46269659988252954,1.26808037781276,0.976920773454482,-1.7599337214889792,1.1826686270502091,0.6813724795138301,0.5015020556158716
IX,45,1,121,36.6039193844876,0.8651804259350285,0.44155844155844154,1.2625243078062782,0.9188269652829923,-1.758026687620117,1.1738815129280862,0.6660398306405063,0.4801086297298939
IX,45,1,122,36.52348219811168,0.863279190211096,0.455459113750571,1.2690989906472823,0.8777392675936285,-1.7602824378331967,1.1320181700838627,0.6788095863692816,0.49424963301583297
IX,45,1,123,36.44466988810641,0.8614163605172852,0.4647980160542975,1.3903447850109572,0.8684397180450039,-1.6981934761722957,0.9242938604187005,0.6856309144209791,0.5036870941154813
IX,45,1,124,36.38034844820998,0.8598960410623709,0.4753638321477518,1.2733895113745097,0.9524736256135545,-1.7617482074865365,1.0781845201201494,0.6927918576134491,0.5130001068651595
IX,45,1,125,36.39794143336449,0.8603118737558474,0.47011029171833196,1.2662592215328572,0.8001798568884234,-1.7593095602602424,1.154777408243315,0.6887025100380637,0.5079651499657263
IX,45,1,126,36.41550827544571,0.8607270885243677,0.45829145728643217,1.2614748279161645,0.8463699829167514,-1.7576655279469926,1.0976634475085782,0.6795553704035256,0.49659553206067886
IX,45,1,127,36.37282079669017,0.8597181153960021,0.45674476277491355,1.262184770194771,0.7861598759375636,-1.7579098747063042,0.9655902040543569,0.6802386046087834,0.49535319145137147
IX,45,1,128,36.28381166569603,0.8576142708033857,0.46346015793251977,1.3879062876192234,0.8032837528427678,-1.6974311071814243,0.9578404874909426,0.6860536739592784,0.5016260882610392
IX,45,1,129,36.23035749896029,0.8563508132414059,0.4657899889055668,1.2661357533104916,0.7498830084474858,-1.7592672117575492,0.8889455520801569,0.6877329506367826,0.5037482057417195
IX,45,1,130,36.18654990678534,0.8553153648005164,0.47289695229393724,1.2641602617526306,0.8690297961949579,-1.7585890735066587,0.8695882930320417,0.6922541242080331,0.5105329973876633
IX,45,1,131,36.20230949393551,0.8556878627885031,0.4632774260914964,1.3804055931104728,0.8107762380594389,-1.6950776742248592,0.9339973763480885,0.6842314139157559,0.5003470730100508
IX,45,1,132,36.21901797189204,0.856082789023678,0.46509821836455006,1.3857764607834058,0.9523101909399421,-1.6967641439358743,0.8991794174706148,0.6893366195508137,0.5053961463268465
IX,45,1,133,36.13667458472219,0.8541364978072588,0.47005808262089666,1.3821958823347842,0.7571747108241049,-1.695640558771821,0.9707323303888095,0.6928464616457242,0.5082084168470525
IX,45,1,134,36.07508340284646,0.8526807114907893,0.47834627683873915,1.2746859277093552,0.8686395501129429,-1.7621901304378105,0.8868847704412134,0.7000994385937085,0.5168663367962422
IX,45,1,135,36.0162736195667,0.8512906670856348,0.472407492005482,1.2647776028644626,0.8142666103705032,-1.7588011054805537,0.9120532482780266,0.6948101158043339,0.5109309400115255
IX,45,1,136,36.05266918039031,0.8521509226906361,0.45678391959799,1.2696854647035214,0.9565128389488223,-1.760483086966996,0.9392238555453255,0.6836168242388145,0.4968122834570036
IX,45,1,137,36.05486932068121,0.8522029258188805,0.44615936826992103,1.3789548414976693,0.7708373129637229,-1.69462100791175,0.9372031277809776,0.6760410073832545,0.4849097927941651
IX,45,1,138,36.0337819883465,0.8517044997629288,0.4444886771519937,1.3839553045035033,0.7830489458336977,-1.6961930285326154,1.089931782480571,0.6758675478279443,0.48391939024980507
IX,45,1,139,35.96054321866646,0.8499734078194363,0.43369444625726034,1.3911473284563383,0.8301646607892831,-1.6984440900049225,0.879703822813773,0.6680883761818995,0.4747715142197039
IX,45,1,140,35.92267484943688,0.8490783405050494,0.43569797037133723,1.392937617680649,0.8563645975369224,-1.699002631036062,0.9631740504933414,0.672966689885528,0.47714629071123904
IX,45,1,141,35.87791286477999,0.8480203337778364,0.4413757097174183,1.2686359848134083,0.79821612654819,-1.760123965114086,0.8759713103459194,0.6755398318886311,0.48317302715395266
IX,45,1,142,35.89116517378535,0.8483335690417831,0.45357306010572346,1.3833379633916716,0.8155498281909315,-1.6959992595194946,0.9067444692647257,0.6821680652426103,0.49309237836465913
IX,45,1,143,35.86727811822375,0.8477689679484401,0.46725184363375316,1.3900052473994504,0.7761861303548212,-1.6980874036921474,0.8759620507554493,0.6938107801752641,0.5061602185080731
IX,45,1,144,35.78826554702302,0.8459014048252781,0.4718397180708738,1.3944192363490442,0.802391495725567,-1.699464329272971,1.0399911182562938,0.700307492652666,0.5122116205396418
IX,45,1,145,35.73824827755098,0.8447191827235577,0.4841414866540495,1.3899435132882672,0.7210047750202119,-1.6980681150029344,0.8410381703574028,0.7078546275343804,0.5219305284759074
IX,45,1,146,35.68157694986428,0.8433796834499618,0.4925863081641976,1.394943976294101,0.7517553505106848,-1.6996277297682725,1.062881604706291,0.716543456006996,0.5299889792053764
IX,45,1,147,35.62581462050921,0.8420616695139189,0.4927690400052209,1.269778065870296,0.6887889926526689,-1.760514759936725,0.9083627076783682,0.7150104056097113,0.5300168800985042
IX,45,1,148,35.63267880446458,0.8422239132762829,0.4992690726359068,1.3917646695681691,0.7722671562218116,-1.6986367715147284,1.045031459852416,0.7216703735572312,0.5366627232990319
IX,45,1,149,35.59175142165797,0.8412565422656243,0.49705018599490963,1.3902521838441824,0.6729544043990286,-1.6981645498832914,0.9210876625077173,0.7197384432241667,0.5340817270896023
IX,45,1,150,35.52600458612819,0.8397025317628135,0.4932389218821379,1.39747507485261,0.7627264420162307,-1.7004150345517044,1.0468147538817514,0.7197588616257719,0.5307589202568379
IX,45,1,151,35.48159075098378,0.8386527539943723,0.4974548065000326,1.2719078927061143,0.648341596636387,-1.7612426014354605,0.8636349773381463,0.7217532696683735,0.5346921288561309
IX,45,1,152,35.4344862174984,0.8375393781310865,0.5044377732819944,1.3955921844615236,0.7120818039061984,-1.699829492597408,0.8808529370652616,0.725547951921554,0.541667742369872
IX,45,1,153,35.45240617753812,0.8379629392939514,0.5066305553742739,1.388461894619872,0.6836054205108172,-1.6976049292697577,0.9401699527003426,0.727510921430163,0.543471228510946
IX,45,1,154,35.46309244853413,0.8382155229693459,0.5136396267049533,1.390375652066549,0.7086391903414888,-1.6982031178405037,1.03983874841632,0.7333966762511392,0.550019678297326
IX,45,1,155,35.41648421593518,0.8371138778119389,0.5216863538471579,1.3940796987375372,0.7260913670507843,-1.6993585667711824,1.0482293183388987,0.7419655952771793,0.5576484440755045
IX,45,1,156,35.32724666925387,0.8350046343225694,0.5208053253279384,1.401981664968978,0.7903873328645714,-1.701813297923718,0.8636879211151933,0.7410208511122991,0.5581527957767592
IX,45,1,157,35.28663984020568,0.8340448400097596,0.5166547020818377,1.3975368089637923,0.6757674135139804,-1.700434219288622,0.8693841879224612,0.7380486084805011,0.5537038763697782
IX,45,1,158,35.3022194431432,0.834413083840804,0.5069960190563205,1.3982158841868075,0.784908212622304,-1.7006451954802393,1.0222877027221373,0.7316035861793583,0.5450226336608551
IX,45,1,159,35.28954679951008,0.8341135497089243,0.5049729165307054,1.3971972713522856,0.6376234235218613,-1.7003286927465153,1.03392715371142,0.7299514924612913,0.5420368882322861
IX,45,1,160,35.27092060705014,0.8336732958400211,0.4925340990667624,1.3974750748526092,0.7413019330606155,-1.7004150345517042,0.967675399536485,0.7211995782741909,0.5311341636610646
IX,45,1,161,35.20738637831198,0.8321715831271354,0.49663251321542784,1.3996357687440186,0.6627744927469071,-1.7010859966073677,1.0364619793710281,0.7266056080172915,0.5360243876079035
IX,45,1,162,35.16159643110448,0.8310892791909803,0.49822489068720227,1.4054387751952335,0.7208302004744647,-1.702882895218103,0.8748826834934021,0.7278048902660873,0.5370147697769777
IX,45,1,163,35.11889035260349,0.8300798664338548,0.4951706584872414,1.4000679075223006,0.6555150847339982,-1.7012200647160078,1.0323084112210057,0.7252384388268438,0.5337421013012056
IX,45,1,164,35.13603627274451,0.8304851321742482,0.4952424459962148,1.3952835139056083,0.6968102447225851,-1.6997334267498425,0.8884767962732943,0.7252050416488088,0.5335770888779409
IX,45,1,165,35.14978240980695,0.830810039695591,0.5029041310448346,1.4023212025804854,0.7095269319635593,-1.701918464390224,0.9655184213533684,0.7305773522356603,0.540694402772734
IX,45,1,166,35.09307682682547,0.8294697307543138,0.5079096782614371,1.3996357687440193,0.7137988327804299,-1.701085996607368,0.8768402904917194,0.7359634289221556,0.5459086392354193
IX,45,1,167,35.01504952468954,0.8276254557249809,0.5056712132089016,1.3975676760193845,0.5853603960541923,-1.7004438113392868,0.9993211251732599,0.735022753214182,0.5438395027803118
IX,45,1,168,34.96779972096928,0.8265086462139929,0.5048423937871174,1.4096675618112782,0.7165618535886983,-1.7041876701388639,0.864927211722428,0.7347585260022412,0.5435913781455077
IX,45,1,169,34.92523844457202,0.8255026560396912,0.5041506232461006,1.4058709139735155,0.6558788689826817,-1.7030164098493976,0.8975987179139872,0.7349558382857087,0.5428469889394937
IX,45,1,170,34.97386483860648,0.8266520030224696,0.4973569144423416,1.403062011914683,0.6827146808904474,-1.7021478301408999,1.0350016217840547,0.7301366807720227,0.5364172656917565
IX,45,1,171,34.96048707420564,0.8263358024598794,0.49489003458852704,1.404080624749205,0.6729083923217697,-1.7024630103863685,0.8992867108618682,0.7275351057247992,0.532677405286506
IX,45,1,172,34.90106758826574,0.8249313469529614,0.4896560725706454,1.4038336883044726,0.6185498473910198,-1.7023866240556988,0.9336606261596202,0.7258353191689471,0.5287073423761187
IX,45,1,173,34.84720215295967,0.8236581685325918,0.48437642759250804,1.403339815415007,0.651153099622979,-1.7022338110766755,0.9005586778921746,0.7215299098390157,0.5247659181017001
IX,45,1,174,34.80273809396788,0.822607203659316,0.4819748091104875,1.400283976911442,0.5960726822218944,-1.7012870832532996,0.9459817018247935,0.7211674149010767,0.5205941529911922
IX,45,1,175,34.80428091667723,0.8226436702462625,0.4798603406643608,1.4067351915300796,0.5704062789150384,-1.703283316036317,0.8700844535688635,0.717438352792851,0.5191006729822781
IX,45,1,176,34.80455042949124,0.8226500405261435,0.480656529400248,1.3983084853535814,0.6256392514293734,-1.700673957021673,0.8847125147482459,0.7187146155532619,0.5193348672858626
IX,45,1,177,34.77024859213803,0.8218392727518001,0.48179207726946416,1.402506404914035,0.6516270536942175,-1.7019758171853823,0.9496701635790391,0.7217370033054177,0.5212427968904423
IX,45,1,178,34.71159605492104,0.820452945058349,0.48273836716047774,1.404852301138994,0.605461953796346,-1.702701631111871,0.851481439508374,0.7219838326675783,0.5224231141847652
IX,45,1,179,34.65513743212128,0.8191184733366595,0.4816093454284409,1.4057474457511492,0.5569248920393034,-1.702978267000093,0.8623683370657411,0.7220701070310361,0.5222300686455847
IX,45,1,180,34.61021119167503,0.8180565842138947,0.4811851465117797,1.4075994690866438,0.5235922538094281,-1.7035500582903218,0.8682027453576142,0.7228608142889701,0.519990667273976
IX,45,1,181,34.57348557355925,0.8171885272828766,0.4817137636233113,1.4000987745778923,0.5306402202610844,-1.7012296394259723,0.8679246077260651,0.722122232819785,0.5214996226539934
IX,45,1,182,34.56793970294912,0.817057443541645,0.4812960908438295,1.412476463870111,0.6483613077532526,-1.7050521838249693,0.8705673205739861,0.7234363397573275,0.5220362180339108
IX,45,1,183,34.51742189497799,0.8158633905726538,0.48388696730405273,1.408463746643207,0.6507889339623574,-1.7038166368126624,1.0026446480448168,0.7270379394315827,0.5238693392886551
IX,45,1,184,34.46779811596803,0.814690469121009,0.4874241336552894,1.404883168194586,0.5151699899118092,-1.7027111732143665,0.9551295397412356,0.730736408928809,0.5274093824893464
IX,45,1,185,34.42846887530644,0.8137608722428749,0.48966259870782486,1.4111491804796739,0.6544976864074505,-1.7046438918150153,1.020242088900137,0.7330769352767482,0.5300914674263065
IX,45,1,186,34.37492080581408,0.812495195169205,0.4917640148795928,1.4070747291415864,0.5593994950995811,-1.7033881271756255,0.9461921589203698,0.7344384493809909,0.5318866159752901
IX,45,1,187,34.36763393357126,0.8123229606288392,0.49357828101546697,1.4140198166496893,0.5509151845936918,-1.705526459816085,0.8737067199269388,0.7351234089200258,0.5325945867225612
IX,45,1,188,34.33567276690582,0.8115675175983121,0.4941917379103309,1.4128160014816185,0.6505783959414596,-1.7051565689911738,0.8471953665564116,0.735927857520527,0.5349971727971123
IX,45,1,189,34.29801783733454,0.8106774952030918,0.4962996802192782,1.4104083711454762,0.6183018640625538,-1.7044158408839316,0.9599004207379565,0.73911224665598,0.5362800941862129
IX,45,1,190,34.25676059311423,0.8097023274962544,0.49916465444103636,1.5434762478007216,0.5767741753446131,-1.6417868405676668,1.0219533400575556,0.7418788445705555,0.5392953871188559
IX,45,1,191,34.21636634606593,0.8087475578307584,0.5015858513345951,1.4071981973639527,0.4749801025994571,-1.7034262340466355,1.0038273309834604,0.7429540015778229,0.5402339518855147
IX,45,1,192,34.24697118949511,0.8094709424277902,0.5040723095999478,1.408340278420841,0.6039308739569346,-1.7037785641833838,0.8389681891354382,0.7428691979902514,0.5442597045902549
IX,45,1,193,34.27064247619246,0.8100304435482062,0.5066436076486327,1.5428589066888907,0.5474120864187373,-1.6416131019239517,1.017628345075019,0.7460936676729261,0.5458395601798818
IX,45,1,194,34.22684039009513,0.8089951252504998,0.5091888011486001,1.405500509306417,0.5270177390536006,-1.7029019712500788,1.0203722247626845,0.7493395877270534,0.5478942365058209
IX,45,1,195,34.14925893386243,0.8071613883590205,0.5108333877178098,1.403154613081458,0.46714148696937224,-1.702176492344241,0.9762335680118509,0.7513762477241913,0.5486495567726277
IX,45,1,196,34.09650202621417,0.805914411406889,0.5117078900998498,1.415131030650986,0.5161436738682986,-1.7058676181069228,0.8194211490555456,0.751692523152108,0.5508070846565486
IX,45,1,197,34.05117422403717,0.8048430308592962,0.5114011616524179,1.4042349600271629,0.5336271864261474,-1.7025107450213297,0.9398535865771499,0.7521041699766665,0.549835651889749
IX,45,1,198,34.08159353728869,0.8055620302134133,0.5098153103178229,1.407815538475784,0.5069365107616548,-1.703616718262897,0.8268291742539106,0.7496665921990575,0.5487721182219603
IX,45,1,199,34.06702614722363,0.8052177113275348,0.508412190824251,1.4109331110905328,0.516986247079168,-1.7045773893293323,0.8583687798888355,0.7488992838338635,0.5477660685039754
IX,45,1,200,34.03347939639244,0.8044247909883767,0.5065979246883769,1.418773343210791,0.4362360645047801,-1.7069839840165797,0.8491208889519511,0.7498532486544964,0.5460667711502801
IX,45,1,201,33.9577086484375,0.8026338525016952,0.5065065587678653,1.412352995647745,0.4179564261647251,-1.7050142193612972,0.8435795045603725,0.7491623864511492,0.5453772501930337
IX,45,1,202,33.9272403292613,0.8019136948299034,0.5052339620178816,1.4132172732043087,0.40226075668925976,-1.705279900940334,0.9484501789298789,0.7504449328878705,0.5450541740299876
IX,45,1,203,33.87688499537956,0.8007234821437076,0.5055733211512106,1.4150075624286194,0.4155384815385214,-1.705829724861815,0.8439966208874754,0.7483535005056201,0.5446864310033458
IX,45,1,204,33.91699944815363,0.8016716385138675,0.5049337597076291,1.4173843257091705,0.5611238870228219,-1.7065585896944921,0.840491579215486,0.7479984586822489,0.5446257114035747
IX,45,1,205,33.90394971948117,0.80136319149505,0.5060627814396659,1.4150075624286194,0.6009946839750814,-1.705829724861815,0.8647404790650157,0.750364198816073,0.5465503217004709
IX,45,1,206,33.8549305498348,0.8002045607585939,0.5067480258435032,1.5573664228169266,0.47635677826094436,-1.6456776969263562,1.0229315100943794,0.7538355972469246,0.5463594462438172
IX,45,1,207,33.79396199007201,0.7987634909116702,0.5076355804999021,1.418402938543692,0.4417876664109457,-1.706870586266189,0.8627007270741873,0.7537692266169558,0.5473678678460473
IX,45,1,208,33.73827180544156,0.7974471822084171,0.5078705214383606,1.4215822452696236,0.4625965321841532,-1.707842954679957,0.9298632698967007,0.7552260618089214,0.5484340590995886
IX,45,1,209,33.74230852743027,0.7975425952928162,0.5070547542909352,1.4171373892644377,0.4893332454897146,-1.7064829203954828,0.8577617900585087,0.7531569313500638,0.54743598009856
IX,45,1,210,33.72984033121067,0.797247893536903,0.505305749526855,1.4218600487699475,0.43022732985063344,-1.7079278155740083,0.892657378586667,0.7521261930405769,0.5457578703390044
IX,45,1,211,33.71532164809843,0.7969047259021174,0.5042028323435359,1.4146062907059291,0.4727391353568341,-1.705706548976255,0.9056294921262366,0.7538646970861949,0.5447846981581731
IX,45,1,212,33.6535132337651,0.7954438050188214,0.5039352607191803,1.426675309442232,0.38273746730689495,-1.7093961091830923,0.9151170821271747,0.7535920239658805,0.5446692022192618
IX,45,1,213,33.61067820489333,0.7944313443548434,0.502538667362788,1.4283112633885848,0.4886094386682563,-1.7098938249034197,0.8832381759149365,0.7539595303977593,0.5435560265626469
IX,45,1,214,33.57228398372353,0.7935238478576455,0.5029628662794492,1.4171682563200294,0.4331818816977971,-1.7064923797789036,0.8989255600889149,0.7542947067281885,0.5433648743997405
IX,45,1,215,33.5790714902861,0.7936842792518128,0.5039939959537949,1.557644226317251,0.3447334425446354,-1.6457551596005833,0.9393948515899616,0.7550987938573185,0.5441291806229401
IX,45,1,216,33.57214875608867,0.7935206515796324,0.5033413822358546,1.4237429391610332,0.49601170000117323,-1.7085025472071185,0.8378517695379979,0.7529243915270898,0.5447305671021725
IX,45,1,217,33.55626949226162,0.7931453248804035,0.5045944005743,1.4244837484952304,0.4303904094039241,-1.7087284628019928,0.9167620980670883,0.7551834453984997,0.5459640681041178
IX,45,1,218,33.46617125580594,0.7910157378879854,0.5052861711153168,1.4178473315430435,0.39418932075850976,-1.7067004341042873,0.9439885757596094,0.7575867289141686,0.5469794844965036
IX,45,1,219,33.42138376057518,0.7899571281857487,0.5063107746524832,1.5634472327684659,0.4350662317287672,-1.6473701180965707,1.0398309446127763,0.7599252416082745,0.5471217277004197
IX,45,1,220,33.37208977579161,0.7887920018422249,0.5064151928473537,1.5629842269345924,0.4316082442010095,-1.6472414852557091,1.0344517579819499,0.7604906283373667,0.5466086153558389
IX,45,1,221,33.37127276682784,0.7887726907909728,0.5061737257717157,1.555668734759391,0.30824630814673587,-1.6452040134687966,1.045321207367429,0.7591394591465275,0.5468883829683685
IX,45,1,222,33.3688323389909,0.7887150081594149,0.5045030346537884,1.4238046732722163,0.41209953274679173,-1.7085213779959132,0.8622117889311749,0.757303280544758,0.5457573418794619
IX,45,1,223,33.31267730715816,0.7873877121983154,0.5053840631730079,1.5658239960490163,0.3449362067147569,-1.648029834241669,1.0126023439711158,0.7593974705211984,0.5462684290546237
IX,45,1,224,33.24994350229096,0.7859049185268122,0.5055341643281343,1.5638793715467476,0.27103934556327836,-1.6474901410502076,1.046041463339121,0.7609094414067444,0.5464222944911576
IX,45,1,225,33.19597133395897,0.7846292173349366,0.5045160869281472,1.5693119733308634,0.3382710103283859,-1.6489961782384162,1.010649338643381,0.7611182306305093,0.5466257985974247
IX,45,1,226,33.15319325469587,0.783618102747759,0.5045226130653266,1.5615643423773802,0.4367984030316744,-1.6468467734713315,0.8778740591002521,0.7610599681048117,0.5467068749091291
IX,45,1,227,33.15283751452595,0.7836096943740954,0.5046922926319911,1.4282186622218103,0.2724258932812227,-1.7098656675398987,0.8421483803057161,0.7590908191711233,0.546394378646646
IX,45,1,228,33.14481891250654,0.7834201644650798,0.5052796449781375,1.4251936907738365,0.3863613656010802,-1.7089448550267394,0.8367415164167178,0.7599333171113497,0.5459162417147676
IX,45,1,229,33.09256471742589,0.7821850697671079,0.5054819552306989,1.567552551162144,0.39872418310270097,-1.6485089991375181,1.0479546968329017,0.7627440516218852,0.5464252623112095
IX,45,1,230,33.01503273279021,0.7803525022000646,0.5058147882268486,1.5605765965984502,0.3474357872067262,-1.6465719796269733,0.8840201273813629,0.7639171025925795,0.5479886022598952
IX,45,1,231,32.96568268840698,0.7791860508162411,0.5059126802845395,1.5629224928234091,0.35784221165649055,-1.647224331331271,1.0419513799823565,0.7625133134629886,0.5469808616250738
IX,45,1,232,32.97936141555277,0.7795093650180329,0.5070155974678588,1.4210266382689754,0.3754272039049369,-1.707673183130337,0.8352851511279388,0.7614750435725606,0.5475462783523333
IX,45,1,233,32.99866186125352,0.7799655557241895,0.5060888859883834,1.424175077939315,0.39981221207296097,-1.708634345585539,0.8448277321286544,0.7614680721028388,0.5475653281442406
IX,45,1,234,32.97445296376082,0.7793933474853901,0.5065587678653005,1.422323054603821,0.29179262506734127,-1.7080692135594462,0.8862563032284912,0.7635075017929959,0.5488090274179468
IX,45,1,235,32.8962481299888,0.7775448762688971,0.507407165698623,1.4270148470537394,0.3737214049716976,-1.7094994555898044,0.8479756175314488,0.765818270873878,0.5489843346549101
IX,45,1,236,32.83465278145727,0.7760889914681917,0.5085949226652744,1.42664444238664,0.29084476414408,-1.7093867128356213,0.8799082014420944,0.7665119254745528,0.549470073271549
IX,45,1,237,32.78696223195048,0.7749617643671276,0.507942308947334,1.431428836003333,0.34610041979420203,-1.7108407257215537,0.9300524049237215,0.7654937662159549,0.5490158131303982
IX,45,1,238,32.80253833816527,0.7753299255486602,0.5075964236768257,1.572614748279161,0.27690555673195866,-1.6499092342008497,1.0686689898152324,0.7666939509781077,0.5494507808084119
IX,45,1,239,32.79950287072158,0.7752581783953498,0.5091235397768061,1.426150569497175,0.3760090679440724,-1.709236343620935,0.9440540709885213,0.7673881818116381,0.550010518669869
IX,45,1,240,32.78246399877298,0.7748554428758254,0.5088233374665535,1.5795598357872642,0.4030534213187143,-1.6518229721498787,1.0507586390839876,0.7698046413459219,0.5509070877477033
IX,45,1,241,32.70774786911438,0.7730894316407104,0.5099262546498727,1.5749915115597115,0.38498168113845227,-1.650565107450872,1.0789580601540254,0.7704613003386174,0.551358046203307
IX,45,1,242,32.66960746285842,0.7721879343834563,0.5099523591985904,1.4350711485631384,0.4486944392873785,-1.7119443971717012,0.8897837467278972,0.7699265755233929,0.55256798430181
IX,45,1,243,32.62261023814055,0.7710770949000648,0.5103896103896104,1.425718430718893,0.2314954119285243,-1.7091047278361662,0.8455325862812708,0.769094685092438,0.5513468196597168
IX,45,1,244,32.66274573338912,0.7720257486360084,0.5111662207139593,1.574065499891965,0.3032047062380442,-1.6503096901830299,1.0336040991712732,0.7708396729275004,0.5528893032013588
IX,45,1,245,32.62475823933369,0.7711278656540834,0.5110030672844743,1.4264283729974996,0.26676194315165663,-1.7093209327103576,0.8453567842198747,0.7700856028735114,0.5526729973538198
IX,45,1,246,32.59490190117526,0.7704221729359502,0.5103112967434575,1.4285581998333177,0.3964765080299216,-1.709968902282331,0.9902264879084528,0.7724438664521683,0.5525619124982364
IX,45,1,247,32.51043683243393,0.768425733063415,0.5085818703909156,1.4334660616723767,0.24740145003053068,-1.7114583791065379,0.8926614193472143,0.7722297002964129,0.5517444709017595
IX,45,1,248,32.44764571271895,0.7669415846822183,0.5098609932780787,1.4260271012748091,0.18990682933770855,-1.7091987431809295,0.9229551678066679,0.7726008404332021,0.5513547014374014
IX,45,1,249,32.4062596551548,0.7659633723073352,0.5080140964563075,1.571441800166682,0.28705802373724754,-1.6495851911001025,0.8847311418741173,0.7727957933642237,0.54962438675033
IX,45,1,250,32.46744454289839,0.7674095553426203,0.50743979638452,1.571225730777541,0.17920818738771524,-1.6495254725694999,0.9160917390204385,0.7727320244044775,0.5491587795804614
IX,45,1,251,32.41526059851667,0.76617612110972,0.5065848724140182,1.5697441121091456,0.22797324631182547,-1.6491157527110614,1.0912357035266396,0.771067080982473,0.5491897209557467
IX,45,1,252,32.40240642046611,0.7658722961798262,0.5052926972524963,1.4287434021668672,0.203426152463862,-1.7100252018004167,0.8276961586187804,0.7693824530402049,0.5474362180444314
IX,45,1,253,32.33371981558061,0.7642488004703463,0.5044181948704562,1.5628298916566346,0.2359033731591967,-1.6471985991741371,1.0041567390659263,0.7704328767884159,0.5465542953161024
IX,45,1,254,32.26974693158127,0.7627367195796234,0.5027213992038113,1.4327869864493619,0.3200069833661972,-1.711252592232372,0.8786977264527679,0.7702873500938288,0.5464053701060976
IX,45,1,255,32.24756952994451,0.7622125283422678,0.502068785485871,1.4309349631138686,0.26674822730574765,-1.7106908591861743,0.8504461980737682,0.7682583136157957,0.545208169553868
IX,45,1,256,32.27241880568614,0.7627998727395847,0.5016445865692096,1.5737876963916406,0.26820632950546,-1.6502330357013661,1.1152257582709901,0.7687583943810816,0.5449887549425061
IX,45,1,257,32.243242612278,0.7621102561120628,0.5011616524179339,1.5780164830076857,0.34558703929209866,-1.651398425230656,0.896332573986037,0.7705666080054242,0.544205303845545
IX,45,1,258,32.19757183874383,0.7610307689980184,0.5031978072179077,1.5791894311201646,0.10128102532889745,-1.6517211187325056,0.9086090318236225,0.7718273554341297,0.5448632389306657
IX,45,1,259,32.19236810605324,0.7609077721238746,0.505305749526855,1.4241442108837234,0.41690768392850225,-1.7086249327419938,0.8506732684181267,0.7710403825709012,0.5477387207452543
IX,45,1,260,32.13622774575554,0.7595808229432607,0.5062520394178686,1.4248541531623298,0.36003719986440774,-1.70884137654508,0.8192515028151195,0.7720421160325132,0.5482521201605998
IX,45,1,261,32.11632906898113,0.7591104922809512,0.5047640801409645,1.4277556563879368,0.17731088299728762,-1.7097248533321576,0.8717902392669565,0.7718662681984807,0.5475468879675343
IX,45,1,262,32.11772872433133,0.7591435749243514,0.5064282451217125,1.5651140537704105,0.12239912061051572,-1.6478328811148768,1.0182294509042606,0.7724085614309588,0.5493548843273222
IX,45,1,263,32.09109599346414,0.7585140762853271,0.509913202375514,1.5641571750470713,0.04978190795300349,-1.6475672811512034,0.9626277583542378,0.7756726419114869,0.5518857955315508
IX,45,1,264,32.0387691308331,0.7572772639969101,0.5107289695229393,1.5735716270025,0.08854187303594357,-1.6501734061936313,0.9877588746624886,0.7784421640261258,0.5539480974470186
IX,45,1,265,32.04381803421104,0.7573966012823288,0.5133002675716243,1.5805784486217853,0.14686060865855305,-1.652102945941362,1.042560917934394,0.7817065075540852,0.5559873554551024
IX,45,1,266,31.95911238617368,0.7553944750105961,0.514233505188279,1.5857332469055774,0.4194732696757429,-1.6535170217766495,0.9898544196306048,0.7824572782346695,0.556951370202132
IX,45,1,267,31.92181134850357,0.7545128173028447,0.5148534882203224,1.5768126678396142,0.02445418195731319,-1.6510669902875252,0.822605307526777,0.7814902761969267,0.5570053917552672
IX,45,1,268,31.92774826248589,0.7546531438540538,0.5154734712523658,1.4403185480137046,0.1299711812435676,-1.7135295173787697,0.9373274653793076,0.782095950051468,0.5581920052478643
IX,45,1,269,31.91824110892358,0.7544284301264863,0.5163088168113293,1.435781090841744,0.12006560912966202,-1.7121591933330091,0.8422929768736556,0.7834651543952744,0.5586868286891927
IX,45,1,270,31.81003307821017,0.7518707949967933,0.5178359329113098,1.4363366978423924,0.06689623518803578,-1.712327220604348,0.8406127087929232,0.7851129801425826,0.5600344472431524
IX,45,1,271,31.75260941147527,0.750513513228068,0.5175879396984925,1.576257060838966,0.06960608595894188,-1.6509139349619224,0.8129605580346557,0.7868869780958403,0.5608137256210384
IX,45,1,272,31.70297991262518,0.74934045658069,0.5178359329113098,1.4376022471216467,0.10480757483020015,-1.71270970688162,0.8179967809386577,0.785053134837616,0.5608848745689791
IX,45,1,273,31.74016286974039,0.7502193233035824,0.5174247862690075,1.592307929746581,0.4489775057691475,-1.6553139478659693,1.0684844205462587,0.7865156610700462,0.5600811087153116
IX,45,1,274,31.73985205286072,0.75021197674931,0.5171050055472166,1.5774300089514455,0.49772363496694694,-1.6512369885211529,1.0384125679095007,0.7847884175892855,0.5596836591653013
IX,45,1,275,31.7010342252244,0.7492944677717742,0.5172616328395223,1.4291138068339657,0.3660235666079976,-1.7101377789462489,0.8845865933400927,0.785304955751657,0.5598266931491594
IX,45,1,276,31.60213238721004,0.7469567964027546,0.5157149383280036,1.4346081427292643,0.46223303212995237,-1.71180425546242,0.9005091568881599,0.7857360619907947,0.5591686519869318
IX,45,1,277,31.56417700672655,0.7460596724661537,0.5144227631664817,1.5835416859585758,0.47805414423800735,-1.6529163904032875,1.1622208182996125,0.787276168263311,0.5581075780716923
IX,45,1,278,31.50102258394245,0.7445669369525031,0.5143640279318671,1.58755440318548,0.43785996753105744,-1.6540155068161988,1.1230624188464304,0.7861004927310664,0.5569222030477844
IX,45,1,279,31.60879802766676,0.747114347335727,0.5130979573190628,1.4373861777325054,0.4665090083753724,-1.712644428188476,0.8027986331588376,0.7853040700594168,0.5565452082255438
IX,45,1,280,31.5480721651175,0.745679013947688,0.51258239248189,1.436305830786801,0.48703369435339217,-1.7123178874612348,0.8683945640130838,0.785589139204727,0.5568733875445094
IX,45,1,281,31.51684567982016,0.7449409360504491,0.5132806891600862,1.5755162515047687,0.38483786208783805,-1.6507097772513097,0.8485689932804048,0.7876931297277693,0.555722396301432
IX,45,1,282,31.4875347038112,0.7442481336638623,0.512112510604973,1.4322931135598966,0.48917168247609744,-1.7111028677811917,0.8878697732783304,0.7871451109014808,0.555715824737566
IX,45,1,283,31.39401555982461,0.7420376891489592,0.5118840958036938,1.5820292002345897,0.43101840553838733,-1.652501385162537,1.156027124093151,0.7867670575885605,0.5548171670141633
IX,45,1,284,31.35542579736876,0.7411255707835026,0.5114403184754944,1.432138778281939,0.45539147013727277,-1.7110560683024987,0.8918966945225164,0.7864245974064241,0.5551630818771714
IX,45,1,285,31.39267308705689,0.7420059580889932,0.5117339946485675,1.590486773466679,0.45539147013728226,-1.6548169518086604,1.0407009699637124,0.7860430043573533,0.5551756212426655
IX,45,1,286,31.36871762048386,0.7414397400139443,0.5117274685113882,1.4307497607803188,0.44470152952372755,-1.7106346458996882,0.8476276019510444,0.78654640536477,0.5555825011065668
IX,45,1,287,31.31226678725599,0.7401054524087439,0.5120146185472819,1.572954285890668,0.4506878962673174,-1.650002991044236,1.0865888597034397,0.7879080132215924,0.5551042700069841
IX,45,1,288,31.26542500804813,0.7389982870786895,0.5124779742870196,1.5848381022934217,0.4895992801006423,-1.653271793814193,1.1522957021218696,0.7892704435660796,0.5558724397016788
IX,45,1,289,31.1868584690615,0.7371412664970767,0.5122234549370228,1.582029200234589,0.461805434505417,-1.652501385162537,0.8033763529093113,0.7905033963757209,0.5561841110584261
IX,45,1,290,31.15637889307317,0.7364208427561404,0.5126737584024016,1.7330925702997186,0.48318531573251705,-1.5902630194877567,0.793366836363395,0.7889916099573162,0.5565510489531496
IX,45,1,291,31.18510056606207,0.737099716212534,0.514233505188279,1.4327252523381788,0.4759161561153021,-1.7112338794985904,0.8694259600312112,0.7902156070048194,0.5579117488559838
IX,45,1,292,31.17468806615025,0.7368536034666794,0.5151341121190368,1.5812575238448,0.44812231052006735,-1.6522894949143356,1.1510578765208324,0.7913184215722883,0.5578883827364479
IX,45,1,293,31.14485697366966,0.7361485074624138,0.5171898453305489,1.5789116276198405,0.46779180124899744,-1.6516447129903766,1.1325046028267052,0.7943346639139612,0.5609373519982352
IX,45,1,294,31.05208038969674,0.7339556143026582,0.5187952750766821,1.5843750964595484,0.4228940506720827,-1.6531448974095901,1.1676144848161525,0.7959066711317316,0.5623442809177136
IX,45,1,295,30.99725904790584,0.7326598418105714,0.5204659661946095,1.5779547488965024,0.4314460031629227,-1.651381434718471,1.124817290594007,0.7960478279043375,0.5632821449365939
IX,45,1,296,31.01811455476675,0.733152788375104,0.5194870456176989,1.5847455011266471,0.45881225113361257,-1.6532464174993255,1.1680678932362976,0.7966390344100472,0.5632136751142293
IX,45,1,297,30.98131700578815,0.7322830312661929,0.5195196763035959,1.4350402815075465,0.41819047680212734,-1.71193505579786,0.902655944331348,0.796123216375548,0.5622658586616132
IX,45,1,298,30.92149938588503,0.7308691653541143,0.5194217842459049,1.7313640151865906,0.4707849846207924,-1.5898296458887133,0.8358321179383088,0.7964471091544072,0.5631616378072308
IX,45,2,0,41.45393912791273,1.0,1.0,1.0,1.0,-1.9334041766016994,2.833002377216663,1.0,1.0
IX,45,2,1,40.93103710061133,0.9873859508094537,1.0086978723404254,1.0888222895534188,0.8829162370813329,-1.8688514192040315,1.759470978327362,1.0175885458983627,1.0074717252844716
IX,45,2,2,40.72011558218685,0.9822978573046688,0.9871659574468086,1.1048280858911868,0.9186349060321429,-1.8751891222998947,1.542372949748603,1.010818187003103,0.9903094313587884
IX,45,2,3,40.41332131304166,0.9748970101089771,0.9760510638297872,1.1108220260835198,0.9194808145018885,-1.8775388989967665,1.3720496491083642,0.9930352134156174,0.9816835405402965
IX,45,2,4,40.26312791730167,0.9712738708151081,0.952595744680851,1.021406929258332,0.9016041673812294,-1.942602976399319,1.477654927517203,0.9818904352042491,0.9622573130532396
IX,45,2,5,40.1380978339246,0.9682577501277285,0.9459744680851064,1.0253919114741141,0.9280350923367336,-1.9442940639054032,0.9675180022917471,0.9918418462509041,0.9556246827195247
IX,45,2,6,40.0441441963679,0.9659912915104477,0.9494638297872341,1.1166183638519298,0.9747394622584079,-1.879799182326103,1.8407892671113486,0.9929021197221235,0.9605740380317795
IX,45,2,7,39.96530066229202,0.9640893363347864,0.9437106382978723,1.1121393755763405,0.9140275286693927,-1.8780536336943787,2.3083602116767272,0.9893005343484275,0.9562125498778705
IX,45,2,8,39.90073367333095,0.9625317765390371,0.8892936170212766,1.1118429719404557,0.9121270787244471,-1.8779378715666921,1.4582078092620725,0.9559413766145243,0.9108289994308957
IX,45,2,9,39.8845546550734,0.9621414874953923,0.8976170212765957,1.110624423659597,0.9022975069387167,-1.8774616361461975,1.7950419894532017,0.9611756487520697,0.9143612233037783
IX,45,2,10,39.78985599937777,0.9598570566864546,0.9001191489361701,1.1145435384007378,0.8732328785948317,-1.878991454744165,2.6245605389047206,0.9688806385380234,0.9172506639018279
IX,45,2,11,39.70312741098869,0.9577648890851691,0.8839659574468084,1.1152351468844683,0.8468212169264554,-1.8792608642238915,2.720882154317856,0.9602236418105057,0.9024796048990072
IX,45,2,12,39.64265464564983,0.9563060949003206,0.8692765957446809,1.120899749703596,0.8770981626353446,-1.8814611885536918,1.3325303578884415,0.9657944779047087,0.8918528311983368
IX,45,2,13,39.58832912344493,0.9549955916442303,0.8417702127659574,1.1172441048610195,0.9709551057477154,-1.8800424881502191,2.1521645635473066,0.9409029977110835,0.8690210406628119
IX,45,2,14,39.56593815285918,0.9544554506815909,0.8201191489361702,1.1236661836385191,0.9678746297068649,-1.8825317274788342,1.526314994328212,0.9308677072275428,0.8511815554902293
IX,45,2,15,39.51405999056669,0.9532039854798784,0.7887829787234042,1.115268080621789,0.7763916364859081,-1.8792736890790287,1.3702055868092435,0.91522410754741,0.8201541014708986
IX,45,2,16,39.45281405757319,0.9517265400481062,0.7872,1.1239955210117243,0.8433604980556486,-1.882658996991497,1.7384637618862933,0.9188129640861216,0.8239450501783429
IX,45,2,17,39.3912473684282,0.9502413569644186,0.7760340425531914,1.2112369911737584,0.8532444312103727,-1.8130343453543538,2.5974641100524445,0.9153276047043312,0.8122256232767141
IX,45,2,18,39.33529070613187,0.9488915054551648,0.7799148936170213,1.1186931893031222,0.8271797528824013,-1.8806054104349983,0.9533057660101273,0.9240448299079108,0.8144421734821969
IX,45,2,19,39.31620232286499,0.9484310333343372,0.7684255319148936,1.123205111316032,0.8711788566751396,-1.8823534874802414,1.5403030703225566,0.9112703899396307,0.8065521065093788
IX,45,2,20,39.27735287568999,0.9474938619100458,0.753668085106383,1.1197470688973785,0.8593724637016428,-1.8810143506553298,1.4200266736409148,0.9052292884010866,0.792355656200292
IX,45,2,21,39.24368599712158,0.9466817104166853,0.7531744680851064,1.12630088262416,0.8936276525816887,-1.8835488408144916,1.3705923154038395,0.9066068762624433,0.7945213014096801
IX,45,2,22,39.17160173763573,0.9449428103024302,0.7560680851063829,1.1215584244500065,0.8552119267721129,-1.8817163182317023,2.1253713989421974,0.9094008270634621,0.7967328723142596
IX,45,2,23,39.12574232296835,0.9438365363117758,0.7593702127659575,1.1155644842576733,0.7864585688296006,-1.8793890957359556,1.3562553358080796,0.9112909514222132,0.7969624695579666
IX,45,2,24,39.10565451305049,0.9433519548620883,0.7615999999999999,1.213542352786194,0.7765829295394724,-1.8138601575102016,1.1121352489306109,0.916084826358606,0.8015029121390915
IX,45,2,25,39.06726155258132,0.942425795339571,0.7514723404255319,1.1177381109208273,0.8500241465935046,-1.8802344754580198,1.3491392306073053,0.9083678947203685,0.7940559478426703
IX,45,2,26,39.03209692733638,0.9415775134637177,0.7436425531914893,1.1141153998155708,0.7595509579943479,-1.878824593656426,1.1411946016839518,0.9189303912446073,0.7848481216455678
IX,45,2,27,38.98991041911906,0.9405598415824726,0.7380595744680851,1.2155183770254248,0.8053192109338677,-1.8145667488292065,1.5913658074122563,0.9150297431299818,0.7817763132203795
IX,45,2,28,38.94149239525142,0.9393918458530863,0.7374468085106383,1.121525490712686,0.8195347771078251,-1.881703565306775,1.1090184333881714,0.9071724031485067,0.7800698673709355
IX,45,2,29,38.90393327572424,0.9384858012089022,0.7324765957446808,1.222500329337373,0.8779856440089809,-1.81705420443687,2.4066845375599755,0.9081523190186617,0.7785404014057629
IX,45,2,30,38.85555871007455,0.9373188538290542,0.736,1.1228428402055066,0.7993408790206964,-1.8822133904306555,1.1976474134084447,0.9089748141832809,0.7822055855385047
IX,45,2,31,38.81108234317769,0.9362459433208485,0.7335489361702128,1.2191081543933604,0.7419672551495747,-1.8158474558385456,2.0569813431624433,0.9130060093974192,0.7787873681843299
IX,45,2,32,38.7605536720089,0.9350270321092294,0.7252425531914893,1.1236332499011987,0.8589281433227602,-1.882518998476037,1.4605087917195354,0.905205395224541,0.7727666466609802
IX,45,2,33,38.72086211212534,0.9340695462654575,0.7238297872340426,1.225135028323014,0.7975191663739771,-1.8179891767719432,0.950147440736143,0.9178723325300108,0.7668905417476631
IX,45,2,34,38.67563915606474,0.9329786256675124,0.722995744680851,1.2205901725727832,0.7918050414025475,-1.816375088611383,1.9585415762924578,0.9126425476525454,0.7694655961512494
IX,45,2,35,38.63611177103515,0.9320251002399861,0.7206808510638297,1.2196021604531682,0.7393962898420596,-1.8160234046647998,2.4108293645642487,0.9074187176901004,0.7668663768567293
IX,45,2,36,38.61572184354058,0.9315332307597021,0.7222978723404255,1.2234224739823476,0.8088530982825161,-1.817381673766041,1.6052206393296928,0.9084330474171629,0.7681801301168513
IX,45,2,37,38.56914153069695,0.9304095664271066,0.7229446808510638,1.2136082202608351,0.7274326796964699,-1.813883729085116,1.602981663312302,0.9164034530344558,0.7678868622654837
IX,45,2,38,38.51876769184453,0.9291943902602051,0.7165617021276596,1.2257607693321038,0.8710256055035436,-1.818210937218481,1.8900807489233469,0.9096345417471107,0.7666451385725699
IX,45,2,39,38.48107357783049,0.9282850891224357,0.7160170212765957,1.2253984982215782,0.7766628932478065,-1.8180825633935056,2.418231644845494,0.9109630054986328,0.7652488373923935
IX,45,2,40,38.46818346078832,0.9279741387685404,0.7241191489361702,1.222500329337373,0.8443820877427575,-1.81705420443687,1.491780851994135,0.9134895796615567,0.7724201832351585
IX,45,2,41,38.42796239409805,0.9270038795474286,0.7242723404255319,1.2150902384402582,0.7965577767940266,-1.8144137515710157,1.798455963286304,0.9135585328828846,0.7715029836076333
IX,45,2,42,38.40136465673956,0.9263622580774781,0.7185702127659573,1.2165393228823607,0.8275135930053199,-1.814931371081426,2.275805882317202,0.9150681221632273,0.7677516625549391
IX,45,2,43,38.33836110874085,0.9248424134179801,0.702995744680851,1.2249703596364114,0.8227563754468099,-1.8179307999344465,1.2922525702742946,0.9079383252618373,0.7538871757702986
IX,45,2,44,38.28755161265862,0.9236167278220841,0.6979914893617021,1.2245751547885655,0.7549475258132679,-1.8177906635008758,2.301496857651088,0.9078868654809709,0.7479412471064018
IX,45,2,45,38.24842990847311,0.9226729886984079,0.6975489361702127,1.2274074561981292,0.8038626552042103,-1.8187939768317485,1.4137580118561472,0.9157343218939443,0.7484611595769907
IX,45,2,46,38.22314376662104,0.9220630070565174,0.6917106382978724,1.2316888420497958,0.8104574201369737,-1.8203062267833576,1.4217130081477782,0.9049949059634549,0.7458757405418908
IX,45,2,47,38.19296215386496,0.9213349311874679,0.6868936170212766,1.2271110525622446,0.7333934739997126,-1.8186890874502692,2.1728778993030238,0.9040113547870546,0.7399429747974228
IX,45,2,48,38.15766708246839,0.920483502538247,0.6849191489361702,1.2246080885258857,0.7758431919442311,-1.8178023432642634,2.2383422135421376,0.9033793585429924,0.7395457628322771
IX,45,2,49,38.09430196804139,0.9189549357540029,0.6859574468085107,1.2257278355947832,0.7780118831904803,-1.8181992684386556,1.284235199273295,0.9026011124056577,0.741780613415635
IX,45,2,50,38.0501530292918,0.917889923847333,0.6832170212765958,1.2333684626531416,0.8181019689593727,-1.8208980589255308,1.959099451648535,0.9070132085710527,0.7399223878068436
IX,45,2,51,38.01658168878689,0.9170800770339502,0.6857361702127659,1.2274403899354498,0.7499914377012467,-1.8188056296438853,1.8490060639540575,0.9059202127809645,0.7395827140109267
IX,45,2,52,37.98900392513617,0.9164148142330948,0.6892425531914893,1.2195033592412066,0.7228583624264862,-1.8159882206017592,2.028887188635318,0.9081651449424847,0.7432633031443103
IX,45,2,53,37.9549414108848,0.9155931187569119,0.6909787234042553,1.2245092873139245,0.7764239627496741,-1.8177673030317236,1.7465913381149765,0.9116494200421822,0.7450889634307195
IX,45,2,54,37.88632060843103,0.9139377681702757,0.6880340425531914,1.2217099196416807,0.8366487971818085,-1.8167733197777935,1.5405986495673623,0.9095919681048805,0.7447417812001457
IX,45,2,55,37.83950054937962,0.9128083204015863,0.6927148936170212,1.2124884731919376,0.7062378991724227,-1.8134828382146138,1.1816708403026146,0.91032880993831,0.7434069571629258
IX,45,2,56,37.79578602692125,0.9117537879885511,0.6884425531914893,1.2276050586220522,0.7360999279950673,-1.8188638890150777,1.0256516544923,0.9119894335589255,0.7427650918485663
IX,45,2,57,37.78817547362991,0.9115701973949563,0.689736170212766,1.217593202476617,0.7590717615547355,-1.815307434517748,0.9970966963644249,0.9136078349935938,0.7428256133850034
IX,45,2,58,37.75228902714027,0.9107045029098337,0.6936851063829788,1.2166710578316429,0.7797887768903058,-1.8149783968232662,1.8439370309454013,0.9157097307361787,0.7457293708760331
IX,45,2,59,37.71344511889527,0.909767465102036,0.6925106382978723,1.220162033987617,0.7624020971560476,-1.8162227271988358,1.014362362167129,0.9166863081430324,0.7442468587154423
IX,45,2,60,37.64843145827953,0.9081991301745607,0.6856340425531915,1.2300421551837701,0.7068764925046516,-1.8197252151888297,1.2009109397435933,0.9231649321872888,0.7405222033100738
IX,45,2,61,37.60390870568974,0.9071251006968696,0.6850382978723404,1.334936108549598,0.7989815900466112,-1.7541016063976766,1.681563949141323,0.9198094997451836,0.7418805018835247
IX,45,2,62,37.57921590262855,0.9065294322614768,0.6835063829787233,1.2316888420497958,0.80929785604448,-1.8203062267833576,1.253240429807827,0.9145556281699428,0.7405092564343146
IX,45,2,63,37.55364766588931,0.9059126455995302,0.6785191489361702,1.2378803846660518,0.794181394178938,-1.8224839008470333,0.9138368018568422,0.9210276540575741,0.7369094136520121
IX,45,2,64,37.51641295328735,0.9050144266754597,0.6760510638297872,1.2363983664866287,0.8652356688832836,-1.8219636422512104,0.9731171231126836,0.9249702527043587,0.7368235734541214
IX,45,2,65,37.46462073107908,0.9037650346201365,0.6767829787234043,1.2362995652746673,0.6818656815021782,-1.8219289361752018,1.8179339024714951,0.9170154047814478,0.7353991326489243
IX,45,2,66,37.416831296413,0.9026122024485395,0.6705361702127659,1.24548807798709,0.7961456413322276,-1.8251447943993042,1.758107768685809,0.9174111534922059,0.7331957698722555
IX,45,2,67,37.38112374914212,0.9017508235778682,0.6724255319148936,1.243314451323936,0.6910635385317214,-1.8243862012249383,1.9027989194133028,0.9174322715236032,0.733302989921062
IX,45,2,68,37.34434954638888,0.9008637136064908,0.6738382978723404,1.3464299828744566,0.6828298705519603,-1.757824900121074,1.3501400217998023,0.9159594615668906,0.7308022782653201
IX,45,2,69,37.31052974882969,0.9000478732238715,0.6678127659574469,1.242985113950731,0.6958727045254165,-1.8242711471850297,1.860016264376948,0.9162810207049163,0.7287644718018862
IX,45,2,70,37.27365370939505,0.8991583066299502,0.669668085106383,1.2358714266895006,0.6176496685036452,-1.8217785111216833,0.9242216321151107,0.9213289696006398,0.7294785916926244
IX,45,2,71,37.22866397659898,0.8980730121140963,0.666995744680851,1.2343235410354367,0.6713237119339233,-1.8212342315850902,0.9767185246015687,0.9256953219219977,0.7262017646510694
IX,45,2,72,37.18164892949548,0.8969388606174573,0.668272340425532,1.3388881570280595,0.6819403401260153,-1.755385426070028,1.0093526265715582,0.9266259222415755,0.7256870424233577
IX,45,2,73,37.14713201010893,0.8961062034535618,0.6681872340425532,1.2292188117507574,0.680777816291871,-1.819434417646124,1.7742847639824364,0.9174012039780088,0.7279160361673098
IX,45,2,74,37.1326747294193,0.8957574481604876,0.6631489361702128,1.3417204584376234,0.7143872067736955,-1.7563031679021621,1.3425898804792933,0.9164318122902383,0.7254221361358985
IX,45,2,75,37.0873878571908,0.8946649857026073,0.6628936170212766,1.238868396785667,0.7102147203228577,-1.8228303939896375,1.1818835514323638,0.9168728792071951,0.7249572624532143
IX,45,2,76,37.03367907932411,0.8933693602687743,0.6704510638297873,1.333651692794098,0.5741342292064098,-1.753683546540042,1.3268682300318226,0.918464975849317,0.7267619745117899
IX,45,2,77,36.99079541057677,0.8923348706726225,0.6687659574468086,1.3380977473323672,0.6380098324147978,-1.7551289655644284,1.138886540256189,0.9191819112064844,0.7271510664385236
IX,45,2,78,36.94307154088297,0.8911836201353323,0.6682212765957446,1.2283954683177445,0.6347407627791589,-1.8191434252589571,1.7335515064613687,0.9199563146566314,0.7258066320879912
IX,45,2,79,36.91787405529366,0.8905757771626401,0.6654468085106383,1.3442234224739822,0.7194805994086542,-1.7571125845037316,0.9786328505845947,0.9284236121119975,0.7274920624957085
IX,45,2,80,36.89593606053371,0.8900465634082546,0.6660936170212766,1.2302726913450135,0.6914232715915024,-1.8198066036201856,1.1596477782582983,0.9190058272487069,0.7263639335784672
IX,45,2,81,36.86418492783948,0.8892806257588493,0.6622297872340426,1.3525556580160714,0.7421471479573761,-1.7597962714686053,0.9223034296546804,0.9284080917450848,0.7259150005900172
IX,45,2,82,36.80175806496226,0.8877746925667201,0.6645617021276595,1.2464431563693847,0.6273975848662333,-1.8254776970780033,1.564568148064881,0.9244293626540768,0.726346915657758
IX,45,2,83,36.76291619903397,0.8868377040260549,0.6638468085106383,1.2373863786062442,0.5920218920929097,-1.8223105505545856,1.020538291055418,0.9334576194277613,0.7263229281697006
IX,45,2,84,36.71446305692375,0.8856688611336893,0.6639659574468084,1.3531155315505203,0.64476219171536,-1.759976005052629,1.616214141731639,0.9245302486357442,0.7266862874251523
IX,45,2,85,36.70858164350166,0.8855269828575635,0.6636085106382978,1.3546963509419048,0.6898231041610409,-1.760483086966996,1.0518833160465972,0.9308521123366575,0.7269699199839833
IX,45,2,86,36.67810059072628,0.8847916835490629,0.6641361702127659,1.358648399420366,0.6452115210208756,-1.7617482074865365,1.6143852665646752,0.9267591579281297,0.7279707898792511
IX,45,2,87,36.64382287418155,0.8839647967135572,0.666263829787234,1.354893953365828,0.5803379520457428,-1.7605464305967222,1.5179341072293995,0.9300902316965554,0.7285759673585086
IX,45,2,88,36.58050763053129,0.8824374329700322,0.6631999999999999,1.2512514820181795,0.6760973165195383,-1.8271498245222935,1.5616434626044113,0.9321859113328084,0.7283023927195221
IX,45,2,89,36.5429492175839,0.8815314053707854,0.6674042553191489,1.2405480173890133,0.5716450918835865,-1.8234187986377128,1.047108597072178,0.9323772374457582,0.728435910296793
IX,45,2,90,36.53394064685696,0.8813140901791183,0.6639148936170213,1.3612830984060071,0.62342789808936,-1.7625895783738084,1.5290017304730725,0.9313420516799265,0.7286996863021791
IX,45,2,91,36.49821168969935,0.880452194834327,0.6661276595744681,1.3617441707284943,0.5872770370870761,-1.7627366508395146,0.9178724271893749,0.9355895763709994,0.7272760817052782
IX,45,2,92,36.46642036012182,0.8796852875090803,0.6629957446808511,1.365795020418917,0.6575627190656117,-1.764026650973526,1.370247250433269,0.9354726662448677,0.7306874638939556
IX,45,2,93,36.38793457970638,0.8777919624821567,0.6630978723404255,1.3625016466868658,0.6421859978001616,-1.762978161818641,1.5241701119895792,0.9372132045456958,0.7281441701643507
IX,45,2,94,36.34016707375292,0.8766396593003997,0.6615148936170212,1.3704386773811092,0.6668734381262391,-1.7655007330537942,1.3771268099781413,0.9387649356594735,0.7267986997238273
IX,45,2,95,36.30086226622137,0.8756915031454376,0.6650382978723404,1.365795020418917,0.5803939512339092,-1.764026650973526,1.1837066059543089,0.9387393955065925,0.7287359338956143
IX,45,2,96,36.2916339953774,0.8754688880927283,0.6651744680851064,1.3652680806217885,0.6225903136554444,-1.7638590627190176,1.0699322296191882,0.9372691202154689,0.7285572815780371
IX,45,2,97,36.25321185959623,0.8745420247694958,0.6634893617021276,1.367803978395468,0.6712342900208286,-1.7646649885797694,1.078909269589135,0.941020616525565,0.7282683965626752
IX,45,2,98,36.22059706605069,0.8737552528913181,0.6658553191489361,1.3731063101040704,0.5451483642520994,-1.7663452889416806,1.2974322999868364,0.9423441652119035,0.7291321877126787
IX,45,2,99,36.15509017737872,0.8721750197445995,0.6635234042553191,1.3808457383743908,0.624465586385093,-1.768786289932554,1.4439401326546184,0.9446110783385254,0.7310511083877985
IX,45,2,100,36.11277773165892,0.8711543098528512,0.6665021276595744,1.36533394809643,0.5555880853239484,-1.7638800147878129,1.2090513658675213,0.9446586046723465,0.7321243597086966
IX,45,2,101,36.10446804042518,0.8709538538429146,0.6675404255319148,1.369318930312212,0.5610595388683912,-1.765145738145587,1.0113760153314868,0.9501381040480092,0.7307471999231988
IX,45,2,102,36.07331588144594,0.8702023653321819,0.6664,1.368693189303122,0.5491693631893433,-1.7649472321783324,1.4212401176114093,0.9446581950854935,0.7314712104952307
IX,45,2,103,36.05166604402456,0.8696801028433365,0.6688510638297872,1.3686602555658014,0.5305391815977827,-1.7649367819820567,0.9341374744531168,0.9482601961305179,0.731841289152973
IX,45,2,104,35.99233997463566,0.8682489705881886,0.6650042553191489,1.379330786457647,0.5941442667984448,-1.768309555696219,1.1703860943673403,0.9483357709950697,0.7351628702993428
IX,45,2,105,35.93600690851809,0.8668900390293867,0.6676595744680851,1.3779805032275063,0.5581745004796064,-1.767884198860429,1.3027767473906278,0.9498506134522173,0.7362223058077869
IX,45,2,106,35.90847947828418,0.8662259904295909,0.6675744680851063,1.370306942431827,0.5832422334448424,-1.7654589840047927,0.9904662809800491,0.9481873947284287,0.735283027240128
IX,45,2,107,35.99566413938561,0.8683291599458197,0.6663148936170212,1.3693847977868527,0.5876374838229826,-1.7651666282334673,1.0314185903780364,0.9497709358152392,0.7341233692259636
IX,45,2,108,35.83069766399036,0.8643496472899482,0.667863829787234,1.3720524305098143,0.5748026085977241,-1.7660118334601524,1.0795660959145237,0.9504350531969596,0.7357704723508584
IX,45,2,109,35.79688492151941,0.8635339770983504,0.6683063829787234,1.374160189698327,0.5648038842611728,-1.7666784885893012,1.0059018087189922,0.9572038612543883,0.7355196631178791
IX,45,2,110,35.7444809135199,0.8622698268365911,0.6713021276595744,1.368956659201686,0.49935656587286925,-1.7650308246973025,1.2304837067776302,0.9534856179604944,0.7361765742717011
IX,45,2,111,35.72235753662912,0.8617361410794302,0.6704680851063829,1.373007508892109,0.5163554347128304,-1.7663140383643143,1.0155558415845742,0.9532633789804739,0.7365844734484776
IX,45,2,112,35.68096337715952,0.8607375831536835,0.6710127659574469,1.3735344486892371,0.46959434364441094,-1.7664806821312984,0.9339005130244132,0.9554175778627207,0.7355952706649398
IX,45,2,113,35.62714613423873,0.8594393412000122,0.6698893617021277,1.3765972862600446,0.46694332167797037,-1.7674480350686288,1.3364623369332744,0.9557567448340741,0.7354617747805468
IX,45,2,114,35.62129228818127,0.8592981279358302,0.669259574468085,1.3764655513107626,0.5484200120326863,-1.7674064728050944,1.037865942919543,0.9555665153036946,0.736976483652776
IX,45,2,115,35.573852792191,0.8581537373908474,0.669668085106383,1.3782769068633909,0.5263284955336025,-1.7679776055672958,1.2717096500010796,0.9582570544950182,0.7366217895189265
IX,45,2,116,35.52301458447774,0.8569273591796867,0.6712170212765958,1.3783427743380319,0.47994229587463294,-1.767998359885328,1.2962155837318745,0.9595894656421554,0.7378977356574962
IX,45,2,117,35.49782519532863,0.8563197115187157,0.6691914893617021,1.3879594256356211,0.5527527077144909,-1.7710178965197068,1.0839176279402132,0.9594844981239803,0.738636350224253
IX,45,2,118,35.47091250293064,0.8556704923380016,0.670331914893617,1.3753458042418651,0.5554239415060238,-1.7670530328797824,1.1824234363904855,0.959691778219844,0.737287342224342
IX,45,2,119,35.44101544022794,0.8549492807153753,0.6691404255319149,1.3804834672638648,0.547028771073975,-1.7686723358666383,1.2206055030412655,0.9607750361654104,0.739486234130438
IX,45,2,120,35.43608174978094,0.8548302645120712,0.6742127659574468,1.369318930312212,0.42866540434246636,-1.765145738145587,1.1246760201710309,0.9604578453258752,0.7387126718506261
IX,45,2,121,35.39097860741926,0.8537422341991374,0.6704,1.3855223290739032,0.5521576364845837,-1.7702546552550131,1.2899973896845673,0.9633223113207109,0.7389895240713901
IX,45,2,122,35.38346090575703,0.853560883480234,0.6716085106382979,1.37692662363325,0.5169776547105182,-1.7675519233290762,1.3037116166056564,0.9639779568624126,0.7395135777236705
IX,45,2,123,35.30449439468931,0.8516559617109406,0.6710978723404255,1.3774206296930573,0.5564811547140939,-1.7677077091384672,1.298327179668879,0.9636762242906746,0.7377916542145709
IX,45,2,124,35.31620440121003,0.851938444070086,0.668595744680851,1.3761691476748783,0.5381611983613069,-1.7673129431667263,1.4230724747198,0.9628712632368438,0.7349327213124007
IX,45,2,125,35.28910991120534,0.8512848393566451,0.6691574468085105,1.3778817020155445,0.5084518368759184,-1.7678530588265788,1.2196872312278038,0.9630746982171883,0.7382367163476629
IX,45,2,126,35.26419589534845,0.8506838345696209,0.6696510638297872,1.3818008167566855,0.5193440006880339,-1.7690865710430492,1.2494006964410045,0.9645227392450032,0.7385660980482386
IX,45,2,127,35.22028673696264,0.8496246069229956,0.6688170212765957,1.3777499670662627,0.48110784055377304,-1.7678115353078645,1.1670613519488688,0.9676688878999319,0.7394570804083123
IX,45,2,128,35.20186513264679,0.8491802196173884,0.6707914893617021,1.3744895270715323,0.4994061418923113,-1.766782561075278,1.159830474897714,0.9677616378741851,0.7397858307423046
IX,45,2,129,35.16184882480252,0.8482148998266493,0.6678127659574469,1.379923593729416,0.5124683108243387,-1.7684961662043122,0.9518476370399159,0.9710231217442842,0.7391734683795383
IX,45,2,130,35.15487565474018,0.8480466849305734,0.6714723404255319,1.3782769068633907,0.4633171467046086,-1.7679776055672958,1.341369373397826,0.965941523179935,0.7398362655188522
IX,45,2,131,35.15360343816334,0.8480159950467263,0.6711829787234043,1.3770912923198522,0.4766388278318717,-1.7676038581415583,1.2751068512901849,0.9678210945857376,0.7391797797436437
IX,45,2,132,35.11587931913627,0.8471059700932312,0.6726297872340425,1.378309840600711,0.4237843552960513,-1.7679879828502894,1.1768249253203449,0.9706245093097912,0.7376703833401964
IX,45,2,133,35.05412008154982,0.8456161421327114,0.6706553191489362,1.3821301541298903,0.4351543254631472,-1.7691900681318338,1.0020785464928883,0.9704079895952369,0.740257059789788
IX,45,2,134,35.02283053379865,0.8448613393706718,0.6738723404255318,1.3727769727308654,0.3983069924961275,-1.7662411116043208,0.9904480921635697,0.9743250352700742,0.7408635559536194
IX,45,2,135,35.01182768033719,0.8445959157778136,0.6752851063829788,1.367540508496904,0.3742030960906953,-1.764581325608618,1.23019542087027,0.9717820127493609,0.7407543369005911
IX,45,2,136,34.99961607580096,0.8443013332895595,0.6705191489361702,1.3817349492820443,0.4369037291965973,-1.7690658686652254,1.351899312022277,0.9717879535585605,0.7403211824561008
IX,45,2,137,34.97858173829272,0.8437939186035067,0.6702468085106383,1.384995389276775,0.5536496353927643,-1.7700894536052048,1.3105773409037833,0.9713998925812544,0.7381758089858186
IX,45,2,138,34.92389716902247,0.8424747539976652,0.6731404255319149,1.3818337504940061,0.38612714537222403,-1.7690969218619,0.9614252216110583,0.9729063214403106,0.7414937386686352
IX,45,2,139,34.86962521690459,0.8411655430213473,0.6747404255319148,1.5029311026215253,0.37690106503724174,-1.7038642229061636,0.979495724140486,0.9793732156867151,0.7432034963426348
IX,45,2,140,34.83610417043138,0.8403569094589307,0.6714042553191489,1.3873007508892108,0.42467922295163824,-1.7708117473337486,1.2141385705599257,0.9764773699257646,0.7420535110168698
IX,45,2,141,34.84138246348825,0.8404842385660773,0.6728,1.3831510999868264,0.4080763695848062,-1.76951075245389,1.282768676520229,0.9755152146831246,0.7404935500664678
IX,45,2,142,34.81914066841636,0.8399476961882043,0.673531914893617,1.379857726254775,0.4746330577271147,-1.768475435662677,1.2534632734582192,0.9757483108587764,0.7422686761762531
IX,45,2,143,34.80359593472757,0.839572708092602,0.6722553191489362,1.390396522197339,0.472604997440895,-1.7717797987956947,1.2873529977239415,0.9787822132392783,0.7423502155837205
IX,45,2,144,34.74637086138827,0.838192258501003,0.6743829787234042,1.3903306547226977,0.41289530227238525,-1.7717592244070843,1.222729049540815,0.9801497657115101,0.7432534796236089
IX,45,2,145,34.70525938896098,0.8372005198799655,0.6755063829787233,1.3792649189830064,0.4120840772059494,-1.7682888162448218,0.9930369123712909,0.9799591539837896,0.7440552629160154
IX,45,2,146,34.66959397572495,0.836340157415352,0.6732085106382978,1.3808457383743908,0.43863589138877157,-1.768786289932554,1.025180346388401,0.9804907453103345,0.7430282947824892
IX,45,2,147,34.63859611943349,0.8355923911730218,0.6740255319148936,1.5097154525095509,0.3439657587794239,-1.7058202510339098,1.2010233826215428,0.9809074559243106,0.7431552455758732
IX,45,2,148,34.64175556268689,0.835668606927661,0.6753531914893617,1.3754116717165064,0.41235456172766377,-1.7670738314278398,0.9814319773561895,0.9790525956702438,0.7445907860649891
IX,45,2,149,34.59520937990612,0.8345457659200274,0.673736170212766,1.5106705308918453,0.42668571715916276,-1.706094908171984,0.9962938379603449,0.9884913070811353,0.7451552073914698
IX,45,2,150,34.54843050548974,0.833417311654872,0.6737191489361701,1.390594124621262,0.38184255140160084,-1.7718415161139915,0.9486929656441253,0.9833157992199512,0.7452597144539189
IX,45,2,151,34.5075043991199,0.8324300446488692,0.6743659574468085,1.383447503622711,0.3688960008335734,-1.7696038100183702,1.068371471354709,0.9853943862066946,0.7463261437902694
IX,45,2,152,34.46301069712229,0.831356715963257,0.6744340425531915,1.515808193913845,0.35276035819410817,-1.707569401169643,0.9904225597177803,0.9853167990374978,0.7449436577987084
IX,45,2,153,34.44622265470511,0.8309517353324567,0.6756765957446808,1.384929521802134,0.3649162047945689,-1.7700687989797568,1.2127491228525944,0.9873695146798165,0.7459886272162096
IX,45,2,154,34.41967747430756,0.8303113817024762,0.673259574468085,1.3887169015939929,0.4187382452277817,-1.7712548471745813,0.9817024559250135,0.9865932001687527,0.7478569019739133
IX,45,2,155,34.3682094726826,0.8290698108721107,0.6740595744680851,1.3847977868528523,0.37847379124164116,-1.770027486781685,1.0143271609252538,0.9891540709791351,0.7460380460249173
IX,45,2,156,34.32006410740705,0.827908392529526,0.675268085106383,1.3875971545250956,0.33871287010240736,-1.7709045265770638,1.0093460846409243,0.9895907670893261,0.7480513355267412
IX,45,2,157,34.28190143497467,0.8269877882821317,0.6720510638297872,1.4018574627848768,0.41510811534136244,-1.7753449839355233,1.1554986851733646,0.9931164300493499,0.7465437874222769
IX,45,2,158,34.27997481277716,0.8269413120668904,0.6762553191489361,1.3835463048346726,0.32461760238920295,-1.769634824776009,1.1993817529336415,0.9923168230418127,0.7482212528236699
IX,45,2,159,34.26475817055761,0.8265742385742461,0.6754382978723404,1.3908575945198258,0.3705654523608896,-1.771923792230919,0.9916342654923079,0.9925351967266102,0.7468826197197732
IX,45,2,160,34.23676010971579,0.8258988368770652,0.6776680851063829,1.3835463048346726,0.29692006882043925,-1.769634824776009,0.957139924616464,0.9908553724470373,0.748161813412515
IX,45,2,161,34.1857483264944,0.8246682714761756,0.6741276595744681,1.3904953234093003,0.294054003381058,-1.7718106585511693,0.9998807760746513,0.9935933836343794,0.7473836138446998
IX,45,2,162,34.145381270465,0.8236944905308996,0.6732255319148935,1.4055460413647742,0.30620381785180767,-1.7764862023195112,1.0991120467488658,0.9951294789465364,0.747645123589504
IX,45,2,163,34.10510226272758,0.8227228335886453,0.6724425531914894,1.401561059148992,0.27432566012037835,-1.7752531485831111,1.0221256972347372,0.9952649534577314,0.7453148587380877
IX,45,2,164,34.10839780056473,0.822802332374683,0.6755234042553191,1.3919773415887233,0.3234120104034763,-1.7722732919393527,0.9808621423113163,0.9941796845684924,0.7491291571145675
IX,45,2,165,34.06957691065848,0.8218658498419505,0.6731063829787234,1.3956659201686206,0.3728878963827031,-1.773422599872828,1.097129364888005,0.9954931454786815,0.7483335254514909
IX,45,2,166,34.04879967058054,0.8213646371583059,0.6762893617021276,1.522296140165986,0.2201634315289844,-1.7094242970057756,1.1451293134098464,0.9972955176513446,0.7460273402079073
IX,45,2,167,33.99435334975396,0.820051219857755,0.6778382978723404,1.524930839151627,0.2753167980585575,-1.7101752981775549,1.1541115103194606,1.0004375187525951,0.7477593738146759
IX,45,2,168,33.95396050402326,0.8190768167833918,0.6745021276595745,1.5314187854037673,0.278425183250962,-1.7120191209299556,0.9364417519898353,0.999165157968964,0.747292259367897
IX,45,2,169,33.91397450814694,0.8181122282131011,0.6749446808510637,1.3983994203662231,0.2841302822037902,-1.7742723612678986,0.9309459730183316,0.9978403310560954,0.7458799969925128
IX,45,2,170,33.90728312871506,0.8179508109974479,0.6739744680851063,1.4017915953102358,0.36333855685033917,-1.7753245777575846,1.141278555521137,0.9997520930710042,0.7497134634725274
IX,45,2,171,33.90762180405596,0.8179589809168337,0.6744170212765958,1.5280595441970752,0.3188268675022743,-1.7110654286016942,1.1097672200320352,1.0011955183388406,0.7490378083114282
IX,45,2,172,33.8603979070519,0.816819791300659,0.6753361702127659,1.3937228296667103,0.27083362400863337,-1.7728175399869548,1.001876576429872,1.0009628790897602,0.7488845525617468
IX,45,2,173,33.80468294406167,0.8154757703424018,0.6748936170212766,1.4067975233829533,0.3194420851974879,-1.7768727210773079,0.9460260782556448,1.003107079826078,0.749649075565456
IX,45,2,174,33.76567611444264,0.8145348023562554,0.6738212765957446,1.538927677512844,0.2859526355159964,-1.7141433612716392,1.118989449245011,1.006470212318477,0.749627166067127
IX,45,2,175,33.71487651439155,0.8133093554839005,0.6773787234042553,1.400968251877223,0.2539268207663045,-1.7750694195995902,1.0535062225761516,1.0046769887117353,0.7494453316269685
IX,45,2,176,33.72408237571039,0.8135314299480529,0.6744170212765958,1.5347450928731392,0.21336828954096868,-1.7129614042540824,1.0165845135805953,1.0041687791371086,0.7501322695208759
IX,45,2,177,33.7161286742028,0.8133395615351852,0.676204255319149,1.535239098932947,0.21698034700977753,-1.713101173122095,1.0326381693068936,1.0043627800931134,0.74937865380281
IX,45,2,178,33.67500200886954,0.8123474564132483,0.6758978723404255,1.536358846001844,0.2203651444837178,-1.7134178161225202,1.0392224339587643,1.0058579766557487,0.749526024061918
IX,45,2,179,33.60840775725432,0.810740992636435,0.675931914893617,1.4033394809642996,0.30600380543343775,-1.775803869632458,0.8839397374524716,1.006310507084373,0.75125721828762
IX,45,2,180,33.5679433657244,0.8097648636513207,0.6755234042553191,1.5416611777104463,0.20395028153653272,-1.7149140868825272,0.9649050812803727,1.0089680549407123,0.7504345489524241
IX,45,2,181,33.53828466997322,0.8090494021927688,0.6754553191489362,1.541759978922408,0.18121232201945256,-1.7149419188386534,0.8787001667399956,1.007598723613477,0.75135562497638
IX,45,2,182,33.52942687581385,0.8088357242083426,0.6752851063829788,1.4003425108681333,0.2871930349924424,-1.774875399089276,0.9122883510481308,1.0074480585693182,0.7519401575143168
IX,45,2,183,33.51772698053059,0.808553485764195,0.6789446808510639,1.402186800158082,0.1896997836215582,-1.7754470004453307,0.956601016000999,1.0091570274222785,0.7518864632200006
IX,45,2,184,33.48310544834228,0.80771830500896,0.6777021276595745,1.5374127255961005,0.21329003155326698,-1.7137156223190118,0.8800862168240408,1.0111060222216317,0.7524798562856976
IX,45,2,185,33.41713650213369,0.8061269255744259,0.6751148936170213,1.5398168884204977,0.2244404181798387,-1.7143942293725227,0.9964288194682687,1.0132105723863334,0.7532122628561535
IX,45,2,186,33.37798520740976,0.8051824726334611,0.677191489361702,1.540146225793703,0.19433130562661818,-1.7144871067214447,0.965642372009365,1.0121126642120672,0.7533127540251577
IX,45,2,187,33.34940032088934,0.8044929148466313,0.6765446808510638,1.542846792253985,0.2446597541898959,-1.7152479526947055,0.9157125280447806,1.0126348314033429,0.7529347314132958
IX,45,2,188,33.33183827928463,0.8040692629097065,0.6777191489361702,1.541562376498485,0.1718732028086957,-1.7148862531426634,1.047604173132516,1.01485021018751,0.7515335822585949
IX,45,2,189,33.30574118162075,0.8034397184511364,0.6773446808510638,1.5388288763008826,0.21936578969558243,-1.7141154780908712,0.8790589231617202,1.013639570939597,0.7534405908768432
IX,45,2,190,33.25098917702832,0.8021189270922384,0.6784510638297873,1.5408049005401132,0.17832502970335962,-1.7146728018528266,1.0936310310357635,1.018112785998704,0.7531427383504645
IX,45,2,191,33.22263336445614,0.8014348952928794,0.6778042553191489,1.5395534185219337,0.16082315056979649,-1.714319913189688,1.0274155500310473,1.0178108080569193,0.7530922790111023
IX,45,2,192,33.20191474577839,0.8009350967426423,0.6776340425531915,1.541529442761164,0.19338110127202635,-1.7148769748329498,1.036096358886918,1.019714602588548,0.7538796301827735
IX,45,2,193,33.16902533005057,0.8001417001096629,0.6768,1.542188117507575,0.07842006289949886,-1.715062503375363,1.0647028140159833,1.0183647712927246,0.7537277118749215
IX,45,2,194,33.16236372749627,0.7999810012063875,0.6779234042553192,1.5396851534712155,0.17127405094443676,-1.7143570728707223,1.0238848753994003,1.0228259952188925,0.7543214422620806
IX,45,2,195,33.13723111589606,0.7993747231993045,0.6782297872340425,1.542715057304703,0.203961454239756,-1.7152108691654353,1.0571132860394037,1.0212901748128174,0.7535824798324587
IX,45,2,196,33.10172175759973,0.7985181252729467,0.6797446808510638,1.542122250032934,0.13239119939956545,-1.7150439540872766,0.868716673323822,1.0206690776679963,0.7557015900377776
IX,45,2,197,33.07274412650591,0.7978190932459926,0.6771744680851064,1.5444605453826898,0.15248298219104992,-1.7157019691343618,1.054460752241776,1.0248104151575348,0.7560502603109972
IX,45,2,198,33.04122717793825,0.7970588048577066,0.6795063829787233,1.5390264787248054,0.13571548236939204,-1.7141712426623272,1.0278064373283102,1.0227472089503533,0.7548586371924083
IX,45,2,199,33.04647815570069,0.7971854750336396,0.6801191489361702,1.5359965748913185,0.15246345709611853,-1.7133153980598748,0.9919623498269282,1.0222016745559908,0.7563558658338904
IX,45,2,200,33.0474564631924,0.7972090749016446,0.680936170212766,1.5322750625741008,0.14080068949507052,-1.7122618843901387,1.0709539656421376,1.0222258448074937,0.7549046142123248
IX,45,2,201,33.03350412574005,0.7968725004349988,0.6808510638297872,1.5376432617573441,0.039774347283628664,-1.7137807402116985,0.9678442824367616,1.0228817246700854,0.7572788276460956
IX,45,2,202,32.9703764783567,0.7953496621062078,0.6793872340425532,1.5413977078118823,0.19783764976962653,-1.7148398596117411,0.8851060002952115,1.0244977431146955,0.7570602947949201
IX,45,2,203,32.93350578012129,0.7944602243588892,0.6790978723404255,1.549038334870241,0.12625230082441075,-1.716987316400955,0.9087139818656982,1.0239563112711572,0.7576597656465549
IX,45,2,204,32.89968038250731,0.7936442488852533,0.6796765957446809,1.54189171387169,0.19434075188255975,-1.7149790253391803,0.9626201299266898,1.026901155796834,0.7573003599397852
IX,45,2,205,32.88837093154097,0.7933714291917751,0.680136170212766,1.5408707680147544,0.17344213273026204,-1.7146913669997497,0.9911369937085723,1.0283153606114326,0.75589013684826
IX,45,2,206,32.87069078026416,0.7929449280763502,0.6811404255319149,1.5456461599262281,0.05856719806130741,-1.716035230039757,0.967824092336279,1.0256277206431632,0.7563460239103728
IX,45,2,207,32.85151487348047,0.7924823446117361,0.6796765957446809,1.540343828217626,0.09417402750323982,-1.7145428235982618,0.9594462631812732,1.02782814980006,0.7589928259145283
IX,45,2,208,32.82216254859971,0.7917742737866647,0.6812765957446808,1.5439336055855617,0.12526461180819815,-1.7155537710500357,0.9533357792088233,1.0298959796046505,0.7565207532753266
IX,45,2,209,32.7664423200997,0.7904301258076735,0.6808340425531915,1.5485113950731126,0.06166298492165412,-1.716839556352951,1.0071723411614446,1.0302998621966353,0.7583091248451866
IX,45,2,210,32.73435434649276,0.7896560624910867,0.6821787234042553,1.4096298247925172,0.051481192273621336,-1.77774620591171,0.9305220957255043,1.0282438794290523,0.7592980144087688
IX,45,2,211,32.72866044600974,0.7895187076195641,0.6845106382978723,1.3992556975365562,0.016819904739964857,-1.774538209949023,0.9659077940684035,1.0291140465687236,0.7591345688155468
IX,45,2,212,32.71164933515464,0.7891083458731782,0.6819063829787233,1.5487419312343564,0.037860396632107295,-1.716904207559904,0.8564905484896259,1.029221299817256,0.7595247072976635
IX,45,2,213,32.6822652005068,0.7883995076960107,0.6835404255319149,1.5433407983137926,0.04275320631886701,-1.715386987734759,0.9696811902857797,1.0325005897890214,0.7587783120403233
IX,45,2,214,32.64183893738172,0.7874242984885014,0.6827234042553192,1.544921617705177,0.021101811877127116,-1.71583160098716,0.926523562794189,1.0330556722946242,0.7596369552437029
IX,45,2,215,32.61325117794924,0.7867346713979546,0.6846127659574468,1.5409366354893952,0.07167928089561935,-1.7147099313530867,1.0603101019215502,1.036847294518723,0.7597802049111166
IX,45,2,216,32.57330696078112,0.7857710906621199,0.6836085106382979,1.5450862863917798,0.06532991666903921,-1.7158778887017685,1.0571626740906528,1.0356194208220242,0.7608970905920762
IX,45,2,217,32.56727193464318,0.7856255067618948,0.686195744680851,1.5376103280200237,0.042204463585381255,-1.713771438253359,0.9645963871440426,1.0336297777012098,0.7604705073989968
IX,45,2,218,32.53943478398046,0.784953986726686,0.6828425531914893,1.5464695033592408,0.05434738183177349,-1.7162665108565551,0.927083538915701,1.03363203850663,0.7595058013576215
IX,45,2,219,32.51226484838872,0.7842985620272888,0.6861787234042552,1.5465024370965617,0.02221621039705525,-1.7162757595278415,0.8918528081452893,1.0362378131106902,0.761967136600876
IX,45,2,220,32.45367483882863,0.7828851858610505,0.684527659574468,1.5496640758793307,0.08784409572685105,-1.7171627161877172,0.8541471694403912,1.0354846307218872,0.7627106352086499
IX,45,2,221,32.48042226031027,0.7835304181850307,0.6860085106382978,1.5495652746673692,0.0097495127562735,-1.7171350261936433,0.8529148634944912,1.0372726440651148,0.763891039149953
IX,45,2,222,32.41801430656518,0.7820249411409187,0.6857702127659575,1.5490054011329202,0.358868821554172,-1.7169780828706331,0.8852134384177808,1.0370670176188874,0.7614696502445757
IX,45,2,223,32.41000227343114,0.7818316655849017,0.6850893617021276,1.5471940455802924,0.04712140431894122,-1.716469936141357,1.0225128607349456,1.039533024543532,0.7618731361190915
IX,45,2,224,32.39985393417233,0.781586855574748,0.6860595744680851,1.548643130022395,0.3592213449545222,-1.716876501078258,1.0040340740684657,1.0401520697932982,0.7624279234097774
IX,45,2,225,32.37259563849048,0.7809292993507729,0.6839489361702128,1.552331708602292,0.11058521233585475,-1.7179096794574436,0.8552332959748633,1.040924156411049,0.7638147931275701
IX,45,2,226,32.30451700248337,0.779287027531995,0.6852936170212766,1.5506850217362664,0.41562508901018563,-1.7174487427957252,0.9801982422426696,1.044560210042249,0.7625655757120816
IX,45,2,227,32.26798413074576,0.7784057392272844,0.6866553191489362,1.5506191542616257,0.025066177952220905,-1.7174302951497322,0.8588265083417155,1.042999920596283,0.7652597773110037
IX,45,2,228,32.24442862633344,0.7778375060289956,0.6845106382978723,1.5535173231458304,0.38707069358200563,-1.7182412511942993,1.0307210895490746,1.0465522191965095,0.7656342824128172
IX,45,2,229,32.21176079152175,0.7770494546278758,0.6886808510638298,1.5410683704386774,0.3479405961433856,-1.714747057679275,0.9851012157454552,1.0442655411828137,0.7641376921601919
IX,45,2,230,32.13909886289763,0.7752966193086578,0.6862297872340426,1.551936503754446,0.05337859317281636,-1.7177990992666694,0.9913004708432761,1.0449439953333657,0.7645692747371869
IX,45,2,231,32.17545422242993,0.7761736254580641,0.6867744680851063,1.5488736661836384,0.3740273277691336,-1.7169411467860811,1.0525702544602646,1.049135604712582,0.7654144596205182
IX,45,2,232,32.1253349676891,0.774964590664382,0.6859914893617021,1.5524963772888947,0.027995355666949502,-1.7179557462283066,0.9538195933595898,1.0481680216323963,0.7671123852927041
IX,45,2,233,32.11001639674038,0.7745950583287105,0.6885617021276595,1.5529245158740612,0.2975297498936368,-1.7180754969690935,0.8680492094550257,1.049553060068969,0.766772429532128
IX,45,2,234,32.04914256830386,0.7731265892346472,0.6862468085106382,1.5548346726386508,0.3659192895611294,-1.7186093675791227,0.9938348757502867,1.0521831745027985,0.767119244363621
IX,45,2,235,32.02812416498314,0.7726195589315471,0.6866723404255319,1.55091555789751,0.3937686381886168,-1.7175133033865049,0.964458960929608,1.050003044213619,0.7671391706672267
IX,45,2,236,32.0194911983795,0.7724113044981867,0.6873361702127659,1.7025095507838228,0.33419218352981706,-1.6562306337249892,1.0333628854484957,1.0521665134416192,0.7685477971885637
IX,45,2,237,31.98247360799412,0.7715183232480538,0.6872340425531914,1.5594453958635226,0.36133648535660784,-1.7198953232883956,0.8632577670762781,1.0499679708721017,0.7660212863282593
IX,45,2,238,31.93805453850723,0.7704467949344277,0.688527659574468,1.5544065340534843,0.3109256391068551,-1.7184897639756436,1.0527128340041751,1.0555335627100064,0.7686525247958629
IX,45,2,239,31.90730355253772,0.7697049839843363,0.6856,1.5614214201027532,0.34935068974478256,-1.7204452836606197,0.9477603791475664,1.0546973885169384,0.7676147850400035
IX,45,2,240,31.90208834836407,0.7695791767804043,0.6870127659574468,1.5644842576735607,0.36239405555765464,-1.721296348291971,0.9035369675349806,1.0528443593274266,0.7668425008094317
IX,45,2,241,31.89207686429427,0.7693376681498515,0.6872170212765957,1.5599064681860098,0.3937686381886168,-1.7200237096812103,0.896077314050741,1.051304915642763,0.7680214085699733
IX,45,2,242,31.87423700150512,0.7689073142880845,0.6876765957446808,1.5587208536424713,0.3655667661607831,-1.7196934965293371,0.8766265995972135,1.0532835971577519,0.7679189668951404
IX,45,2,243,31.84931288611434,0.7683060658683898,0.6875404255319149,1.5611579502041888,0.3828404127778304,-1.720371995836807,0.9907594281736891,1.0573106555716332,0.7681656806875491
IX,45,2,244,31.79606298317803,0.7670215099478535,0.6904851063829788,1.5597747332367276,0.3126882561085945,-1.719987031727351,0.9029292161709068,1.056577495729206,0.7689509448775028
IX,45,2,245,31.7593188374617,0.7661351250471822,0.6882382978723404,1.569062047161112,0.38248788937748407,-1.7225652685086896,0.9464261441611194,1.0581448637874682,0.7695095150229558
IX,45,2,246,31.72040204229779,0.7651963289765885,0.6871659574468085,1.5648135950467659,0.4297260250241005,-1.721387761389175,0.9998631221551011,1.0580356183632142,0.7698083707877018
IX,45,2,247,31.74321190200848,0.7657465748685485,0.6892085106382978,1.5575681728362534,0.3877757403827022,-1.7193722150743032,1.0333981194312072,1.0595228653925133,0.7674834521619305
IX,45,2,248,31.71588229202183,0.765087298318199,0.6894127659574468,1.5635621130285862,0.3504082599458254,-1.7210402892090997,0.9865838989357175,1.0596416444663141,0.7687099468536995
IX,45,2,249,31.69727387155745,0.7646384044167783,0.6885787234042553,1.7174285337900141,0.4004665827952279,-1.6600197509169758,1.0564641077995771,1.0624467782112557,0.7721384690887253
IX,45,2,250,31.64107716627585,0.7632827623122199,0.6904340425531914,1.5674482940324066,0.33736489413294946,-1.722118374308095,0.8695511481528425,1.0601830315608696,0.7696332934070295
IX,45,2,251,31.61341516795902,0.7626154675050492,0.686927659574468,1.5710380714003427,0.37296975756809075,-1.7231118603395756,0.9059694157537945,1.0610477562240126,0.7714941518255103
IX,45,2,252,31.61509573036704,0.762656007980656,0.6887489361702127,1.5684033724147017,0.39905648919383485,-1.7223829182522357,1.0558800923757583,1.0628528381489863,0.7710235213420396
IX,45,2,253,31.5973361332478,0.7622275903804747,0.688595744680851,1.706066394414438,0.34265274513817146,-1.6571370052697516,1.0210078715261521,1.0631027991156072,0.7721837389697234
IX,45,2,254,31.57525896786416,0.7616950193908875,0.6878978723404255,1.5749901198788037,0.3944736849893094,-1.7242029845411933,0.9177665019126267,1.0617325505228983,0.7711909454554962
IX,45,2,255,31.55533268598854,0.7612143345079833,0.6900255319148936,1.5742655776577525,0.38601312338096283,-1.7240031502157007,0.8889446786300522,1.064487844702969,0.7698535781467187
IX,45,2,256,31.48803139032238,0.759590814594508,0.6900765957446808,1.5712356738242654,0.3514658301468682,-1.723166481705753,0.9798912999795603,1.0671370237168385,0.7720621541887778
IX,45,2,257,31.46757097936757,0.7590972448304458,0.6898893617021277,1.566559083124753,0.3482931195437358,-1.7218719298334457,0.9724264610348292,1.0688429447631573,0.7725220880011908
IX,45,2,258,31.43301877522483,0.7582637364867364,0.6904510638297872,1.570050059280727,0.4004665827952279,-1.722838650414924,0.9083305961391067,1.0663635537731821,0.7716668848157604
IX,45,2,259,31.46148531899344,0.7589504394724471,0.6873361702127659,1.5677117639309708,0.39588377859070634,-1.7221913680444578,1.042872354245017,1.0680019214126173,0.7720270027700366
IX,45,2,260,31.43410504622734,0.7582899407757705,0.6934808510638297,1.7101831115795019,0.31374582630964126,-1.6581836901858313,1.0212795740972342,1.069751732591884,0.7735315884891473
IX,45,2,261,31.4014455789757,0.7575020912266393,0.693191489361702,1.7112040574364378,0.3070478817030301,-1.6584428781369438,1.045108824505947,1.070988969714482,0.7736483310530022
IX,45,2,262,31.35950954139797,0.7564904614886707,0.6917446808510638,1.5630681069687786,0.37296975756809075,-1.7209030525725353,0.9365443217871174,1.0706470771682874,0.7746795483538067
IX,45,2,263,31.33636785268828,0.7559322108327251,0.6906042553191489,1.5744961138189961,0.3645091959597403,-1.7240667438392876,0.8699273655188118,1.0709127402000083,0.7754663748992592
IX,45,2,264,31.29602950513499,0.7549591224266071,0.6932936170212766,1.5675800289816888,0.3736748043687873,-1.7221548727098228,0.8472296185976704,1.0705660606902263,0.7752789221925951
IX,45,2,265,31.30612334940679,0.755202617845478,0.6916765957446809,1.5713015412989064,0.34617797914165016,-1.7231846873013081,0.8798927894207353,1.0701658010204351,0.7735227663911062
IX,45,2,266,31.31370518617844,0.7553855157058781,0.6903659574468085,1.568172836253458,0.4202078932147072,-1.7223190775697674,1.0187005825640443,1.0740065840580963,0.7742367034220955
IX,45,2,267,30.85330316681799,0.7442791641975256,0.6951829787234043,1.7203925701488603,0.39588377859070634,-1.6607686351170876,1.0414690119268324,1.0752883735563585,0.7798869483337512
IX,45,2,268,31.26440986036345,0.7541963566813792,0.6966978723404256,1.7158147806613095,0.3828404127778304,-1.6596114814956888,1.0446938473299199,1.0763434092793331,0.778547652469479
IX,45,2,269,31.23091130031498,0.7533882655625809,0.6945021276595744,1.7206231063101043,0.4388916334331475,-1.6608268275766818,1.055839190110721,1.077127039774734,0.7782943788753641
IX,45,2,270,31.19961869741526,0.7526333891007044,0.6941446808510638,1.565801607166381,0.34899816634443237,-1.7216618852901546,1.0532545909520254,1.0776316352088646,0.7789282204270189
IX,45,2,271,31.19121480164298,0.7524306605796259,0.693668085106383,1.7088328283493608,0.3599263917552148,-1.657840655466691,0.9946319797747085,1.0735896287563478,0.7744254945834325
IX,45,2,272,31.19748560438455,0.7525819321565494,0.6901617021276596,1.5704781978658935,0.42725836122166855,-1.7229570624850952,0.9051598191218668,1.0737636926035752,0.7759597346136338
IX,45,2,273,31.14344667787973,0.7512783424943444,0.6919489361702127,1.56122381767883,0.3507607833461717,-1.7203903189522392,1.0418555695759375,1.07871672446335,0.7764583200465291
IX,45,2,274,31.11939731730775,0.7506981959249733,0.6909106382978722,1.5701159267553682,0.40786957420253556,-1.7228568697580449,0.8804715022504886,1.0767288035470128,0.7776787253653262
IX,45,2,275,31.08399246317675,0.7498441189693008,0.6914212765957447,1.7187458832828344,0.4064594806011386,-1.6603527477757247,1.031229651669185,1.078093086437573,0.7765313609793106
IX,45,2,276,31.10405154035527,0.7503280072945243,0.6905872340425532,1.5722895534185217,0.3972938721920955,-1.7234576796930043,0.8943573847871936,1.0771563956776187,0.7764545142528604
IX,45,2,277,31.05356158996458,0.7491100301504248,0.6916085106382979,1.5649123962587272,0.3768475149719158,-1.72141518156672,0.850063165841821,1.0758374569418698,0.7746623535687628
IX,45,2,278,31.04637257223851,0.7489366083266534,0.6895489361702127,1.5624094322223683,0.3807252723757447,-1.7207200029051593,0.9446615615330244,1.0788282333271708,0.7742173619639127
IX,45,2,279,31.00496082123649,0.7479376260375581,0.6922553191489361,1.7210841786325908,0.3786101319736552,-1.6609431891089295,1.0516535327961098,1.081806303853495,0.7762475265108417
IX,45,2,280,30.95339198283006,0.7466936227053944,0.6914212765957447,1.716111184297194,0.4103372380049675,-1.6596864985357502,1.0246114550307248,1.0835050279447007,0.7763807707582076
IX,45,2,281,30.91929417358822,0.7458710758025145,0.6911148936170213,1.7172309313660914,0.35745872795278283,-1.65996977935893,0.9951675234084694,1.083615505228369,0.7742516864455394
IX,45,2,282,30.89702885916899,0.7453339660636661,0.6946553191489361,1.5586879199051509,0.3359548005315603,-1.7196843203568,0.9756093367687436,1.0830405977238544,0.7770170660078926
IX,45,2,283,30.92643120205647,0.746043243481109,0.6816510638297872,1.5707746015017783,0.36591928956113334,-1.7230390211634217,1.044125689391306,1.0779119285050691,0.7683259535739445
IX,45,2,284,30.90753192865284,0.7455873332877421,0.6743148936170212,1.570115926755368,0.43395630582827577,-1.7228568697580449,0.8789758213092471,1.071948835477722,0.7630870370919723
IX,45,2,285,30.88908930217026,0.7451424388610466,0.6781787234042553,1.5616848900013172,0.31762358371347016,-1.720518559119092,0.9201160075048352,1.0773989582412953,0.7629767215321303
IX,45,2,286,30.82646681001115,0.7436317864724792,0.6738553191489361,1.568568041101304,0.42479069741923264,-1.7224285129947898,0.9922788996700096,1.0781676534393458,0.7623459339358222
IX,45,2,287,30.79840572580078,0.7429548644525046,0.672595744680851,1.736991173758398,0.4071645274018351,-1.664938688471544,1.0045639751981832,1.0793866083861887,0.761757256136807
IX,45,2,288,30.75882175501931,0.7419999739978405,0.6743489361702127,1.5740679752338294,0.3786101319736552,-1.7239486339829118,0.8629186388208013,1.0754149267068105,0.7632964578966945
IX,45,2,289,30.78301795614278,0.7425836628253077,0.6742468085106383,1.7246410222632063,0.3623940555576507,-1.661839788820374,1.0529023811735856,1.0780346162955716,0.7609828688738932
IX,45,2,290,30.84013090941916,0.7439614077267066,0.6720340425531914,1.5694243182716374,0.4195028464140146,-1.7226655285236356,0.9459255982141982,1.0797767299876255,0.7608044846379682
IX,45,2,291,30.80728074759212,0.7431689580218505,0.6713361702127659,1.7298774864971678,0.45651780345054505,-1.6631564234005884,1.0547226345762148,1.0800985954958369,0.7609715533322237
IX,45,2,292,30.76784478403049,0.7422176379690095,0.6705191489361702,1.7315241733631932,0.43748153983175836,-1.6635696358177319,1.054305144584156,1.0824107628578346,0.7611615153425237
IX,45,2,293,30.73695220643869,0.7414724113815802,0.6708425531914893,1.5678434988802525,0.4293735016237542,-1.7222278603125158,0.9338800459377318,1.0827821405042168,0.7604423217711895
IX,45,2,294,30.70716115908685,0.7407537571842091,0.6724765957446808,1.7193716242919246,0.37896265537400536,-1.6605108318841069,1.0246620030640194,1.0811202436194447,0.7593014644024063
IX,45,2,295,30.75339672472168,0.741869105124779,0.6730553191489361,1.7142339612699249,0.37296975756809075,-1.6592111716232492,1.0236125373972715,1.0813175973998996,0.7617289795184292
IX,45,2,296,30.71015974094218,0.7408260924536288,0.675863829787234,1.5654393360558554,0.36309910235835113,-1.7215613932821558,0.8782142371551958,1.0818497099666704,0.7628450294276028
IX,45,2,297,30.68718873789512,0.7402719592752068,0.6705531914893618,1.7293834804373598,0.455107709849152,-1.6630323829715428,1.0519627675779484,1.084056932162211,0.7622242722029817
IX,45,2,298,30.65078765546291,0.739393850144977,0.6696170212765957,1.5784481622974573,0.42267555701714304,-1.7251554746223101,0.8567817516031021,1.0826227920404028,0.7632027164335823
IX,45,2,299,30.61000010787542,0.7384099256146295,0.6712851063829787,1.5722566196812013,0.40187667639661706,-1.7234485827107373,0.9453374740679903,1.084727176361767,0.7596104648508762
IX,45,2,300,30.61396766162442,0.7385056355479306,0.6700085106382978,1.7289553418521932,0.4417118206359336,-1.6629248526018872,1.0403241190214538,1.0875465525863213,0.761771931750915
IX,45,2,301,30.61793884279506,0.7386014329861037,0.6709787234042552,1.7184824133842709,0.4036392933983564,-1.6602861688269661,0.9728327533867487,1.0870783405288365,0.7606935363168643
IX,45,2,302,30.58285272156437,0.737755044875135,0.6702468085106383,1.7372217099196416,0.41633013581088213,-1.6649963248837079,0.9757362210594973,1.0862976778410693,0.7638650237602028
IX,45,2,303,30.5523716651018,0.7370197454776877,0.6704340425531915,1.726946383875642,0.4498198588439339,-1.6624199311480312,0.9639335903497251,1.0856966114940922,0.7621203446212338
IX,45,2,304,30.52940239170036,0.7364656540237835,0.6702808510638297,1.7325780529574495,0.4459421014401089,-1.6638338855867016,1.0338118083676884,1.0896238756132623,0.7621423099914648
IX,45,2,305,30.46675635504695,0.7349544336676165,0.6704340425531915,1.7387037280990645,0.40857462100322817,-1.6653666621466223,0.963815237001867,1.092482436238864,0.7604792580909373
IX,45,2,306,30.43876676504729,0.7342792363139152,0.6692765957446808,1.738868396785667,0.43395630582827965,-1.665407791244406,1.0673958647794388,1.0922557583819115,0.7629257450995769
IX,45,2,307,30.45148785134927,0.7345861091122451,0.6686127659574468,1.7356079567909366,0.4431219142373228,-1.6645927092753108,1.0546185780763884,1.0909975673858583,0.7629230213890211
IX,45,2,308,30.41743096559311,0.7337645494131518,0.6694468085106382,1.5779870899749704,0.3504082599458254,-1.7250285965774053,0.8644604836138561,1.08917599028892,0.7616786413276196
IX,45,2,309,30.41544113726929,0.733716548466422,0.6654297872340426,1.5838822289553418,0.43783406323210466,-1.7266480368752664,0.9143382214388617,1.0858966973824955,0.7623522814190339
