R_s,f_peak_main,R_ct,C_dl_est,R_sei,tail_slope,tail_angle_deg,Zmag_1000Hz,Phase_1000Hz,Zmag_100Hz,Phase_100Hz,Zmag_10Hz,Phase_10Hz,Zmag_0.1Hz,Phase_0.1Hz,state,T_C,cell,cycle,capacity,SOH,R_s_rel,R_ct_rel,R_sei_rel,Zmag_1000Hz_rel,Zmag_100Hz_rel,Zmag_10Hz_rel,Zmag_0.1Hz_rel,C_dl_log
0.30725,1.70952,2.91236,0.031966926906073105,0.006234026937737669,0.7232221098543641,35.875285690270616,0.47224161272997006,-15.090938336670597,0.7268688822697619,-18.012767907158278,1.1308620220490342,-18.83544069815523,1.2019192804865502,-6.669798365254262,VIII,25,4,0,35.53421917888683,1.0,1.0,1.0,1.0,1.0,1.0,1.0,1.0,-1.4952991119886816
0.31249,4.36941,2.0449800000000002,0.01781181880063032,0.005654918031603173,0.06171780502434031,3.5316901222858768,0.48074383309370733,-15.099348049032871,0.7503700094463323,-17.70348428265292,1.1506210139708803,-19.694677927322743,2.0721784893413484,-21.073155613488222,VIII,25,4,1,34.23352049349796,0.9633958838706749,1.017054515866558,0.7021728083066655,0.9071051646201813,1.0180039626634911,1.0323320034050494,1.0174725046350432,1.724057948802109,-1.7492917315896948
0.31501,2.16054,2.44976,0.030070059073969025,0.005957909311691378,-0.5579777554374555,-29.160545306284163,0.4789749439628655,-14.942731072731348,0.7396929350456558,-17.239972730497755,1.1661429814962911,-18.290410247695746,1.7872542556674342,8.234166036731764,VIII,25,4,2,33.32803503108719,0.9379138138172324,1.0252563059397883,0.8411597467346069,0.955707983169785,1.0142582336062484,1.0176428694207529,1.0311982883493873,1.4870002376065836,-1.5218657187078106
0.31435,3.45686,2.2511799999999997,0.020451639016979408,0.006430958398377484,-0.27999885324378476,-15.642185529620795,0.4846728386634951,-15.046340481938007,0.7514404608598912,-17.07686654410377,1.1695098694797779,-19.145119852587467,2.186815760888214,-5.707287575532728,VIII,25,4,3,32.72731222793072,0.9210083402473108,1.0231082180634663,0.7729744949113433,1.0315897673536973,1.0263238681184017,1.0338046918632708,1.034175564018603,1.819436459995023,-1.6892718814216134
0.31869,3.45686,2.28172,0.02017790119832569,0.004839716981992925,-0.26666416971128737,-14.931283611141266,0.48442056925771637,-15.087151724409408,0.7493596897926598,-16.990624319305702,1.1692406301287621,-19.002064231246194,2.1397316767678385,-3.395106887892062,VIII,25,4,4,32.31167452005597,0.9093115106143776,1.0372335231895848,0.7834608358856735,0.7763387983930112,1.0257896724884985,1.030942042053949,1.0339374807283641,1.7802623782702376,-1.6951240088319521
0.31824,1.35352,2.80386,0.04193717088082164,0.004799278941825191,1.210920860972258,50.44949956318636,0.48288736724656894,-15.010657848913318,0.7464658958103836,-17.93589204773771,1.1417568836208631,-18.709929938468658,1.3785806078946676,-14.719964184124098,VIII,25,4,5,32.22121235891173,0.9067657346487137,1.0357689178193654,0.962744990317131,0.7698521340632596,1.0225430250736633,1.026960864632734,1.0096341210151247,1.1469826886682466,-1.3774008707779353
0.31806,1.07079,3.0275,0.049094367940215794,0.005874669750274675,0.4290353225246944,23.221041553957317,0.4847951284059062,-15.23321550224094,0.7527693918386208,-17.766220200294917,1.1491136332266674,-19.346587232959333,1.7442428246313755,-20.159734182241994,VIII,25,4,6,32.06959932462568,0.9024990576880411,1.0351830756712774,1.0395349476026314,0.9423555286090238,1.0265828239984314,1.0356329871874286,1.0161395562162063,1.4512146139508526,-1.3089683268745977
0.31977,2.16054,2.6493,0.02780524210812152,0.0044047926278679705,0.32523783988998384,18.016486100228757,0.4834947537145364,-14.819839010714407,0.741621936674327,-17.505477467698626,1.1640386361697839,-18.031593831330525,1.5504098672014885,5.301253791160797,VIII,25,4,7,31.7891650911882,0.894607109027914,1.040748576078112,0.9096746281366315,0.7065726009625605,1.0238292024277855,1.0202967203087527,1.0293374553870296,1.2899450839775741,-1.555873319045508
0.31825,1.70952,2.73756,0.034008094523652846,0.005066971837369816,2.6339910337031665,69.2106333582237,0.48410367710909014,-15.045136846962743,0.7433689751226724,-17.812261974273014,1.1534550415029576,-18.227223088279057,1.3722453711881801,-2.523194972946701,VIII,25,4,8,31.60870696270835,0.8895286766703212,1.0358014646053701,0.9399799475339587,0.812792740226532,1.0251186343163343,1.0227002328141857,1.0199785818370544,1.1417117550794926,-1.4684177009413162
0.32088,1.07079,3.14616,0.04724273366230685,0.004061434871154734,0.33238587755410814,18.386078248275307,0.4843016531647699,-15.164146704764986,0.7543615275516319,-17.73201120922323,1.1552700040842667,-19.36007678353618,1.8292276857132341,-18.64864221977844,VIII,25,4,9,31.43520214339108,0.8846459235572217,1.044361269324654,1.0802785369940529,0.651494597588093,1.0255378605139904,1.037823390094813,1.0215835190848546,1.5219222417105602,-1.3256649802349414
0.3189,1.70952,2.65544,0.03505980148079832,0.005449616633725063,3.388098260889023,73.55599124807054,0.4834006087832617,-15.04968088856953,0.7399755238597191,-17.716889291976035,1.1500176433522677,-18.18739337213159,1.387940034239799,0.01713760728378931,VIII,25,4,10,31.36526137435192,0.8826776583003699,1.0379170056956875,0.9117828839841229,0.8741727759846241,1.0236298448770385,1.0180316449220246,1.0169389553541863,1.1547697559839005,-1.4551905473419937
0.31834,1.70952,2.77102,0.03359744759841902,0.006331017490499968,2.2938415756194384,66.44521047859631,0.481890148238724,-15.096026573696014,0.741518665370756,-17.810171159489162,1.142220324625651,-18.33483571323706,1.3465081207512786,-4.351802644436371,VIII,25,4,11,31.49226453007636,0.8862517668261568,1.036094385679414,0.9514689118103531,1.0155582505066134,1.0204313538846714,1.0201546433728843,1.010043933172357,1.1202982950786822,-1.4736937147538272
0.31861,4.36941,2.0374,0.017878086389964166,0.005827026996014895,0.19649781631025742,11.116860532027234,0.4829254277664349,-15.061216923901522,0.751406691319097,-17.52267476945988,1.1526172741867262,-19.531732072724115,1.9250687954251475,-17.307381354395535,VIII,25,4,12,31.44771278960162,0.8849979967559477,1.036973148901546,0.6995701080910326,0.934713156393502,1.0226236205121844,1.033758232946652,1.0192377599685178,1.6016622968606165,-1.7476789684682315
0.31919,2.73547,2.46368,0.023615866085899953,0.0057333237810384685,-0.08670133921746533,-4.955229252523185,0.4835648669475088,-14.799151053897516,0.7415635965891187,-17.05970589244651,1.1666148115788684,-18.567931065452584,1.8825058162777881,4.690415755129978,VIII,25,4,13,31.30953910837555,0.8811095285577167,1.038860862489829,0.8459393756266396,0.919682227603446,1.0239776714129032,1.0202164581230528,1.0316155188102019,1.5662497863548117,-1.6267961225230243
0.31988,1.70952,2.61802,0.03556091979594162,0.006163431212320936,3.6900820707727773,74.83721267234583,0.48226329923072453,-14.794347067393318,0.7379429360156968,-17.68769162473832,1.1505208540516247,-18.22988741752044,1.409613868259902,0.6655662526030244,VIII,25,4,14,31.22808981972335,0.8788173918361479,1.041106590724166,0.8989341976953399,0.9886757426424673,1.021221523539233,1.0152352838538836,1.0173839351037453,1.1728024428473056,-1.4490270143740467
0.32006,1.70952,2.62316,0.0354912392855072,0.005156135221369151,3.7176026608762123,74.94434571253849,0.48045968011092866,-14.989674455878323,0.7378002716803678,-17.67527095729988,1.1505792488077211,-18.30288917785982,1.4151672815305965,0.8040690211828286,VIII,25,4,15,31.1870786242455,0.8776632593850762,1.0416924328722539,0.9006990893982887,0.8270954349196821,1.0174022516428634,1.0150390114052907,1.017435572487403,1.1774228972828533,-1.4498788356633832
0.3195,3.45686,2.1189999999999998,0.021727381180860643,0.005498207815778922,-0.12290737179974777,-7.006931935312147,0.48274824826832613,-14.689175252268509,0.7462752885070353,-17.00120075955577,1.1528974267460514,-19.53227000428659,2.114180736784242,-9.985638444460296,VIII,25,4,16,31.18108741659756,0.8774946554932113,1.0398698128559805,0.7275886222857063,0.8819672854628735,1.0222484322752043,1.0266986339773878,1.0194854936034468,1.7590039290561994,-1.6629926163964914
0.31797,1.70952,2.505,0.03716534899966909,0.006554739837019097,2.291977090743778,66.42813844243892,0.4801199976556138,-14.896849416674156,0.7341069793869758,-17.490345683621996,1.1461259250074203,-18.31870702538222,1.462306518600584,3.995915639161402,VIII,25,4,17,31.34579970789288,0.8821299702715134,1.0348901545972333,0.8601271820791385,1.051445542742203,1.0166829536264281,1.0099579130346203,1.0134975820752465,1.2166428664066575,-1.4298617846175548
0.31918,3.45686,2.24968,0.020465275382384913,0.006052344691141354,-0.23137429315925181,-13.027527094473063,0.48192890595172977,-14.724246237620836,0.7423303612213084,-16.948734738138462,1.1577687976951274,-19.37051940139821,2.132620412233547,-4.795092501993474,VIII,25,4,18,31.2771273329934,0.8801974000198984,1.0388283157038243,0.7724594486945295,0.9708563584323798,1.0205134256715724,1.0212713452572981,1.023793155240407,1.7743457874893551,-1.6889824070780557
0.31786,4.36941,2.01924,0.01803887265055813,0.00725811261934417,0.21276975356148903,12.01168646783375,0.48076155984992547,-15.039016132576155,0.7483559490476162,-17.49241219569391,1.1454443044692728,-19.719327931707944,1.9236325158116654,-17.994776677691632,VIII,25,4,19,31.13203234013491,0.8761141530480697,1.0345321399511798,0.6933346152261396,1.1642735412975522,1.018041500135286,1.029561131728129,1.012894837863435,1.6004673084476668,-1.7437906074227039
0.32053,2.73547,2.26586,0.02567763981821913,0.004832848398148848,-0.19387425729675653,-10.972058357828015,0.4821129843056043,-14.796159094366532,0.7399178180736707,-16.865489920072314,1.1609658777182774,-19.156269237332996,2.0761448324613383,-0.31864189819545413,VIII,25,4,20,31.04366723741153,0.8736273922646532,1.0432221318144832,0.7780150805532283,0.7752370091462407,1.020903222650306,1.0179522553822382,1.0266202729265745,1.7273579567014616,-1.5904448973099516
0.31925,1.07079,2.97688,0.04992918724940317,0.006272085783536274,0.4732423610748745,25.32549567637087,0.4802515496881634,-14.860067569506745,0.7423015967685845,-17.62359538016397,1.1329626602196587,-19.68268012639865,1.7203729808588735,-20.67920361058145,VIII,25,4,21,31.07727034914143,0.8745730472559937,1.0390561432058583,1.0221538546058866,1.006105017860641,1.0169615229625548,1.0212317721603814,1.00185755479419,1.4313548412023538,-1.3016455033615177
0.31939,2.73547,2.32014,0.025076907841125966,0.006829766284500827,-0.1524524340139558,-8.6681380449222,0.47962028059741385,-14.549536347736966,0.7340325166271541,-16.789654039479156,1.1532072367709822,-19.122245768115917,2.0225151342085383,2.1889920918183425,VIII,25,4,22,31.21932133461674,0.8785706301143702,1.0395117982099267,0.796652886318999,1.0955625236645756,1.0156247727191778,1.0098554698545117,1.019759452776971,1.6827379068166723,-1.6007260161000023
0.32016,3.45686,2.22752,0.020668869739550576,0.005411267510137541,-0.26719392341287346,-14.959617444679928,0.47930703130240276,-14.813762659838641,0.7374020643074429,-16.80872522776952,1.148527841373675,-19.51432615536897,2.143146830496248,-4.728776081894633,VIII,25,4,23,31.28700768557315,0.8804754517910662,1.0420179007323027,0.7648504992514662,0.8680211946760198,1.0149614485085048,1.0144911720595187,1.0156215515069043,1.7831037951472735,-1.6846832717663913
0.31929,2.73547,2.38202,0.024425461145796423,0.006578103211830499,-0.12408045520420108,-7.073135009948178,0.4795191841587045,-14.54716296316885,0.7304505020165397,-16.828189384108395,1.1522359383565517,-19.01707974018151,1.9677621653472464,3.694646234868058,VIII,25,4,24,31.16909723485391,0.8771572291469818,1.0391863303498778,0.8179002595832932,1.0551932607172365,1.0154106949336033,1.0049274633075413,1.0189005518717391,1.6371832928336707,-1.612157228174832
0.31961,2.73547,2.36436,0.02460790106350556,0.006096079323526793,-0.1227960814274233,-7.000650272966125,0.4796592061336557,-14.524337212245053,0.7338192937451038,-16.782918136012782,1.152058983422554,-19.081846953185885,1.980532050138979,3.3190057042652388,VIII,25,4,25,31.1015269780778,0.875255674579652,1.040227827502034,0.8118364487906715,0.9778718289817115,1.0157071998818685,1.0095621255014222,1.0187440739544094,1.6478078705395571,-1.6089254279636747
0.32081,2.16054,2.5151,0.02928886641367992,0.00556685754668762,-0.8022330059333488,-38.73773662305812,0.4799259150453015,-14.513912609894332,0.7291195388488023,-17.126227588837708,1.1461181861631977,-18.613652214941443,1.6583176815372933,6.235364923495219,VIII,25,4,26,31.0146292093408,0.8728102073442658,1.0441334418226198,0.8635951599390185,0.8929793859228711,1.0162719720333613,1.00309637217102,1.013490738760968,1.3797246690859206,-1.5332974367789869
0.32064,1.07079,2.7005399999999997,0.055038325275316546,0.0058900698740509405,0.7690867880983084,37.563408889764496,0.4789966709098379,-14.770410372652632,0.7358122535515018,-17.67209312063058,1.119679454241741,-19.58538381002641,1.5302057197943222,-19.71430586512603,VIII,25,4,27,31.02464503181665,0.8730920714940148,1.043580146460537,0.9272686069029926,0.9448258618190138,1.0143042417224049,1.0123039677442414,0.9901114657763188,1.2731351802384583,-1.259334789430144
0.31958,1.07079,2.77938,0.05347710602328695,0.006619090732421284,0.6606395048665518,33.45032675655827,0.4767732390716901,-14.783289026098288,0.7353501190052734,-17.72549561627171,1.118757393776158,-19.669273989206516,1.5878086050843667,-20.762335590495404,VIII,25,4,28,31.10935067943151,0.8754758483033048,1.0401301871440194,0.9543394360587291,1.0617680671786374,1.0095959911612262,1.0116681796984175,0.9892961050624517,1.321060932179742,-1.271832103132646
0.32146,3.45686,2.1864999999999997,0.021056629646578416,0.005813927245349015,-0.22187045744610093,-12.509600095524918,0.4806591672996475,-14.660211479949137,0.7359347135593286,-16.774620551806183,1.1450902060307335,-19.698035026768437,2.1496737289760124,-6.504073091447797,VIII,25,4,29,31.01862725271178,0.8729227198311972,1.0462489829129373,0.7507657020423298,0.932611825937809,1.0178246777555595,1.0124724438075505,1.0125817152793928,1.7885341918350797,-1.6766111413665725
0.32066,1.07079,2.99336,0.04965430116624906,0.006280769159744737,0.4619420151195176,24.794199124537414,0.4790157806003781,-14.749521717087628,0.7386847782538919,-17.667599345958045,1.1292215478419068,-19.87843017855936,1.7316748110998272,-20.3051829038476,VIII,25,4,30,30.8350889477395,0.8677576054931472,1.0436452400325467,1.0278124957079482,1.0074979178745787,1.0143447076407506,1.0162558836570814,0.9985493595371122,1.4407579936639556,-1.3040431259830734
0.3216,1.07079,3.07052,0.04840652363085187,0.005663377435758066,0.40975617908201284,22.281668621205224,0.4801472047030584,-14.915225327697813,0.7412965351612494,-17.578983677065533,1.134445319016653,-19.978870697761966,1.7825421576784783,-19.76620197342678,VIII,25,4,31,30.66348950949947,0.8629284734000466,1.0467046379170055,1.054306473100853,0.9084621372863858,1.016740566184727,1.019849044639846,1.00316864206044,1.483079759696413,-1.3150961055877746
0.32081,2.16054,2.53346,0.029076609820974618,0.006378197181324818,-0.41500507437415035,-22.53869806462913,0.48001004001129083,-14.495105362695575,0.7301756106395406,-17.277021096684287,1.1502078942700924,-18.724066464955758,1.67353812399995,5.78627736724459,VIII,25,4,32,30.51056964367973,0.8586250197333174,1.0441334418226198,0.86989932563282,1.0231263427359312,1.016450111705346,1.004549277662641,1.0171071906597455,1.392388117214064,-1.5364562313024548
0.3219,1.07079,3.01088,0.04936536791204011,0.005309871289675583,0.4670697698891366,25.035856334656515,0.47838721652465105,-14.732112335266816,0.7376314388355961,-17.62448935294596,1.1247161430007868,-19.999528646822544,1.7375018545693415,-20.60834716432579,VIII,25,4,33,30.68431093843333,0.8635144277115524,1.0476810414971522,1.0338282355203339,0.8517562311982144,1.0130136854292742,1.0148067372649472,0.9945653148408755,1.4456061091440198,-1.3065776219119034
0.31943,1.07079,3.04408,0.04882696871928573,0.006836891174563653,0.4175948812377467,22.66516551272649,0.47645703814084384,-14.7889228186198,0.7360020758745072,-17.539681164717017,1.121522704623175,-20.01220932005598,1.770866894569843,-20.811515838322794,VIII,25,4,34,30.78901973279656,0.8664611308271072,1.0396419853539463,1.0452279251191474,1.0967054269811616,1.0089264166842582,1.012565118451935,0.9917414173933111,1.4733659101075212,-1.3113402367920801
0.33329,3.45686,2.1777800000000003,0.021140942024558813,0.004848096762502363,-0.4177224474459017,-22.671388915412013,0.49999870928759926,-14.062851084263896,0.7544160510544775,-16.0662103830994,1.1576384003939855,-17.685416288502747,1.8885993994737593,-4.1078412917651255,VIII,25,6,0,35.9921836166526,1.0,1.0,1.0,1.0,1.0,1.0,1.0,1.0,-1.6748756647602565
0.33919,1.07079,2.48548,0.059800601468932894,0.0036280300054525316,0.5611692758700825,29.299801653545522,0.5051843735541725,-14.163563490064144,0.7628861551493008,-16.84446609127768,1.1479047901133723,-17.323152625875892,1.4512085073181327,-14.665882398751371,VIII,25,6,1,33.79594589209153,0.9389801478022874,1.0177023012991688,1.1412906721523752,0.74834108789114,1.0103713553060203,1.0112273646391594,0.991591838801045,0.7684046218178924,-1.2232944478957872
0.34157,3.45686,2.04326,0.022532776407429157,0.004011966976705195,-0.2290096192438593,-12.898859204557198,0.5098499112894802,-14.08068984973827,0.7665875905408207,-16.12492819570918,1.1691832800121271,-17.269997066234737,1.7208552496388032,-8.77275303048477,VIII,25,6,2,32.58458088429388,0.9053238122851174,1.0248432296198506,0.9382306752748211,0.8275344270633747,1.0197024548641676,1.0161337228566791,1.009972785642056,0.9111806612446788,-1.6471852927796262
0.34271,4.36941,1.9203799999999998,0.01896750289573574,0.004166351218111153,0.3830874783745216,20.961210691374074,0.5087700495509788,-14.19613598535574,0.7686598869831309,-16.66343454487578,1.1593372115466765,-17.202614726021938,1.5033718335622241,-13.51214672843815,VIII,25,6,3,31.87169725053832,0.88551718867627,1.0282636742776563,0.8818062430548538,0.8593787257580798,1.0175427258119867,1.0188806109158788,1.001467479959297,0.796024733451215,-1.7219898409609056
0.34327,6.97545,1.73318,0.013164495874425244,0.004249591797900187,-1.3147235342087378,-52.74279382758735,0.5087575262151178,-13.91220321431817,0.7596162949521288,-16.442463072860733,1.1682414425557233,-16.152214453942314,1.3903013451474409,0.6357577817933417,VIII,25,6,4,31.4496047782249,0.8737898515185953,1.029943892706052,0.7958471470947477,0.8765484696528096,1.0175176790756084,1.006893071655067,1.0091592004533791,0.7361547110175061,-1.8805957672565314
0.3435,5.5173,1.8168999999999997,0.01587678294956095,0.004832399595562309,1.3294746901674894,53.05036449065961,0.5110017859222693,-14.17980563261276,0.7639624671920908,-16.701286619650354,1.15552794719032,-16.54965364234035,1.3196047113471063,-8.144405967544632,VIII,25,6,5,31.16233153546778,0.8658083062526336,1.0306339824177144,0.8342899650102396,0.9967622001562626,1.0220062100767167,1.0126540469602547,0.9981769322761345,0.6987213443543411,-1.7992374923870942
0.34553,5.5173,1.7832199999999998,0.01617665063259569,0.004575878880354822,1.6153233870450368,58.239547965274866,0.5102017965652295,-14.03797696247366,0.7635428896350621,-16.66078851259009,1.1591358106550864,-16.369824903075866,1.314971652044955,-6.070188219600548,VIII,25,6,6,30.91441493758014,0.8589202385397057,1.0367247742206487,0.8188246746686991,0.9438505674529825,1.0204062272324015,1.0120978849373998,1.001293504310665,0.696268172282253,-1.79111139387081
0.34517,5.5173,1.86036,0.015505884313281992,0.0042504100288317526,0.9195285008239757,42.59942140482944,0.5113995553701209,-14.044299850051083,0.7659045312195277,-16.758298429655547,1.1548251871947623,-16.770021441690744,1.3617768653777946,-10.965236823239868,VIII,25,6,7,30.73335496723433,0.8538897026801909,1.0356446338023944,0.8542460670958498,0.8767172432915484,1.022801751026049,1.0152283082378646,0.9975698687964517,0.7210512010949708,-1.8095034605503553
0.34526,4.36941,2.0132199999999996,0.01809281311079415,0.005225680833766122,0.025185832581335835,1.4427369067623532,0.5130880832678198,-14.095215764237611,0.7709188799735723,-16.349940261848037,1.1675306176456561,-17.260865637261055,1.6177429610044947,-11.837938209712277,VIII,25,6,8,30.53984098030514,0.8485131467871038,1.035914668906958,0.9244368117991714,1.0778829486622845,1.026178815539085,1.0218749705762864,1.008545170277959,0.8565834350340594,-1.7424939028188924
0.34572,5.5173,1.93844,0.01488131019843652,0.004919130018154971,0.4680405576392642,25.08150025590049,0.5114277094904826,-14.061417388844326,0.7691258249939602,-16.64486645036219,1.1579332258537922,-17.11432770502646,1.4677049267105904,-13.129574709518284,VIII,25,6,9,30.36009826535755,0.8435192093016207,1.037294848330283,0.8900990917356205,1.0146517817470178,1.0228580594121282,1.0194982250429616,1.0002546783690887,0.7771393589977592,-1.8273588304230957
0.34733,4.36941,1.9210399999999999,0.018960986346412877,0.003436570522392157,0.2876779339208592,16.049359388870517,0.5115372987369381,-14.233181603050943,0.7691198761535947,-16.49818354534456,1.15851000298232,-17.26444823526853,1.5271056365646192,-13.153466767584604,VIII,25,6,10,30.2599422102805,0.8407364924722169,1.0421254763119208,0.8821093039700978,0.7088494084879524,1.0230772384708333,1.01949033968533,1.0007529143712217,0.8085916139707198,-1.7221390745052076
0.34603,5.5173,1.90658,0.015129985073302609,0.0047217300802506745,0.5914564697905728,30.60246701149652,0.5106316793677484,-14.152063538342624,0.7675708560911297,-16.622032815705204,1.1529032354284316,-17.080135302780494,1.4261686880385704,-12.724499152697087,VIII,25,6,11,30.23077814825945,0.8399262037069763,1.0382249692460022,0.8754695148270255,0.9739347854545577,1.0212659950568654,1.0174370693972712,0.9959096338166199,0.7551462149336482,-1.8201615004358687
0.34808,2.73547,2.2120800000000003,0.02630191356483942,0.0037045641436327936,-0.45971262124651363,-24.68883878992279,0.5118037726754758,-13.687050888192761,0.7606656999619977,-15.791943831273631,1.17044750305019,-16.61570549444542,1.6097037793515159,0.08642121922164518,VIII,25,6,12,30.13329025922862,0.8372176186967096,1.0443757688499506,1.0157499839285877,0.7641275174798016,1.0236101877236774,1.0082840879363382,1.0110648563937108,0.85232674531192,-1.5800126537756896
0.34637,4.36941,1.9911599999999998,0.01829326282715251,0.0040477962166092785,0.049311750952123465,2.8230684548637024,0.511049661506379,-13.993631590836978,0.7690044869837608,-16.245605352418064,1.1598712803048556,-17.316706171230866,1.6080052309940698,-12.01983582894988,VIII,25,6,13,30.08567729108045,0.8358947490243583,1.0392451018632423,0.9143072302987444,0.8349247993391934,1.022101961492111,1.0193373880485344,1.0019288232924117,0.8514273759920317,-1.7377088258823528
0.34578,5.5173,1.92774,0.014963909521541955,0.005223139322523884,0.48086715511615624,25.681372792766883,0.5116194595882371,-14.053818560083462,0.7664736037426514,-16.585474753104542,1.152891957674407,-17.227284040075983,1.460264579907172,-13.143711725400818,VIII,25,6,14,29.9763255451211,0.8328565408643857,1.0374748717333253,0.885185831443029,1.0773587200078782,1.0232415605976166,1.0159826301035357,0.9958998917814379,0.7731997480853067,-1.8249549264036544
0.34618,2.16054,2.3053000000000003,0.03195437813605446,0.0038646010646507523,-1.5237381366274,-56.723880731670185,0.5094631087700672,-13.842102437296717,0.7572214603184139,-16.0927086857556,1.1657023373284914,-16.316099492176292,1.4464366940627824,1.2321773876310138,VIII,25,6,15,29.90694791594863,0.830928965980033,1.038675027753608,1.0585550422907732,0.7971377746709875,1.0189288478283332,1.0037186500207878,1.0069658512811612,0.7658779805107523,-1.4954696298352803
0.34513,2.16054,2.23284,0.03299135984532987,0.004877130086271608,-1.1973598267592542,-50.13235210572575,0.508048283914736,-13.849997436912208,0.7527722326038899,-15.96262810629404,1.1608824558894912,-16.432780251546063,1.4732973880189197,1.4971242937612823,VIII,25,6,16,29.89288661741382,0.8305382895297077,1.0355246182003661,1.025282627262625,1.0059886023715128,1.0160991908131238,0.9978210717437812,1.0028023046699226,0.7801005276340978,-1.4815997832375707
0.35068,5.5173,1.8225,0.015827998321567782,0.003897366756538234,1.0875298029104654,47.40099679001679,0.5114987232018446,-13.926593905248641,0.7636453874441314,-16.63002553047408,1.1498153940641587,-16.80465475837165,1.3460375978782921,-9.886584129445211,VIII,25,6,17,29.90104923111765,0.8307650780399789,1.0521767829817876,0.8368613909577642,0.8038962395887894,1.0230000872014864,1.0122337487076973,0.9932422712246204,0.7127173704774835,-1.8005740044594525
0.34955,3.45686,2.14952,0.02141888455201333,0.0043915081454108384,-0.6139352759732326,-31.547231800905394,0.5140926729211991,-13.799013332451176,0.7635346939433839,-15.693042502483513,1.1679293068966674,-17.087084607025268,1.694523485223493,-3.9831800728521607,VIII,25,6,18,29.74391260083981,0.8263992237214002,1.0487863422244894,0.9870234826290992,0.9058210593849916,1.028188000032402,1.012087021314248,1.008889569056434,0.8972381785653729,-1.669203150008334
0.34943,4.36941,1.9068599999999998,0.01910198609804233,0.0044199128998517745,0.309510968194293,17.19786978978316,0.5116076746282283,-13.869102592369778,0.7666376722960498,-16.387413358134186,1.1521539936448568,-17.43311702488986,1.5180505925944052,-13.283421620051593,VIII,25,6,19,29.7100260842285,0.8254577271739212,1.0484262954184045,0.8755980861244017,0.911680008954776,1.023217990616755,1.0162001076521234,0.9952624180855938,0.8037970323496851,-1.718921475339835
0.34892,5.5173,1.8128399999999998,0.015912340273304477,0.004065409511555262,1.0682530066270652,46.89009301794325,0.5097186100548353,-13.859318962342785,0.7606816858741645,-16.530089362140426,1.144963150619609,-16.89192428551196,1.3415305372035622,-9.919924886295684,VIII,25,6,20,29.69270119173136,0.8249763756482215,1.0468960964925442,0.8324256811982843,0.8385578322196866,1.0194398517169874,1.008305277719011,0.9890507694198268,0.7103309137858284,-1.798265942726859
0.34894,1.70952,2.34158,0.03975913667018469,0.005018633323988719,1.2217703494939136,50.70020904378397,0.5103927869783179,-13.777577899909799,0.7567112682547503,-16.347690008817302,1.1529018115759557,-16.47066445582728,1.3366805910041244,-2.4763376545277005,VIII,25,6,21,29.60516563124846,0.8225443042458518,1.0469561042935582,1.0752142089650927,1.0351759813882786,1.0207882090446356,1.0030423758840559,0.9959084038535542,0.7077629016384195,-1.4005630544418657
0.34938,6.97545,1.7236799999999999,0.01323705151747212,0.004369823213007329,-0.15063684656189325,-8.56644796383458,0.5103433615791112,-13.631262882702911,0.7531749029027427,-16.21776269550433,1.1514442463331083,-16.37165432191132,1.3548773288431368,-1.0911941299759664,VIII,25,6,22,29.57063580494391,0.8215849341039254,1.0482762759158692,0.7914849066480543,0.901348184055598,1.0206893579910457,0.9983548227135411,0.9946493187693418,0.7173979453878153,-1.878208740900443
0.34814,5.5173,1.9026599999999998,0.01516115698078337,0.0059163010624557755,0.4719830740326214,25.266517398015896,0.5095586534005301,-13.863084335566743,0.7623493729027435,-16.35348751279866,1.1416207565985808,-17.35940291384846,1.455460604769962,-13.277620471087321,VIII,25,6,23,29.56548419878174,0.8214418028558454,1.0445557922529929,0.8736695166637582,1.2203347730629979,1.0191199375825428,1.0105158444563545,0.9861635172175065,0.7706560772896108,-1.8192676554851595
0.34879,4.36941,1.9984000000000002,0.018226988196013302,0.004507168823633945,-0.038034292939444665,-2.1781545555298685,0.5105756247850922,-13.821021218351977,0.7638657619843855,-15.983865737043951,1.151361531179213,-17.533203031376445,1.6286122068592304,-11.457627782891036,VIII,25,6,24,29.49633075222017,0.8195204566186148,1.0465060457859523,0.9176317167023299,0.929677983841963,1.021153885602151,1.0125258614483343,0.994577867136546,0.8623386236980844,-1.7392850876759602
0.34869,2.73547,2.2395400000000003,0.025979414057578785,0.005262596951943754,-0.4869522539383302,-25.963870880711617,0.5106264694231222,-13.586960834119344,0.7555842189482724,-15.78422049307844,1.1622110112078559,-16.771146362578918,1.5840980050297042,0.6291746980248324,VIII,25,6,25,29.449879035692,0.8182298509409233,1.0462060067808816,1.0283591547355564,1.08549750752653,1.0212555751407146,1.0015484398723518,1.0039499474208131,0.8387686692429842,-1.5853706482756897
0.34888,3.45686,2.06376,0.022308951003141696,0.004209562875219119,-0.4407298407694718,-23.78451924412542,0.5112345506663288,-13.627446152078681,0.7612200316849093,-15.814360576124752,1.1565834776423856,-17.396724962597,1.6993472846692073,-6.78123815225118,VIII,25,6,26,29.42496734525685,0.8175377092609274,1.046776080890516,0.9476439309755804,0.8682918434669068,1.022471740766568,1.0090188704507566,0.9990887286122844,0.8997923461919529,-1.6515208503462728
0.35017,6.97545,1.68068,0.01357571992267198,0.003988569295894695,-1.625470675639806,-58.39990364234217,0.50947284548396,-13.716731199940964,0.750799222385362,-16.031340660604265,1.1506781001442252,-16.480311968926276,1.3963599003498393,0.4299985084921363,VIII,25,6,27,29.43357622459497,0.8177768967309017,1.0506465840559274,0.7717400288367051,0.8227082690973313,1.0189483213063881,0.995205790406951,0.9939875005464648,0.7393626730681594,-1.8672371304202553
0.34822,1.70952,2.32668,0.04001375317799228,0.005445252895467656,1.2328764125779872,50.954100615863666,0.5090964473737775,-13.541652937797542,0.7506990884015822,-16.275903461904107,1.1409763991817077,-16.57348696475651,1.3290861544317703,-2.4142936505210915,VIII,25,6,28,29.45458956618459,0.8183607274262947,1.0447958234570494,1.0683723792118578,1.1231733115526903,1.018195523142731,0.9950730599545171,0.9856069034971481,0.7037417012851469,-1.3977907111042502
0.35047,5.5173,1.7715999999999998,0.016282753974405782,0.0039056924149615813,1.1840762841529833,49.81756421170234,0.5079346455403849,-13.679836327823894,0.7535703573571088,-16.37743752799877,1.1323829798939993,-17.098623525364793,1.3272413772836844,-9.47296282306036,VIII,25,6,29,29.48302475042766,0.8191507651896582,1.0515467010711392,0.8134889658275857,0.8056135440963526,1.0158719134777223,0.9988790088755579,0.9781836707460716,0.7027649048567461,-1.7882721390821614
0.35071,5.5173,1.8229599999999997,0.015824004334191257,0.004927552863642826,0.8590825218219221,40.66529910314875,0.5095087494894791,-13.791312584097737,0.7563995262799869,-16.428962751177792,1.1359724511954967,-17.279818109988543,1.3666808515948348,-11.579609106408393,VIII,25,6,30,29.431823440603,0.8177281977130639,1.052266794683309,0.837072615232025,1.0163891326912071,1.0190201295027936,1.0026291530021623,0.9812843551223637,0.7236478270487895,-1.8006836067937178
0.34954,6.97545,1.6741200000000003,0.013628916063147407,0.0045132403800976495,-1.6634114740750832,-58.98680250162119,0.5088209935529969,-13.613365950187987,0.7482550566103588,-16.048283533572175,1.1479052596404442,-16.625946910361513,1.4024407806168342,0.4402645601263246,VIII,25,6,31,29.33407413984891,0.8150123496890816,1.0487563383239822,0.7687277870124622,0.9309303426048212,1.0176446140790396,0.9918334260843109,0.9915922443914881,0.7425824560823282,-1.8655386831611522
0.34996,1.70952,2.4224,0.038432628485869834,0.004074794606334975,1.7644818275894347,60.458097166042485,0.5074063994836303,-13.628483024712438,0.7496738561795875,-16.40456779282759,1.1369305389443487,-16.78009035159435,1.3121263068178246,-4.7554721954464405,VIII,25,6,32,29.26259917644459,0.8130265028684056,1.050016502145279,1.112325395586331,0.8404936629671877,1.0148154186369511,0.9937140853932499,0.98211197776215,0.6947615821457088,-1.415299912234269
0.34904,4.36941,1.93682,0.01880650406899608,0.0059153575872234465,0.12146529235358901,6.925522287913004,0.5074575698958416,-13.68958130530898,0.7583311436557473,-16.098719771340125,1.1419968739429722,-17.774951610993256,1.5833573944512842,-12.725606331738952,VIII,25,6,33,29.21789857182902,0.811784549751816,1.047256143298629,0.8893552149436581,1.2201401657194262,1.0149177597255596,1.0051895669449205,0.9864884177600796,0.8383765211894444,-1.725691927716499
0.34849,6.97545,1.69964,0.013424278647028984,0.005617387919585659,-0.4294943601372049,-23.243250134224517,0.5081166659946816,-13.542192940784606,0.7463612987037224,-16.188835478744572,1.140005986930018,-16.676972857471338,1.3556419065822274,-0.9047828855654854,VIII,25,6,34,29.24972140564384,0.8126687093280661,1.0456059287707404,0.7804461424018955,1.1586790022495805,1.0162359553260625,0.9893231959480492,0.984768634611666,0.7178027838831064,-1.8721090417946413
0.3492,2.16054,2.33316,0.03157281451638394,0.005184642584267318,-1.6576601424694672,-58.89910107982987,0.5072169915886855,-13.58062854598779,0.7460677872245834,-15.954726035982096,1.1459260013861239,-16.711461786736145,1.416633039393626,0.7695366920374742,VIII,25,6,35,29.2542614607688,0.8127948493581715,1.047736205706742,1.0713478863797077,1.0694181321561012,1.0144366018691746,0.9889341381082423,0.9898825064857252,0.7500971565427573,-1.500686701780519
0.34954,3.45686,2.01686,0.02282772265910559,0.005200056736491709,-0.3507426210062689,-19.327943050536696,0.5092374419189242,-13.47928262730049,0.7548348918403172,-15.69351535923261,1.145653642183483,-17.685985899198034,1.693296590916866,-7.998491225308046,VIII,25,6,36,29.20186526366213,0.8113390833600665,1.0487563383239822,0.9261082386650624,1.0725975555421219,1.01847751296096,1.000555185411623,0.9896472350896243,0.8965885467234012,-1.6415374124658042
0.34871,1.70952,2.40724,0.03867466444732187,0.00563939340702363,1.7846731868673662,60.73692676597925,0.5067061335233999,-13.502576207079375,0.7454291793314384,-16.2877328128243,1.1320318149753075,-16.843931740378167,1.3141230962019312,-4.351545957725079,VIII,25,6,37,29.12913186012017,0.8093182722773985,1.0462660145818958,1.105364178199818,1.1632179973472385,1.0134148831011132,0.9880876451256865,0.9778803247974815,0.6958188679759717,-1.4125734456779468
0.35074,4.36941,1.8959199999999998,0.019212210014617176,0.005039950758917333,0.23504702848000233,13.227104680994492,0.508115246061798,-13.617816995224944,0.7554679150748903,-16.15617041053516,1.1357481855200628,-17.908110420461412,1.54145480965327,-13.398977393101466,VIII,25,6,38,29.08274623192424,0.8080295027853893,1.05235680638483,0.8705746218626306,1.0395730542960417,1.0162331154529645,1.0013942757699053,0.9810906282424006,0.816189399447433,-1.7164226745996565
0.35005,5.5173,1.8475800000000002,0.015613140941695235,0.005933077573993528,0.6723445481182179,33.91469831296005,0.5071717753380016,-13.762408671785355,0.7530395801302212,-16.326763451130148,1.130410941668452,-17.73248677108799,1.4060982162142546,-12.834385617518647,VIII,25,6,39,29.09305065436596,0.8083157989032207,1.0502865372498424,0.848377705737035,1.223795205550136,1.0143461691343616,0.998175448517655,0.976480169700429,0.7445190423157239,-1.8065097198442037
0.35079,1.70952,2.30872,0.04032502825988907,0.00463528610827163,0.9817237954941528,44.47161168467022,0.5068860750594231,-13.597543343856877,0.7438271450351149,-16.114227821488175,1.1317635554227639,-16.815465700680402,1.3274843852243534,-2.245578386812987,VIII,25,6,40,29.1802645982005,0.8107389345696598,1.0525068258873653,1.0601254488515828,0.9561042890321996,1.013774767102173,0.9859641029580931,0.9776485947922811,0.7028935758394526,-1.3944253195841445
0.34864,2.73547,2.15978,0.026938825694519813,0.0060109307630925035,-0.390786292338872,-21.344876784579366,0.5068571432751084,-13.235811585089454,0.7464810591958732,-15.451107828006348,1.144055074616912,-17.320251980760975,1.629774211843615,-0.5245286433108377,VIII,25,6,41,29.14786863888931,0.8098388513833705,1.0460559872783464,0.9917347023115282,1.2398537111684915,1.0137169033841729,0.9894819418972949,0.988266348306647,0.8629538971037142,-1.5696213397750851
0.35131,2.73547,2.28552,0.02545676124405387,0.004428628291021253,-0.8358164611987827,-39.88943286338,0.50763454059138,-13.294126585246362,0.7423447705594367,-15.6433321288486,1.1429717088639557,-17.054592002156195,1.5305093449082898,1.2825086688077496,VIII,25,6,42,29.14900888987264,0.8098705319003259,1.0540670287137328,1.0494723984975525,0.9134777022757689,1.015271702030312,0.9839991732967925,0.9873305070693593,0.8103938534210866,-1.5941968506159085
0.35124,5.5173,1.7212800000000001,0.016758764954601973,0.005380637943790512,1.5049230122772865,56.39652575449536,0.5060178032369452,-13.496966628928039,0.744419592653276,-16.300757602018958,1.1238972906770013,-17.159023210912892,1.3062411649656758,-7.352167357773138,VIII,25,6,43,29.08521277533939,0.8080980327596032,1.0538570014101833,0.7903828669562581,1.1098454109676794,1.012038218974449,0.9867494091791538,0.9708534982033242,0.6916454412352603,-1.7757579900711915
0.35235,4.36941,1.8993600000000002,0.01917741408206606,0.005176218556921963,0.18862185456957845,10.681737158118715,0.5081814237152007,-13.516756484482178,0.7533367074054589,-15.97767987730418,1.1317305900768826,-18.083767664910177,1.5526318822140368,-13.458203721930285,VIII,25,6,44,29.07401061849849,0.8077867941595724,1.0571874343664678,0.8721542120875386,1.0676805374342897,1.0163654711014358,0.9985692991983535,0.9776201184166959,0.822107580171138,-1.717209954287515
0.35089,5.5173,1.79264,0.01609164525005427,0.005026723781958176,0.8226188525478084,39.44135837318482,0.5059221423532398,-13.53516337585934,0.7466755152834866,-16.21872083978893,1.1187527115424374,-17.689470113809815,1.3689367367448548,-11.926269676697235,VIII,25,6,45,29.09927052281316,0.8084886105479224,1.052806864892436,0.8231501804589995,1.0368447719190352,1.0118468967131542,0.9897396989894746,0.9664094687613042,0.7248423022512325,-1.7933995502768956
0.35036,5.5173,1.7509000000000001,0.01647525669144856,0.005610214557969118,1.132019575932488,48.5433627531571,0.5052759688717622,-13.344625451462113,0.7445162885712817,-16.314259320418458,1.1184840181935318,-17.48140995369322,1.3283366102016934,-9.948420533734915,VIII,25,6,46,29.12213086558658,0.809123757973733,1.0512166581655615,0.8039838734858433,1.1571993779829974,1.0105545464140937,0.9868775823773123,0.9661773640308338,0.7033448229263559,-1.783167810190025
0.351,4.36941,1.81656,0.02005153323364656,0.006013017121373809,0.48413539731029,25.83326711031339,0.5064785989496853,-13.387209402829807,0.7492677225427801,-16.189567326878606,1.120875910109574,-17.9652544387335,1.4535502927534862,-13.694138923327998,VIII,25,6,47,29.12699477637863,0.8092588959482404,1.0531369077980137,0.8341338427205686,1.2402840570100684,1.012959812778954,0.9931757436702183,0.968243546281896,0.769644580612757,-1.697852413594743
0.3508,3.45686,1.96848,0.02338876733431058,0.005437260166163804,-0.23553353815318884,-13.253517384218956,0.5081379639829245,-13.214008798147418,0.7487915823059971,-15.579416585190966,1.1335625554269355,-18.01371005667504,1.6822341395707419,-9.362963963191403,VIII,25,6,48,29.02562846454707,0.8064425535748184,1.0525368297878726,0.9038929552112701,1.121524679172728,1.016278551412507,0.9925446062015529,0.979202620646606,0.8907310571206793,-1.6309926663487688
0.35003,5.5173,1.75866,0.016402560438661982,0.005749450849119597,1.0894546482986491,47.45147498554573,0.5056104799873005,-13.467850896929042,0.744176492414031,-16.20286378320625,1.115307108982908,-17.562291522945973,1.3336658914999031,-10.36792930982514,VIII,25,6,49,28.90118009748584,0.802984903758772,1.0502265294488284,0.8075471351559844,1.1859191618428007,1.0112235703722052,0.9864271728761149,0.9634330621749672,0.7061666396121469,-1.785088353318931
0.35149,3.45686,2.14708,0.02144322555388886,0.005103749970635174,-0.5992880024661197,-30.93375118779087,0.5057749329117024,-13.37877244822702,0.7441680227243787,-15.319261839296516,1.1369439592328558,-17.72975383460321,1.6794404384495518,-2.8576152698147697,VIII,25,6,50,28.90060040140664,0.8029687975929062,1.0546070989228602,0.9859030756091064,1.052732695046469,1.011552477070057,0.986415946060831,0.9821235705777499,0.8892518121722968,-1.6687098861951981
0.35172,5.5173,1.78748,0.01613809773595077,0.005775371768228843,0.894810088543964,41.82250058447186,0.5060188791964105,-13.37850888045967,0.7457938162907415,-16.423162704520514,1.1174989660174253,-17.803069552961194,1.3557563916859467,-11.708761802558062,VIII,25,6,51,28.87586727485107,0.8022816170978577,1.0552971886345226,0.8207807951216375,1.191265779366966,1.0120403708989345,0.9885709818187399,0.9653264487745921,0.7178634029343204,-1.7921476586764153
0.35005,5.5173,1.7446000000000002,0.016534751198588375,0.005955428367566351,1.1310578904580146,48.519199884017425,0.503957937628115,-13.38670252805534,0.7419597584756664,-16.295758586513525,1.1116279216757863,-17.573436671680927,1.3259989075349232,-10.137705267223508,VIII,25,6,52,28.91718614183723,0.8034296126578448,1.0502865372498424,0.8010910192948782,1.2284054257391586,1.0079184771219847,0.9834888287949329,0.9602548786369386,0.702107025928527,-1.7816023356092503
0.35324,1.70952,2.35356,0.03955675625187847,0.005294621494357998,1.3078603686518846,52.59819620720055,0.5058706154163363,-13.269801347938087,0.7395897602198638,-16.13249630091005,1.1234640379760656,-17.17916571978567,1.315438165975207,-2.9658087784657465,VIII,25,6,53,28.93852120026059,0.8040223818726998,1.0598577815115966,1.0807152237599755,1.0921030981289985,1.0117438425733205,0.9803473284881857,0.9704792425628858,0.6965151881027505,-1.4027793287954948
0.35099,5.5173,1.78718,0.016140806712842178,0.005012816842366041,0.8037996821068002,38.79230983275301,0.5046079496227964,-13.470571898995495,0.7433843482293812,-16.157965475856116,1.1114437630964369,-17.856148836200227,1.3723132518513996,-12.198907484931865,VIII,25,6,54,28.89528026226298,0.8028209838564482,1.0531069038975067,0.820643040160163,1.033976236022702,1.0092185044672703,0.9853771631586087,0.9600957973734917,0.7266301430752239,-1.7920747631591483
0.35053,4.36941,1.87644,0.019411658891791365,0.0056730776705611885,0.18394288189323063,10.422643036961018,0.5041165014464302,-13.399020211828756,0.7465421413941846,-15.96282774005332,1.120070835723773,-18.239813139243957,1.5604228075609683,-13.362681470311815,VIII,25,6,55,28.81188971861098,0.8005040768151812,1.0517267244741817,0.8616297330308846,1.1701659328336114,1.0082356055772583,0.9895629080938997,0.9675481008081392,0.8262328199382917,-1.7119373488586236
0.35157,5.5173,1.6886,0.017083102535270213,0.005176756166229923,1.605467786747909,58.08240130864996,0.5029344556494063,-13.278009547036852,0.7381814004001231,-16.12232483312162,1.1131183610050361,-17.413549196974284,1.3000649271896574,-6.755225962500378,VIII,25,6,56,28.81505556263095,0.8005920360247053,1.0548471301269167,0.7753767598196328,1.067791428230059,1.00587150788047,0.9784805073650507,0.9615423612642794,0.6883751670957369,-1.7674332524066418
0.3503,3.45686,2.1172999999999997,0.021744826298702925,0.004972147768473545,-0.5999251090416103,-30.96060132794644,0.5032966594786589,-13.299691142598844,0.7393889194133514,-15.296838013835988,1.1303288293000346,-17.942415822485557,1.6888503516918725,-3.505546506966569,VIII,25,6,57,28.81482014661451,0.8005854952707754,1.0510366347625193,0.9722285997667347,1.025587568080459,1.006595917408984,0.9800811082689425,0.9764092387703652,0.8942342945584199,-1.662644057201502
0.35402,4.36941,1.8147000000000002,0.020072085309369585,0.00506950670459666,0.42030526336035795,22.797271758884797,0.5045692274644175,-13.36079636963296,0.7445257304686529,-16.067844920445097,1.1156965517164918,-18.295442625258563,1.4752281549054567,-13.977750732952837,VIII,25,6,58,28.86440525114908,0.8019631584062686,1.0621980857511477,0.8332797619594265,1.0456694560650674,1.0091410599505952,0.9868900978816655,0.9637694735564929,0.7811228550197121,-1.6974075058729132
0.35352,3.45686,1.94076,0.023722830603600493,0.004534483295220382,-0.21277415245378709,-12.011927589748774,0.5045734626395262,-13.232223499450669,0.7448433062796272,-15.546905986008042,1.1245939939903107,-18.31078366113952,1.6794487242337308,-9.842076505700614,VIII,25,6,59,28.82202084311506,0.8007855580559967,1.0606978907257945,0.8911643967710237,0.9353120445722893,1.0091495303226783,0.9873110536799025,0.9714553297537223,0.8892561994363091,-1.6248334922816206
0.3525,3.45686,2.05524,0.022401432787530266,0.005629805919477204,-0.5045736513847704,-26.77430815462626,0.5045838234777819,-13.125909947419329,0.7426056636704144,-15.258478039550276,1.1291887862167855,-18.15137891064829,1.708044173890394,-5.879965240236706,VIII,25,6,60,28.79121394200345,0.7999296249611968,1.0576374928740737,0.9437316900697039,1.161240419750071,1.0091702520526813,0.9843449945589634,0.9754244380909294,0.9043972874111496,-1.649724203459667
0.35184,2.16054,2.29644,0.032077662781107436,0.006462206944332027,-1.578342621733096,-57.64263432341286,0.5033404872131962,-13.111252329671709,0.7320881468989415,-15.633327491572759,1.1253338529728214,-17.267112460251873,1.4228271678981934,1.2070269479503675,VIII,25,6,61,28.73982977196889,0.7985019769312288,1.0556572354406073,1.0544866790952252,1.3329368741799896,1.0066835731043353,0.9704037260019489,0.9720944403622326,0.7533769036962794,-1.4937972824778285
0.35032,1.70952,2.2685,0.041039982034018554,0.0059999405492762725,0.23919865900772333,13.45231251795578,0.5018095928482615,-13.307803447491564,0.7320609170900167,-15.931830282954209,1.114515853686486,-17.24923172775782,1.3399060008518844,-1.4775621130756331,VIII,25,6,62,28.70858701348493,0.7976339340579005,1.0510966425635333,1.0416571003498976,1.2375867981189759,1.003621776470668,0.9703676321133224,0.9627495540120099,0.7094707332985686,-1.3867928380163257
0.35209,2.73547,2.0791399999999998,0.027983655241354603,0.005865762271762109,-0.5323199866343132,-28.02726511451466,0.5048806247693784,-13.04255602508529,0.7372854782391445,-15.288227298232378,1.1295377375088478,-17.951576374197295,1.6681297447017889,-1.916101134401974,VIII,25,6,63,28.6470001696146,0.7959228168740619,1.0564073329532842,0.9547061686671746,1.2099103130801527,1.009763856168219,0.9772929369790198,0.9757258718477427,0.8832628799768748,-1.5530955583406558
0.35376,4.36941,1.8205399999999998,0.02000769728262658,0.00456488202687666,0.3412701286110262,18.843240122984003,0.5037389912061044,-13.224684222836443,0.7425431288699854,-15.986987161759235,1.110280389814134,-18.450789622060235,1.4992053826507505,-14.030141464351518,VIII,25,6,64,28.77484175887385,0.7994747433317859,1.061417984337964,0.8359613918761305,0.9415822848635718,1.0074805831475733,0.9842621028968076,0.9590908434242214,0.7938186272157506,-1.6988028921231861
0.35335,5.5173,1.71448,0.01682523385577976,0.0044572072517335415,1.1715710787164713,49.51743013116104,0.502533126556196,-13.236669211543923,0.7370722108466977,-16.054922855094013,1.1041002715732269,-17.83733858810479,1.319475794468928,-9.865287383859252,VIII,25,6,65,28.75971727203291,0.7990545274593056,1.0601878244171743,0.7872604211628355,0.9193725847651889,1.0050688476220424,0.9770102449655762,0.9537522867222289,0.69865308378081,-1.7740388907551656
0.3554,5.5173,1.7627000000000002,0.01636496677883774,0.005739706158518765,0.8346740634140462,39.850876525973,0.5051569565149778,-13.171676911608301,0.7400575515063351,-16.09798605360159,1.1049510537823566,-18.112501258251793,1.3649591194106097,-12.233442651217871,VIII,25,6,66,28.7379875468708,0.7984507928986703,1.0663386240211228,0.8094022353038415,1.1839091585202177,1.0103165210860805,0.9809673991850082,0.9544872158752703,0.722736182056895,-1.786084871980303
0.35293,4.36941,1.9726400000000002,0.01846500791371613,0.005764265190665696,-0.16895352368113745,-9.589760716393375,0.5046649571036992,-13.076362563534532,0.7413314325279089,-15.435792768102365,1.1185650647018541,-18.41364973633115,1.6711502384259853,-10.282778627685438,VIII,25,6,67,28.66684302763327,0.7964741270760216,1.0589276605958775,0.905803157343717,1.1889748643734679,1.0093325197233978,0.9826559648243437,0.9662473742415306,0.8848622100015683,-1.7336505018834325
0.35342,1.70952,2.2877799999999997,0.040694122356245394,0.005494683225813757,0.6993011602187389,34.96513850910905,0.5028470585987171,-13.007051067921608,0.7308809276230795,-15.8233602024216,1.1112719809016085,-17.362686298124462,1.3334732785488248,-1.8213481455371716,VIII,25,6,68,28.64139574876615,0.7957671047086612,1.0603978517207238,1.0505101525406604,1.1333691332880196,1.005696713327873,0.968803522408488,0.9599474071725707,0.7060646524193457,-1.3904683134427014
0.35264,5.5173,1.70566,0.016912237457088333,0.005582851567744129,1.1928028174842027,50.024825720765136,0.5013349075564776,-13.191933330449636,0.7343460214588207,-16.05697945918287,1.0997174497043742,-17.900026993557752,1.3196463945187065,-9.789335216031207,VIII,25,6,69,28.64158730702466,0.7957724269269669,1.0580575474811726,0.7832104252954842,1.1515553094824205,1.0026724034363652,0.9733966031507361,0.94996628423012,0.6987434152983495,-1.7717989322611538
0.35489,2.16054,2.28012,0.03230725923067485,0.004735987428681698,-1.6104972967473314,-58.16276983385616,0.5015095686085319,-13.053086132556794,0.7288365778541347,-15.52857052424139,1.1152625877275335,-17.452340842758638,1.4209542034631304,1.164841926150453,VIII,25,6,70,28.68963075528378,0.7971072569770362,1.0648084250952625,1.046992809191011,0.9768755989592091,1.003021726442225,0.9660936784621836,0.9633946034858295,0.7523851822991504,-1.4906998835633505
0.35562,2.73547,2.11634,0.027491772096407,0.005743359256021985,-0.39646679295945597,-21.62668175901345,0.5036320562822375,-12.792955766719265,0.731929011653056,-15.177034334040316,1.1220521502268876,-17.97781316974535,1.637374399002909,-0.6395005409038567,VIII,25,6,71,28.69034551159452,0.797127115630747,1.0669987098322782,0.9717877838900164,1.1846626701933913,1.007266712747749,0.9701927876932225,0.9692596149583613,0.8669781423520245,-1.5607972649987953
0.35539,4.36941,1.8071599999999999,0.02015583191909571,0.006453560549456283,0.3571241758186864,19.65287477297018,0.5034471224398118,-13.237789783405546,0.7408425547241245,-15.870040739075026,1.1069798343760162,-18.512631898625273,1.4974791208780134,-14.148566278037407,VIII,25,6,72,28.64600568667727,0.7958951863488367,1.0663086201206158,0.8298175205943665,1.3311534124837174,1.0068968441081096,0.9820079433472011,0.9562397325445249,0.7929045838388342,-1.695599271913491
0.35319,5.5173,1.70516,0.016917196592142254,0.0058402148125650255,1.174663385211104,49.59199283131473,0.5028076879705209,-13.168126235847355,0.7325352998948482,-16.05284273661273,1.0973542797435456,-17.920935678587668,1.3215750805589066,-9.869009309410746,VIII,25,6,73,28.59395193235908,0.7944489347161876,1.0597077620090614,0.7829808336930267,1.2046407278287443,1.0056179718682152,0.9709964400557946,0.9479249127966703,0.6997646408905728,-1.7716716037932152
0.35501,2.73547,2.12168,0.02742257878591965,0.004886196073701665,-0.4316154222238418,-23.345772655352814,0.5047175861573822,-13.05543678386414,0.7315238380205223,-15.166182145729492,1.1215562185709056,-17.951700607354383,1.6400349482495413,-0.7169303098092508,VIII,25,6,74,28.51215189959802,0.792176218127711,1.0651684719013472,0.974239822204263,1.007858611959642,1.0094377781024804,0.9696557184832457,0.9688312155066731,0.8683868843263012,-1.5618917071018024
0.35532,4.36941,1.9489799999999997,0.018689167262318236,0.007089580699391751,-0.1131445089359936,-6.455250232080642,0.5039421100104362,-12.984690273505016,0.7391062206061445,-15.448161302141935,1.113994929876094,-18.671921438099957,1.6598155963435155,-11.146544168817627,VIII,25,6,75,28.49033506962416,0.7915700634635142,1.0660985928170663,0.8949388827154255,1.4623430691866879,1.0078868218049113,0.979706382934279,0.9622995656475822,0.8788605973326094,-1.728410049152847
0.35316,3.45686,1.9507600000000003,0.023601222458038758,0.006292526683414457,-0.2739245456967941,-15.318948825326936,0.5034914823090424,-13.030139359969468,0.7378283265361729,-15.31073824413631,1.1147561538209638,-18.459361375251163,1.6940689754809601,-8.988542087772153,VIII,25,6,76,28.49499474433392,0.7916995269814655,1.05961775030754,0.8957562288201747,1.2979375189216615,1.0069855640755947,0.9780124978847955,0.9629571319002312,0.8969975188772149,-1.6270655015624855
0.35288,5.5173,1.7094999999999998,0.016874247991259018,0.006391567929745046,1.1167072511814893,48.155877725497675,0.5030116143717475,-12.858610160423646,0.7324445989900551,-15.918991730964786,1.096405974629632,-18.030293347426674,1.3258679474962967,-10.459351725513176,VIII,25,6,77,28.47653282640289,0.7911865845568641,1.0587776410933423,0.7849736888023582,1.3183664111617306,1.0060258257235124,0.9708762134186938,0.9471057406669354,0.7020376835160158,-1.7727755726020535
0.3542,5.5173,1.6749,0.01722283535796602,0.0049040807438077705,1.3642443503033634,53.75834093790475,0.500890193828573,-13.086032773294368,0.7301115872405483,-15.907115773705595,1.0958509679286088,-17.88004881714055,1.308297924515461,-8.507822598734226,VIII,25,6,78,28.43586937892317,0.7900567990480762,1.0627381559602749,0.769085949912296,1.0115476204473508,1.00178297368456,0.9677837397813077,0.9466263105609245,0.6927344808433201,-1.763895350039532
0.35574,2.73547,2.1180000000000003,0.02747022519287535,0.005670985482990498,-0.433413906691708,-23.432579375538783,0.5046870120127067,-12.940073048854934,0.7299413999876916,-15.04351543830463,1.1190123199027935,-18.01673385152825,1.6354019312821284,-0.5595549033882693,VIII,25,6,79,28.41113152664612,0.7893694872544789,1.067358756638363,0.9725500280101755,1.1697343846048565,1.0093766296552793,0.967558151722015,0.9666337256279283,0.8659337346701571,-1.5611377803456463
0.35773,2.16054,2.2676999999999996,0.03248420334129134,0.005609420950010491,-1.6445570976775996,-58.69761891473341,0.5027234472144972,-12.818964842432289,0.726793712045505,-15.501838920665257,1.116600613216497,-17.551020160807422,1.430068063787343,1.3767635631954231,VIII,25,6,80,28.38273002618072,0.7885803853548026,1.0733295328392691,1.041289753785965,1.1570356832389557,1.0054494899212445,0.963385801547616,0.9645504268314511,0.7572109067628732,-1.488327779621212
0.35708,4.36941,1.9495999999999998,0.01868322384638541,0.005131673673472559,-0.13994629241633047,-7.966592308245998,0.5033707639159811,-13.034875723527865,0.7368217042468699,-15.413000783097027,1.1114243679142037,-18.659061739931843,1.6667227733304366,-10.793112146903416,VIII,25,6,81,28.35478053472853,0.7878038419877794,1.07137927930631,0.895223576302473,1.058492419780794,1.0067441266662196,0.9766781913202731,0.9600790432797898,0.8825178986051004,-1.7285481828225677
0.35444,3.45686,2.09298,0.021997496737782347,0.005783317389961462,-0.5958217932095098,-30.787407301773346,0.5032489862071342,-12.987459372735614,0.7314318453753094,-15.011734973202625,1.1150624610033364,-18.284873285278234,1.6889784393999545,-3.3716246820047506,VIII,25,6,82,28.33245477752347,0.7871835473859612,1.0634582495724445,0.9610612642231996,1.1929046950326094,1.006500570619804,0.9695337796073636,0.9632217284981571,0.8943021160922601,-1.6576267380333953
0.35762,3.45686,1.9395599999999997,0.023737507848297396,0.005779704160449206,-0.2897532522952923,-16.159117289867275,0.5042455031279041,-12.796576992705136,0.736034847323475,-15.246446689262097,1.113021602432901,-18.560627844244628,1.6939185721144725,-8.812147011727872,VIII,25,6,83,28.31368834895745,0.7866621444956586,1.0729994899336914,0.8906133769251253,1.1921594067907981,1.008493609606224,0.9756351900184118,0.9614587785392228,0.8969178813603707,-1.6245648786647549
0.35387,4.36941,1.8972200000000001,0.019199045556610717,0.006098762965236371,0.005975381925599579,0.3423600906771408,0.5030518096861448,-13.055079946300376,0.7358547812593733,-15.499874386974591,1.1043075492597039,-18.630629229712753,1.6254056424442738,-12.263782544251793,VIII,25,6,84,28.27920937185455,0.7857041871383021,1.0617480272435418,0.8711715600290203,1.2579705529822123,1.00610621655983,0.9753965073129603,0.9539313389084785,0.8606407705610718,-1.7167203608693855
0.35916,4.36941,1.8413400000000002,0.019781687907129038,0.005321873094038088,0.15563847108320478,8.846452972031928,0.5023977613190569,-12.96949087235146,0.7358985262372163,-15.613544660609366,1.1032109721778056,-18.758542123415232,1.5678169218117826,-13.68745517251218,VIII,25,6,85,28.24692963199444,0.7848073329711887,1.0776200906117797,0.8455124025383648,1.097724190490617,1.0047981164488922,0.9754544925291839,0.9529840853606305,0.8301479510417298,-1.7037366542213024
0.35454,5.5173,1.72608,0.016712161047609198,0.0053879162262635005,0.8359253237634902,39.893104752706016,0.4992964546077988,-12.792176903181243,0.728839819099397,-15.933044171543107,1.0891031649498166,-18.299632158719422,1.3579599706561798,-12.30877034093741,VIII,25,6,86,28.20394462268704,0.7836130456291027,1.0637582885775152,0.7925869463398506,1.1113466768931624,0.9985954870147544,0.9660979748252552,0.9407973721147779,0.7190301823851912,-1.7769673879062187
0.35543,2.73547,2.2282,0.026111631343016785,0.006573082807779462,-0.7864991272175145,-38.18501961200563,0.5042113318944128,-12.752009168953782,0.7243890814304557,-15.189318852293846,1.1122299427216404,-17.82564298004272,1.5421198202940525,1.3075216919446195,VIII,25,6,87,28.17967800340699,0.7829388264836763,1.066428635722644,1.0231520171918191,1.3558068515915391,1.0084252669628202,0.9601983950605877,0.9607749210315666,0.816541517869671,-1.5831659944681962
0.35933,4.36941,1.7886600000000001,0.020364302444798334,0.005720898617188719,0.30893408286969654,17.167701358256043,0.5025355106981971,-12.987086115710014,0.7340133058701265,-15.668374279160751,1.0984287858613015,-18.698225332039975,1.5082307181491206,-14.331294796656461,VIII,25,6,88,28.15868126291699,0.7823554570300851,1.0781301569203996,0.8213226313034374,1.1800297926058423,1.0050736159183538,0.9729555791451768,0.9488531008365542,0.7985974784114488,-1.6911304615693092
0.35849,4.36941,1.9126400000000001,0.01904425987687855,0.005053722250286552,-0.0659290131399196,-3.771995358617318,0.5025097317931249,-13.000105177785258,0.7341198576746804,-15.366754937875022,1.104615067889219,-18.754050981422758,1.644453943129802,-11.67907658791785,VIII,25,6,89,28.09446560047913,0.780571301249991,1.075609829277806,0.8782521650488111,1.0424136517601301,1.0050220579751161,0.9730968166021543,0.9541969819878809,0.8707267108037913,-1.7202359007994876
0.35369,1.70952,2.30806,0.04033655938067948,0.006618682306628265,1.7352013757663451,60.04506707376231,0.5014605790985701,-12.797979558084501,0.7229138020782404,-15.689146232266157,1.095541694746564,-17.59817630841498,1.3115133283197555,-2.7847766667470215,VIII,25,6,90,28.05423320765769,0.7794534920820352,1.0612079570344146,1.0598223879363387,1.3652125010830038,1.0029237471693753,0.9582428701878689,0.9463591518506229,0.6944370143743541,-1.3943011489024102
0.35672,4.36941,1.9270400000000003,0.01890194973166773,0.005900510796043257,-0.121295229889622,-6.915919900086923,0.5029326821754467,-12.784367234952326,0.7332328187991547,-15.185479525555222,1.1047053961090259,-18.728203666174515,1.657791782918646,-11.10594461301725,VIII,25,6,91,27.97590095903868,0.7772771237501409,1.0702991388880554,0.8848644031995886,1.2170777699159796,1.0058679609233947,0.9719210212644414,0.9542750099971247,0.8777890024642464,-1.7234933961425465
0.3561,1.70952,2.31596,0.04019896684060652,0.006131294853058966,1.9062106250942297,62.31845156160492,0.49899643654585346,-12.570802985388367,0.7221717206722004,-15.705474063424965,1.0942805059743095,-17.608675310942193,1.3041561786649967,-3.24519989903153,VIII,25,6,92,27.93474413794497,0.776133630442481,1.0684388970566174,1.063449935255168,1.2646807919514949,0.9979954493419116,0.9572592201117567,0.9452697021815162,0.6905414557626078,-1.3957851086366608
0.35544,1.70952,2.4211,0.03845326473263024,0.006050351923594377,1.751607910887433,60.27778029977899,0.49894989167270665,-12.759024234781284,0.7229423037645849,-15.725870873745817,1.08905047109589,-17.78649203000246,1.2872194181442669,-6.224119443722307,VIII,25,6,93,27.9131998450402,0.7755350478964972,1.066458639623151,1.1117284574199413,1.2479849763706996,0.9979023593553131,0.9582806499863034,0.9407518537094548,0.6815735610754396,-1.4150667821258633
0.35916,4.36941,1.7562800000000003,0.020739752892997124,0.005919720946133078,0.43050053671128324,23.29190384032646,0.502238334727885,-12.977322435904323,0.7306040957567518,-15.785708607102864,1.092988313648229,-18.75444946853507,1.462565530857012,-14.441949029732648,VIII,25,6,94,27.83993616263109,0.7734995036464059,1.0776200906117797,0.8064542791282866,1.221040180534184,1.0044792624434506,0.9684365738713502,0.9441534707869454,0.7744180853094321,-1.683196422385122
0.35732,2.16054,2.10872,0.03493324287579496,0.005347365810713656,-1.083214890891718,-47.28748774877089,0.5011823415341796,-12.436456560202911,0.7201498666978745,-15.163975106474126,1.1070561426378216,-17.710486547430488,1.5060181988889627,1.4262916696189563,VIII,25,6,95,27.80511580263821,0.7725320613716123,1.0720993729184796,0.9682888078685632,1.1029824841931566,1.0023672706040918,0.9545791949830498,0.9563056497271092,0.7974259651404108,-1.456761096650026
0.35663,4.36941,1.7490999999999999,0.020824888920537986,0.005831857292120657,0.4704979132236169,25.196886681547397,0.49929138709684234,-12.817908445383527,0.7292112166403473,-15.700956591558498,1.0889094749520687,-18.582438475710514,1.4497259932584188,-14.261645689073228,VIII,25,6,96,27.70535835578961,0.769760419397591,1.070029103783492,0.8031573437169961,1.2029168512532993,0.9985853519666786,0.9665902728621688,0.94063005734906,0.7676196411279023,-1.68141730643143
0.35812,2.16054,2.14688,0.034312317370810835,0.004975546965429456,-1.393147705112018,-54.32925348242899,0.5011965044031464,-12.637698206782522,0.7201362157136297,-15.096281914944786,1.1049185692547405,-17.65158366617695,1.4777686048841359,1.5072606268620778,VIII,25,6,97,27.63182859428237,0.7677174824563263,1.0744996849590447,0.9858112389681233,1.0262887085738175,1.0023955964151463,0.9545611002139556,0.9544591548437729,0.7824680052825932,-1.464549949755856
0.36172,3.45686,1.9247,0.023920777639239204,0.0048631943060833405,-0.31282288465009145,-17.370877113297624,0.5036755344074109,-12.731480635454199,0.7310797646460366,-15.01419847696509,1.1064041321919886,-18.633741128084207,1.6856126376830751,-8.521396514223516,VIII,25,6,98,27.56594944746014,0.7658871087417471,1.0853010891415884,0.8837899145000871,1.003114117626065,1.0073536692225673,0.9690670865554586,0.9557424251091187,0.8925199479321848,-1.6212247059988063
0.36134,2.16054,2.18852,0.03365947211679416,0.005441629651228852,-1.73034310519812,-59.97552086559829,0.5016298393895837,-12.470906231890694,0.7183008555143588,-15.147452949473486,1.1062845510278347,-17.596917120413888,1.429938341314784,1.5701842743234475,VIII,25,6,99,27.51287486187193,0.7644124945267969,1.08416094092232,1.004931627620788,1.122425957608184,1.0032622686252701,0.9521282779049584,0.955639127599194,0.7571422196328258,-1.4728926993691402
0.35876,3.45686,1.96182,0.02346816768217456,0.004741826444509545,-0.4170848671156101,-22.64027849253597,0.5020037715248178,-12.70478298009997,0.7266451644638704,-14.976171296497299,1.1007601666890718,-18.46343287191777,1.685629617510666,-7.003479272921138,VIII,25,6,100,27.43621024416477,0.7622824593357204,1.076419934591497,0.9008347950665355,0.9780799923766442,1.0040101348262986,0.963188897489932,0.9508670119395176,0.8925289386305805,-1.62952081737138
0.3634,2.16054,2.1901800000000002,0.03363396064115568,0.005301994405450816,-1.781424662209864,-60.692390968227855,0.5017890897913589,-12.492807821031501,0.7177121959516642,-15.125800923689017,1.1038726595028363,-17.570920153324842,1.421437871264799,1.524566496658924,VIII,25,6,101,27.38854094374978,0.7609580245383569,1.0903417444267756,1.0056938717409472,1.0936238827696525,1.0035807702510084,0.951347992859496,0.9535556691339447,0.7526412809730161,-1.4732219883702125
0.36092,1.70952,2.2795199999999998,0.040841580352078986,0.005309236720490718,2.073521390871923,64.25331756649643,0.4997565327432631,-12.642766266981468,0.7186875239305753,-15.470365363938006,1.0889905803614122,-17.612321941660802,1.2868843129247132,-3.4166281353476555,VIII,25,6,102,27.33026824154324,0.7593389868376386,1.0829007771010233,1.0467172992680618,1.095117729818234,0.9995156456610034,0.9526408179227325,0.9407001184400846,0.6813961252361361,-1.3888974613718958
0.35999,5.5173,1.7374999999999998,0.01660231766391786,0.004649462583599662,0.6238306281335597,31.957178057225644,0.500381849027434,-12.750383535473693,0.7249193305737336,-15.676622292607533,1.0822081051005166,-18.423499532934517,1.3898189340342648,-13.906579282077915,VIII,25,6,103,27.22461967453851,0.7564036670990537,1.080110414353866,0.797830818539981,0.9590284211241329,1.0007662814577674,0.9609012554285992,0.9348412291197343,0.7358992777512928,-1.7798312807315917
0.36388,2.16054,2.18898,0.03365239879626418,0.004023075469987647,-1.9255882828561925,-62.55616344887603,0.5019054955401232,-12.388522391583452,0.7185303812791735,-15.064213135677647,1.1032095187206952,-17.49920365247406,1.4147409914094562,1.4833301996933699,VIII,25,6,104,27.15035145914547,0.7543402130951494,1.0917819316511146,1.005142851895049,0.8298257372056085,1.003813582349524,0.952432520854845,0.9529828298242644,0.7490953305415964,-1.4729839731383743
0.35947,3.45686,2.02366,0.022751015843690985,0.005026435042326194,-0.5549416162677274,-29.027717220421376,0.501459602757491,-12.570353048187718,0.7234638307014855,-14.783016325470886,1.1009709806006216,-18.222414654362595,1.672399779212693,-4.478089879449444,VIII,25,6,105,27.11758740829844,0.7534299029234746,1.0785502115274987,0.9292306844584851,1.0367852146028085,1.0029217944821762,0.9589719488209074,0.9510491188145815,0.885523832994277,-1.642999207118518
0.36129,1.70952,2.2294799999999997,0.04175825719188829,0.004426231640131506,1.8700214630885663,61.86421287225554,0.49901411124597755,-12.542779014210698,0.7174083303775486,-15.465762316620346,1.0871124387149533,-17.472310012260838,1.2901547475745108,-2.5619454398459274,VIII,25,6,106,27.09419106637152,0.7527798633988901,1.0840109214197846,1.0237397716941103,0.912983353460728,0.9980307988334118,0.9509452103713836,0.9390777278509165,0.6831277972099327,-1.3792576351911487
0.3654,2.16054,2.0755,0.03549237673671229,0.0051018758505265716,-1.2376092157913046,-51.061459579221484,0.5025950435829635,-12.292134445691769,0.7176379032452401,-14.87311848959599,1.1042164625122879,-17.612664018261036,1.478926480844989,1.6089195203830258,VIII,25,6,107,26.98523765989174,0.749752722627432,1.0963425245281888,0.9530347418012837,1.052346126832093,1.0051926819952466,0.9512495157574775,0.9538526556621514,0.78308109239952,-1.449864917274619
0.36708,1.35352,2.17068,0.05417010151008005,0.004101806004989328,1.5338181873190695,56.8969460146646,0.5025612721186931,-12.468774992588678,0.7211532935822307,-15.710416324830927,1.0816839120068669,-17.70118404449412,1.2558916170513208,-7.959037643858262,VIII,25,6,108,26.90589032993235,0.7475481514681906,1.101383179813376,0.9967397992451027,0.8460652099014966,1.0051251388923483,0.9559092659471466,0.9343884166581995,0.6649857123756702,-1.2662403505817779
0.36755,4.36941,1.8318599999999998,0.01988405948648532,0.004579058338364306,0.05057842498932301,2.8954629327506125,0.5023350028390239,-12.68489837250071,0.7298216371217958,-15.161519135084816,1.0925059509861799,-18.635128197242352,1.579269094838628,-13.249253690822595,VIII,25,6,109,26.81804641069624,0.7451075126847336,1.102793363137208,0.8411593457557694,0.9445063831607206,1.0046725991648127,0.9673994026263026,0.943736792606708,0.8362117955129482,-1.7014949462666094
0.36515,2.73547,2.00408,0.029031743722061992,0.0040941020375969694,-0.5991589015690365,-30.928308537035036,0.5016969877024806,-12.401878647758414,0.7201522097147575,-14.673834825646285,1.102718068280128,-17.889737742198477,1.6116428195328818,-1.193710958271433,VIII,25,6,110,26.73366573994489,0.7427630961400172,1.095592427015512,0.9202398773062476,0.844476139433278,1.0033965655977413,0.954582300718777,0.952558301370129,0.8533534533485244,-1.5371268785284133
0.36348,2.73547,2.0016,0.029067714307808756,0.004764505002769148,-0.5907225657241684,-30.571305001418025,0.5036074744952843,-12.439980362151575,0.7185453710281624,-14.685107709695181,1.099453825614949,-17.832568358695,1.6085712070802625,-1.2326366340930424,VIII,25,6,111,26.65433490477416,0.740558983268854,1.0905817756308323,0.919101102958058,0.9827578194437545,1.0072175490469302,0.952452390194804,0.9497385584658956,0.8517270563193422,-1.5365891169235248
0.36283,2.73547,2.02908,0.02867404782389556,0.005051663207871149,-0.5714786591932938,-29.747044651166668,0.5012566533952255,-12.349580195144616,0.7161326876825641,-14.668754885391168,1.09943983837608,-17.788162912075034,1.5914871641291513,-0.6308560210755745,VIII,25,6,112,26.70347276961219,0.7419242203814836,1.0886315220978728,0.931719457429125,1.041988940266884,1.0025158947098456,0.9492543095836797,0.9497264759029257,0.842681176628884,-1.5425109947586502
0.36787,5.5173,1.65836,0.01739461090538682,0.00588173105756451,0.9239121738426035,42.735218571078,0.5008750597271923,-12.485112773827879,0.72005825304019,-15.605455195357308,1.075642334498399,-17.99064975473269,1.291899556747369,-12.475045158380306,VIII,25,6,113,26.61985698872331,0.7396010553915664,1.1037534879534339,0.7614910597030002,1.2132041387987134,1.0017527054036632,0.9544577584659496,0.929169535264483,0.684051661303792,-1.7595852814052326
0.37124,3.45686,2.0302,0.02267772668813107,0.003916814055658524,-0.6180196906604095,-31.716881614377513,0.5044504091847687,-12.30330828186085,0.7217001385668045,-14.529761793316622,1.0997689673602467,-18.026877305710226,1.6364591846600711,-2.910739171947599,VIII,25,6,114,26.58986795760597,0.7387678458414945,1.1138648024243152,0.9322337426186298,0.8079075661098906,1.0089034227778553,0.9566341245762936,0.9500107866031018,0.8664935428424129,-1.6444004831249681
0.3705,4.36941,1.7473999999999998,0.020845148913192744,0.004391618613069803,0.20320046378405537,11.486143721734445,0.5035362911237093,-12.520034203466434,0.7269181170011283,-15.226039256522307,1.082580429521688,-18.422591796966078,1.5013598849325243,-14.66286803587345,VIII,25,6,115,26.49455377312933,0.7361196546260955,1.1116445137867923,0.8023767322686404,0.905843845163489,1.0070751819362702,0.9635507038657062,0.9351628532305489,0.7949594209078242,-1.680994998021642
0.36731,1.70952,2.17036,0.04289574045051101,0.005119370086747788,1.9708591238761453,63.09708458690375,0.49826057901104437,-12.388465960228935,0.7142075633353863,-15.45136798959564,1.0800250246070888,-17.22008438964178,1.2579422049242635,-2.700994036716495,VIII,25,6,116,26.44709240508736,0.7348009969823285,1.1020732695250384,0.9965928606195299,1.0559546018849273,0.9965237304731618,0.9467025023355611,0.9329554239385268,0.6660714841245726,-1.3675858311412188
0.37041,2.16054,2.15538,0.034177002624616704,0.004059955281856431,-2.110527565271801,-64.64769549843899,0.5017702697641627,-12.118984518274525,0.7127953930200424,-14.944490104908104,1.0901682926180833,-17.130574098892694,1.356060310261876,1.4096937617471272,VIII,25,6,117,26.39630257798093,0.7333898620634975,1.1113744786822288,0.9897142962099017,0.837432807294232,1.0035431300994508,0.9448306302917863,0.9417174587911565,0.7180243256668034,-1.4662660282352333
0.37115,2.16054,2.1303600000000005,0.03457839422306387,0.0038438549239288577,-2.0213135954619363,-63.67711857848674,0.5018484623062707,-12.05625649790613,0.7121887429923514,-14.921660754507094,1.0902314126337147,-17.159545359031853,1.36429297182338,1.508912260778816,VIII,25,6,118,26.34943788701036,0.7320877823822612,1.1135947673197515,0.9782255324229262,0.7928585406255048,1.003699515587364,0.9440264983716832,0.9417719836027124,0.7223834616295693,-1.4611951786808066
0.37101,3.45686,2.00478,0.022965273357796717,0.004452671368158911,-0.6142703843405176,-31.5611741321947,0.504625687214816,-12.213625251280877,0.7187401066121998,-14.433274163929163,1.0936702901261373,-17.94156661578686,1.6272418286764136,-3.1827532150749756,VIII,25,6,119,26.38585363959038,0.7330995507419662,1.1131747127126528,0.920561305549688,0.9184369838898695,1.0092539797428863,0.952710517767468,0.944742580890477,0.8616130181603517,-1.6389283807674537
0.36791,4.36941,1.8660200000000002,0.019520055096361767,0.006262225522868148,-0.13534594033359915,-7.707913026845743,0.5034048923686438,-12.285402493611135,0.7235728975265143,-14.81846772761662,1.0847082560727328,-18.33556802552252,1.6093628923449967,-11.331290947844586,VIII,25,6,120,26.28895173339338,0.730407246567563,1.1038735035554623,0.8568450440356693,1.2916874042827224,1.0068123837477454,0.9591165200092807,0.9370009285313687,0.8521462480573863,-1.709518960849034
0.3665,3.45686,1.8026200000000001,0.02554077993267782,0.005326640922173165,-0.2241274717877528,-12.632791329241547,0.5009695820888207,-12.446057011748776,0.7209457147233458,-14.638578259448668,1.083065458648669,-18.23157189448155,1.6256557994753718,-10.118547438591955,VIII,25,6,121,26.22893599230449,0.7287397806052832,1.099642953583966,0.8277328288440522,1.0987076337609647,1.001941750614926,0.9556341142472394,0.9355818347767864,0.8607732269365042,-1.592765844923564
0.37225,3.45686,1.89242,0.024328806883378795,0.00472710536227805,-0.44800715133773894,-24.132720844694926,0.5026881036141684,-12.325292246807914,0.7190503839735992,-14.46917511631525,1.0883862166852312,-18.16775157964329,1.6445876718492791,-6.622594573266237,VIII,25,6,122,26.11813130292511,0.7256612041410281,1.116895196375529,0.8689674806454278,0.9750435261193379,1.0053788025381125,0.9531217992625604,0.9401780524167259,0.8707975192131948,-1.6138791889183541
0.36989,3.45686,1.81054,0.025429054714197808,0.0043286236477466655,-0.28059335781911865,-15.673766912079401,0.5035839657860695,-12.355590805394451,0.7190913560047423,-14.664621142496445,1.0833055593005332,-18.198636203986197,1.6290633941616928,-9.261634095528022,VIII,25,6,123,26.08241227284199,0.7246687933869721,1.1098142758558613,0.8313695598269797,0.8928500935101862,1.0071705315071282,0.953176108858818,0.9357892403464206,0.8625775241777669,-1.5946697837502868
0.36727,2.16054,1.97992,0.03720575978678248,0.004383749238576762,-1.2179249770266167,-50.611655483903085,0.498061453585027,-12.223205947554632,0.7083622309026124,-14.620738980367104,1.084507872493647,-17.234435863423563,1.4429694734295906,1.6245433270496359,VIII,25,6,124,26.03263575107238,0.7232858119513423,1.1019532539230101,0.9091460110754988,0.9042206567498611,0.9961254785930699,0.938954347422097,0.9368278316653547,0.7640421117531122,-1.4293898222153183
0.36637,4.36941,1.8458599999999998,0.019733248031222842,0.005332200145536592,-0.12123467442512739,-6.912500608868235,0.5004678202306599,-12.300246656820256,0.718922987644694,-14.641239426879787,1.0763676203599468,-18.23036164970537,1.5959529050364258,-11.527551555223614,VIII,25,6,125,26.04339993036654,0.7235848818663219,1.099252902877374,0.8475879106245808,1.0998543153632019,1.0009382243080769,0.9529529317938378,0.929796057208901,0.8450457547964504,-1.7048014253438348
0.37084,1.35352,2.0633399999999997,0.05698816285532223,0.004368788365917753,1.4927892094893398,56.182385781875794,0.49967354528493757,-12.338231573279199,0.7094367680500504,-15.342190232581737,1.063206299032905,-17.479145187812513,1.22037504103341,-8.326417760164817,VIII,25,6,126,25.96758711323843,0.7214785129409024,1.1126646464040326,0.947451074029516,0.9011347297579074,0.9993496703158994,0.9403786770687637,0.9184269446064143,0.6461799370334737,-1.2442153432833432
0.37342,1.35352,2.01164,0.05845278277718706,0.0045978001801390556,1.603330005254332,58.04813085595203,0.4996508241685458,-12.2172541647494,0.7085034168777403,-15.25770436153109,1.0619888155849797,-17.36059075169479,1.205870906503991,-7.607354065517525,VIII,25,6,127,25.9157360181304,0.7200378919532933,1.1204056527348556,0.9237113023354057,0.9483721974571077,0.9993042279658099,0.9391414934603217,0.9173752488026893,0.6385001005718819,-1.233194808436983
0.3692,3.45686,1.94904,0.02362205020022354,0.005539998745834662,-0.6023852353859254,-31.06413897286617,0.500330410104436,-12.142214734635447,0.7125018219729036,-14.278609812762308,1.0805142951248459,-17.821523175285034,1.6162200047314232,-3.9757624393080473,VIII,25,6,128,25.86057805789103,0.7185053936523608,1.1077440067208737,0.8949664337077207,1.1427162074577017,1.0006634033461994,0.944441493492896,0.9333780693151752,0.8557770404786573,-1.6266824118874719
0.3738,4.36941,1.7741,0.020531431830738398,0.003487887366294906,0.021767167077187437,1.2469698882704954,0.501388690674867,-12.207073749852503,0.7177044186268233,-14.79184163013403,1.0704926559509973,-18.321468208256395,1.546811815971624,-13.543497752285646,VIII,25,6,129,25.80504042843416,0.7169623466939324,1.1215458009541242,0.8146369238398735,0.7194343547909345,1.0027799699508189,0.9513376837935237,0.9247211008089146,0.8190258963349394,-1.6875807625385535
0.3696,4.36941,1.70946,0.021307789132774677,0.004363475861503374,0.16851179653816492,9.565152236664863,0.5011706030971995,-12.047930702093419,0.7159307426252639,-14.85858713945026,1.064084327565485,-18.24749461309468,1.4907204357874835,-14.677178333968751,VIII,25,6,130,25.75458466202421,0.7155604932541038,1.1089441627411565,0.7849553214741617,0.9000389380122747,1.0023437936695276,0.9489866256485117,0.9191854098856251,0.7893259079733155,-1.671461609753057
0.37463,4.36941,1.65956,0.021948476229189058,0.005030073337204399,0.3314454090591791,18.337540663292646,0.4996289185707867,-12.211882426852434,0.7143125868388249,-15.083267757094886,1.0618673138748331,-18.323932342466115,1.4229873451091988,-15.598857968501198,VIII,25,6,131,25.76572212825566,0.7158699345025169,1.1240361246962107,0.7620420795488982,1.0375356729901795,0.999260416657196,0.9468417139858062,0.9172702922721309,0.7534617163945414,-1.6585956252271372
0.37285,1.35352,2.06726,0.05688010020311938,0.004783618354211483,1.3708992543452827,53.89118593477688,0.499433545231467,-12.300136997723534,0.7084417846003613,-15.271381515262718,1.0549861288931903,-17.435215400998647,1.212899672967525,-9.1972133019641,VIII,25,6,132,25.75329570902078,0.7155246812284385,1.1186954304059529,0.9492510721927834,0.986700263742756,0.998869668969871,0.9390597981182186,0.9113261347707031,0.6422217826106946,-1.2450396472005214
0.37724,2.16054,2.05906,0.0357757558871749,0.003808968640011845,-2.1802528860642636,-65.36085658671784,0.5000379774923258,-11.847818884035574,0.7014341915955054,-14.618535528819923,1.0750408742831778,-16.966084381974913,1.337614325920774,1.6013777775492137,VIII,25,6,133,25.53854545780008,0.7095581009979092,1.131867142728555,0.9454857699124796,0.7856626685903505,1.0000785366121894,0.9297710336558755,0.9286499773308343,0.7082573076606334,-1.44641118149101
0.37035,4.36941,1.82348,0.019975438837230457,0.0038751020260008873,-0.1357683653200523,-7.731679469393504,0.5008723136781706,-12.055750738404088,0.7142946038407575,-14.572828345463538,1.0686182128237802,-18.281704061975198,1.5928883608966815,-11.390701943185567,VIII,25,6,134,25.44454404913535,0.706946383696566,1.1111944552791864,0.837311390498581,0.7993037713217462,1.0017472132914425,0.9468178770087928,0.9231019051027433,0.8434231003888517,-1.699503670962949
0.37661,4.36941,1.7144199999999998,0.021246143425130946,0.0030579971002661632,0.12797510464883513,7.29279289898003,0.4999854510357566,-12.157017636025651,0.7145046711164609,-14.847341790715927,1.0620355912744202,-18.410429820330073,1.5042495971745067,-14.70819914493341,VIII,25,6,135,25.4128219372317,0.7060650225587836,1.1299768969966097,0.7872328701705404,0.6307623898760153,0.9999734834278641,0.9470963271761903,0.9174156549341934,0.7964895030643618,-1.6727198910813137
0.37095,2.73547,2.05682,0.028287325560092762,0.004635937106809096,-1.0348161851412006,-45.980248657393574,0.499414570830419,-11.753524071484682,0.7021818239312417,-14.317924376463493,1.0728317992823977,-17.13252178854329,1.4576507348624013,1.3832631749971418,VIII,25,6,136,25.37706785311216,0.7050716378700314,1.1129946893096103,0.9444571995334697,0.9562385682286259,0.9988317200698127,0.9307620416476745,0.9267417173767516,0.7718157356549844,-1.5484081111997505
0.3767,1.35352,2.21968,0.052974282755127125,0.0036862079962776684,0.9463400171343951,43.420773393011196,0.4987358100429953,-12.132821429806619,0.7057879064545884,-15.231510232265226,1.0487671405204577,-17.705974986328687,1.2404558064637474,-12.906808680013844,VIII,25,6,137,25.39081266661923,0.7054535211603997,1.1302469321011732,1.0192397762859424,0.760341259025329,0.9974741949906163,0.9355420069179075,0.9059540009760604,0.6568125600428492,-1.275934914703986
0.37343,4.36941,1.7103200000000003,0.021297074939726476,0.0049751678746593475,0.12562257022011908,7.160135520424146,0.4983516339505894,-12.087332106404821,0.7121603244168111,-14.736750215578496,1.0577765050237367,-18.333231356854302,1.4996660509190314,-14.614969902040974,VIII,25,6,138,25.31069801373083,0.7032276308465002,1.1204356566353626,0.7853502190303888,1.0262105148436427,0.996705840822356,0.943988828738991,0.9137365386840466,0.7940625477996548,-1.6716800409166468
0.374,1.07079,1.9922000000000002,0.07460756898855701,0.0037611500838924394,0.718582759365529,35.700372706062375,0.49773433010785173,-12.216695243192772,0.7063172622145771,-15.13724645559007,1.045775572039103,-17.890132158078025,1.287381501072006,-14.435853769704307,VIII,25,6,139,25.18596438979259,0.6997620555075111,1.1221458789642655,0.9147847808318562,0.7757993018998878,0.9954712299498256,0.9362436830808799,0.9033698015573676,0.6816593828372088,-1.1272171108220304
0.37588,2.16054,1.8794400000000002,0.039194881409912716,0.0044648151128702795,-1.3628431684596154,-53.73026302626232,0.49789468371967727,-11.753655058942527,0.6959022419361005,-14.183181175025616,1.0668912147050529,-17.08532853418643,1.417146654041052,1.7997246018374868,VIII,25,6,140,25.05981088929961,0.6962570305877501,1.1277866122595939,0.86300728264563,0.9209418317314584,0.9957919380013603,0.9224382765496706,0.9216100764642499,0.7503691118592576,-1.4067706452391497
0.37449,4.36941,1.7280799999999998,0.021078198469349215,0.005193278503452803,0.02950343111705023,1.6899318628181619,0.49905595360046573,-11.953019058108984,0.7094492073852434,-14.544721753364554,1.0541498442550423,-18.206491129222407,1.5261176389844455,-13.821795221784514,VIII,25,6,141,24.99368640498478,0.6944198404628298,1.1236160700891116,0.7935053127496807,1.0711994330683023,0.9981144837584145,0.9403951657624701,0.9106037290195952,0.808068476252658,-1.6761665105493808
0.37251,1.35352,2.2001600000000003,0.0534442749372321,0.005495412231943386,0.9175990285162354,42.53946204354638,0.49542888442792843,-12.114346682041953,0.7014590927660749,-15.087834485348091,1.0399862554196673,-17.61156449969743,1.2406142233385016,-13.058577553753025,VIII,25,6,142,24.90202636626223,0.6918731753396796,1.1176752977887126,1.010276520126,1.1335195028382454,0.990860326687279,0.9298040408679236,0.8983688300817622,0.6568964406555393,-1.2720988104989097
0.37691,2.73547,2.0178399999999996,0.028833771239796024,0.00478029576432798,-1.0061054451092692,-45.17437525909407,0.4973648162103972,-11.609352052765765,0.6958985090833294,-14.036540290346936,1.0651492245415324,-17.156686259537718,1.4487799036001454,1.3449894657013373,VIII,25,6,143,24.89949899865044,0.6918029554375278,1.1308770140118216,0.9265582382058791,0.9860149247228747,0.9947322002471669,0.92243332854682,0.9201052972836978,0.7671186933575402,-1.5400985514542875
0.37965,2.16054,1.8631199999999999,0.039538208981196254,0.003924359366269892,-1.2957089696496409,-52.3398211228587,0.501596838829302,-11.551640572460538,0.6947424751205383,-14.042404727754413,1.0625085171800102,-17.0873803925794,1.4134078100953384,1.779220952616059,VIII,25,6,144,24.85720844723895,0.6906279627818468,1.1390980827507577,0.8555134127414155,0.8094639109975847,1.003196267334329,0.9209009725462084,0.9178241813837558,0.7483894204822745,-1.4029830074351035
0.37281,1.70952,2.00556,0.04642055049171857,0.005496537102431087,2.0489995027692443,63.98563120953858,0.4946860509406691,-11.76807320605165,0.6933971113165794,-14.628433239607693,1.0459549438621334,-16.876400390293043,1.215726351772456,-2.461766710570295,VIII,25,6,145,24.78476294767762,0.6886151507687459,1.1185754148039244,0.9209194684495219,1.133751525948098,0.9893746558776128,0.9191176544393382,0.9035247478885962,0.6437184890089486,-1.3332897136410204
0.37785,2.16054,1.9830999999999999,0.03714609849077019,0.004127310608773638,-2.219894361243464,-65.74977458994532,0.4971737912308455,-11.601638931442787,0.6912000942437115,-14.262689558749997,1.0547384724882718,-16.921216455087546,1.3290627586985297,1.5551000857209933,VIII,25,6,146,24.6615171536429,0.6851909130134769,1.1336973806594859,0.9106062136671287,0.8513259555164718,0.9943501493018277,0.9162054456259162,0.9111122023330488,0.7037293134101709,-1.4300867940947748
0.37296,1.07079,2.0867400000000003,0.07122746434103112,0.004319003542511246,0.5643388695849889,29.437726329983775,0.4960537329365364,-11.945197060748496,0.7018707735793012,-14.930908443341453,1.0344796040380122,-17.997477504191576,1.323256044577971,-15.527974497900198,VIII,25,6,147,24.56119152946978,0.682403484908484,1.1190254733115306,0.9581959610245295,0.890865787976141,0.9921100269305021,0.9303497355315655,0.8936120326398486,0.700654699427885,-1.1473525160274567
0.3738,3.45686,1.84616,0.02493842392980224,0.0034521857274307233,-0.5093954303623455,-26.994085548109556,0.49578453083601765,-11.576803655805517,0.6999230558060536,-13.836225185643684,1.0559865321034327,-17.944999888151266,1.6062132066519763,-5.310709725278683,VIII,25,6,148,24.4875417524071,0.6803572134778003,1.1215458009541242,0.8477256655860554,0.7120703023363059,0.9915716213396111,0.927767980052576,0.9121903106739057,0.8504785118006141,-1.6031309967363263
0.37363,1.70952,2.0877600000000003,0.044592864718248776,0.004554223696096704,2.0706384452049544,64.222113222698,0.4933269161592665,-11.830936356506072,0.6910194552018212,-14.704001576802094,1.0353960764415382,-17.063660571703107,1.19129280139953,-4.838446363460204,VIII,25,6,149,24.52468927060744,0.6813893130746458,1.121035734645504,0.958664327893543,0.9393838281697218,0.986656379297781,0.9159660034220581,0.8944037067957975,0.6307810972149376,-1.3507346269694265
0.37642,1.70952,1.9110200000000002,0.04871701983452349,0.008874295977610414,2.834275583852054,70.56594349990169,0.4887768490827463,-11.421188285101632,0.6773267664136523,-14.40308484900362,1.01122352903515,-16.588496774033054,1.1378003749017038,-2.211333885307273,VIII,25,6,150,24.50754312372211,0.6809129277831073,1.1294068228869754,0.8775082882568487,1.8304700612101465,0.9775562216533681,0.8978159537657312,0.8735227932064059,0.6024572364148486,-1.3123192866520275
0.37527,4.36941,1.6018599999999998,0.022739074083198904,0.01114981481993571,0.12195964681822234,6.9534332410117745,0.4905114590232737,-11.747326492595047,0.6922042894478186,-14.145321392698714,1.0090671332702381,-18.164156158129778,1.4827412771594597,-16.442372118973548,VIII,25,6,151,24.47695825852371,0.680063163691988,1.1259563743286627,0.7355472086252972,2.299833391563887,0.9810254504899761,0.917536535019764,0.8716600390301641,0.7851010000175854,-1.6432272234101275
0.37419,4.36941,1.7008199999999998,0.021416030626940533,0.005404209258968562,-0.0035910740953073294,-0.20575250513429083,0.49317429779121913,-11.888637856690746,0.7001186214046642,-14.312871157422222,1.034527620761847,-18.204121044320758,1.5301730639201936,-13.560842386137038,VIII,25,6,152,24.30274419822691,0.6752228332982468,1.1227159530738997,0.7809879785836952,1.1147073838887571,0.9863511417737386,0.9280272078332379,0.8936535108111139,0.8102157950206709,-1.6692610207386733
0.37497,4.36941,1.54378,0.023594562185617767,0.010390209280770502,0.2123439235323651,11.988342877633837,0.4950101565683283,-11.698067915608167,0.6909876660332364,-14.28332524614232,1.0025885829057197,-18.20755642833207,1.4394961726318836,-17.575665938419903,VIII,25,6,153,24.25772663705953,0.6739720739209649,1.1250562573134508,0.7088778480838284,2.1431522079207754,0.9900228688062441,0.9159238659721187,0.8660636884233481,0.7622030235914433,-1.6271880768984588
0.37621,1.35352,1.83894,0.06394224713470834,0.004161446953622527,1.7209525061729283,59.84026129728631,0.4908187145850743,-11.476921948312937,0.6871288725782029,-14.642562516212978,1.020652132917617,-16.979823068078076,1.1773260280455167,-7.259388661478284,VIII,25,6,154,24.09050570189753,0.6693260391890062,1.128776740976327,0.8444103628465685,0.8583671402372302,0.9816399631998958,0.9108089251518116,0.8816674814607505,0.6233857896881507,-1.194212105301502
0.37471,4.36941,1.5585000000000002,0.02337171203780108,0.010571106396657148,0.1926207879371006,10.902825341189407,0.49487390428502864,-11.726575433335208,0.6895008758586,-14.140557879779898,1.002511580019583,-18.29647809368725,1.4526874805135688,-17.369763091968572,VIII,25,6,155,24.1966940664478,0.6722763565601685,1.124276155900267,0.7156370248601788,2.180465224708269,0.989750363536193,0.9139530831758643,0.8659971712050953,0.7691877276453368,-1.6313094732587587
0.37455,4.36941,1.61998,0.022484730188590592,0.008798784087879485,0.06672229688772092,3.817248096012834,0.49394440953391894,-11.498912733796312,0.6881174798164729,-13.964226494256021,1.004320560010685,-18.117874731795098,1.514769303063538,-15.602531941944271,VIII,25,6,156,24.09567732499863,0.669469726583919,1.123796093492154,0.7438676082983587,1.8148944872416202,0.9878913692351196,0.9121193522522003,0.8675598180475691,0.8020596127932765,-1.6481123194951635
0.37492,1.70952,1.7901200000000004,0.05200723931589561,0.010737764958361595,3.544287197615675,74.24389610169034,0.485820855384336,-10.845797830877794,0.6687132736361029,-14.12605134411546,1.0014704473234357,-16.380394571830035,1.1706778633379475,-0.4174763242400693,VIII,25,6,157,23.80574152057099,0.6614142052097312,1.1249062378109154,0.8219930387826135,2.2148413046152275,0.9716442189951572,0.8863985233365801,0.8650978120478724,0.6198656335822971,-1.2839361991321856
0.37206,1.07079,2.12472,0.06995425229630414,0.009585341239100098,0.39547694520751225,21.57765478412638,0.4910859942410092,-11.834374669322946,0.6842525648970839,-14.442185739946693,0.9901660750736507,-17.922678077636984,1.3595118445799996,-18.29782279060358,VIII,25,6,158,23.66000920040639,0.6573652060793429,1.1163251222658948,0.9756357391472048,1.977134885845923,0.9821745238916937,0.9069962972562376,0.855332783308382,0.7198518886317633,-1.1551858809907358
0.37378,1.35352,1.76104,0.06677074680069764,0.012122869779601697,1.538648517772748,56.97931410239966,0.4845036754988548,-10.828333177252423,0.668902218530201,-14.737354609954536,0.9844403774328611,-16.986124745329615,1.110592313404779,-8.728710335945088,VIII,25,6,159,23.52090872378966,0.6535004648316801,1.12148579315311,0.8086399911836823,2.500542042264114,0.9690098524237756,0.8866489751845148,0.8503867676623555,0.5880507606399935,-1.1754137663513862
0.37212,3.45686,1.5943999999999998,0.028876267387257716,0.012655920419634259,-0.18546278608223304,-10.506854241415862,0.4985883337993589,-11.40386494723549,0.6846617865802452,-13.389445418848918,1.0069475925818057,-18.39231750967585,1.6217748702334083,-10.757044395566105,VIII,25,6,160,23.42334836568875,0.6507898663545216,1.116505145668937,0.7321217019166305,2.6104925375090615,0.997179241741944,0.9075387322728169,0.8698291212861509,0.8587183024019285,-1.539458945378128
0.37382,2.16054,1.7973599999999998,0.040984793206172584,0.00986203965716631,-2.2680675142053035,-66.20712654573137,0.48199250268655996,-10.756193068899107,0.6641151104540537,-13.423057775633373,1.0038795505796727,-16.587764176038352,1.3446495682629032,2.579670492495135,VIII,25,6,161,23.38992669940098,0.6498612851202253,1.1216058087551382,0.8253175251861986,2.0342085029004213,0.9639874938343448,0.8803035268480747,0.8671788619296119,0.7119824186312763,-1.3873772518581886
0.37399,1.70952,2.0915399999999997,0.04451227289182664,0.012069529318425976,1.6788915274452514,59.2206569427915,0.4834565568958593,-10.71275619291731,0.665038864191176,-14.481635289657666,0.9817801622385606,-17.03500564584097,1.1185242028244358,-7.643173523649372,VIII,25,6,162,23.45244225521934,0.6515982054606027,1.1221158750637583,0.9604000404081218,2.489539691488386,0.9669156098116547,0.8815279887823496,0.8480888003580617,0.592250639884828,-1.3515202291464594
0.3737,2.16054,1.6610200000000002,0.04434891086022224,0.00957972403931412,-0.9573609004629255,-43.752067585625845,0.48632089651318633,-10.293828042285716,0.662614837141487,-13.06723037058519,1.003834130722209,-16.862593593648114,1.4228044497251202,2.1383948033808218,VIII,25,6,163,23.4085477417005,0.6503786486260867,1.1212457619490535,0.7627124870280745,1.975976245649336,0.9726443038345016,0.8783148717678047,0.867139627003189,0.7533648745846109,-1.3531170412934412
0.37239,2.16054,1.78248,0.041326930970920495,0.010473649969529819,-2.1138669785808366,-64.68272958442678,0.4874673006365755,-10.054688610122865,0.6605666505632145,-13.15925138939539,0.9983265833961197,-16.72183823004374,1.3478816238925204,2.5484712861511594,VIII,25,6,164,23.23563507640117,0.6455744759440123,1.1173152509826279,0.818484879097062,2.160363227594452,0.9749371180000073,0.875599942021268,0.8623820556197459,0.7136937691858289,-1.3837668451872842
0.37255,2.16054,1.8866200000000002,0.03904571557443807,0.00980383517527944,-1.4406002695210018,-55.23335526823164,0.4803265328423506,-10.396772347004593,0.6573128740952378,-13.546535185045343,0.9918059594915332,-16.626340154632707,1.292501527084157,2.166505934910443,VIII,25,6,165,23.08539288702902,0.6414001754633203,1.1177953133907408,0.8663042180569204,2.0222028675473784,0.9606555455447522,0.8712869684791108,0.8567493607278286,0.6843704003317488,-1.4084266136294958
0.37092,1.35352,2.0439800000000004,0.05752793860306878,0.010394342343797991,0.9300218712880814,42.92349718444943,0.48299741412947855,-11.737834159973719,0.6659738459647141,-14.636304918385111,0.9659857315063409,-17.649008413879454,1.1785052199197708,-14.889703542434969,VIII,25,6,166,22.949677401808,0.6376294821742854,1.1129046776080893,0.9385612871823601,2.144004720407625,0.965997321908402,0.8827673337992422,0.8344451351800196,0.6240101634301854,-1.240121187757081
0.37308,2.73547,1.8414799999999998,0.03159520437827726,0.0110645940040357,-0.5715332420040504,-29.749402045843468,0.49677937767298685,-10.277053768219115,0.6614911804977813,-12.813156320590396,1.0048633944085983,-17.334266200283096,1.5011242388400505,0.8777755361494218,VIII,25,6,167,22.88450101652871,0.6358186338530645,1.1193855201176155,0.8455766881870527,2.282255191277302,0.9935613201498074,0.8768254328274016,0.8680287333822095,0.7948346479715734,-1.5003788309924775
0.37369,2.73547,1.66912,0.03485785141781897,0.011366570673851939,-0.439449190122112,-23.723048875960707,0.4969838189464525,-10.540460244363553,0.6683542931604246,-12.712944338702771,1.0034917935550014,-17.886647666670026,1.5927007806322582,-2.3431053443460574,VIII,25,6,168,22.85159708742521,0.6349044373304541,1.1212157580485465,0.7664318709878867,2.344542865102602,0.9939702037522409,0.8859226844739572,0.8668439067099688,0.8433237779679743,-1.4576993856179499
0.37084,1.70952,1.9527,0.047677164564024724,0.011769512103097068,2.291802461550612,66.42653826623445,0.4959448933825199,-11.184168210820879,0.6524999511530866,-14.252764880056773,0.9722646157598853,-16.98931274220288,1.144959737804639,-4.084851227793335,VIII,25,6,169,22.81230059498937,0.6338126310412225,1.1126646464040326,0.8966470442377099,2.4276561875019573,0.9918923472605454,0.8649073018012557,0.8398690086895779,0.606248068342959,-1.3216895806758358
0.37073,2.16054,2.00596,0.03672278007390295,0.00991778803631621,4.764877678484174,78.14741110008285,0.48311425815286624,-9.984690061035273,0.6532856780897582,-13.744401706446764,0.9815360287196172,-16.878556269429833,1.2465403986021775,0.8417195785144924,VIII,25,6,170,22.69094143192631,0.6304408110828771,1.112334603498455,0.9211031417314879,2.0457075265133753,0.9662310105584271,0.8659488052734757,0.8478779110865411,0.6600343084666417,-1.4350644482482304
0.37096,1.70952,1.9609800000000002,0.04747585352434552,0.013712652428741812,2.4578060612204737,67.86021814611226,0.48002353179376256,-10.620288362469905,0.6552298058422481,-14.227570420273937,0.9747168391484382,-17.161692011780218,1.1715568568782382,-3.6093302813713186,VIII,25,6,171,22.53962946819433,0.6262367881943639,1.1130246932101175,0.9004490811744069,2.8284609611760256,0.9600495418832232,0.8685258020775236,0.8419873069316873,0.6203310544336091,-1.3235272187429965
0.37278,3.45686,1.63364,0.028182660024389523,0.009763744672448504,-0.23493244693056395,-13.220883193449353,0.4920934371555039,-11.26897151816763,0.6726163320952127,-13.003907032440823,0.9912047226968992,-18.77075976211052,1.6561496341609894,-9.044744967524265,VIII,25,6,172,22.44197230276912,0.6235235000408764,1.1184854031024034,0.750140050877499,2.013933539438869,0.9841894149219729,0.8915721386827201,0.8562299957910493,0.8769194963328169,-1.5500180183454018
0.37151,2.16054,1.7748599999999999,0.04150435973375159,0.009185946843738024,-1.2278886810491365,-50.84041949047666,0.48903080193753345,-11.862548970593942,0.6520470385372658,-13.001615950201376,0.9930098852793801,-17.230926938088853,1.4054152516586207,2.32142621079597,VIII,25,6,173,22.35429502140936,0.6210874910925559,1.114674907738006,0.8149859030756089,1.8947531977469576,0.9780641286740661,0.8643069532068857,0.8577893450505991,0.7441574174227878,-1.381906281387595
0.37256,2.16054,1.82572,0.040348151916529566,0.010701713176212824,-1.3936364198198437,-54.33877273994371,0.48720899325812006,-9.801818517294617,0.6514429150110242,-13.180287910910137,0.9867399552220659,-17.163826232814593,1.3705222760880174,2.2073390353930376,VIII,25,6,174,22.38225307781644,0.6218642724266604,1.117825317291248,0.8383399608775909,2.2074050293272394,0.9744205019094908,0.8635061702365378,0.852373206422872,0.7256818340988039,-1.394176352660231
0.37186,2.73547,1.8849999999999998,0.03086574904960743,0.010537893599951054,-0.5786458727416656,-30.055643227524882,0.4865461916446427,-9.96658781612321,0.6546576755424888,-12.81319074071355,0.9921888295329634,-17.517266871203624,1.4919738085690184,1.2089537152463115,VIII,25,6,175,22.2918676247813,0.6193530201503934,1.1157250442557534,0.8655603412649577,2.1736145370398674,0.9730948952605822,0.8677674270416802,0.8570800944364719,0.7899895599801329,-1.5105231791159917
0.37215,3.45686,1.6049799999999999,0.02868591553928629,0.011245870632119903,-0.1945426933942901,-11.008964921565488,0.49302492978433765,-10.838731597556421,0.6691569947973414,-12.813796903900094,0.984311808249539,-19.042173347305045,1.6662460039066702,-9.813289427981271,VIII,25,6,176,22.17558883422086,0.6161223522976478,1.1165951573704582,0.7369798602246322,2.31964648872134,0.9860524049888091,0.886986688395659,0.8502757060534125,0.8822654525734542,-1.5423312846236243
0.37317,1.07079,2.14662,0.06924057305857735,0.011940792036003067,0.4459383630612201,24.03392576041776,0.4965285117109685,-10.559072090732789,0.6672634315639315,-14.527114131844119,0.9594299763136824,-19.075994306848447,1.3836586222240557,-18.73147491243125,VIII,25,6,177,22.06825361101188,0.6131401708231311,1.119655555222179,0.9856918513348455,2.4629855015186997,0.993059586930584,0.8844767163043135,0.828782092911875,0.7326374362978191,-1.1596393464126453
0.3702,1.35352,2.0069999999999997,0.058587920252068056,0.016486733659445085,1.1107613720993368,48.00381840796034,0.49726535694808466,-10.744757121920832,0.6560450038360184,-14.751920596599778,0.9546631084830876,-18.218030929118587,1.1880134337828037,-12.986724426490115,VIII,25,6,178,21.99165223040982,0.6110118925997833,1.1107443967715802,0.9215806922645995,3.4006610154652517,0.9945332812090473,0.8696063702767697,0.8246643409187029,0.6290446952984484,-1.2321919182594514
0.36981,1.07079,2.1843,0.06804614702147294,0.013481484335332694,0.42215843330619096,22.887449723558042,0.4868408831706973,-9.687327548820653,0.665794890438129,-14.402609187153086,0.9563062970497829,-19.087837087673893,1.4036222998702075,-18.637579860937997,VIII,25,6,179,21.88619949322045,0.6080820137596292,1.1095742446518049,1.0029938744960463,2.780778725293877,0.9736842798341434,0.8825301231429539,0.8260837725530855,0.7432080621551155,-1.1671964608307674
0.37185,2.16054,2.05624,0.035824820019572795,0.014441993812233433,4.282884153019153,76.85759986704423,0.4996016869329365,-10.73473936114077,0.6434911478081458,-13.61647942694498,0.9709196494636314,-17.240564318395858,1.2648333874974005,0.49807896005672936,VIII,25,6,180,21.83461555599933,0.6066488154360562,1.1156950403552464,0.9441908732746189,2.978899663046153,0.9992059532409024,0.8529658759363781,0.838707189683059,0.6697203164682963,-1.4458159827785657
0.37225,3.45686,1.6782599999999999,0.027433365939868497,0.011767012234598917,-0.25460639791548595,-14.284375007851503,0.4753685393122032,-10.576367873469383,0.665460320846841,-12.575847157801956,0.9798645399889276,-19.07639033965028,1.6866267401427462,-7.429345266779167,VIII,25,6,181,21.83022311778389,0.6065267767661543,1.116895196375529,0.7706288054808106,2.427140548351046,0.9507395328870163,0.8820866416040599,0.8464340329894421,0.8930569079989695,-1.561720903316753
0.37271,1.35352,2.0885800000000003,0.05629947425806076,0.01165328196672627,0.949442132493857,43.51439384058711,0.4930022409715956,-10.606368852805659,0.6558838003870493,-14.634161525002662,0.9459543807737999,-18.442945359021188,1.2211294852971055,-14.693168079434816,VIII,25,6,182,21.61318037079115,0.6004965022681013,1.118275375798854,0.9590408581215734,2.403681802900193,0.9860070272461858,0.8693926905058479,0.8171415015706615,0.6465794099253457,-1.2494956607061884
0.3738,2.73547,1.611,0.03611541710646183,0.0126583845774354,-0.33492259071771785,-18.51686167952127,0.48148969748317166,-11.692552384807156,0.6579709636264887,-12.15683603589621,0.9842810436839411,-18.7102970610028,1.661896416366385,-3.515917278208246,VIII,25,6,183,21.45745067080136,0.5961697378336773,1.1215458009541242,0.7397441431182212,2.6110008107391254,0.9629818808316539,0.8721592849288086,0.8502491307725757,0.8799623767906826,-1.442307364993398
0.37314,2.73547,1.6423799999999997,0.03542538082448033,0.01039630519435586,-0.34278839923092286,-18.92111992129117,0.4765048674736081,-11.071840970202818,0.6569441209037287,-12.220479303623462,0.9835222343245815,-18.652029914257984,1.6531360444149696,-3.103726567294101,VIII,25,6,184,21.37004845307964,0.5937413712012821,1.119565543520658,0.7541533120884568,2.144409590742114,0.9530121950765327,0.8707981756028276,0.8495936503055306,0.8753238219156485,-1.450685472369665
0.37163,1.35352,2.0334399999999997,0.05782612516027057,0.015272281184599168,1.1387243291754545,48.711184156521334,0.4968973702554664,-9.674454922005589,0.6523204579131499,-14.851643276278764,0.9458988033967876,-18.589556061369187,1.2134562522575119,-12.686368614220344,VIII,25,6,185,21.26809955674871,0.5909088424106765,1.115034954544091,0.9337214962025546,3.150160141753508,0.9937973059239459,0.8646693783905783,0.8170934922985145,0.6425164874009969,-1.237875908126859
0.37347,3.45686,1.6627,0.027690094859110902,0.010783131136421875,-0.23961075855232225,-13.474644153281291,0.49275508949444286,-10.989866665872128,0.6638523263560788,-12.48289975142803,0.9805877258300367,-19.3770419473975,1.7060622278020303,-8.082306336335328,VIII,25,6,186,21.22397212689422,0.5896828142728875,1.120555672237391,0.7634839148123318,2.224198827841902,0.9855127230158711,0.879955199028687,0.8470587408782465,0.9033478610008077,-1.5576755564711875
0.37302,4.36941,1.5666399999999998,0.023250276522310803,0.01389759029999349,0.09991141679970499,5.705567901841428,0.479336105864478,-10.244412452390431,0.6731106679456952,-13.383937854253576,0.965172795645745,-20.064380828018116,1.6118479220999782,-16.007717099001677,VIII,25,6,187,21.14421377987711,0.5874668234937059,1.119205496714573,0.7193747761481875,2.8666074504709758,0.9586746864755682,0.8922273949564852,0.8337428987473656,0.8534620537045096,-1.633571877552541
0.37374,3.45686,1.47242,0.0312684700847881,0.011504740489795384,-0.025716471775844314,-1.473120610957722,0.48980495133813623,-11.47664803748565,0.6687006512090224,-13.155404204277302,0.9707959045844811,-19.8652908007044,1.669653319650898,-13.450619019817784,VIII,25,6,188,21.00195969058608,0.5835144628699062,1.1213657775510817,0.676110534581087,2.3730426708433043,0.9796124314720989,0.8863817919493531,0.8386002954412057,0.8840696021168551,-1.5048933675574785
0.37291,1.07079,1.9133999999999998,0.07768014996289502,0.010534774783106327,0.7474665683145404,36.77688545655,0.48019693538052893,-9.930518263108873,0.6594302454164197,-14.486256763068376,0.9493343131103115,-19.224682605701073,1.317935155239586,-16.199803656384795,VIII,25,6,189,20.94297106402631,0.581875534062806,1.1188754538089953,0.8786011442845464,2.172971229573554,0.9603963499520148,0.8740936045762914,0.8200611804059189,0.6978373262253585,-1.1096899446861106
0.37304,2.73547,1.8070599999999999,0.032197014464660834,0.012132889268928693,-0.38391434420823983,-21.00251226804555,0.48422736513279796,-11.56796192882187,0.6492276078178171,-12.280389247589131,0.9844820516204517,-18.622273123922753,1.6100640089025757,-0.6442825331371235,VIII,25,6,190,20.85713385379242,0.5794906493014886,1.119265504515587,0.829771602273875,2.502608727360932,0.9684572302651093,0.8605697173467686,0.850422766975765,0.8525174843067329,-1.4921843972990918
0.37477,1.07079,2.34824,0.06329557410614048,0.01124793541183916,0.3591279083886237,19.754629674173657,0.4925941215415545,-9.700258387554106,0.6676460184615447,-14.261300272700678,0.9541042390685582,-20.00371447811782,1.4863818551568244,-18.041603048117835,VIII,25,6,191,20.83910386448879,0.5789897074999113,1.1244561793033094,1.0782723691098273,2.3200723836282298,0.9851907862790389,0.8849838461527285,0.8241815740941582,0.7870286602711993,-1.1986266566253183
0.37515,4.36941,1.4997800000000001,0.024286770867002486,0.010187273243099426,0.18330086526556283,10.387058014804873,0.4834165855142297,-11.590800501310229,0.6698557146488764,-13.828483539604715,0.9621997092295932,-20.120253375320313,1.5888876110539838,-16.571538446335676,VIII,25,6,192,20.75563957457522,0.5766707515065063,1.125596327522578,0.6886737870675642,2.1012932996496603,0.9668356668420288,0.8879128614941215,0.8311746646466828,0.8413047316951984,-1.6146302245060336
0.37477,1.35352,2.03326,0.05783124437892871,0.011500229450504662,1.2180494201306755,50.614526466501296,0.49552315032647026,-10.757826585699954,0.6518752787034053,-14.56364174172463,0.9489492806130738,-18.884200236332866,1.258061936355517,-11.532909645434165,VIII,25,6,193,20.66560989947043,0.5741693840967463,1.1244561793033094,0.93363884322567,2.3721121945117236,0.9910488589710446,0.864079280646605,0.8197285787082673,0.6661348810690421,-1.2378374627009394
0.37592,2.73547,1.71434,0.033938388510161344,0.010225094948387248,-0.37342266682147046,-20.47677169267136,0.49246717738518625,-9.929481557534244,0.6550128684815612,-12.272196200157873,0.9831615316297939,-19.001215702601645,1.6768327403251424,-2.6822536598926323,VIII,25,6,194,20.58703234895792,0.5719862003435896,1.127906627861622,0.7871961355141474,2.1090946508067483,0.9849368973109071,0.8682382454164694,0.8492820653627152,0.8878710544927507,-1.4693087830483957
0.37532,3.45686,1.6703,0.02756410268948315,0.010582286238094374,-0.24519401806226704,-13.776787152790034,0.4924790954270205,-9.948929081910414,0.6636772210028944,-12.567238006220228,0.9790916799057148,-19.76958377426231,1.7385383015932934,-8.285686026477938,VIII,25,6,195,20.43332137650512,0.5677155238519949,1.1261063938311981,0.7669737071696864,2.1827712515853928,0.9849607334561068,0.879723091887091,0.8457664151193457,0.9205437119580366,-1.5596561407994036
0.37531,1.07079,2.14724,0.06922058034453685,0.01156645332642059,0.5696616136590358,29.668504409094698,0.4789198958340919,-10.939386842333967,0.6634535940329256,-14.440451014109735,0.9511429679859248,-19.884156433130972,1.4140165272846297,-16.973731136064018,VIII,25,6,196,20.35419283710651,0.5655170315281782,1.126076389930691,0.9859765449218928,2.38577196228454,0.9578422642659606,0.8794266679580716,0.8216235464046606,0.7487117319208257,-1.1597647639067654
0.37547,1.07079,2.00536,0.0741179633277832,0.01346787059119503,0.7119447843060398,35.44876665100618,0.48033719846507617,-11.118083517950325,0.6621662310596516,-14.617866194005176,0.9491766482053753,-19.736442325194922,1.3657215186161515,-16.116457828486432,VIII,25,6,197,20.27038316751227,0.5631884795712622,1.1265564523388043,0.9208276318085389,2.7779706658007255,0.9606768768452684,0.8777202316071023,0.8199249851096307,0.7231398670341085,-1.130076523077611
0.37612,2.73547,1.6911200000000002,0.034404381095670324,0.011845221543152928,-0.3650434218090073,-20.054277519126263,0.4837347540874085,-9.576352117232325,0.6582615467607237,-12.290577798380914,0.9832636541867757,-19.337502374647652,1.7045251123799463,-3.3412125602042093,VIII,25,6,198,20.29251136763213,0.5638032852845121,1.1285067058717635,0.7765339014960189,2.4432725094865835,0.9674720056310471,0.8725444611638965,0.8493702816459234,0.9025339692763306,-1.4633862503202135
0.37732,3.45686,1.6867599999999998,0.027295122437242823,0.011515461711113506,-0.2572576681190204,-14.426943152539767,0.49543866507311407,-11.2884882625446,0.6664024787988082,-12.506315171861988,0.9829462123111219,-20.089526448552675,1.7548925584181287,-8.023702325170822,VIII,25,6,199,20.32147829279114,0.564608096836585,1.1321071739326114,0.7745318627225889,2.3752540997489824,0.9908798880281464,0.8833354988502045,0.8490960665926341,0.9292031750656667,-1.563914953246656
0.37761,3.45686,1.7923,0.025687842840062317,0.010670147855247392,-0.3333901554832798,-18.437878875409204,0.49488933233530286,-10.374489192797762,0.6620579844551964,-12.378979405203934,0.9840562137283001,-19.6635634346604,1.7430539592441059,-5.130389854776602,VIII,25,6,200,20.06888756405169,0.5575901639589981,1.1329772870473163,0.8229940581693282,2.200894160730397,0.9897812197163943,0.8775767476445012,0.850054916451796,0.9229347206876121,-1.5902723644760643
0.37791,1.70952,2.02266,0.04602810123509194,0.010077054618492454,2.716081138795354,69.78742766142936,0.4801640652789819,-10.411780594610976,0.6493259923811717,-13.793748789768506,0.9614406429475025,-18.534975187671257,1.3183239768215347,-3.633580370184958,VIII,25,6,201,19.91625839691165,0.5533495441409378,1.1338774040625283,0.9287715012535701,2.0785588886000586,0.960330609579217,0.860700128892516,0.8305189622426918,0.6980432044979329,-1.3369769403815106
0.37766,4.36941,1.60768,0.02265675582884218,0.011173452441516352,0.02581236509906226,1.4786112489430365,0.4936111722554974,-11.376275076556134,0.6707707035509233,-13.385693547685921,0.9707393800042158,-20.459962472331757,1.7028793906661885,-14.009994842151889,VIII,25,6,202,19.83881648701351,0.5511979128111202,1.1331273065498515,0.7382196548779031,2.3047090412752267,0.9872248929578181,0.8891257053894336,0.8385514679487469,0.9016625712899623,-1.6448022756949456
0.37813,1.35352,2.2940799999999997,0.05125625782270042,0.008790030338337418,0.8767787390909069,41.24359565077516,0.4853107619720893,-11.251350025523323,0.6580814866234075,-14.327095188900357,0.9496815902812539,-19.667350316444622,1.3625468116112522,-14.241098216088492,VIII,25,6,203,19.75661788563029,0.5489141224676749,1.1345374898736837,1.0534030067316256,1.813088881872979,0.9706240295371213,0.8723057863145682,0.8203611680107048,0.7214588821699897,-1.2902531044779078
0.37807,3.45686,1.5804799999999999,0.029130593694474908,0.008778033191783052,-0.12811325029696594,-7.30058038333356,0.49209295388217944,-10.794227965730835,0.667756387431044,-12.927149898154772,0.975177479689477,-20.33301332577921,1.756315319582795,-10.96649004296831,VIII,25,6,204,19.75826673900476,0.5489599338969572,1.1343574664706413,0.7257298717042124,1.8106142723216272,0.9841884483728288,0.8851301433707491,0.8423852209442858,0.9299565170211194,-1.535650664167151
0.37772,4.36941,1.5434,0.02360037139491576,0.009958124508015531,0.1241026203186632,7.074385718166407,0.48442010758835896,-11.23813738565882,0.6696498334011061,-13.358518024352017,0.9660612277867192,-20.5403380181925,1.6680308668671344,-15.224418133541358,VIII,25,6,205,19.71319073418172,0.5477075507322363,1.133307329952894,0.7087033584659607,2.0540275897619686,0.9688427161713342,0.8876399600261814,0.8345103509506373,0.8832105248640425,-1.627081162559835
0.38009,1.35352,2.27448,0.05169795115626454,0.01078770632632059,0.9261907862162858,42.80557125409615,0.48405873683330236,-11.148908931039633,0.6590030801252457,-14.431840616492964,0.9504034705444013,-19.664968433653343,1.3551960513201076,-13.676918387826223,VIII,25,6,206,19.61453370872328,0.5449664826573114,1.1404182543730685,1.0444030159152897,2.2251425362955164,0.9681199727955133,0.8735273847953403,0.8209847481052333,0.7175667066810041,-1.2865266681083831
0.37827,2.16054,1.83022,0.04024894707578671,0.009528056718190958,-0.8513117484519988,-40.40814122737028,0.4820998715027114,-9.727326200737874,0.6488950847187507,-12.753674498818215,0.979725445934823,-18.84413080766001,1.5691609780698552,0.2741584616012219,VIII,25,6,207,19.47749682958266,0.5411590760103522,1.1349575444807827,0.8404062852997087,1.9653190076332174,0.9642022320209781,0.8601289484917031,0.8463138797066404,0.8308596193068193,-1.3952454764180238
0.38121,2.73547,1.8365399999999998,0.03168019044426476,0.006058661674595067,-0.40399382126162076,-21.998403879955834,0.48399405304789306,-9.751518748210975,0.6520757987731632,-12.446144525969638,0.9817426094611525,-19.271329802587026,1.6725229494874787,-1.1697675714334983,VIII,25,6,208,19.48937393487293,0.5414890672500272,1.14377869122986,0.8433083231547721,1.249698999709706,0.9679906048907412,0.8643450757201292,0.8480563612325149,0.8855890507820302,-1.4992122163298707
0.38038,2.16054,1.8221000000000003,0.04042831234128003,0.009203300435849882,-0.7599536258790596,-37.23314971384607,0.484426533218475,-9.73165957637667,0.6493433311920518,-12.695299782907496,0.9810077558462513,-18.96318456386477,1.5879120895300973,0.32124283264577674,VIII,25,6,209,19.37549764309691,0.5383251499676278,1.1412883674877734,0.8366777176757983,1.898332662630183,0.9688555674647409,0.860723111981033,0.8474215743986893,0.8407881999605391,-1.3933143876835734
0.38077,2.16054,2.03686,0.036165680467507025,0.01042999674941858,0.539126681439782,28.330291464765182,0.48162526553937274,-10.212353729494543,0.64693924781269,-13.058036153673484,0.9727200456352512,-18.66582668599188,1.4567515571891776,-0.05946926645591263,VIII,25,6,210,19.3155008859541,0.5366582114517038,1.142458519607549,0.9352919027633644,2.1513590302259353,0.9632530176439753,0.8575364308705218,0.8402624215853586,0.7713396274483026,-1.4417033591164787
0.38149,2.73547,1.9044999999999999,0.030549717489372543,0.008777736837927597,-0.48698327277040304,-25.965307461541038,0.48913078314636643,-9.670605248670324,0.6526469981147379,-12.469703204469218,0.9825672646773851,-19.16694300900516,1.6504250421517586,-0.5499946889732646,VIII,25,6,211,19.27189749811298,0.5354467431977759,1.1446188004440578,0.8745144137608021,1.8105531444460972,0.9782640916079214,0.8651022167443376,0.8487687211680112,0.8738883654265877,-1.5149928015711451
0.32961,1.07079,2.9982800000000003,0.04957282139726887,0.00537064429178663,0.7012520078919867,35.04013602559767,0.49947402067632185,-14.40497808593711,0.7637977623316635,-17.426832421770122,1.1530459759986236,-19.65946003407078,1.65166684094842,-24.403497217673564,VIII,25,7,0,35.68464623212265,1.0,1.0,1.0,1.0,1.0,1.0,1.0,1.0,-1.3047563628702072
0.33588,3.45686,2.11348,0.02178412888801583,0.004854135534742066,-0.15742574981836188,-8.946407363657686,0.5088097271868919,-14.352345116754282,0.7744422634624071,-16.449576338057156,1.181613918921464,-19.328108146873436,2.1416257745809477,-11.309251837820687,VIII,25,7,1,33.30542239157823,0.9333263996771057,1.0190224811140438,0.7048974745520765,0.9038274126933958,1.0186910752593876,1.0139362821622426,1.0247760657575675,1.2966451353780182,-1.6618598021129842
0.33989,2.16054,2.6902399999999997,0.02738210268119066,0.0037458415969666703,-2.8268992511786575,-70.51904794769537,0.5109024584159478,-14.14156409781646,0.7678126683509566,-16.819573844741548,1.182190878442288,-17.79486432945364,1.557760181279336,2.636141310681992,VIII,25,7,2,31.87099662419724,0.89312911824547,1.0311883741391341,0.897261096361914,0.6974659637569399,1.022880945287507,1.0052565040345716,1.0252764443485638,0.9431443089242132,-1.5625332052971495
0.33932,1.35352,2.8085199999999997,0.04186758717968915,0.005239220735552885,1.1217507422428576,48.28415689187735,0.5101267951512155,-14.286663059722311,0.7738080999656322,-17.04424990669148,1.1664553029786897,-18.363726888032787,1.4852771438121706,-11.305058102116522,VIII,25,7,3,31.04269169929038,0.8699173167463358,1.029459057674221,0.9367103806182209,0.9755292756150817,1.0213279851081525,1.0131060054475807,1.0116294816158156,0.8992595280046276,-1.3781220666879586
0.34266,3.45686,2.12232,0.021693392477215356,0.004290844799975491,-0.13033422210417336,-7.425742590819226,0.5159056119465617,-14.21933727021422,0.7841023123065999,-16.356804294726434,1.1937380427259419,-18.917436895692262,1.9889761027535033,-10.039697733628797,VIII,25,7,4,30.51888814619444,0.8552386353412103,1.0395922453809048,0.7078458316101232,0.7989441427981954,1.032897789654786,1.0265836730300861,1.0352909316491703,1.2042235476564955,-1.6636725264124357
0.34323,4.36941,2.10982,0.017264417443626938,0.003754453884454112,0.05335124063043451,3.0539056162064515,0.5157956827964869,-14.363593242744072,0.7873591015882845,-16.59071223585887,1.1908816613872797,-18.933039537130423,1.9087702622766782,-12.695018394409187,VIII,25,7,5,30.13455274377356,0.8444683057176282,1.0413215618458176,0.7036767746841522,0.699069549289613,1.0326776998292413,1.0308476149297618,1.032813683214919,1.1556630035513846,-1.76284807154486
0.34375,1.07079,2.63272,0.05645613621615793,0.004994203813092457,0.780058065854499,37.956299287662944,0.5143508855145109,-14.220843812145974,0.7809320678110193,-17.06222345852456,1.1756271968461207,-18.49611135949045,1.5660611150324204,-13.419481826841386,VIII,25,7,6,29.82443155615191,0.8357777000828024,1.042899183883984,0.8780767640113665,0.9299077618545941,1.0297850623302585,1.0224330396400345,1.0195839726407614,0.9481701007771984,-1.2482888477162215
0.3434,1.07079,2.6392800000000003,0.05631581300165321,0.003982422446240086,0.7859515843302384,38.16563210727012,0.5150302908281414,-14.367554640958897,0.7804965788847661,-17.049918400779784,1.1731495566662011,-18.529979704817514,1.5655868286748948,-13.448147629250217,VIII,25,7,7,29.67684556408608,0.8316418599484822,1.0418373228967566,0.8802646850861161,0.741516702629224,1.0311453038753755,1.0218628770292881,1.0174351943340043,0.947882944586999,-1.2493696418253442
0.3443,2.73547,2.26188,0.025722822147288982,0.0038161122161292638,-0.4645889380382854,-24.91905967938675,0.5148124741132348,-14.11084088140798,0.7766811971243361,-16.151247514136475,1.1994834946244937,-18.468168394729183,1.9607295039764367,-2.4989379203472777,VIII,25,7,8,29.52264861071568,0.8273207591487889,1.0445678225781985,0.7543925183772029,0.7105501702961924,1.0307092116946217,1.0168675995506233,1.0402737788366607,1.1871216733094592,-1.5896813850574065
0.34509,3.45686,2.167,0.02124611016254901,0.0035653564809355887,-0.2267421889158702,-12.775358150916825,0.5161729433254388,-14.003746445281246,0.7809737587679433,-16.250859858230037,1.1939058460662646,-18.804651124809308,1.9714514635421798,-8.318541670842775,VIII,25,7,9,29.38385638734727,0.8234313490516397,1.0469645945207973,0.7227477086863133,0.6638601045293797,1.0334330154479416,1.022487623404193,1.035436462134351,1.193613272765186,-1.6727205710055149
0.34655,3.45686,2.2420400000000003,0.020535013078376695,0.003677769025045352,-0.3246599112328211,-17.986535739483795,0.5162831651527383,-14.103686056564243,0.7819434691048694,-16.12677541625035,1.2004619565317283,-18.721536429631865,1.9826978373486657,-6.022261475058939,VIII,25,7,10,29.19925713578968,0.8182582768469497,1.0513940717818027,0.7477753912243019,0.6847910278976759,1.0336536912443528,1.0237572138439004,1.0411223676419659,1.20042237828675,-1.6875050162159766
0.34574,4.36941,2.1231400000000002,0.017156105207811537,0.00433839630517352,0.031157553355431473,1.7846189580370109,0.5170821620387396,-14.223921577734377,0.7833725547929488,-16.562767417861334,1.190908561371004,-18.924933638538878,1.901638880810134,-12.126009180043246,VIII,25,7,11,28.99182764239123,0.8124454269156612,1.0489366220685052,0.7081193217444668,0.8077981094015599,1.0352533678099516,1.0256282401267174,1.0328370127128614,1.1513453159344018,-1.765581299164609
0.34701,3.45686,2.14412,0.021472828350206006,0.004352854801758899,-0.16778319036385855,-9.524554036004535,0.5184200060278521,-14.095749762144113,0.7843071400906434,-16.236163583797907,1.1991905076439444,-18.875003865470795,1.9570234870955487,-9.264064785502708,VIII,25,7,12,28.87071572715762,0.8090514766311103,1.0527896605078728,0.7151166668890163,0.8104902438643636,1.0379318734653629,1.026851843210918,1.0400196805728898,1.184877869178379,-1.668110747553179
0.34667,1.35352,2.88808,0.04071423088899912,0.004195091622453462,0.8809096326185001,41.377136216646385,0.5148386194506721,-14.264380525665834,0.7768880152546794,-17.032028960653413,1.175087473954992,-18.460762820868105,1.5430076688379752,-12.477796921234688,VIII,25,7,13,28.75638632631388,0.805847594488072,1.0517581384059949,0.9632455941406406,0.7811151501634634,1.0307615574350504,1.0171383755865624,1.0191158881910833,0.9342124153512397,-1.3902537648210038
0.3448,2.73547,2.4077,0.02416494453566059,0.005413500339734367,-0.6769336678374595,-34.09539408517993,0.5168051517683874,-14.050879800494432,0.7730616005006119,-16.054492563274504,1.2003093951101362,-18.109871909079665,1.8494494348713444,0.6391982645431603,VIII,25,7,14,28.67900472146099,0.8036791099149159,1.046084766845666,0.803027068852809,1.00797968467457,1.0346987638488143,1.01212865319305,1.040990055986778,1.1197472692551929,-1.6168141973338817
0.34518,3.45686,2.2601,0.020370921960198088,0.0050582751381305635,-0.34750375005896506,-19.162531066864464,0.515782642663983,-14.148280832523533,0.779290366445353,-16.04289622695929,1.1988816911286055,-18.668908796561304,1.9694662143091226,-5.429770771727254,VIII,25,7,15,28.59095900428603,0.8012117821851624,1.0472376444889413,0.7537988446709446,0.9418376759500204,1.032651592099982,1.0202836468994028,1.0397518538584594,1.1924113056469765,-1.6909893149779607
0.34588,1.35352,2.851,0.041243758662188906,0.005154835245640588,0.9544173335354795,43.66393887991891,0.5144129899383775,-14.26337826240424,0.7767521303381204,-16.98596052171328,1.1753166389033924,-18.459918975805166,1.525637538471584,-11.897812911143244,VIII,25,7,16,28.44360845681762,0.7970825399752237,1.049361366463396,0.9508785036754405,0.9598169168499799,1.0299094019781594,1.01696046865457,1.019314635641897,0.9236956876821069,-1.3846417630814258
0.34872,4.36941,2.1136600000000003,0.017233052246299303,0.004524634944346018,0.050964390413949866,2.9175202643744385,0.5192694702697866,-14.043591816483854,0.7836066303794459,-16.318453099799658,1.1900960986915035,-18.93466638430911,1.883231409602432,-12.424600965275836,VIII,25,7,17,28.35831969564903,0.7946924711312228,1.0579776099026121,0.7049575089718105,0.8424752596751899,1.0396325910337847,1.0259347029078894,1.0321323897434287,1.1402005313135928,-1.763637795312957
0.34837,4.36941,2.00774,0.01814219630575323,0.004349837341804219,0.2718609980265737,15.208910859683119,0.516895083005377,-14.098070320924279,0.7805655604732851,-16.636510544572353,1.1823651877425372,-18.974239981289635,1.770830047922145,-14.598698099029209,VIII,25,7,18,28.30629961193508,0.7932346989741005,1.0569157489153849,0.6696305882039035,0.8099284006681396,1.034878815729927,1.0219531909735295,1.025427617245289,1.0721472418162121,-1.7413101381287117
0.34924,2.16054,2.54276,0.028970263775207398,0.004439252169294583,-3.6082481402612596,-74.50966984180612,0.5172165249961558,-13.837653640478655,0.767936705714893,-16.224611706453295,1.1920422891524034,-17.629646186153764,1.6190515781085841,1.898451575963548,VIII,25,7,19,28.27411073688934,0.792332661867263,1.0595552319407784,0.8480728951265392,0.8265772090107638,1.0355223767110238,1.0054188995927331,1.0338202586588154,0.9802531224631793,-1.5380475505126512
0.3481,3.45686,2.3024,0.019996664663934894,0.004525745856042318,-0.4173724650515767,-22.654313440119918,0.516504022813403,-14.012852239813073,0.7745492668824042,-15.854252103409912,1.1956144829950108,-18.504778938088354,1.9472231394383832,-3.615855013729239,VIII,25,7,20,28.22317532488337,0.7909052857437997,1.0560965990109523,0.7679069333084301,0.8426821085439559,1.0340958717212587,1.0140763760788187,1.0369183084477787,1.1789442587103394,-1.6990424362782268
0.34771,2.73547,2.28452,0.02546790439939681,0.004856106851365449,-0.47722554833360775,-25.511668743772738,0.51744061934188,-14.071671326278597,0.7713774102662061,-15.864992350639564,1.1954992005946168,-18.326596688273984,1.9032525913162794,-1.2266481830384588,VIII,25,7,21,28.16673438090173,0.7893236266847606,1.0549133824823276,0.7619435142815214,0.9041944667219783,1.0359710373749373,1.0099236320245348,1.0368183276987073,1.1523223353103063,-1.5940067890458414
0.35071,4.36941,2.01478,0.018078804242107324,0.004842332171085706,0.21611310159413033,12.194824436418795,0.517575957661662,-14.040480979236001,0.7814787447030243,-16.5513521999515,1.17910986368394,-18.976241168078026,1.7945656619199188,-14.430139301476768,VIII,25,7,22,28.06782214036433,0.7865517835818756,1.0640150480871333,0.6719786010646103,0.9016296570769216,1.0362419990549836,1.0231487747717218,1.0226043785138257,1.0865179450411704,-1.7428302977670764
0.34988,1.07079,2.7604800000000003,0.05384324426875156,0.005288177361045865,0.5775192235926876,30.007259749511405,0.5172097299835263,-14.160174111826505,0.7778673615754546,-16.762424864387178,1.1702406072879803,-18.75540919937637,1.6201679827969104,-14.87340922696933,VIII,25,7,23,27.93225495618018,0.782752749585509,1.061496920603137,0.9206878610403298,0.9846448719631492,1.0355087723745653,1.0184205819101124,1.0149123553156367,0.9809290485401873,-1.26886878003282
0.35213,1.35352,2.6574199999999997,0.04424816398834229,0.0025716181128048743,1.2308832238509013,50.90873813005412,0.5164107048323121,-14.170467713507916,0.771120014279655,-16.840162547954183,1.164747307105015,-18.12707880772732,1.4581925526976631,-10.061840255867775,VIII,25,7,24,27.87634550619424,0.781185984719122,1.0683231698067412,0.8863148204970848,0.4788286047425763,1.0339090392190105,1.0095866370773838,1.0101481912690058,0.8828611900087187,-1.3541047449949526
0.34862,2.16054,2.3337000000000003,0.031565508813063525,0.005039764880870046,-1.451890375704503,-55.442591225070274,0.5139773689254743,-13.81259761023936,0.7649945053440967,-15.978751115603206,1.1888113446926623,-17.74793487606545,1.731286970882975,1.9169629553379837,VIII,25,7,25,27.76398434954665,0.7780372591883516,1.0576742210491186,0.7783462518510613,0.9383911141866905,1.0290372424766236,1.0015668323101392,1.0310181635758828,1.0482059262561907,-1.5007872057687572
0.35113,2.73547,2.24438,0.025923389514480612,0.004069232097929143,-0.45634499114212507,-24.52934756913806,0.5156065644299133,-13.800285373454198,0.7696361252081276,-15.745948010120264,1.188473167330245,-18.203550150648095,1.8958549143599082,-1.747479375460727,VIII,25,7,26,27.66575587174307,0.7752845773440475,1.065289281271806,0.7485558386808436,0.7576804340127781,1.0322990647876877,1.0076438596240989,1.0307248731352094,1.1478434193612983,-1.5863082145608935
0.35388,2.73547,2.2140400000000002,0.02627862954531535,0.003160038352270522,-0.4681656345160874,-25.08737857318265,0.5168557906956253,-13.617593764172574,0.770751745842218,-15.674115520901877,1.1866931960617846,-18.246488809676165,1.8964660036648833,-1.9319014784029995,VIII,25,7,27,27.56050745527225,0.7723351739567702,1.0736324747428778,0.7384367037101272,0.5883909230598635,1.0348001483555989,1.0091044826962126,1.0291811608240686,1.1482134027561481,-1.5803972873781087
0.35357,1.70952,2.44172,0.0381285320365034,0.0038135982462692564,3.0960361212105925,72.09987297511293,0.5159384114660484,-13.893955571336337,0.7676016495558713,-16.35671173304459,1.1733502336269888,-17.355339813800992,1.47694965514638,-0.36077224790656687,VIII,25,7,28,27.4534731372986,0.7693357237933186,1.072691969297048,0.8143735741825313,0.7100820756461982,1.032963457773905,1.0049802282905302,1.0176092350617505,0.8942176585068973,-1.4187499149130223
0.3511,2.73547,2.3753800000000003,0.02449373866855408,0.00510550170220575,-0.7625557814652008,-37.327541441712725,0.5173933302432036,-13.736801515055507,0.7654219378836108,-15.713568995473812,1.1849759943720992,-17.755763245059494,1.788181807785359,1.150552675634334,VIII,25,7,29,27.32848483036377,0.7658331443892298,1.065198264615758,0.7922475552650187,0.9506311393613677,1.0358763595804596,1.002126447119967,1.027691886566641,1.0826528470829804,-1.6109449200937935
0.35131,2.73547,2.38444,0.024400671419079534,0.004460974747703184,-0.8017913261747917,-38.72233617024081,0.5179697141088582,-13.712596159942564,0.7646546385268245,-15.729833465138247,1.1836216179821137,-17.70645318448467,1.7739202582034928,1.3622377486813237,VIII,25,7,30,27.28069346052297,0.7644938745662945,1.0658353812080945,0.7952692877249623,0.8306218966177649,1.037030341252768,1.0011218626676062,1.026517279119776,1.0740182064712713,-1.6125982232682605
0.35325,1.07079,2.9053999999999998,0.0511575683000631,0.003991588954389724,0.3292674833391692,18.225033275143744,0.5163146653908911,-13.924479650519073,0.7781796599366161,-16.505074780287263,1.1637041363816727,-18.726010040958965,1.696497689989383,-15.573078351223252,VIII,25,7,31,27.24862818611696,0.763595301151907,1.0717211249658687,0.9690222394172657,0.7432234826078676,1.0337167580643452,1.018829457631623,1.0092434825712984,1.027142791711687,-1.2910901072536516
0.35438,2.73547,2.18428,0.026636666067770612,0.003954790217270521,-0.48294197522221105,-25.777846854346997,0.5178689365261341,-13.610645448315694,0.7712996381219895,-15.535251760524678,1.1823327283936387,-18.069746798469847,1.8838776523994438,-1.9103199425716715,VIII,25,7,32,27.18967213893381,0.7619431607103386,1.0751494190103454,0.7285110129807757,0.736371653456665,1.0368285738363414,1.0098218090708002,1.0253994662872403,1.1405917983542515,-1.5745201338177635
0.35139,2.73547,2.2255599999999998,0.026142605437961684,0.004052009608474738,-0.49119738506053506,-26.160150070617345,0.5162616943493217,-13.740737713346789,0.7661375418691896,-15.6267419706698,1.1792385324218673,-17.972011726165864,1.8612430054180746,-1.190985140215308,VIII,25,7,33,27.15691978710435,0.761025333148972,1.0660780922908892,0.7422789065731018,0.7544736512659215,1.033610704417155,1.0030633495578507,1.0227159688064988,1.1268876744836216,-1.5826511317155971
0.35463,3.45686,2.18716,0.021050275573000467,0.0028250743890056995,-0.37369100441706454,-20.490263582496823,0.5172835793187358,-13.651974417932475,0.7738090061684759,-15.658155128140468,1.1774257987344012,-18.326066515728982,1.9223256000170275,-5.476400102682348,VIII,25,7,34,27.08315223969056,0.7589581262349971,1.0759078911440794,0.7294715636965192,0.5260215042217763,1.035656626581496,1.0131071918910195,1.0211438426942716,1.1638700689257584,-1.6767422143627506
0.35295,1.70952,2.6641399999999997,0.03494531039816642,0.004556995308857725,1.778815711603802,60.6565339109217,0.5155884427405919,-13.841189226802562,0.7655619194354831,-16.564819783741473,1.1543197379796593,-17.478709108276387,1.394679842510229,-6.408589856041418,VIII,25,7,35,26.99592645421725,0.7565137756617585,1.0708109584053882,0.8885561055004868,0.8485006753895012,1.0322627832423596,1.0023097175598343,1.00110469314108,0.8444074845683625,-1.4566110975964475
0.35622,1.07079,2.49436,0.05958770944811628,0.003944108277666614,0.7109723903809436,35.411776174452044,0.515310683054121,-13.953140898198173,0.7720612501042183,-16.69792565395998,1.1509961367273722,-18.282510310451276,1.5108306178271906,-15.055999744857681,VIII,25,7,36,26.9437089650103,0.7550504715598406,1.0807317739146263,0.8319303067091798,0.7343827040823333,1.031706678870615,1.0108189473445546,0.9982222397771467,0.9147308527182404,-1.2248433085366652
0.35614,1.07079,2.52292,0.0589131636908833,0.0034183108999964462,0.6470766585102458,32.905963210246796,0.5160833921119519,-13.921271307661211,0.7709717903195102,-16.571848363969085,1.1488344230587388,-18.23959033453696,1.5294804469613104,-15.529135660742424,VIII,25,7,37,26.97274477760144,0.7558641495882641,1.0804890628318315,0.8414557679736382,0.636480599771632,1.0332537244142144,1.009392575288446,0.9963474544575405,0.9260223726977845,-1.2297876546260744
0.35465,3.45686,2.01546,0.022843579491651386,0.004003507144904217,-0.14787335129547244,-8.411561849410672,0.516715086709634,-13.752595007117451,0.7754729806994195,-15.726228561021227,1.167103113806195,-18.441323459040436,1.8880180382247536,-10.597834606030652,VIII,25,7,38,26.95193995168136,0.7552811306118463,1.075968568914778,0.6722053977613831,0.7454426186867026,1.0345184440423278,1.015285745708543,1.012191307285381,1.1430985907185833,-1.64123584299756
0.35364,2.73547,2.39052,0.024338611247138698,0.0038124439907925023,-1.2307236152479646,-50.90510180942143,0.5168973313865328,-13.538128219747017,0.7616681507922369,-15.61667907020772,1.1733885243567834,-17.45320681890383,1.7124434165885392,2.0264754717015014,VIII,25,7,39,26.91918144975369,0.7543631307046992,1.0729043414944934,0.7972971170137545,0.7098671562782335,1.034883317227628,0.9972118122827102,1.0176424433904656,1.0367971155764197,-1.6137042060940883
0.35629,3.45686,2.112,0.021799394281365386,0.0032476501410901304,-0.32358021162746164,-17.930554549823547,0.5159427379602214,-13.473749849292421,0.7727902828920141,-15.46361679417451,1.1709987374157766,-18.251046352080184,1.9166397395749102,-6.920917707917809,VIII,25,7,40,26.80631264306686,0.7512001791665884,1.0809441461120717,0.7044038582120415,0.6047040102910535,1.0329721198744226,1.011773431402704,1.0155698573958465,1.1604275705349496,-1.6615555735474716
0.35687,2.16054,2.50424,0.02941588183123277,0.0035743619537138005,-1.2383673555921375,-51.078611105257885,0.5151920203943632,-13.26570085908642,0.7596740277961548,-15.991063190591596,1.1635127571469044,-17.103932832705393,1.4935840667469933,1.2892151153935985,VIII,25,7,41,26.75521665298844,0.7497683031225876,1.0827038014623342,0.8352255293034672,0.6655369001406592,1.0314691036317727,0.9946010125469338,1.0090775054647894,0.9042889460015723,-1.531418127772952
0.35848,2.73547,2.2054400000000003,0.026381101711454403,0.004925598451834157,-0.5504888936049763,-28.832295284086193,0.5184165172122838,-13.619320259625805,0.7633543739187851,-15.370116288017119,1.1746260255370717,-17.64842849635928,1.8286769173230322,-0.27091492061768496,VIII,25,7,42,26.71029521651118,0.7485094581788811,1.08758836200358,0.7355683925450592,0.917133622006379,1.037924888486317,0.9994194950093532,1.018715688695551,1.1071705697457541,-1.5787070716700768
0.35424,3.45686,2.11036,0.021816334996040344,0.004273609089116115,-0.3359626335169971,-18.570424731434407,0.5162872296567533,-13.773085972575048,0.7699719891077866,-15.563277835310918,1.165502481937366,-18.222399208258246,1.9105190096025557,-6.979964847535763,VIII,25,7,43,26.72520657198337,0.7489273229203499,1.0747246746154546,0.7038568779433542,0.7957348982601175,1.0336618288127684,1.0080835884583832,1.010803130315731,1.1567217808317187,-1.6612182062997058
0.35825,2.73547,2.31642,0.025117179509117522,0.00324017604975263,-0.790324068432067,-38.320166407130515,0.5158557270176856,-13.335464479530371,0.7589395204688655,-15.382391510636575,1.1718482827424164,-17.46250238132301,1.7539423357912893,1.5835429153371112,VIII,25,7,44,26.71724699838049,0.7487042697464132,1.086890567640545,0.7725829475565991,0.6033123539214573,1.0327979147327457,0.9936393609638667,1.0163066409624375,1.0619225937745052,-1.6000291305558327
0.35584,1.07079,2.51758,0.05903812349121112,0.005861543158538762,0.617509143873466,31.695709437087686,0.5143751704249024,-13.854548145224237,0.7670972266581103,-16.455740864747682,1.1404910134607134,-18.15982892432443,1.52683920217867,-15.855722228971704,VIII,25,7,45,26.73493089090647,0.7491998300053254,1.0795788962713508,0.8396747468548634,1.0914040923363455,1.0298336832982893,1.0043198140779759,0.989111481415963,0.9244232337448444,-1.2288674548835872
0.35622,1.35352,2.5389,0.04631374057501302,0.00386603406017888,1.19751745678242,50.136062893386885,0.5126916154591881,-13.634846442557196,0.7632513550789947,-16.448471275682465,1.1385254443555601,-17.648705306972026,1.403065160225148,-11.091510314084177,VIII,25,7,46,26.67839821815492,0.7476156004074247,1.0807317739146263,0.8467854903477993,0.7198454878293163,1.0264630275764266,0.9992846178928296,0.9874068060204733,0.8494843666047567,-1.334290141366657
0.35626,3.45686,2.1101199999999998,0.021818816333783717,0.004717872543621715,-0.3449547376838847,-19.03211682316933,0.51517985639278,-13.513693077253832,0.7683725239257331,-15.460569181648774,1.1640844115796551,-18.193562180435322,1.910356171015421,-6.494861247433187,VIII,25,7,47,26.59453727866744,0.7452655437768508,1.0808531294560237,0.7037768320503754,0.8784555981182361,1.031444750009603,1.0059894933183675,1.0095732831220987,1.1566231903756428,-1.6611688134933098
0.35583,1.70952,2.5422599999999997,0.036620644325982034,0.0036896139351143553,2.1247960852813645,64.7967579417066,0.5116668499037572,-13.470966774143841,0.7591194791465958,-16.33695442640934,1.14346863166847,-17.271795404189355,1.3814445623744391,-4.701763541621215,VIII,25,7,48,26.52314275743606,0.7432648367846343,1.0795485573860015,0.8479061328495002,0.686996519348137,1.0244113381731554,0.9938749713395517,0.9916938747200787,0.8363941977434057,-1.4362740187247427
0.36044,3.45686,2.0655200000000002,0.022289941865604637,0.003520600984390887,-0.3153437547415955,-17.502343359738717,0.5175412243097569,-13.607272437088806,0.7662207430153158,-15.388558053441152,1.1622213965544184,-18.309584788566035,1.9111076396510438,-7.644239460360619,VIII,25,7,49,26.50828388567609,0.7428484428077033,1.093534783532053,0.6889016369385115,0.6555267474658433,1.0361724591981196,1.0031722804165537,1.0079575496092843,1.1570781662926934,-1.6518910642016842
0.35656,3.45686,2.09782,0.02194674506022619,0.003648983233189851,-0.3471228897445883,-19.14305830975726,0.5153441766548352,-13.490775638042356,0.7671800172581456,-15.329399029409037,1.1613710843169167,-18.254529130626988,1.9112141202067194,-6.756427438120289,VIII,25,7,50,26.51335280502996,0.7429904904357195,1.0817632960165042,0.6996744800352201,0.6794311883157613,1.0317737366140167,1.0044282074304027,1.0072201009253625,1.1571426348362495,-1.6586298812170206
0.35956,3.45686,2.0532199999999996,0.022423471777132362,0.0033386996098342947,-0.2962589792273225,-16.50239580995404,0.5157824569121809,-13.501382269265763,0.7657319881437964,-15.411503120207783,1.159187312644704,-18.350063818271614,1.9108879596980843,-7.904286552954881,VIII,25,7,51,26.50915723278848,0.7428729168379825,1.09086496162131,0.6847992849233558,0.6216571845840163,1.0326512202051596,1.0025323795218097,1.0053261854027649,1.1569451612898,-1.6492971456695777
0.36,3.45686,2.13776,0.021536711661853388,0.002985406624572251,-0.40754784058724447,-22.173246307663867,0.5162792584814103,-13.432694486875535,0.7641740498543435,-15.288940840349007,1.1638520554815524,-18.226541995130695,1.9092612526442356,-5.186240906597244,VIII,25,7,52,26.50367892500255,0.7427193968128633,1.0921998725766815,0.7129954507250823,0.5558749495172968,1.033645869673728,1.0004926533452143,1.0093717680889263,1.1559602731673777,-1.666820606336626
0.35901,3.45686,1.93988,0.0237335921408766,0.0033686936351874364,-0.1090623006537027,-6.224209194451755,0.5167823157733602,-13.453495353007739,0.7684594415922071,-15.628458419321525,1.1534893955656702,-18.539056917392912,1.874822568256249,-11.589870915252254,VIII,25,7,53,26.38246709164768,0.7393226464971558,1.0891963229270956,0.6469976119641928,0.627241994101007,1.0346530437631205,1.0061032900205322,1.0003845636481776,1.135109406918703,-1.6246365252088562
0.35956,2.73547,2.2851800000000004,0.02546054882263541,0.004148546132886621,-0.7467322875184234,-36.74988485511536,0.5152656842878338,-13.261312373050204,0.7574780191677859,-15.293478105092984,1.1635222906048515,-17.525128021510813,1.7549277026019383,1.4512980929010915,VIII,25,7,54,26.35728247426605,0.7386168915005165,1.09086496162131,0.7621636404872127,0.7724485010543384,1.0316165865646605,0.9917258946339602,1.0090857735288088,1.0625191831024614,-1.5941322390141324
0.3576,1.70952,2.4895400000000003,0.03739614516905576,0.004167000474470384,2.4584846906542444,67.86573929919479,0.5113009974556748,-13.380928203367402,0.7527533414751361,-16.21692227334497,1.1372402721369563,-17.163543080411586,1.3834826125365292,-3.599464752110177,VIII,25,7,55,26.34661374303268,0.7383179189069822,1.084918540092837,0.8303227183585256,0.7758846514640731,1.0236788627431281,0.9855401240993271,0.9862922171442658,0.8376281331301086,-1.4271731629891016
0.36106,4.36941,1.9806600000000003,0.018390240228465755,0.004069068642646834,0.019253210140221647,1.1029914087211,0.5166782109282236,-13.469473804825872,0.7676924480723313,-15.734886270260505,1.1478211419888693,-18.649996884901032,1.8227719476271926,-14.015159651318557,VIII,25,7,56,26.35446660478463,0.7385379816673321,1.0954157944237128,0.6605987432794803,0.757649999064301,1.0344446148142123,1.0050991059842573,0.9954686681029964,1.1035954118813214,-1.7354125976126213
0.36135,2.73547,2.03802,0.028548265943665916,0.0029005909291394683,-0.46499628620565164,-24.93825270012883,0.5160601079824597,-13.362978630431753,0.7583950243344784,-15.152569561275785,1.1584633765755945,-18.053522219094823,1.8910501719192523,-3.36711981039052,VIII,25,7,57,26.33569457001325,0.7380119281190001,1.096295622098844,0.6797297117013754,0.5400824876030917,1.0332071071157598,0.9929264809827512,1.0046983387390769,1.144934392963519,-1.5444202661911128
0.35907,4.36941,1.9624199999999998,0.01856117100871016,0.0034877626522950567,0.04680430688081014,2.6797336090726183,0.5141555553672948,-13.772369329902146,0.766286547043182,-15.764976599123454,1.1436371286341598,-18.563980964434073,1.816056484273438,-14.044676536069634,VIII,25,7,58,26.29339869397145,0.7368266599292393,1.0893783562391917,0.6545152554131034,0.6494123354303916,1.0293939906445848,1.0032584341487476,0.991840006764418,1.099529541460445,-1.731394627978237
0.36236,2.73547,2.07608,0.028024901236228854,0.0032197305799951947,-0.4960743066597242,-26.384828242488297,0.5167378866408266,-13.295195744478127,0.7579260714746735,-15.099163200714392,1.1587847368001785,-17.9367259275928,1.8693697243252971,-1.9129716663525211,VIII,25,7,59,26.21689947077346,0.7346829025636661,1.0993598495191286,0.6924236562295716,0.599505460623999,1.0345640919243975,0.9923125058142808,1.0049770442124693,1.1318079881363168,-1.5524559092463308
0.36358,4.36941,1.98758,0.018326212384363393,0.002695707655416657,-0.0047487615890237905,-0.27208195176105515,0.5164992345450442,-13.564804455372425,0.7669586445214013,-15.622074241732602,1.1446662116814526,-18.662963934696887,1.8396854644418108,-13.590838112120196,VIII,25,7,60,26.22131872176703,0.734806744368481,1.1030611935317496,0.6629067331936976,0.5019337548642394,1.0340862850998118,1.0041383758183429,0.9927324976699966,1.1138356833424268,-1.7369272846583472
0.35758,2.73547,2.07686,0.028014376009220653,0.004567488915871609,-0.48178699787151813,-25.72416255034349,0.5138215801003656,-13.425279824579842,0.756296058058865,-15.058996049158647,1.1543399973038353,-18.019993863888736,1.8750332889122698,-2.377281954323577,VIII,25,7,61,26.24597998782554,0.735497833356672,1.0848578623221383,0.6926838053817521,0.8504545577253565,1.0287253367144424,0.9901784154880241,1.0011222634067918,1.1352369875244261,-1.5526190465417735
0.36181,2.16054,2.34238,0.0314485386303872,0.0030643211018054894,-3.5827584495545577,-74.4048088109974,0.5113152246940433,-13.130027870051867,0.7469560121990285,-15.582553916938846,1.1485184618813005,-17.1894589923921,1.5533901320190726,2.6037835310718225,VIII,25,7,62,26.23298181251781,0.7351335821539788,1.0976912108249144,0.7812412449804553,0.5705686199497108,1.0237073471843194,0.9779499875972119,0.9960734314055414,0.9404984670680226,-1.5023995308070945
0.35835,1.70952,2.26064,0.04118267359870262,0.003969880882933485,1.9262310477246887,62.563983944402864,0.5117425208296938,-13.28197780962202,0.7466295045066513,-15.850900734102387,1.1389673365450965,-17.184236639828324,1.4597062754395151,0.7687441714630298,VIII,25,7,63,26.23897340798741,0.7353014861715954,1.0871939564940383,0.7539789479301465,0.7391814961576688,1.0245628393980524,0.9775225083501132,0.9877900450228501,0.8837776718949705,-1.385285462198997
0.3587,2.16054,2.4449,0.030129832679065136,0.0035604226672995565,-1.2063951521305951,-50.344127913946835,0.5130973798241386,-13.14743545309831,0.7460940827003802,-15.72592711196884,1.142413338397011,-17.165265507795525,1.4908822075523842,1.3191445066159455,VIII,25,7,64,26.24660362025406,0.7355153095682747,1.0882558174812658,0.8154341822644983,0.6629414412614404,1.02727541089999,0.9768215089067048,0.9907786525230237,0.9026531081148846,-1.5210032801009703
0.36438,2.73547,2.02186,0.028776441968538867,0.003050703985255754,-0.4476615154207242,-24.116225582500473,0.5126930559836309,-13.16802281900218,0.7569212862255064,-15.022929228274084,1.152508512941289,-18.2397158996076,1.9016202077759974,-3.525205264875595,VIII,25,7,65,26.13578107657579,0.7324097009836361,1.1054883043596977,0.6743399549074803,0.5680331482614144,1.0264659116592483,0.9909969936476835,0.9995338754320972,1.1513340103649772,-1.5409629049426872
0.35548,4.36941,1.98528,0.018347443791763878,0.0028471829477980104,0.006247295812336981,0.35793902683290096,0.5090216911806099,-13.59654283592566,0.757359219231584,-15.662940012209111,1.1358639009930267,-18.706696847833648,1.837537264481321,-13.633657390456362,VIII,25,7,66,25.95480583617192,0.7273381853736268,1.0784866963987743,0.662139626719319,0.5301380603724268,1.0191154496711559,0.991570356162835,0.9850985343488009,1.1125350578729125,-1.7364244341073731
0.35563,3.45686,2.0049400000000004,0.02296344066268501,0.0019185686844180871,-0.23231265831557882,-13.07854895813125,0.5072399872695592,-13.589546409662889,0.7544041964649415,-15.36986211874343,1.1412372035164382,-18.652342947210457,1.911681608393209,-8.945214996212103,VIII,25,7,67,25.95823850877255,0.7274343800389264,1.0789417796790146,0.6686967194524862,0.3572324995256472,1.0155482893439016,0.9877015011957536,0.9897586282524787,1.1574256750807466,-1.638963040103837
0.35705,2.16054,2.2747599999999997,0.03238338458432818,0.0023722921062787616,-2.6260739700177336,-69.15333753705774,0.5082069392107994,-13.293994538313225,0.7407455423067367,-15.561199479121361,1.1422217956214418,-17.376926302869943,1.6004504882257666,2.739143737225857,VIII,25,7,68,25.94604357872007,0.7270926383841778,1.0832499013986225,0.7586883146337231,0.44171462070327894,1.017484229755639,0.9698189479443423,0.9906125335827938,0.9689911116134995,-1.4896777624547832
0.35413,1.35352,2.40888,0.0488135382193802,0.004254213175398869,1.3989165507758377,54.4413394741393,0.5041657565182206,-13.623450507990754,0.7443294858507647,-16.430653857499756,1.1161029914078229,-17.790066128060605,1.3667738651892092,-9.704040144778066,VIII,25,7,69,25.91796023957738,0.7263056517636572,1.0743909468766117,0.8034206278266205,0.7921234295678213,1.0093933531028216,0.9745112156109655,0.9679605277154666,0.8275118391335993,-1.3114597116333697
0.35625,1.35352,2.36246,0.04977267591658719,0.003566799496461326,1.5422653807601814,57.04075218068589,0.5044554052814291,-13.503840709084368,0.743511335983356,-16.376032161031947,1.1160043973667675,-17.73485246379794,1.362605625388078,-8.82116013049928,VIII,25,7,70,25.9392183788736,0.7269013740571597,1.0808227905706744,0.787938418026335,0.6641287902675032,1.0099732606680165,0.9734400552753929,0.9678750202481949,0.8249881826080874,-1.3030090097569318
0.35932,3.45686,1.89218,0.024331892696383906,0.0026384330788084,-0.0993737292676547,-5.67506354313223,0.5084222466990369,-13.529403365674977,0.7561329935460971,-15.517803881280047,1.1313774338346774,-18.819424359495972,1.881888670797321,-12.073098435108063,VIII,25,7,71,25.89048143883981,0.725535606278021,1.0901368283729254,0.6310884907346879,0.49126937765053197,1.0179152981982897,0.9899649237487054,0.9812075644727178,1.1393875714770074,-1.6138241074430084
0.36017,1.07079,2.4287,0.0611986655161211,0.0020437205123008395,0.6626225689712771,33.52935354459829,0.5053862628858916,-13.733159511466734,0.7502439497568116,-16.371070200292,1.1095228512162274,-18.46018408462792,1.4996419179151792,-16.638573412932182,VIII,25,7,72,25.84548846261044,0.7242747565574803,1.0927156336276205,0.81003108448844,0.38053544440213954,1.0118369363867297,0.9822547102868228,0.9622537819927762,0.9079566657971136,-1.2132580478757398
0.35535,2.16054,2.3145,0.03182736138131189,0.0028752095510186093,-3.6263118053934416,-74.58315214126073,0.5065300836208413,-13.312699800652675,0.7369528241667637,-15.551063851986317,1.1349352525660512,-17.35370675060459,1.569344330667089,2.5263661091597913,VIII,25,7,73,25.80444319769711,0.7231245345643481,1.0780922908892328,0.7719425804127699,0.5353565410049015,1.0141269868950642,0.9648533427448783,0.9842931471861848,0.9501579203260749,-1.4971993646789101
0.35571,1.70952,2.28274,0.04078396981004016,0.0022999402054112994,3.8923645209606357,75.59156741765078,0.5045082962722957,-13.167753367028784,0.7371149003795585,-15.93003077207352,1.1233961236954058,-17.268526127261396,1.433669374172986,-0.028923151780801765,VIII,25,7,74,25.78966814662001,0.7227104895159261,1.0791844907618093,0.7613498405752631,0.42824288492325147,1.0100791540452034,0.9650655405553302,0.9742856287430006,0.8680136566462425,-1.3895105033571984
0.35759,4.36941,1.9481199999999999,0.018697417618479865,0.003447074353079893,0.028887000359274117,1.6546430619334447,0.5077882946085209,-13.401695621511651,0.7548183941933937,-15.663841671087011,1.1251213393997077,-18.9453401580884,1.8316616549596412,-14.389691538440738,VIII,25,7,75,25.77568460828527,0.7223186252322289,1.0848882012074876,0.6497458542897927,0.6418362799322852,1.0166460588299286,0.9882437883676717,0.9757818532997081,1.1089776760959036,-1.7282183716180135
0.3572,2.73547,2.23224,0.026064373435880552,0.003597750614429185,-0.6008578527835218,-30.99988354856512,0.5056727246216322,-13.062164755962009,0.7400709767362438,-15.087235377649053,1.1390352756463056,-17.88559809861333,1.7754057965600385,1.2631903670210411,VIII,25,7,76,25.75851658822294,0.7218375213997666,1.083704984678863,0.7445068505943407,0.6698918079402976,1.0124104631846855,0.9689357749321124,0.9878489664384946,1.0749176241502585,-1.5839527106606257
0.35605,2.16054,2.23944,0.03289412885232306,0.0034423728873296255,-2.5579546517161953,-68.64761551321826,0.5059990739421045,-13.234018111849402,0.7372362079164705,-15.33672694846384,1.1349485198332885,-17.425418500796003,1.6150920596913763,2.728299625478785,VIII,25,7,77,25.67902331874848,0.7196098611069515,1.0802160128636873,0.7469082273837,0.6409608792364212,1.0130638491606576,0.9652243620953956,0.9843046534639164,0.9778558360861432,-1.4828816106998028
0.35763,2.73547,2.2527799999999996,0.02582672829060539,0.002921510180172393,-0.6420942666506396,-32.704287455798244,0.5060592413280669,-13.076293748580092,0.7388498277201329,-15.158185685398376,1.137681357286863,-17.783891469680817,1.761103063941915,1.4587141383812623,VIII,25,7,78,25.63599459507877,0.7184040561400249,1.085009556748885,0.7513574449350959,0.54397759774191,1.0131843106530911,0.9673369891326056,0.9866747562269113,1.0662580493113578,-1.5879306064217653
0.35602,1.70952,2.57068,0.03621578696849514,0.004455234202630276,1.9055673162898792,62.31049482678005,0.5039626184395762,-13.360836399594179,0.7378633877037322,-16.160983272203385,1.1098081397721429,-17.618073851459478,1.3558344604600654,-6.51674338677624,VIII,25,7,79,25.59113222364294,0.7171468663911338,1.0801249962076394,0.8573849006763876,0.8295530220543001,1.0089866491097506,0.9660454954086788,0.962501203658394,0.820888587726032,-1.4411020731483006
0.35689,3.45686,2.0289,0.022692257243946818,0.002972783039940252,-0.2891243515225161,-16.1258692769139,0.5062219083136418,-13.268642691545818,0.7486619790670118,-15.070918360686916,1.133754474124303,-18.800390140675127,1.931994645931734,-7.42906452361331,VIII,25,7,80,25.57370939593761,0.7166586220186942,1.0827644792330329,0.6766879677681871,0.5535244708882607,1.0135099872225242,0.9801835197599345,0.983269095703133,1.1697241828880842,-1.644122301830702
0.35595,2.73547,2.08142,0.02795300177691672,0.003645648112097999,-0.43830875171112943,-23.668259761889335,0.506023914364624,-13.181678597024787,0.7415883015233791,-14.921682878181029,1.1362539171475297,-18.25399628102802,1.8716742634221966,-1.6815277862996398,VIII,25,7,81,25.54657865989099,0.715898330439225,1.0799126240101937,0.6942046773483463,0.6788101974419192,1.0131135823229267,0.9709223279988605,0.9854367829205156,1.1332032689761113,-1.553571547879497
0.35765,1.35352,2.2881,0.051390217187142415,0.004126995155291302,1.7076602049238725,59.64690558930888,0.5025111498433423,-13.192842801518585,0.7374704745096312,-16.214563764947755,1.1071329799940475,-17.783520665641475,1.360434150872872,-7.474732567354307,VIII,25,7,82,25.57296676116097,0.7166378109737477,1.0850702345195837,0.7631375321851194,0.7684357650724977,1.0060806549315777,0.9655310749514867,0.9601811229037835,0.8236734655832186,-1.2891195468803422
0.35857,1.07079,2.74272,0.0541918967080137,0.0035580521806268806,0.3612112277556709,19.860288742514292,0.5062555426473586,-13.610154627295644,0.7502384459711542,-16.08571474797871,1.109644316571952,-18.90481988608046,1.6588044119006065,-17.337010424954528,VIII,25,7,83,25.48537763413657,0.7141832783869694,1.087861411971724,0.9147644649599102,0.6625000628077786,1.0135773267283334,0.98224750447145,0.9623591250218081,1.004321435034736,-1.2660656484818191
0.35772,4.36941,1.74856,0.0208313201782684,0.009650431490957345,0.11455634951519762,6.535107620924007,0.49443399344599187,-13.595606885453586,0.739263789897011,-15.412660797698468,1.0608813987594192,-18.847233331273497,1.7638012756140298,-19.07641088870436,VIII,25,7,84,25.4943392197609,0.7144344112009543,1.0852826067170291,0.5831876942780526,1.7968852462852227,0.9899093305723781,0.9678789679093102,0.9200686016363026,1.067891678809281,-1.6812832059058838
0.35705,1.07079,2.6469000000000005,0.05615368882050825,0.003298455369237896,0.45378271562809924,24.407725826004786,0.5024064448377569,-13.289208753126504,0.7428897437616127,-15.940379521316176,1.0922006262759003,-18.617661825692313,1.614738428582971,-17.629479568983093,VIII,25,7,85,25.50525177890522,0.7147402166466167,1.0832499013986225,0.882806142188188,0.6141638116458858,1.005871024397754,0.9726262374660218,0.9472307687730954,0.977641730493152,-1.2506217090059022
0.36205,2.16054,2.29614,0.032081853857798895,0.001699877902289093,-3.9619446269352867,-75.8343383684144,0.5045967157375042,-12.823782867191001,0.7294014982556124,-15.35337381331615,1.109267323434013,-17.286675937982462,1.55934843474291,2.858501532790845,VIII,25,7,86,25.44546090086574,0.713064681525698,1.0984193440732986,0.7658190695999039,0.31651284462996926,1.0102561791987617,0.9549667912471375,0.962032170897006,0.944105915359723,-1.4937405438495384
0.35733,2.16054,2.092,0.03521244164294759,0.003211252959680222,-0.9986786462175087,-44.96212098223307,0.5016034289886807,-12.951973448374687,0.7291668076186956,-15.029383761803375,1.1158451643431948,-17.649275031638872,1.717124565696783,2.383027614983054,VIII,25,7,87,25.41486121884626,0.7122071787829096,1.0840993901884044,0.6977333671304881,0.5979269497686185,1.0042633014415354,0.9546595232129913,0.9677369225253919,1.039631312517466,-1.4533038597553174
0.35954,2.73547,2.08678,0.027881203077713034,0.002918996508861127,-0.43742288712977195,-23.625669199567355,0.5047203648633232,-12.890233874788347,0.7366156459182058,-14.792010206375526,1.118321308068526,-18.189619347558665,1.8662600622955972,-0.4770254368206605,VIII,25,7,88,25.43914289141296,0.712887630325255,1.0908042838506113,0.6959923689582027,0.543509558680915,1.0105037378718866,0.964411893103119,0.969884403004812,1.1299252464401073,-1.5546884903036138
0.35651,4.36941,1.7502799999999998,0.020810849241785886,0.01094509892500517,0.08260370789597328,4.722123039402733,0.505576261651786,-11.504419027799942,0.7386377420721935,-15.245067161211935,1.0550366730847787,-19.093453763167176,1.7989957497206246,-18.824432647429127,VIII,25,7,89,25.31650601966899,0.7094509457930269,1.0816116015897574,0.5837613565110662,2.0379489555366006,1.0122173340811627,0.9670593166145663,0.9149996574690255,1.0892001371702815,-1.6817101968909223
0.35493,2.16054,2.26242,0.03256001446108431,0.012437856581204942,-3.620812573539632,-74.56085359892683,0.5113696013822837,-13.436838481166523,0.7497694563674686,-14.880893352668066,1.0511543130229941,-15.716829476326343,1.4019935252192552,5.0543494050467395,VIII,25,7,90,25.02994430721497,0.701420553377477,1.0768180577045599,0.7545726216364048,2.315896548990641,1.02381621508533,0.9816334811961607,0.91163261041054,0.8488355462862005,-1.4873154108968498
0.35386,1.07079,2.18566,0.06800380614505609,0.011777261364225744,0.6279396793845882,32.12634229737345,0.5081306707012431,-11.421580061414556,0.6950845720936435,-11.657607274407864,1.0099702727173738,-18.103305394216665,1.4298344784126094,-21.64924722130999,VIII,25,7,91,24.764488272864,0.6939816107962833,1.0735717969721792,0.7289712768654028,2.19289543756171,1.0173315321049121,0.9100374554276545,0.8759150057678008,0.8656918229293565,-1.167466779330002
0.35211,2.73547,1.8357,0.03169468701776434,0.012199703960913966,-0.43604076330117125,-23.559164159280947,0.5074045410446794,-11.422605542591134,0.6733248072047937,-12.066649984201105,1.0672634537625694,-17.109437776994806,1.8886969186567335,0.45404505204802725,VIII,25,7,92,24.51471674164332,0.6869821990718133,1.0682624920360424,0.612251023920381,2.271553150442503,1.015877743466255,0.8815485465017848,0.9256035543927378,1.143509618181961,-1.4990135324904912
0.35641,3.45686,1.26092,0.036513276593474364,0.0036677681023840614,0.0022730883714360104,0.13023814583336482,0.5279987990686996,-13.204644003766434,0.7831468958296733,-9.964007334061533,1.1092566764484226,-27.399820192748354,1.9457523472092013,-21.63722819795485,VIII,25,7,93,24.28966001733821,0.6806753767247133,1.081308212736264,0.4205477807276171,0.6829288821069771,1.0571096337578345,1.0253327967850314,0.9620229371059761,1.1780537690590867,-1.43754919299891
0.34887,2.73547,1.4881199999999999,0.03909761105187082,0.010021815146678159,-0.36631015659541477,-20.118295604371607,0.49552057404775374,-13.139623624021901,0.6684517713127092,-17.741659426258206,1.0908688552574215,-18.287014742957137,2.053373138256769,-3.4077777901855115,VIII,25,7,94,23.80110846388287,0.6669845711531128,1.0584326931828525,0.496324559414064,1.8660359171439824,0.9920847802590115,0.8751685384258139,0.9460757662439678,1.243212666955087,-1.4078497781204085
0.3543,2.73547,2.1289599999999997,0.027328807003659066,0.005492602177626704,-0.467473010374129,-25.054819784474066,0.5157206416438516,-10.556031521927492,0.6749781115186053,-6.429375327582915,1.2663291424216088,-10.080764540845433,2.1673578522395713,-3.0576735818008114,VIII,25,7,95,23.30657807959538,0.653126219270607,1.0749067079275507,0.7100604346491988,1.02270824117445,1.032527459477333,0.8837131303685463,1.0982468772113563,1.312224595485026,-1.5633793263401352
0.35491,1.70952,3.39836,0.027395331643548973,0.005824637957632328,2.556791370244829,68.63877602570419,0.5316802260288087,-12.920473061583047,0.6520163760087303,-20.01190078445402,0.9891779117841373,-24.355413520001356,1.3200707029040313,5.321984636517207,VIII,25,7,96,22.58688450575811,0.632958061538125,1.0767573799338612,1.1334365035953946,1.0845324399048348,1.0644802412523426,0.853650544901185,0.8578824542771901,0.7992354572826686,-1.5623234376971864
0.35627,1.70952,0.6876800000000001,0.1353815717254698,0.006040575958934924,-1.0151665522020097,-45.4312115160587,0.5291380836477544,-11.812241641359227,0.6241439662796323,-15.802943327415337,1.015605361009361,-2.7324500718394806,1.689681690258915,9.19288468004779,VIII,25,7,97,21.76664852891287,0.6099723782414561,1.080883468341373,0.22935816534813294,1.1247395341696387,1.059390602400632,0.8171586734874599,0.880802138119229,1.0230160516443292,-0.8684404482256396
0.35789,1.35352,2.77946,0.042305324036287825,0.004475140879796113,1.7333237484948913,60.018223490262315,0.5207254852818136,-10.585154201705183,0.717863998696138,-21.75007446711629,1.0414634366898479,-20.068327545427675,1.2609576168332326,-7.898325597517711,VIII,25,7,98,20.93441189467916,0.5866503974427634,1.0857983677679681,0.9270181570767239,0.8332595935724104,1.0425476876188993,0.9398613534879935,0.9032280224453869,0.7634454997650528,-1.3736049741360117
0.35849,1.35352,1.5433400000000002,0.07618927517326095,0.0043037346045217695,2.0666871733900876,64.17923092744041,0.5088791923458953,-13.880771981990918,0.6903110782030919,-20.622709346938684,0.9917672165952778,-21.180783653587696,1.385991274679523,-1.2833006481825096,VIII,25,7,99,20.21587329256905,0.5665146057794206,1.0876187008889293,0.5147417852902331,0.8013441908829273,1.0188301518802483,0.9037877724278256,0.8601280757571992,0.8391470000594425,-1.1181061580682865
0.35886,2.73547,1.58438,0.03672221118576983,0.010373476355418965,-0.10496974347583478,-5.992378276786531,0.5051605943112036,-11.52139487764685,0.6860674197440102,-18.383805917139377,1.1380245593351261,-17.728947295247995,2.219105646864679,-3.0149680406609702,VIII,25,7,100,19.61595892328557,0.5497030514380622,1.0887412396468554,0.5284296329895806,1.9315143196661164,1.0113851239493534,0.8982317749264359,0.9869724044173627,1.3435552448279606,-1.4350711761400254
0.3589,3.45686,1.3921000000000001,0.033072567144776736,0.009430842738902434,0.05807483503382252,3.323709687851284,0.5011178352104002,-13.534645789486921,0.7238466457297004,-18.72151308174204,1.0639129661295603,-22.130541573369367,2.247820638142385,-13.860756239987381,VIII,25,7,101,19.20750583938216,0.5382568658363754,1.0888625951882527,0.46429953173152605,1.7559983917246387,1.0032910911599617,0.9476941167253443,0.9226977833283123,1.3609407069355717,-1.4805320931558574
0.35791,2.73547,1.54928,0.03755417804303289,0.012493619025712221,-0.07814997267727446,-4.468581207534138,0.5153204947339106,-13.919008810090746,0.7669880822180933,-16.60374546953424,1.1188766169448163,-19.217349016680945,2.283432675706397,-4.8419626697871285,VIII,25,7,102,18.88777840366957,0.5292970618458072,1.085859045538667,0.5167229211414543,2.3262793711396625,1.0317263228948956,1.0041769170371626,0.9703660046823249,1.3825019786649009,-1.425341739083366
0.35752,2.73547,2.09956,0.02771149048301073,0.010648871554463202,0.03152774480291719,1.8058085495066765,0.4971589302315713,-13.708785364130582,0.739289219816779,-17.86501063842458,1.0948738188299043,-17.139646797566,2.1407493402921367,-0.46120478654668184,VIII,25,7,103,18.66715237338259,0.5231144019743361,1.0846758290100422,0.7002548127593152,1.9827921895234446,0.9953649432224408,0.9679122619578424,0.9495491434169936,1.2961144991340237,-1.5573401147396508
0.35843,1.35352,2.9101,0.04040615647087748,0.010360486653065326,0.7362666332441145,36.36297622140578,0.5084103417730885,-13.88275675904744,0.7502789406459842,-17.30402268561642,1.0017481313849654,-19.286902270718375,1.7234780104995484,-16.725011768226246,VIII,25,7,104,18.50470870939128,0.5185622014863549,1.0874366675768332,0.9705898048214309,1.9290956708694527,1.0178914632730374,0.9823005220067547,0.8687842048252907,1.0434779991768153,-1.3935524587104495
0.35776,1.07079,3.0246,0.04914143983964931,0.011427679097966215,0.42381621729464813,22.968018513147733,0.5164958042640261,-13.436401133316608,0.7653764096527415,-15.259145199298908,1.0172518752573976,-20.486157661293934,1.9571286817526077,-18.84540091023508,VIII,25,7,105,18.37817304899556,0.5150162601990957,1.0854039622584266,1.0087783662633243,2.127804128723002,1.0340794173131478,1.0020668394160501,0.8822301074130039,1.1849415591759325,-1.3085521228813022
0.35714,1.07079,2.5742599999999998,0.057738223388081746,0.010638665044206408,0.6128725900478471,31.50299072373713,0.5119737017834529,-12.660404214030658,0.7291723127859445,-17.717327204627786,1.0155924175077526,-19.695126743117484,1.8181270814323915,-17.51744600071314,VIII,25,7,106,18.24251966392391,0.5112148105731348,1.0835229513667668,0.8585789185799857,1.980891763857123,1.0250256882033737,0.9546667308372087,0.8807909126331013,1.1007831823931191,-1.238536583541948
0.35763,1.07079,3.6144,0.04112250966661225,0.010857269119063429,0.18680737920637,10.58131399038391,0.4958503870080819,-11.9321301713702,0.6733571138726137,-14.842451004581395,1.0466216344585721,-21.52765073395838,2.189176062227814,-16.159175510242868,VIII,25,7,107,18.11573574456151,0.5076619122611354,1.085009556748885,1.2054911482583346,2.0215952740842544,0.9927451008095811,0.8815908439127138,0.9077015628558263,1.3254344084129854,-1.3859203886357956
0.3587,1.07079,3.4985199999999996,0.04248459318197504,0.010464165050686647,0.2170917623358172,12.248384696940375,0.510228283471997,-11.761363722052838,0.7535127961822893,-15.648293291989933,1.043190633016412,-21.250754189191,2.1596795256672783,-16.652180630453923,VIII,25,7,108,17.99985398619122,0.5044145280047105,1.0882558174812658,1.1668423229318141,1.9484003188760013,1.0215311754976029,0.9865344379669599,0.904725964732613,1.3075757605130265,-1.3717685360473588
0.3572,1.35352,2.59794,0.04526122849099694,0.008244434922100807,0.9213693335694335,42.656518884302926,0.5112357871399462,-13.61145950552363,0.7074297146620502,-17.994111836558186,1.0147238205044626,-18.969808871751823,1.6889370767724494,-13.012418588958868,VIII,25,7,109,17.87714063811832,0.5009757003566887,1.083704984678863,0.866476780020545,1.535092341659843,1.0235483047700822,0.9262002974484538,0.8800376061549813,1.0225652261703262,-1.3442736624974985
0.35962,2.73547,1.73724,0.033491018488239974,0.009189306831978883,-0.009074650184899441,-0.5199248846531381,0.49422331843921824,-11.81533689958447,0.7227557214996464,-11.971948441216908,1.0936375585552949,-19.443777258988057,2.2771597455834405,-4.73328525985588,VIII,25,7,110,17.76196504282636,0.497748105089448,1.091046994933406,0.5794121963258935,1.7110250340042374,0.9894875368492764,0.9462658273484239,0.9484769743098261,1.3787040395361148,-1.4750716450221897
0.35925,2.73547,1.7111399999999999,0.03400185663271854,0.007865700083043548,-0.005180964981029087,-0.29684477122854347,0.5100520985960081,-12.453503448598052,0.7274319478923683,-12.371041368245578,1.0852882749771686,-19.736520671102586,2.289201866075457,-5.368198492158432,VIII,25,7,111,17.67941950746917,0.4954349103664221,1.0899244561754802,0.5707072054644662,1.4645728995816436,1.0211784346768682,0.9523881631594724,0.9412359069526506,1.3859949290747713,-1.468497368153923
0.35778,1.35352,2.74734,0.04279992863857425,0.009185010685949069,0.8410977512377092,40.067115814089604,0.49367182220959205,-13.149730050038702,0.7123971604303455,-17.720748589108712,1.0123777094738413,-19.32133404504128,1.724642114788438,-14.275807353498525,VIII,25,7,112,17.57425145526929,0.4924877590477352,1.0854646400291252,0.9163053483997491,1.7102251027862299,0.9883833828656929,0.9327039113804075,0.8780028988844498,1.0441828049282107,-1.3685569550966237
0.35805,3.45686,1.5454599999999998,0.029790690617837862,0.009209649681065912,0.12473060653174321,7.109818199798778,0.508216370620678,-13.355224770612896,0.7470867887558053,-14.17336440549493,1.0562604227539483,-21.307463508209693,2.258952216480965,-13.670134327750768,VIII,25,7,113,17.49470630395297,0.4902586448567497,1.0862837899335578,0.5154488573448777,1.7148128195997459,1.0175031124391984,0.978121206424009,0.9160609765271053,1.3676803096584718,-1.5259194287070945
0.3587,1.07079,2.68446,0.05536800657823297,0.009558348806947059,0.5989756646522022,30.92058254978793,0.4964215451817833,-13.734779799988551,0.7303626604364085,-17.525285757259184,1.0146138698648537,-20.08229908753138,1.8590065997885545,-17.339801850925603,VIII,25,7,114,17.3761068138733,0.4869351009071137,1.0882558174812658,0.8953333244393452,1.7797396899967326,0.9938886200919813,0.9562251900382807,0.8799422494719888,1.1255336449819842,-1.256741112169083
0.35837,3.45686,1.9181999999999997,0.024001835430217756,0.009745466446420215,0.01984485686242431,1.1368773178804283,0.4929824917390019,-12.060589440395328,0.7375377538433829,-12.54751863737447,1.083888479107122,-20.692156417753537,2.319407705368264,-8.073244560643078,VIII,25,7,115,17.29102652511469,0.48455087413896325,1.0872546342647371,0.6397667996317887,1.8145805078403787,0.9870032701029575,0.9656191602236225,0.9400219086393271,1.404283023588712,-1.6197555463410285
0.35976,1.35352,2.5255799999999997,0.04655800091301823,0.008957069881360524,0.9756753312022459,44.29460553456049,0.5099443184012634,-13.61531455925586,0.7026041964611759,-17.737771640267102,1.0100273479558268,-19.092265916534032,1.692927173263288,-11.774248857872678,VIII,25,7,116,17.21003357067829,0.4822811877895581,1.091471739328297,0.8423429432874846,1.6677831177645936,1.0209626472879691,0.9198825017715677,0.8759645053017665,1.0249810260107755,-1.3320056755034384
0.35726,2.73547,1.764,0.032982957459472786,0.008576768267895996,0.02928881346358961,1.6776457938982412,0.5049468774148852,-13.5516775857195,0.7222935216493569,-12.648435749927119,1.0855561187170928,-19.670146746823296,2.2807651362509014,-5.0403260067971205,VIII,25,7,117,17.11754045770222,0.4796892295458244,1.083887017990959,0.588337313393012,1.5969719463663823,1.0109572400405384,0.9456606935380307,0.9414681992857401,1.380886919629167,-1.481710405369981
0.35779,3.45686,1.5179399999999998,0.030330790889128486,0.009465632718283379,0.17151240083398278,9.732244435605548,0.4937220832160769,-13.542485315333558,0.7440028100719585,-15.021836748333806,1.0509899817028383,-21.258580745354315,2.2289593489859256,-14.560698863535793,VIII,25,7,118,17.0519645776935,0.4778515798299729,1.0854949789144746,0.5062702616166601,1.76247619540904,0.98848401073502,0.9740835162971981,0.9114900910977143,1.3495211587017226,-1.5181162651161062
0.35759,1.35352,2.87546,0.04089292007049327,0.009536180028704488,0.7658928045848684,37.448243912947916,0.4941667934613532,-11.531691994562568,0.7168012832053741,-17.672240557128355,1.0136175679936947,-19.772962096698954,1.7732334846541065,-15.223727177048897,VIII,25,7,119,16.97045148039499,0.47556731738364566,1.0848882012074876,0.9590365142681803,1.775611921141053,0.9893743678444331,0.9384699963209866,0.8790781886349558,1.0736024001280309,-1.3883518763563432
0.35968,2.16054,1.90942,0.03857947854167567,0.008087565663277896,0.20027050382387618,11.32483432103893,0.5067823673085948,-12.300610788438952,0.6941052296081259,-13.168278725150145,1.0765951044223427,-18.00235632879588,2.0926218089448207,-0.5636240079064729,VIII,25,7,120,16.91035487145657,0.4738832146872787,1.0912290282455022,0.6368384540469868,1.5058836936280207,1.014632085613536,0.9087552541254041,0.9336965973884357,1.2669757344908585,-1.4136436467803486
0.35805,1.70952,2.5244,0.03687973349872092,0.008619890458901214,1.2101627671174775,50.4318815794113,0.5055520704030722,-11.969057136232475,0.6888933865184499,-16.537769037975483,1.0264472013980437,-18.180053049257076,1.7155689701541508,-5.890371191429193,VIII,25,7,121,16.82387338093947,0.4714597216826248,1.0862837899335578,0.841949384313673,1.6050011861861122,1.012168900633751,0.901931663710887,0.8902049205011657,1.0386894787867975,-1.4332122259170283
0.35843,1.07079,3.1024,0.04790910228822954,0.00946267655640004,0.4075587477986963,22.173782228553893,0.48987105518155505,-12.904599716883974,0.7371807017663714,-16.852104566651033,1.0266794996123918,-20.89141723843794,2.0130084431138524,-17.63870709946435,VIII,25,7,122,16.73068555854458,0.46884829541854695,1.0874366675768332,1.0347265765705669,1.7619257657542853,0.9807738438892903,0.9651516908297327,0.8904063853336038,1.2187739035542682,-1.319581966794138
0.3589,1.07079,2.79354,0.05320603926881423,0.008490894630837242,0.5553930496745928,29.047488674353637,0.49891430213834304,-11.358452021627071,0.7314962166689427,-17.33826098822169,1.0186085736168586,-20.465947877102398,1.903371665565317,-17.324800435855444,VIII,25,7,123,16.68702898858941,0.4676248961540232,1.0888625951882527,0.9317141827981376,1.5809824984727505,0.9988793840824375,0.9577092952405187,0.8834067286299385,1.1523944286926309,-1.2740390693541892
0.35919,2.73547,1.72178,0.03379173701547816,0.00941145547601585,0.040067014850230856,2.2944435668009477,0.5064239855217804,-13.594682412647042,0.719269999428145,-12.471801213951967,1.0845582101793974,-20.05061304826627,2.299184412963768,-5.551060999744631,VIII,25,7,124,16.61403770775986,0.4655794427577711,1.089742422863384,0.5742559067198527,1.7523885337945142,1.0139145672402496,0.9417021558591798,0.9406027450380626,1.3920388518810067,-1.4711894833701762
0.35996,1.07079,2.71372,0.054771015041715186,0.008475637170276051,0.5770357132522567,29.986481113163634,0.4902348079100779,-11.96379841734879,0.7257615628645502,-17.259416299012905,1.0165111152127313,-20.408979384165843,1.886017625059281,-17.11128274957876,VIII,25,7,125,16.55986766934966,0.46406142186839944,1.092078517035284,0.9050922528916577,1.578141598995471,0.9815021154579102,0.950201216417551,0.8815876698518956,1.1418874426129981,-1.261449210450967
0.35856,2.73547,2.0573,0.02828072568828562,0.008226717962889152,0.12729472105584777,7.254434673271125,0.492544932176312,-13.52183552639924,0.7050134929422749,-12.81194878529437,1.0796847442557649,-18.73671274529464,2.1854441257916863,-1.9806017363755695,VIII,25,7,126,16.49302264051184,0.46218820646917685,1.0878310730863747,0.686160065103993,1.5317934899301258,0.9861272294190049,0.923036866185708,0.9363761434756993,1.3231749113136888,-1.5485094506610495
0.35871,1.07079,3.2847800000000005,0.0452490574525549,0.008270719315998543,0.3527873651757556,19.43219789208979,0.48988564799842593,-12.247614254417199,0.7415041036750064,-16.23765505910329,1.0306113061599116,-21.20562512057018,2.085603431792912,-17.163130850256685,VIII,25,7,127,16.41522055819194,0.46000793874804524,1.0882861563666149,1.095554784743253,1.5399864274472657,0.9808030602574432,0.9708120922106387,0.8938163157521326,1.2627264652206234,-1.3443904628105494
0.35926,3.45686,1.8831999999999998,0.02444791882022287,0.009677908110198308,0.06532967423507124,3.7378030433852985,0.49380036923254234,-13.332521527491792,0.731410487426712,-13.068141079371651,1.0745956049348284,-20.70320488982403,2.3208263139440177,-8.380646226096035,VIII,25,7,128,16.32042172519555,0.45735136672040794,1.0899547950608295,0.6280934402390702,1.8020013213310013,0.9886407476487025,0.9575970544793401,0.931962495254492,1.4051419187003553,-1.6117581051850562
0.35834,1.07079,3.4132999999999996,0.04354530774880712,0.009242187232136934,0.27559160467559274,15.407759740612493,0.49595826183808284,-13.741074669244904,0.7389126843853875,-15.51653207852014,1.039728855410428,-21.195705868556097,2.1657561412923965,-16.06357871655677,VIII,25,7,129,16.23676484628084,0.45500702853163794,1.087163617608689,1.1384193604333148,1.7208712269906024,0.9929610776683071,0.9674192840388681,0.9017236754240832,1.3112548412298306,-1.3610586358018986
0.35902,2.16054,1.92316,0.03830384779063955,0.00845652028172289,0.2233051833795949,12.587923276895461,0.5011551688277667,-11.813518190743144,0.6949245106744115,-13.126208122649727,1.0747404189497203,-18.363204774695795,2.1082293888475334,-0.965468398437256,VIII,25,7,130,16.21011012370216,0.4542600763997521,1.0892266618124449,0.6414210814200141,1.5745820840630824,1.0033658370242529,0.9098278954798179,0.9320880878309429,1.2764253277839894,-1.4167575970416626
0.35801,1.07079,3.4987999999999997,0.04248119324882912,0.00829483577771395,0.24305679912641304,13.661220983796982,0.5014193198409548,-13.500550834050577,0.7387229645611142,-15.138189171419594,1.0458908115686583,-21.325617280787597,2.202235653827311,-15.270269056665422,VIII,25,7,131,16.15131571363451,0.45261246555655626,1.0861624343921603,1.1669357098069557,1.5444768499003572,1.0038946953877579,0.9671708939104471,0.9070677434721014,1.3333413247932877,-1.3718032929128439
0.35898,3.45686,1.78946,0.025728611269457656,0.008794631686552479,0.08597991388538662,4.91420048479844,0.501556106983219,-13.405632463551935,0.731326186831794,-13.570695245294822,1.067886650473135,-21.021479986493702,2.3249138809807435,-9.793322742204579,VIII,25,7,132,16.12199184048504,0.4517907151331747,1.0891053062710476,0.5968288485398294,1.637537548335156,1.0041685577641812,0.9574866841705024,0.9261440330237185,1.4076167319831472,-1.5895836546869748
0.36012,2.73547,1.67978,0.03463664108306445,0.007792373579836476,0.05961293207271105,3.4115320456591256,0.5034959981560799,-13.63391940368051,0.7275624243475549,-12.744165846054916,1.0797737140935397,-20.49472318076319,2.319522721694824,-6.597811887267202,VIII,25,7,133,16.04958662446635,0.4497616851815337,1.0925639392008737,0.5602478754485904,1.4509196953805739,1.008052425778446,0.9525589890791352,0.9364533041784179,1.404352660106022,-1.460464230679523
0.35926,1.07079,3.52438,0.04217286414603514,0.008771396024051359,0.21851486988701208,12.326229899779248,0.49690543923327196,-13.678967242188698,0.7382509576341474,-14.884147518068009,1.047470917257635,-21.37489650585251,2.2277714711088152,-14.789789297503454,VIII,25,7,134,15.93606458556918,0.4465804279495374,1.0899547950608295,1.1754672679002627,1.6332111284051198,0.9948574273401211,0.966552920213423,0.908438118740623,1.3488019592556477,-1.3749669031212837
0.36034,2.16054,2.19686,0.03353168973764662,0.007926467336227316,0.48497645021924024,25.872292862123754,0.5056686653880917,-12.067038087784427,0.6821805445911647,-14.15382618897665,1.0625359878002205,-17.91114410705655,1.9782987298738444,-0.5848714658895224,VIII,25,7,135,15.88932294578724,0.4452705749814599,1.0932313946785595,0.7327067518710727,1.475887604090505,1.0124023361683194,0.8931428949315798,0.9215035739403066,1.1977589431642677,-1.4745445609390457
0.35905,1.70952,2.4256599999999997,0.038380976412263505,0.008765299227377121,1.1692748420615087,49.46191502020361,0.5068387378884013,-11.96579450495499,0.6828873597651814,-16.146920805364022,1.0311172841176806,-18.289888035512273,1.7673520314347557,-4.848357068769663,VIII,25,7,136,15.85057428042051,0.44418471118685543,1.089317678468493,0.8090171698440437,1.632075920719971,1.0147449454970794,0.8940682906434748,0.8942551342973608,1.0700414802902423,-1.415883981005859
0.35814,2.16054,1.9190599999999998,0.03838568253053389,0.00871536219174912,0.20964623954184705,11.840364866840044,0.5072885297789856,-12.55350604986541,0.6923501696396782,-12.915543258359758,1.0710853908011468,-18.34198844358069,2.1185652548665543,-0.92874085387295,VIII,25,7,137,15.80835394381885,0.4430015598582133,1.086556839901702,0.6400536307482956,1.6227777745544598,1.0156454765997287,0.9064574469636104,0.9289181984903137,1.2826831672966394,-1.4158307328581157
0.35865,3.45686,1.78812,0.025747892044294396,0.00876749545978689,0.09066431747812499,5.180519071281619,0.500572084294225,-13.716357211553719,0.7307926191213363,-13.222586411863395,1.0700079103391364,-21.275273618734737,2.33570373474378,-9.766795136486827,VIII,25,7,138,15.77894293886779,0.44217736771799293,1.088104123054519,0.5963819256373654,1.6324848534830525,1.0021984399036736,0.9567881121966479,0.9279837340505265,1.4141494379112027,-1.5892583204482076
0.35786,3.45686,1.5250399999999997,0.03018958238619558,0.008554939451914434,0.19066688014091723,10.794840691409515,0.49242942861344197,-13.24329336873812,0.741298527515746,-14.970955429980231,1.0503573630016851,-21.679271830686027,2.2618962585211895,-14.159160493827887,VIII,25,7,139,15.7745202146547,0.44205342858225594,1.0857073511119202,0.5086382859506116,1.5929074775995817,0.9858959790274157,0.9705429422217295,0.9109414410747998,1.3694627769014018,-1.5201428945497824
0.33296,1.35352,2.90044,0.04054073035329142,0.004534406047640105,1.7036387924160108,59.587965716370924,0.4997581290362483,-14.443174343676024,0.7584503723923902,-17.230946664372517,1.1374674386331443,-19.02821283015532,1.4808082032414756,-12.765626807796341,VIII,25,8,0,33.94367186459094,1.0,1.0,1.0,1.0,1.0,1.0,1.0,1.0,-1.3921084316285266
0.33667,1.35352,2.87942,0.040836680979468284,0.004965004215541802,1.1394499633876136,48.729280097966566,0.5067371547211513,-14.403467057755224,0.7688599297805436,-17.09639302431968,1.1485138842887481,-18.70406725270372,1.5768799328099892,-10.931287414571472,VIII,25,8,1,31.50480924250831,0.9281497113272892,1.0111424795771264,0.9927528237095061,1.0949624191961806,1.013964806732332,1.0137247706205461,1.0097114390095228,1.0648779020525505,-1.388949562639907
0.33876,3.45686,2.21204,0.02081351183624333,0.004328437493614057,-0.08793197351655882,-5.025205879726473,0.5115574440796896,-14.2578569727472,0.7752979239713055,-16.19688211688038,1.1778983391596887,-19.069683864967686,2.1389147505990826,-5.863404657682622,VIII,25,8,2,30.17151429360582,0.8888700790523454,1.0174195098510332,0.7626567003627036,0.9545765086183133,1.023610051258587,1.0222131232209337,1.0355446662940337,1.4444238935987914,-1.6816546356737867
0.34131,2.73547,2.32656,0.025007709647939448,0.0039047687665458297,-0.05318857593069056,-3.0446119878280697,0.5109222779816165,-14.12345256752914,0.7725858291850368,-16.12971372884783,1.1849981981343185,-18.65543815865682,2.03690398364717,-0.976969160604814,VIII,25,8,3,29.44475170073359,0.8674592371207048,1.025078087457953,0.8021403649101516,0.8611422809340233,1.022339104252086,1.0186372863765087,1.041786479231696,1.3755353186107464,-1.6019260816725265
0.33919,2.16054,2.61074,0.028215918826480755,0.0048625814279413815,3.963444949224964,75.83948489270249,0.5099914282289157,-14.412270660972972,0.7659684837899041,-16.45945634814386,1.1759013408009524,-17.916920435455328,1.7311104343494803,1.1297158524810365,VIII,25,8,4,29.01636241032875,0.8548386434467563,1.0187109562710235,0.9001186026947634,1.0723745021626532,1.0204765037287171,1.0099124631896474,1.0337890130850629,1.1690308242215943,-1.549505802747364
0.34378,1.07079,3.2116000000000002,0.04628010927232635,0.00433380487308288,0.27179269885044205,15.20526685970653,0.5113654490475478,-14.358179636552977,0.7804817318119489,-16.809032682100288,1.1682373396464363,-19.195614210044145,1.8877426161453772,-13.629324356871258,VIII,25,8,5,28.75276865531244,0.8470730205622362,1.0324963959634792,1.1072802747169395,0.9557602092865888,1.0232258753523098,1.0290478589259109,1.0270512367811313,1.2748056176438824,-1.3346056243029947
0.34536,2.73547,2.38018,0.024444343267530182,0.004105499891804809,0.02712992365892545,1.5540489220037592,0.5128095430393989,-14.052607479417306,0.7705654783518693,-16.02661336911165,1.1859349187930424,-18.427280331075202,1.9512526912377526,0.20893602716003506,VIII,25,8,6,28.4735870419744,0.8388481704502107,1.037241710716002,0.820627215181145,0.9054107304619275,1.0261154611498153,1.0159734985972309,1.0426099934940904,1.3176944096922738,-1.611821626189839
0.34368,2.73547,2.31632,0.025118263866179973,0.004221467082664743,-0.07036260833038611,-4.02484703891192,0.5128600833474826,-14.106410197887978,0.7714763730877132,-16.015585809562864,1.1844823466909096,-18.565937922660016,1.9936925511586898,-1.05015055376653,VIII,25,8,7,28.34278385906048,0.8349946338194146,1.0321960595867372,0.798609866089283,0.9309856766933723,1.0262165906865799,1.0171744931105182,1.041332970475411,1.346354340011431,-1.6000103816304898
0.34621,3.45686,2.09396,0.021987201628609763,0.003591215488320365,-0.041652368872081416,-2.3851262463795058,0.5145346996379233,-14.15450889950767,0.7789150303001853,-16.1881333410453,1.1760699937089845,-19.18675748294599,2.049835604626456,-8.975003269774398,VIII,25,8,8,28.13892402631927,0.8289888064724366,1.0397945699183087,0.7219456358345631,0.7919924794095986,1.0295674442158063,1.026982197718808,1.0339372836221383,1.3842681315104715,-1.6578300409706417
0.34781,2.16054,2.4766,0.029744176660359507,0.0035243162089856894,1.9521126339783732,62.87550128152083,0.5135844932291123,-13.964930335555882,0.7649163339253439,-16.176784218341254,1.1769041502010615,-17.846156399035404,1.747145845904853,1.866011277079725,VIII,25,8,9,27.96151837147567,0.823762334346754,1.0445999519461797,0.8538704472424873,0.7772387765802076,1.0276661116439012,1.0085252269209888,1.0346706290030658,1.179859648319321,-1.526598048148042
0.34619,3.45686,2.18254,0.02109483478985205,0.003898700733824756,-0.0989865692053009,-5.653096984320087,0.5124988325650927,-13.963405493307071,0.7734484773047791,-15.895463635987454,1.176486417892257,-18.900583276958105,2.0524427095136484,-6.248346801998049,VIII,25,8,10,27.78846721479967,0.8186641482292845,1.03973450264296,0.752485829736178,0.8598040609648983,1.0254937394483488,1.0197746687961668,1.0343033812959082,1.386028727434701,-1.6758238715684985
0.34921,3.45686,2.21738,0.020763387746910184,0.003072443909929945,-0.13506352841919725,-7.692022500081692,0.514977422371382,-13.876391632505634,0.7728854558343472,-15.916953928137385,1.1735358698541045,-18.713145010561895,2.0387963596281087,-5.009628733111248,VIII,25,8,11,27.74441843536037,0.8173664459767108,1.0488046612205673,0.7644978003337424,0.6775846445267013,1.0304533182171207,1.0190323374704455,1.0317094186575595,1.3768132531716142,-1.6827017857100968
0.3484,1.07079,2.76044,0.05384402448124332,0.0036606445581716107,0.5743789405082521,29.872152275338905,0.5108572243340264,-14.094804584654959,0.7728927172721549,-16.856109987322988,1.1473377985500017,-18.735097988474,1.6648051271755806,-14.895504579342795,VIII,25,8,12,27.64458952882766,0.8144254292555102,1.0463719365689572,0.9517314614334377,0.8073040922474871,1.0222089339880913,1.0190419115151979,1.0086774878837133,1.1242543926562114,-1.2688624869587395
0.34878,3.45686,2.1536,0.021378306427490574,0.003096659782138411,-0.09775815298822806,-5.583388505440861,0.5128262191834301,-14.023480217546163,0.7704002901422354,-15.830683746249603,1.1662492829304651,-18.590736326818273,2.021168705800105,-6.2179425524257725,VIII,25,8,13,27.4637591243426,0.8090980620453146,1.0475132148005766,0.7425080332639186,0.682925117337042,1.0261488295795864,1.0157557016053027,1.025303444582033,1.3649091768777246,-1.6700267022295796
0.34965,2.16054,2.40204,0.030667444304443868,0.0029431101908743984,1.595069486805277,57.91508735118777,0.5109276161818112,-13.920373575424723,0.7580875281362343,-16.080135169787834,1.1645287664547854,-17.411477061074336,1.6955357828307072,2.391055432870921,VIII,25,8,14,27.26970173058238,0.803381020160914,1.0501261412782317,0.8281640027030381,0.6490618969613708,1.0223497858195973,0.9995215978930679,1.0237908593270677,1.145007016519219,-1.51332241478127
0.35024,1.35352,2.50676,0.04690754437836114,0.002731346722211092,1.3705483494352184,53.88420219653636,0.5105510686334246,-14.025418594949473,0.7600511349672336,-16.77063533708344,1.140366412825456,-17.729651259817253,1.4676214932977178,-7.580309006508883,VIII,25,8,15,27.23339439278411,0.8023113852097187,1.0518981259010092,0.8642688695508267,0.602360417994017,1.0215963262428363,1.002110569963588,1.002548621695752,0.9910949237619753,-1.3287573018821257
0.35377,3.45686,2.1767600000000003,0.02115084838119209,0.0022229975473672114,-0.15845620478351655,-9.004011133212448,0.5130257547956592,-13.714471168777015,0.7667807146351501,-15.631204765500266,1.162863252811386,-18.26560927618874,1.9969273500761502,-4.430228602765643,VIII,25,8,16,27.1416302736223,0.7996079617401578,1.0625,0.75049302864393,0.49025109882343965,1.0265480939449583,1.01098337155071,1.0223266295945659,1.3485388220465653,-1.674672207963606
0.3538,1.07079,2.7388199999999996,0.054269064392330764,0.0036769812740224395,0.5044117798412754,26.766915200546872,0.5110450249493024,-14.169027130949887,0.7686681213503335,-16.634239016306328,1.1335653568599227,-18.441407935938997,1.6493841958471358,-16.201535091933838,VIII,25,8,17,27.19281372063399,0.8011158553827745,1.0625901009130228,0.9442774199776583,0.8109069270353709,1.0225847170006421,1.013471875457999,0.9965695002417734,1.1138405312967938,-1.2654476656648679
0.35168,1.70952,2.64776,0.035161494714087034,0.0032304650911855193,1.5907534236786496,57.84517874096542,0.5085710849614833,-13.989774919293941,0.7575192266527392,-16.608141187183293,1.1334796404469893,-17.420812504743008,1.4326924832296055,-6.019891575660941,VIII,25,8,18,27.18539261008198,0.8008972252186128,1.0562229697260932,0.9128821833928644,0.7124340116974722,1.0176344423696124,0.9987723049871887,0.9964941429963509,0.9675071221873669,-1.453932671360432
0.35234,1.70952,2.4018800000000002,0.038760970258368894,0.002091287789026175,2.7946964599523083,70.31174361823491,0.5060978314617544,-13.840340339860848,0.7546337514449228,-16.358951805227356,1.143337017881348,-17.215083156548,1.5144631195324667,-0.17826578517095554,VIII,25,8,19,27.1262833420978,0.7991558323539876,1.0582051898125902,0.8281088386589621,0.46120434893883594,1.0126855413792504,0.9949678699010608,1.005160217381921,1.0227273972532842,-1.4116053602956362
0.34954,2.16054,2.29814,0.032053934014919176,0.004410175856406573,0.8819418564786852,41.41041985408975,0.5067509983039559,-13.70989004050911,0.7512318632332609,-15.901605073251412,1.1521231033507737,-17.33858050469731,1.7032762011579667,2.6149324281650688,VIII,25,8,20,26.95348001512864,0.794064947441521,1.0497957712638155,0.7923418515811395,0.9726027643029044,1.0139925072978662,0.990482555719025,1.012884469673471,1.150234174439006,-1.4941186614299533
0.35669,2.73547,2.0278400000000003,0.02869158166251282,0.0015689038157418178,-0.1798232801288089,-10.19416588110818,0.5090830591862685,-13.541857421889313,0.7581890920056327,-15.432547711845697,1.1525196514511495,-18.01874306118882,1.9701184330052688,-3.3731714208291996,VIII,25,8,21,26.94332162501907,0.7937656754549753,1.071269822200865,0.6991490946201266,0.3459998507540676,1.0186588863857058,0.9996555076030441,1.013233093367572,1.3304345753168423,-1.5422455100193257
0.35229,4.36941,1.89634,0.01920795490835662,0.003930402710897674,0.2179992349552901,12.298029550734652,0.5089457697629199,-13.923485872809028,0.7654406580405204,-16.244361738909415,1.132494414439311,-18.481619971406435,1.815501563024835,-15.265455007043473,VIII,25,8,22,26.92342155494095,0.7931794080011328,1.0580550216242193,0.6538111458951055,0.8667954897738415,1.0183841746494238,1.0092165366417853,0.9956279854482611,1.2260207358729638,-1.7165188724780431
0.35646,3.45686,2.09026,0.02202612149792069,0.002221587199868702,-0.17297822309895536,-9.813809930384284,0.5116642806250998,-13.63771128104066,0.7612645275547383,-15.411938432437458,1.146567978797893,-18.22924832944895,1.979496345924103,-5.552679435971505,VIII,25,8,23,26.92832891250099,0.7933239815634633,1.0705790485343585,0.7206699673153037,0.489940066356631,1.0238238277620653,1.0037104011874518,1.0080007038932777,1.3367675446361005,-1.6570619695012287
0.35877,1.70952,2.48846,0.03741237522169176,0.001410875731953365,1.9980236382797654,63.41228346905613,0.5062074886786374,-13.430480187195315,0.7473170893173957,-16.43505272425709,1.1205009812429785,-17.09265573907346,1.4032545633173983,-3.686085438675107,VIII,25,8,24,26.98153362147264,0.7948914227402427,1.0775168188370976,0.857959482009626,0.3111489613259589,1.0129049619559491,0.985321013107454,0.9850840060876347,0.9476274916938513,-1.4269847186147284
0.35526,4.36941,1.9326,0.01884756970449808,0.0026076904061028694,0.10077121928750525,5.754339897729268,0.5093686908934194,-13.771575493278606,0.7608401507018984,-15.957558391624978,1.1272931014142598,-18.4844517448314,1.868285687970835,-14.21624877904505,VIII,25,8,25,26.98102003716788,0.7948762922526865,1.0669750120134551,0.6663126973838452,0.5750897424503968,1.0192304262778167,1.0031508697160634,0.9910552716734374,1.2616662197583555,-1.724744641849235
0.35778,1.35352,2.44286,0.04813454555148496,0.0016626729269204055,1.22587070265572,50.794267443481004,0.5049144730070535,-13.815900966346273,0.7489283277727038,-16.591983227738442,1.1128268826684244,-17.491993483931722,1.4003329524962913,-9.817353744786772,VIII,25,8,26,26.95900583487445,0.7942277412538067,1.0745434887073522,0.8422377294479458,0.36667932016933735,1.0103176790355544,0.9874453952871683,0.978337352676812,0.9456545077417692,-1.3175431240963282
0.35872,1.35352,2.34824,0.050074079287424016,0.0,1.3502588876983495,53.47639931359562,0.503847787773745,-13.602006457665647,0.7454999769611714,-16.58787378565481,1.1088529137498688,-17.368145249725345,1.38457485446653,-8.24685271241182,VIII,25,8,27,26.83058544272061,0.7904444030025374,1.0773666506487265,0.8096150928824593,0.0,1.0081832760687321,0.9829251907539195,0.9748436536190781,0.9350129553818707,-1.3003870273377764
0.35489,2.16054,2.18744,0.033676090734852775,0.0019465711405065034,0.444139875309261,23.947915238801144,0.5067020091837627,-13.494090891789089,0.7422334568635315,-15.495283373264204,1.1345634273199539,-17.258933881652947,1.715761110346798,2.7331731510394097,VIII,25,8,28,26.79826497204205,0.7894922234384791,1.06586376741951,0.7541752285860076,0.4292891108681325,1.0138944816383584,0.9786183564289045,0.9974469499393495,1.158665319783489,-1.472678329013845
0.35757,3.45686,2.0163800000000003,0.02283315680687355,0.002247430525681271,-0.12086875033797774,-6.891837490625529,0.5069771349466111,-13.74806788887005,0.7544956405373036,-15.410279957885878,1.1336802101752368,-18.504478296966283,1.97809880410407,-7.069387478957184,VIII,25,8,29,26.97929401879455,0.7948254427635618,1.0739127823161942,0.6951979699631781,0.49563945135679416,1.0144449994726132,0.9947857737314939,0.9966704730796879,1.335823774999375,-1.6414340408081307
0.35572,2.73547,3.08702,0.018847282155123716,0.005312670284477183,-0.5553626789192991,-29.046158762383357,0.5097922968755254,-12.374219751350136,0.6431574131016362,-15.143175564854856,1.0689565827033483,-14.635808155653134,2.214796608765537,-0.2516258615093105,VIII,25,8,30,26.82754041920939,0.7903546948671487,1.0683565593464681,1.0643281708982084,1.171635320846954,1.020078048272326,0.8479887893955621,0.9397689519691894,1.4956674361455908,-1.724751267746428
0.35631,2.16054,2.3585200000000004,0.031233327644898643,0.003219673755422925,0.9258099689270045,42.79382455300953,0.5055188615145576,-13.156981269061072,0.7371583829583532,-15.590690164217937,1.1145547511210445,-16.975386888009226,1.6925121989966454,2.020906539548468,VIII,25,8,31,26.53223851707882,0.7816549318212237,1.0701285439692456,0.8131593827143468,0.7100541331314116,1.0115270410696842,0.9719269840070414,0.9798564013932275,1.1429651694876837,-1.5053817429286618
0.35452,1.70952,2.61296,0.0356297835574104,0.0035232027203346283,1.1018163141467714,47.773357652200005,0.5022131852693049,-13.480629749231317,0.7380658885600265,-16.40013737408124,1.0939475182677572,-17.526134683483395,1.5242110643412021,-5.93270910408846,VIII,25,8,32,26.13283146402062,0.769888171446815,1.0647525228255648,0.9008840038063191,0.7769932121910985,1.004912488842935,0.9731235100220669,0.9617396341316957,1.029310251661706,-1.4481868158782245
0.35536,3.45686,1.7838,0.025810248190516704,0.0021901443923575403,0.21493924485995455,12.130552916394354,0.5068654198023353,-13.547783375111795,0.7530203369704046,-15.68599766211904,1.1076043354416159,-19.23887257257066,2.057570628594001,-13.577227052600659,VIII,25,8,33,25.94453290035795,0.7643407879930202,1.067275348390197,0.615010136393099,0.4830057937791838,1.014221461049154,0.9928406186882636,0.9737459709374944,1.3894916465819123,-1.5882078192742783
0.35358,1.70952,2.46878,0.03771060979276042,0.002963613361587236,1.0643593468062362,46.78569924246201,0.5013116765791125,-13.228136836868698,0.7329426467866462,-16.145875909550327,1.0963936948494766,-17.574589303823966,1.5632722031182846,-2.8856969689640017,VIII,25,8,34,25.78521889968875,0.759647306353652,1.0619293608841904,0.8511743045882694,0.6535835852480889,1.0031085988453257,0.9663686293339344,0.9638901805989061,1.0556885082729122,-1.4235364448553252
0.35345,2.73547,1.9571,0.029728647978391497,0.004157337136265926,0.16018425889548485,9.100570362193364,0.5046372489838864,-13.126876772066408,0.7417255095671045,-14.952641317897125,1.1174213286735941,-18.836293885724157,2.117470476905881,-4.3314457420403105,VIII,25,8,35,25.83896039295158,0.7612305615028656,1.0615389235944257,0.6747596916329937,0.9168427116114973,1.0097629626496465,0.9779486391805303,0.9823765417112609,1.429942427568106,-1.5268248415140595
0.35599,3.45686,1.9110200000000002,0.02409201406696094,0.0035346389822959456,0.15726203499873068,8.937253810893068,0.5062249915397202,-13.244557081438955,0.7481438070810339,-15.21856288868675,1.1112664090878634,-19.381932822587537,2.1376690903266566,-9.666072009289628,VIII,25,8,36,25.82758635269036,0.7608954757671033,1.0691674675636713,0.6588724469390851,0.7795153202337316,1.0129399846200458,0.9864110221492196,0.9769654685001219,1.4435826906194325,-1.6181268919234342
