R_s,f_peak_main,R_ct,C_dl_est,R_sei,tail_slope,tail_angle_deg,Zmag_1000Hz,Phase_1000Hz,Zmag_100Hz,Phase_100Hz,Zmag_10Hz,Phase_10Hz,Zmag_0.1Hz,Phase_0.1Hz,state,T_C,cell,cycle,capacity,SOH,R_s_rel,R_ct_rel,R_sei_rel,Zmag_1000Hz_rel,Zmag_100Hz_rel,Zmag_10Hz_rel,Zmag_0.1Hz_rel,C_dl_log
0.29643,4.36941,2.25182,0.016175721510117588,0.008158028369943227,1.4344855694937428,55.119106541283095,0.47579020246756315,-15.919008977854801,0.7566514614251154,-18.38437971516315,1.2167046039038858,-18.94457493911529,1.9770848857285055,-14.18152773647791,VII,25,4,0,35.53421917888683,1.0,1.0,1.0,1.0,1.0,1.0,1.0,1.0,-1.7911363387350432
0.30312,5.5173,2.11766,0.01362188781062932,0.007431632137656796,0.6431506994237469,32.7471258824397,0.4828035328504944,-16.006756397560764,0.7646636171902985,-18.40754341793004,1.2411438892801172,-19.649284277638657,2.250589250470149,-19.787401533072412,VII,25,4,1,34.23352049349796,0.9633958838706749,1.022568565934622,0.9404215256992121,0.9109593397636732,1.0147403841999234,1.0105889648981747,1.0200864575492,1.1383371886133578,-1.865762700872178
0.30682,4.36941,2.31384,0.015742148640750006,0.006876369289008977,-0.08468907003627464,-4.840775270745791,0.48435051060094203,-15.802440854167486,0.7694130537544465,-18.473979887935094,1.255514529335535,-19.97907503877011,2.6538885802430414,-20.771939204482628,VII,25,4,2,33.32803503108719,0.9379138138172324,1.0350504334918866,1.0275421658924782,0.8428959764768299,1.017991770509319,1.016865879443747,1.0318975742403906,1.3423240445567166,-1.802935991218616
0.3078,4.36941,2.34792,0.015513651747467118,0.0066285346193079575,1.3799848664120729,54.0711990311945,0.48809745125502385,-15.733653204136012,0.7716802373157692,-18.463826756419614,1.2606292453876273,-20.153012181264547,2.3042118591183307,-18.27633443824047,VII,25,4,3,32.72731222793072,0.9210083402473108,1.0383564416557027,1.042676590491247,0.8125167404086984,1.0258669655735497,1.019862217489606,1.0361013193693902,1.1654592454533317,-1.8092859618831254
0.3083,4.36941,2.35038,0.015497414550376107,0.00787692531273887,-0.4554935146665253,-24.488957199297175,0.4884073582525588,-15.79227510981483,0.7723639557786773,-18.38542344752665,1.2629295720167166,-20.23256654179006,2.8851936882896454,-19.102759216464516,VII,25,4,4,32.31167452005597,0.9093115106143776,1.0400431805147927,1.0437690401541864,0.9655427703291606,1.0265183177786346,1.020765828329953,1.0379919398385726,1.4593170526547852,-1.8097407495821283
0.30898,3.45686,2.5299199999999997,0.01819833066746921,0.0072756013954653476,0.628153238176158,32.13511714374896,0.48796158767453385,-15.56836842369496,0.7691237368471479,-18.34688138188345,1.2579183040372,-20.46489794973834,2.478200523580994,-22.577469725334023,VII,25,4,5,32.22121235891173,0.9067657346487137,1.0423371453631547,1.1235001021396025,0.891833304021224,1.025581412025399,1.0164835146139037,1.033873217871517,1.2534618728157643,-1.7399684480125546
0.31095,4.36941,2.32884,0.015640753856389016,0.006785332121200249,-0.7174540005040471,-35.65769968064243,0.48772777097842446,-15.579534613089006,0.7701621991781971,-18.402480321084607,1.26207713201657,-20.39358664794254,2.3962948008372162,-13.075408354716675,VII,25,4,6,32.06959932462568,0.9024990576880411,1.0489828964679688,1.034203444325035,0.8317367645103532,1.0250899838814465,1.0178559593708243,1.0372913260680556,1.2120343532717073,-1.8057423185536754
0.30895,3.45686,2.55678,0.018007149900360495,0.008217568032750311,0.7189845132473074,35.71555010571328,0.48971955987934285,-15.64475965902366,0.7718153825956998,-18.353596594043196,1.2660893042185688,-20.722052824766035,2.527915065926337,-22.87823936151017,VII,25,4,7,31.7891650911882,0.894607109027914,1.0422359410316093,1.1354282313861677,1.0072982907275057,1.0292762594512006,1.020040827175598,1.0405888990279388,1.2786072485678148,-1.7445550201342024
0.31029,2.73547,2.786,0.02088368160750538,0.008051000562329713,-0.5333666416414133,-28.073972713684405,0.4900571031706271,-15.55636031206018,0.7739223597054311,-18.505785790393734,1.2740511025199976,-20.753703672010936,2.6986872773794497,-10.387653885027524,VII,25,4,8,31.60870696270835,0.8895286766703212,1.0467564011739703,1.237221447540212,0.9868806771979566,1.0299856966979823,1.0228254343787122,1.0471326387950792,1.3649830095105158,-1.6801929366621249
0.31346,4.36941,2.3607199999999997,0.01542953557004346,0.0068978647056269216,-0.23380198878278002,-13.159485187093335,0.49054344283986506,-15.60952160668855,0.7749401718956074,-18.495304915868186,1.2736808673168936,-20.75511937358317,3.01798770515717,-21.891689623006233,VII,25,4,9,31.43520214339108,0.8846459235572217,1.0574503255405998,1.048360881420362,0.8455308553523607,1.0310078692158604,1.0241705876521352,1.04682834537668,1.5264836259395704,-1.811647146030365
0.31166,3.45686,2.5371799999999998,0.018146257152525127,0.007621373311764823,-0.7896906586776261,-38.297820833548684,0.4885772678606435,-15.468790394034604,0.7706598420196666,-18.381537038024277,1.2619963322761099,-20.675933464209177,3.0674340283175776,-17.848809684519868,VII,25,4,10,31.36526137435192,0.8826776583003699,1.0513780656478762,1.12672416090096,0.9342175543105965,1.026875428133584,1.018513650351203,1.03722491739318,1.5514933377214637,-1.7412129389821964
0.31104,3.45686,2.54822,0.018067639655227452,0.008020580934712751,0.2927344962563025,16.31657396014046,0.4877650766373481,-15.439949969226564,0.7696039923475323,-18.395713612864135,1.2637465483822605,-20.901782256134258,2.7350923003772505,-24.333997409290333,VII,25,4,11,31.49226453007636,0.8862517668261568,1.049286509462605,1.131626861827322,0.9831518806998912,1.025168391672801,1.0171182262676417,1.0386634063251157,1.3833964945665136,-1.7430985796839709
0.31232,3.45686,2.5523800000000003,0.01803819208826417,0.007878828940488913,0.4805235846462009,25.66538250040534,0.4897978207999376,-15.473487843653658,0.7696435495605717,-18.37234172509714,1.2649182460652233,-21.034410975127408,2.688820248984231,-24.482888245008294,VII,25,4,12,31.44771278960162,0.8849979967559477,1.053604560941875,1.1334742563792846,0.9657761144245376,1.0294407456474042,1.0171705055733142,1.039626415488723,1.3599923141355001,-1.7438069925943376
0.31225,3.45686,2.5656799999999995,0.017944685511148587,0.007410340960640083,-0.5572403255895962,-29.12831499082458,0.48829368009522006,-15.476374561619448,0.769146919093753,-18.292009167209123,1.2617159061913683,-21.0176947945703,3.046943711429362,-13.230092785645217,VII,25,4,13,31.30953910837555,0.8811095285577167,1.0533684175016025,1.1393805899228178,0.9083494963001278,1.0262793928139142,1.0165141525598893,1.036994437386906,1.5411294342613118,-1.7460641484742132
0.31311,3.45686,2.58822,0.017788410846930974,0.007048859296861665,0.22551427526543258,12.708426375787013,0.4885350566201743,-15.52234323839325,0.7697962900387184,-18.381829322300884,1.264956428773023,-21.05681675679603,2.921391461012018,-11.206890924120176,VII,25,4,14,31.22808981972335,0.8788173918361479,1.0562696083392369,1.1493902709808068,0.8640395665736964,1.0267867099543313,1.0173723692925212,1.0396577975576962,1.4776257115210103,-1.7498628485004535
0.31218,2.73547,2.7622600000000004,0.021063164567604063,0.007348601366927832,0.11615251735200739,6.62536032252376,0.48812245206563865,-15.457169260168099,0.7673360843465244,-18.30885279172157,1.2640061704642198,-21.126981828680037,2.9011127147220943,-10.968582080123818,VII,25,4,15,31.1870786242455,0.8776632593850762,1.0531322740613298,1.226678864207619,0.900781541040286,1.0259195114445767,1.014120930793268,1.0388767876841787,1.4673688194490992,-1.676476379066954
0.31021,4.36941,2.3338,0.015607512730702282,0.008962614698381832,1.6850668044338324,59.31306041655614,0.4866244385974496,-15.386664934869078,0.7650600525834351,-18.31381179776065,1.2535281981340514,-20.851076359617842,2.4374687132917074,-17.218018091927963,VII,25,4,16,31.18108741659756,0.8774946554932113,1.0464865229565157,1.036406107060067,1.0986250956668597,1.0227710366327374,1.0111128988536975,1.0302650241578888,1.232859919615218,-1.8066663021521434
0.31107,2.73547,2.76788,0.021020397184310737,0.009189616450562432,-1.2474514835539243,-51.28313771975515,0.4868001935068307,-15.411343320035238,0.7643872051411585,-18.321696672107056,1.2546175027159674,-20.847854030100383,2.540727085279435,-11.989538887188932,VII,25,4,17,31.34579970789288,0.8821299702715134,1.0493877137941503,1.2291746231936833,1.1264506610959952,1.0231404324472573,1.0102236552896802,1.0311603150760138,1.28508750616605,-1.6773590821553133
0.31164,3.45686,2.5382200000000004,0.018138821978490316,0.008468097056169355,0.5993232892723358,30.935238705282202,0.48595076922855324,-15.370379576793995,0.7654285621571204,-18.401366133392006,1.254836105419201,-21.15104451891413,2.649267125112051,-24.42487656646962,VII,25,4,18,31.2771273329934,0.8801974000198984,1.0513105960935125,1.127186009538951,1.0380077970025845,1.0213551407916661,1.0115999256982517,1.0313399829284506,1.3399865348400877,-1.741390921512638
0.31161,3.45686,2.5409200000000003,0.0181195475348471,0.008412447173184956,0.6248605217934154,31.999636142168114,0.4873222124524599,-15.429306266300262,0.7639139293495169,-18.475356006838926,1.2555812024110646,-21.251044205237683,2.65396341593692,-24.474899618491335,VII,25,4,19,31.13203234013491,0.8761141530480697,1.0512093917619674,1.1283850396568111,1.0311863101848344,1.0242375944798547,1.0095981681059902,1.0319523723198223,1.3423618960897585,-1.7418526513376047
0.31274,3.45686,2.54658,0.018079275232760685,0.00787067805302416,0.21737823442096252,12.264058667248998,0.4861464130520262,-15.30177760588256,0.7657624815611742,-18.419330534023683,1.2590310211291185,-21.277713004441193,2.8681408222600107,-25.07620773298354,VII,25,4,20,31.04366723741153,0.8736273922646532,1.0550214215835103,1.130898562052029,0.9647769897469644,1.0217663384633673,1.0120412377435954,1.0347877513485404,1.450691795260563,-1.742818983635089
0.31155,2.73547,2.75972,0.021082550750985606,0.008119965852814603,-0.787489076380332,-38.22004574604364,0.4851783193734185,-15.455683218680779,0.7600696219671774,-18.350155509962242,1.2537900023159394,-21.110542158486382,2.6703855869879445,-10.986651075758388,VII,25,4,21,31.07727034914143,0.8745730472559937,1.0510069830988764,1.2255508877263726,0.9953343485211626,1.019731631414784,1.004517483565847,1.0304801989678205,1.3506681510055525,-1.676076845543894
0.31174,2.73547,2.7379999999999995,0.021249794360303147,0.008566335885648702,-0.4319717890244898,-23.362982303683737,0.48575438812971783,-15.313286761921681,0.7589686336287843,-18.2217530625899,1.249356189566467,-21.210063058309483,2.7428031121569605,-10.55664030968765,VII,25,4,22,31.21932133461674,0.8785706301143702,1.0516479438653308,1.21590535655603,1.0500497788423744,1.020942393539165,1.0030624036584885,1.0268360829389618,1.3872965859765334,-1.672645268372151
0.31222,3.45686,2.5118,0.018329612517813402,0.00817121552141703,-1.5768393017021076,-57.617945585598875,0.484905017434947,-15.233097137943005,0.7580222875397513,-18.21221994641858,1.2417770090107927,-21.137076354720172,3.093975105251011,-14.865860495770704,VII,25,4,23,31.28700768557315,0.8804754517910662,1.053267213170057,1.1154532777930741,1.0016164630564892,1.0191572145036032,1.0018117008748704,1.0206068137052002,1.5649176864305245,-1.7368467157881473
0.31199,3.45686,2.5493,0.01805998537725795,0.007521208130166934,0.3416827512781732,18.864412796081584,0.48486831770822547,-15.128907037084113,0.7585159926728523,-18.179499953194746,1.2460186522542738,-21.30801838360054,2.9353710080819693,-11.306753173672902,VII,25,4,24,31.16909723485391,0.8771572291469818,1.0524913132948757,1.1321064738744662,0.9219394428533074,1.0190800802403686,1.0024641877308016,1.0240929871197426,1.4846964990076081,-1.7432826056603177
0.3115,3.45686,2.55178,0.018042433408147922,0.008186938514621267,0.2965772452325497,16.519158294824333,0.4834973905356791,-15.255325438143723,0.7583651323845064,-18.293388285651687,1.2451526758901352,-21.352457996489786,2.9429430499044527,-11.298188658619628,VII,25,4,25,31.1015269780778,0.875255674579652,1.0508383092129676,1.133207805241982,1.0035437661365036,1.0161987111717403,1.0022648088938644,1.0233812479175075,1.4885264012425308,-1.7437048889414966
0.31367,3.45686,2.5376000000000003,0.01814325375246047,0.007243016681627912,-1.4275615652007212,-54.98894268613972,0.48411977832233516,-15.204391756622616,0.7602837402757898,-18.284006459880402,1.2486210960997006,-21.394163710659967,3.157523155608967,-14.365272937390444,VII,25,4,26,31.0146292093408,0.8728102073442658,1.0581587558614174,1.1269106766970718,0.8878391142047865,1.0175068250913382,1.0048004649906221,1.0262319153666457,1.5970599838182973,-1.7412848253232067
0.31006,2.73547,2.7641,0.02104914328660685,0.008578228769179741,-1.2898475092248916,-52.21409935609425,0.4831344098946997,-15.144501682805343,0.7544818273150649,-18.177201424987924,1.2423385823388602,-21.188335130515267,2.5675825887792354,-12.59392155522209,VII,25,4,27,31.02464503181665,0.8730920714940148,1.0459805012987888,1.227495981028679,1.0515075922982404,1.015435810550633,0.9971325845244994,1.02106836643235,1.2986708903159443,-1.6767655755276372
0.31138,3.45686,2.49184,0.01847643537395808,0.009120777311150408,1.2795692309914302,51.99191097585905,0.483504190099211,-15.123863162340236,0.753598717190947,-18.17323012919842,1.2336077341001939,-21.292429777745422,2.4847205998428286,-21.492601444836374,VII,25,4,28,31.10935067943151,0.8754758483033048,1.050433491886786,1.106589336625485,1.1180124531993851,1.0162130022678928,0.995965455180092,1.0138925505353338,1.2567596959435923,-1.733381812701751
0.31354,4.36941,2.3048,0.0158038932709619,0.0073542355273112925,-0.19512981531226317,-11.041374233461026,0.48472151589547574,-15.102535597700625,0.7579188166243849,-18.264012872739656,1.247488553430063,-21.359787495477416,3.104173367275831,-23.250188323217174,VII,25,4,29,31.01862725271178,0.8729227198311972,1.057720203758054,1.0235276354237905,0.9014721687419766,1.0187715370799832,1.0016749524237785,1.0253010874023198,1.5700759181778996,-1.8012359119182564
0.3125,3.45686,2.5214,0.018259824193798565,0.008428615519663452,1.1332373923450367,48.57392798013988,0.48514088529290367,-15.219889271396614,0.7600182652622272,-18.307569351729576,1.244860708389052,-21.50357044507887,2.578763705481667,-22.702642943372354,VII,25,4,30,30.8350889477395,0.8677576054931472,1.0542117869311471,1.1197164959899104,1.0331682040622896,1.0196529537112065,1.0044496099046323,1.0231412821113894,1.3043262452190858,-1.7385034081834683
0.31306,2.16054,3.013,0.024448864227363545,0.008344738817449016,1.2064529377369566,50.34547628563365,0.4853435595195519,-15.21071505991955,0.7610783483449938,-18.346952749270574,1.253414562355572,-21.4241580351456,2.5668662981796073,-17.175802582069267,VII,25,4,31,30.66348950949947,0.8629284734000466,1.0561009344533279,1.338028794486238,1.0228867122102308,1.0200789276501339,1.0058506289164373,1.0301716278001247,1.298308593985221,-1.6117413112334378
0.3147,2.73547,2.76786,0.021020549073475534,0.00846160773282495,0.36992982506079986,20.300937057953355,0.4869112514729061,-15.179590549918458,0.7608119006643582,-18.361164761899996,1.2564457969643184,-21.756438986374203,3.1044943977343618,-12.02452591569359,VII,25,4,32,30.51056964367973,0.8586250197333174,1.0616334379111425,1.2291657414891066,1.0372123445905392,1.023373850381253,1.0054984883415237,1.0326629758224963,1.57023829383554,-1.6773559440420212
0.31256,3.45686,2.51846,0.018281140348563683,0.008671808536612202,0.6724578101256382,33.91916724118493,0.4848713640647619,-15.073964013740518,0.7559842784434647,-18.256420530768565,1.2407419415688434,-21.652957381473673,2.7030146373144297,-25.13906666291105,VII,25,4,33,30.68431093843333,0.8635144277115524,1.054414195594238,1.1184108854171293,1.0629784726615938,1.0190864829710693,0.9991182426577303,1.01975609986831,1.3671717672953823,-1.7379967171556903
0.31373,3.45686,2.508,0.018357384657991905,0.007688770926526145,0.8285386903107811,39.64306273640009,0.48250228270963885,-15.203824812389989,0.7548810828477353,-18.289687856825743,1.2378769086748749,-21.63790829580554,2.637830679749002,-24.302655995849587,VII,25,4,34,30.78901973279656,0.8664611308271072,1.0583611645245083,1.113765753923493,0.9424790620800026,1.0141072266878663,0.9976602456115716,1.01740135173571,1.3342020359318203,-1.7361891918443757
0.32311,5.5173,2.08432,0.013839778412651264,0.007184790298496779,0.6439325056512434,32.77880168113954,0.4990211495245107,-14.75682274409422,0.7697898948635522,-17.381195119561585,1.235533650034911,-18.735828426934763,2.0902725298135074,-19.522673478220284,VII,25,6,0,35.9921836166526,1.0,1.0,1.0,1.0,1.0,1.0,1.0,1.0,-1.8588708632703888
0.33017,3.45686,2.4655799999999997,0.018673221198356453,0.006741774463824068,-1.5247975602821837,-56.74214535364373,0.5085294637907872,-14.732845171822628,0.7783645697632183,-17.3801009319245,1.253975611036036,-19.438923920452872,2.6383336325427695,-12.315247070373243,VII,25,6,1,33.79594589209153,0.9389801478022874,1.0218501439138374,1.1829181699547093,0.9383397682789155,1.0190539304302764,1.0111389808529325,1.0149263122057453,1.262196003110733,-1.728780758215757
0.33131,5.5173,2.12836,0.013553405881080872,0.006462787011394355,-1.2718151810139267,-51.82281712702625,0.5110566050880745,-14.638978560455657,0.7812671455213958,-17.433740774922377,1.2650626244230887,-19.758050841473434,2.441148309190336,-11.552550247284032,VII,25,6,2,32.58458088429388,0.9053238122851174,1.0253783541208876,1.0211291932140938,0.8995094836305128,1.0241181272076978,1.0149095886220718,1.0238997735005788,1.1678612594158397,-1.867951555749509
0.33246,3.45686,2.53886,0.018134249514444947,0.00700803822296342,-0.02156346430915385,-1.2353040552049026,0.5122042560435246,-14.542274350429798,0.7836367213052632,-17.432463556181293,1.270851943979661,-20.14943565673205,2.768862984744625,-12.035779851819983,VII,25,6,3,31.87169725053832,0.88551718867627,1.0289375135402803,1.2180759192446458,0.9753991323072658,1.0264179314475455,1.017987799702366,1.0285854569349464,1.3246420958283658,-1.741500412980131
0.33317,4.36941,2.31214,0.01575372304917219,0.007479258925386534,-1.4280625745521824,-54.998389561268326,0.5120471561338751,-14.416971328967009,0.7836160808945055,-17.479481785127152,1.2730654716703245,-20.18843234685581,2.5237581999367666,-13.599780111587991,VII,25,6,4,31.4496047782249,0.8737898515185953,1.0311349076166012,1.1093018346511092,1.040984999513676,1.0261031153123994,1.0179609866577997,1.030377012908028,1.2073823694951082,-1.8026167937069664
0.33635,5.5173,2.14418,0.013453407335698163,0.0062925723338327355,0.3706388378006954,20.33666220281722,0.5134671424786655,-14.499687471337612,0.7840839336165293,-17.46694751518809,1.2734725341244597,-20.529353127497238,2.7695036341755945,-26.5198892656084,VII,25,6,5,31.16233153546778,0.8658083062526336,1.0409767571415307,1.028719198587549,0.8758185099917647,1.0289486587250252,1.018568753433053,1.030706475771402,1.3249485866910797,-1.8711677082501585
0.3353,4.36941,2.33418,0.015604971857745759,0.007988261808797081,1.9857133146678665,63.27029497596243,0.5151841927063329,-14.360689927012304,0.7856960392725248,-17.44494111026678,1.2739539147579584,-20.425258617674043,2.496473218568241,-18.885638980989032,VII,25,6,6,30.91441493758014,0.8589202385397057,1.0377270898455633,1.1198760267137484,1.1118295005030845,1.0323894953094133,1.020662968577669,1.0310960893068042,1.1943290565996072,-1.8067370102115128
0.3364,3.45686,2.52684,0.01822051286280243,0.007162468629201224,0.8461060735909639,40.2347631644811,0.5154851791901015,-14.411268363747109,0.7843399604097986,-17.422976229193814,1.2722769409019272,-20.747890000322666,2.6453706250393836,-25.85743825557047,VII,25,6,7,30.73335496723433,0.8538897026801909,1.0411315032032433,1.2123090504337146,0.9968932051781351,1.0329926490716443,1.0189013465145909,1.0297388022300955,1.265562546179278,-1.7394394028651974
0.33844,4.36941,2.3335399999999997,0.015609251699526469,0.006094681450624362,1.9756388437352945,63.15304579442585,0.5163006608450724,-14.40777008710676,0.7868151155921991,-17.472953542360944,1.2753747031469862,-20.622244727631973,2.562039280794952,-19.078967984351568,VII,25,6,8,30.53984098030514,0.8485131467871038,1.0474451425211229,1.1195689721347968,0.8482754815961027,1.034626811583089,1.02211671112111,1.0322460283545896,1.22569628804505,-1.8066179163197797
0.33889,3.45686,2.56614,0.017941468790574053,0.006366271255779377,0.0609705760148023,3.489037561928498,0.5156368467382787,-14.34633119040551,0.7860774680846984,-17.403180991901237,1.276667503937527,-20.985681352592156,3.192361720851395,-14.575569090873996,VII,25,6,9,30.36009826535755,0.8435192093016207,1.0488378570765375,1.2311641206724495,0.8860761401917805,1.0332965791722457,1.0211584658746828,1.0332923784807106,1.5272466510078546,-1.7461420060226895
0.33679,2.73547,2.76538,0.021039400356735783,0.008403284904198338,-0.9631185009734764,-43.923699374701926,0.5135087653972787,-14.367336999812355,0.7838561163767603,-17.44026313399714,1.2774899324537081,-20.9716757552304,2.8679472321685475,-13.428679027679477,VII,25,6,10,30.2599422102805,0.8407364924722169,1.0423385224846027,1.32675404928226,1.169593621397203,1.0290320678523794,1.01827280613459,1.0339580248725817,1.3720446455010455,-1.6769666421547937
0.3399,3.45686,2.564,0.01795644333940862,0.0052908339688620964,0.32430391981490003,17.968081910080915,0.515435897218024,-14.31542259300837,0.7845303867618242,-17.274859816703344,1.2741029976189953,-21.126046135275033,3.168886484244209,-14.115239363316794,VII,25,6,11,30.23077814825945,0.8399262037069763,1.0519637275231344,1.230137406924081,0.7363936522919895,1.0328938917902657,1.0191487209648091,1.0312167520350373,1.5160159448332484,-1.7457796805324768
0.33717,3.45686,2.56694,0.017935877239921343,0.008154027418385668,0.2614715002445109,14.653160088131154,0.5153153084091315,-14.290863421153892,0.7828986185536694,-17.374774999877232,1.2735076575110607,-21.109380828459116,3.2137588216698383,-14.55911933398084,VII,25,6,12,30.13329025922862,0.8372176186967096,1.0435145925536196,1.231547938896139,1.134901239927862,1.0326522410926804,1.0170289630684757,1.0307349034767905,1.5374831634784807,-1.7462773772182818
0.33823,2.73547,2.75752,0.02109937079640764,0.006744570893188584,-0.34358406712626743,-18.96190481809175,0.5150847742500098,-14.352779477090444,0.7829577999677394,-17.35668642880481,1.2758497577996186,-21.1902907320735,3.0579383057829967,-13.455357317988662,VII,25,6,13,30.08567729108045,0.8358947490243583,1.0467952090619292,1.3229830352345129,0.9387289834471162,1.0321902683699984,1.0171058430255455,1.0326305218506744,1.4629376132383196,-1.675730495589632
0.33874,2.73547,2.76322,0.02105584678690441,0.007196224346694646,-0.3434626358335459,-18.955681697375358,0.5156622534746786,-14.325006466781312,0.7831874065593365,-17.37933270662733,1.2763609855920246,-21.279101662164305,3.0933540471680163,-13.562311418089381,VII,25,6,14,29.9763255451211,0.8328565408643857,1.0483736188913992,1.325717740078299,1.0015914240670682,1.033347492317759,1.0174041147918147,1.033044292687585,1.4798807347116614,-1.6766272882031095
0.33906,3.45686,2.53538,0.018159140137669186,0.006413325609935849,-0.8220336816276131,-39.421356336113675,0.5137112040083289,-14.317114192305946,0.7838591539276596,-17.35644647819238,1.272590415343345,-21.219139839470166,3.5149939315242067,-20.844131372290278,VII,25,6,15,29.90694791594863,0.830928965980033,1.0493639936863606,1.2164063099715974,0.8926253019907432,1.029437739257776,1.0182767520825942,1.0299925180567822,1.6815960031000416,-1.7409047198186036
0.33726,4.36941,2.33896,0.015573080861114764,0.007602869446656169,-0.4819217729083512,-25.73042950640961,0.5134794924673237,-14.33663136511225,0.779593720356234,-17.335839830988178,1.2674624432994424,-21.17171114887124,3.453939276473343,-23.19199896908361,VII,25,6,16,29.89288661741382,0.8305382895297077,1.0437931354647023,1.1221693406002917,1.0581894712009703,1.0289734071523613,1.0127357160156272,1.0258421073870625,1.6523870582471372,-1.8076254613803124
0.34108,3.45686,2.574,0.017886682487274163,0.006935215434040798,0.3101168532771267,17.229544190690756,0.5173927191555417,-14.12154641778317,0.7839503457257827,-17.32662257871439,1.275322143803301,-21.46574599109123,3.3468921946735333,-14.90691728379584,VII,25,6,17,29.90104923111765,0.8307650780399789,1.055615734579555,1.2349351347201964,0.9652634448484602,1.0368152124384633,1.0183952153135765,1.0322034885632339,1.6011750367174087,-1.7474702022540647
0.34064,4.36941,2.32016,0.015699267813820163,0.007484214901261943,-0.09357700441089213,-5.345999325310908,0.5162538521623375,-14.147760928166255,0.7829271064347381,-17.25024693080712,1.2745206865461203,-21.395597551573655,3.411183232700165,-27.16796676597618,VII,25,6,18,29.74391260083981,0.8263992237214002,1.054253969236483,1.113149612343594,1.0416747866430855,1.0345330105833128,1.0170659704145824,1.0315548156135672,1.6319322882765477,-1.8041206018476217
0.34041,3.45686,2.56876,0.017923169436710202,0.00812136916779449,0.3240863210093313,17.956800157095795,0.5161112903160389,-14.183106011001641,0.7816362152548368,-17.32268190874112,1.2712050548589422,-21.558289585126538,3.3410341670470354,-14.79652994268604,VII,25,6,19,29.7100260842285,0.8254577271739212,1.0535421373526044,1.232421125355032,1.13035576967273,1.0342473276088846,1.0153890307866207,1.0288712531811848,1.5983725181257202,-1.7465851895866649
0.3413,3.45686,2.52636,0.01822397469966422,0.006846478512856413,1.2462817868777851,51.25690399129335,0.5160670252098045,-14.185021904505444,0.7819232707861172,-17.35495788720098,1.266234235703155,-21.48894059918991,2.8091553157343516,-26.131008250753034,VII,25,6,20,29.69270119173136,0.8249763756482215,1.0562966172510908,1.212078759499501,0.9529127821989253,1.034158623740769,1.0157619319291216,1.0248480368522352,1.343918209548007,-1.7393568961953878
0.34007,3.45686,2.52996,0.01819804294227723,0.006991253586116242,-0.7684668123294791,-37.541082303598074,0.5150611727293365,-14.144352572851052,0.7796896818059582,-17.33205041363631,1.2685177878721554,-21.506699060857247,3.64981599132477,-21.62104904021621,VII,25,6,21,29.60516563124846,0.8225443042458518,1.0524898641329576,1.2138059415061027,0.9730629977577732,1.0321429727379479,1.0128603752900145,1.0266962683179957,1.7460957551073035,-1.7399753144913157
0.34029,3.45686,2.5215,0.01825910002865108,0.0076048707392135095,1.468341019437338,55.743543604747266,0.5139316966666414,-14.17835765130199,0.7788285758651595,-17.33383108838934,1.2619363330361546,-21.496940346610828,2.792302798502816,-25.252928505827047,VII,25,6,22,29.57063580494391,0.8215849341039254,1.0531707468044937,1.209747063790589,1.0584680169168779,1.029879589585207,1.0117417506541957,1.0213694568338934,1.335855855481172,-1.738520632180849
0.34071,4.36941,2.3088599999999997,0.015776103016602563,0.007525468868228802,2.0138837548351183,63.59316587101927,0.5141321658216125,-14.065438021230893,0.7767622849173971,-17.197472137565263,1.2626594072210642,-21.452050615001617,2.7663164252178003,-21.36556786011743,VII,25,6,23,29.56548419878174,0.8214418028558454,1.0544706137228808,1.107728179933983,1.0474166336912158,1.0302813143521075,1.009057523488381,1.0219546891218922,1.3234238051554976,-1.8020002664878054
0.33918,2.73547,2.7643,0.021047620359045692,0.008911612485818676,-0.23169169556023644,-13.044787618334226,0.5139129690259724,-14.110145677185875,0.7760358005365138,-17.25247299661814,1.266449835847105,-21.755023420995318,3.266702932850123,-14.31415805193603,VII,25,6,24,29.49633075222017,0.8195204566186148,1.0497353842344712,1.3262358946802795,1.2403441319203412,1.0298420608337968,1.0081137797659303,1.0250225364653731,1.562811971289493,-1.676796998324981
0.33943,3.45686,2.52668,0.018221666662277654,0.007655152015380695,-0.49981354150624363,-26.556503911860023,0.5130048718971488,-14.028755601366722,0.7786125397679409,-17.242404645648158,1.2659974686744042,-21.674122027599516,3.6968195850116254,-24.09968368608123,VII,25,6,25,29.449879035692,0.8182298509409233,1.050509114543035,1.2122322867889768,1.0654663111019853,1.0280223040365373,1.0114611077168694,1.0246564054638516,1.7685825806367235,-1.7394119023835022
0.34068,2.73547,2.7945599999999997,0.020819712927441173,0.006915810228754649,-1.4508731297869013,-55.42382936063589,0.5128407575533763,-14.043950539083141,0.7750462194322135,-17.225820129135442,1.2649136529153113,-21.695538743074298,2.97047928155131,-15.819794107333692,VII,25,6,26,29.42496734525685,0.8175377092609274,1.054377766085853,1.3407538189913255,0.9625625719656136,1.027693431514944,1.0068282587284327,1.0237792008979847,1.4210966460992214,-1.6815252630525592
0.33968,3.45686,2.52574,0.018228448186370608,0.007739447291286616,-1.0053159094522508,-45.15188552636364,0.5107619338432058,-14.021655995243693,0.7747623610727402,-17.177996443380476,1.2602022131402042,-21.767015396638087,3.6966683989283764,-20.581656885989357,VII,25,6,27,29.43357622459497,0.8177768967309017,1.0512828448515985,1.2117813003761417,1.0771987726497576,1.0235276286984674,1.0064595108903962,1.019965917645866,1.7685102522292586,-1.7392503018761416
0.34269,3.45686,2.53128,0.018188553112355683,0.007828992356288866,-1.7651894658676766,-60.46795091745455,0.5112331215209033,-13.995049856496502,0.7745325282445139,-17.183717235696076,1.2572209989019731,-21.805493497387687,3.593577011824778,-17.534888659963492,VII,25,6,28,29.45458956618459,0.8183607274262947,1.0605985577667048,1.2144392415751901,1.089661915105145,1.0244718525618177,1.0061609452301297,1.0175530216165698,1.719190660820383,-1.7402018474077987
0.34199,2.16054,2.97822,0.02473438091109668,0.0077944081253817354,0.9438414380667125,43.34515627058677,0.5121436255584818,-14.08555553033238,0.772364339648868,-17.15112080231572,1.2581749860517297,-21.605397023913124,2.8214232270863975,-19.349839635180622,VII,25,6,29,29.48302475042766,0.8191507651896582,1.0584321129027265,1.4288688876947877,1.0848483813107952,1.026296432619088,1.0033443473374928,1.0183251472075885,1.349787258285465,-1.6066989553325184
0.33966,4.36941,2.2990399999999998,0.015843488243315905,0.007426540584467511,-0.1696884070273855,-9.630692919479113,0.5138201226317898,-14.011844438605976,0.774663182742543,-17.21095496930988,1.2608658232210597,-21.82113608264449,3.621049226033628,-27.618980574173253,VII,25,6,30,29.431823440603,0.8177281977130639,1.0512209464269135,1.1030168112381975,1.0336475075718372,1.0296560038014024,1.0063306727088883,1.020503021658239,1.7323335471268406,-1.8001491940822747
0.33943,2.16054,2.9931400000000004,0.024611086657171516,0.008708636786468216,-0.7768409088655703,-37.841522544354454,0.5134856608877063,-13.974611625223751,0.7742754048267168,-17.27228817718567,1.262104158265153,-21.786191054325005,2.9183202000940307,-18.093770437485887,VII,25,6,31,29.33407413984891,0.8150123496890816,1.050509114543035,1.4360270975665927,1.2120933840324135,1.0289857681923462,1.005826927572178,1.0215052890137726,1.39614340162352,-1.6088692104014406
0.342,2.16054,3.0252999999999997,0.02434946217467569,0.007358962766488286,1.6147811521630324,58.23093810391391,0.5133784170815656,-13.948233719177605,0.7759170091884956,-17.225729362880774,1.2572688466823354,-21.899517152785055,2.8793249032211987,-25.234718386290965,VII,25,6,32,29.26259917644459,0.8130265028684056,1.0584630621150692,1.4514565901589007,1.024241830416115,1.0287708598538061,1.0079594631805728,1.0175917480246777,1.3774877974778197,-1.6135106269401118
0.3417,2.73547,2.7907,0.020848510036374387,0.00772939536701267,-1.2698902097453237,-51.78064124146804,0.5137803187796676,-14.026114321267391,0.7749577794229386,-17.222258577330674,1.2639427911195482,-21.97361792639026,3.0983634537823384,-15.555448073232473,VII,25,6,33,29.21789857182902,0.811784549751816,1.0575345857447929,1.3389018960620251,1.0757997166082682,1.0295762399433772,1.006713370224615,1.0229934175275877,1.4822772674808926,-1.680924976954136
0.34109,3.45686,2.5313800000000004,0.018187834589134658,0.00812500270765576,-1.7052483237132536,-59.611580656550814,0.5129154798255622,-14.00609164652616,0.7737682266270628,-17.163063410112493,1.2552431403442046,-22.04026904461141,3.7060066633823925,-18.101876523278953,VII,25,6,34,29.24972140564384,0.8126687093280661,1.0556466837918974,1.2144872188531515,1.1308614963133572,1.0278431692009258,1.005168074808537,1.015952208431342,1.772977738798988,-1.7402190041784276
0.34328,2.73547,2.74836,0.021169692819903507,0.007012587085886368,-0.09330582439820434,-5.330596343212368,0.5130119337835092,-14.07213496952571,0.7725945312228647,-17.174946732542683,1.258134495984481,-22.138446717716327,3.4183517954601763,-14.7542680015838,VII,25,6,35,29.2542614607688,0.8127948493581715,1.062424561294915,1.3185883165732708,0.9760322562724705,1.028036455513618,1.00364337902852,1.018292375888695,1.6353617754165095,-1.6742854437089179
0.34272,2.73547,2.7804399999999996,0.02092544236110472,0.00821378285771357,-1.1709367249291656,-49.50210622176593,0.5131095886678599,-13.911846673287467,0.7725625939725997,-17.133869087087586,1.2581724660740492,-22.040006932682452,3.127261010007883,-15.428208349794977,VII,25,6,36,29.20186526366213,0.8113390833600665,1.0606914054037326,1.3339794273432102,1.143218175683162,1.0282321483904506,1.0036018907594766,1.018323107621147,1.4961020466967025,-1.6793253523093197
0.34181,2.73547,2.79488,0.020817329172812427,0.007837412028721347,-1.4280556719079742,-54.99825943739035,0.5131853954174297,-13.849833496909326,0.7705164323716989,-17.23415341587256,1.2578283901076517,-22.018576867172534,3.036634588579173,-16.919308640490687,VII,25,6,37,29.12913186012017,0.8093182722773985,1.0578750270805608,1.3409073462808014,1.090833789590367,1.028384059285694,1.0009438127377281,1.0180446239340473,1.452745776097483,-1.6815749904794073
0.34246,3.45686,2.51118,0.01833413802365569,0.00702893706099611,0.9922607708557951,44.777427261202455,0.5111324371603854,-13.87325128277082,0.7710827466375633,-17.197777903943102,1.25224294970866,-22.282992665088358,3.0460499458578685,-29.192687888989525,VII,25,6,38,29.08274623192424,0.8080295027853893,1.0598867258828262,1.2047958087049973,0.9783078933377809,1.024270088847767,1.001679486549041,1.013523953534796,1.457250144376932,-1.7367395035037474
0.34161,3.45686,2.50184,0.018402583987082985,0.008310608231410554,-0.44031122526939503,-23.76443236856264,0.5113085340575457,-13.905452877475687,0.7715510537150909,-17.129984793532174,1.2533074108583628,-22.166722861654478,3.8591497464737565,-25.505616275945414,VII,25,6,39,29.09305065436596,0.8083157989032207,1.0572560428337099,1.2003147309434252,1.1566946126666107,1.024622973484677,1.0022878435574305,1.0143854931210896,1.8462423877416918,-1.7351211915263076
0.34417,3.45686,2.5000999999999998,0.01841539167323055,0.00710727203263356,0.7130906953538807,35.49231422196467,0.5114672219708224,-13.890319051451538,0.7696690368831205,-17.169264123708402,1.2484042860185691,-22.346954219478114,3.1278020197277074,-30.47189154328658,VII,25,6,40,29.1802645982005,0.8107389345696598,1.0651790411934015,1.199479926306901,0.989210782410805,1.024940971856946,0.9998429987438935,1.010417066328622,1.4963608692722798,-1.7348190397895842
0.34198,2.16054,3.01464,0.024435563754559866,0.008441439690751285,1.8315432901678186,61.3660052425559,0.5116553367580365,-13.808825044565834,0.7688511494429385,-17.173260433227895,1.2483016850119446,-22.090106471226804,2.8968724975899276,-23.89027742778564,VII,25,6,41,29.14786863888931,0.8098388513833705,1.058401163690384,1.4463422123282414,1.1749041155059772,1.0253179394211331,0.9987805173504127,1.0103340244732897,1.3858826809767166,-1.6119776368825798
0.34318,2.16054,2.9741999999999997,0.024767812493122977,0.008501183707336213,-1.3278618513350726,-53.01694790464027,0.5119914938958792,-13.725339351478288,0.7679087040900877,-17.134967429971308,1.251835834325424,-22.12683561857434,3.0325842262183413,-17.27293838136772,VII,25,6,42,29.14900888987264,0.8098705319003259,1.0621150691714896,1.426940201120749,1.1832194614107043,1.0259915724688766,0.9975562282825264,1.0131944478323616,1.4508080563489518,-1.6061123488488753
0.34277,3.45686,2.49616,0.018444458977887514,0.008486880590511725,0.8217461941534181,39.41152536697336,0.5106275232099332,-13.80414459426442,0.7686338544993725,-17.16022006114597,1.2460981129185233,-22.387594221265694,3.1042588089149232,-30.11847203445823,VII,25,6,43,29.08521277533939,0.8080980327596032,1.0608461514654453,1.1975896215552315,1.1812287120317726,1.0232582801279697,0.9984982391014828,1.0085505262307617,1.4850976437947463,-1.7341340791936988
0.34227,2.73547,2.7218999999999998,0.021375486593375955,0.0075236774415143315,0.06391232389626304,3.656932569065505,0.5117358269634522,-13.783470949441472,0.7689003458409999,-17.102051814656576,1.2505538169141008,-22.371770225028786,3.6310382337496288,-30.437367302120297,VII,25,6,44,29.07401061849849,0.8077867941595724,1.059298690848318,1.3058935288247484,1.047167297713401,1.0254792356016507,0.9988444262148829,1.0121568254160989,1.7371123535138202,-1.6700839901711215
0.34388,2.73547,2.77744,0.020948044587285417,0.007330796110435911,-1.3729334556204804,-53.93162483936492,0.5114468013078346,-13.843597605888926,0.7672710257395472,-17.07532609643757,1.251181260457635,-22.270013745044633,3.133379807338521,-16.421755293509072,VII,25,6,45,29.09927052281316,0.8084886105479224,1.0642815140354678,1.3325401090043756,1.0203215133460024,1.0249000504190324,0.9967278485456716,1.0126646574314522,1.499029319214217,-1.6788565103867723
0.34338,3.45686,2.51292,0.018321443071106006,0.008107574300688258,-1.334537607942785,-53.154927949020085,0.5110435972389835,-13.62249202921926,0.7667784683572569,-17.00395545340563,1.2438444164662665,-22.377623449865652,3.724601004147998,-17.16495431022739,VII,25,6,46,29.12213086558658,0.809123757973733,1.0627340534183405,1.2056306133415213,1.1284357599670718,1.0240920604786556,0.9960879890391013,1.0067264589929386,1.7818733925955121,-1.7370403225275426
0.34414,3.45686,2.4911199999999996,0.018481775555671227,0.007778106761293535,0.3784885622421924,20.73108108800365,0.5123647445423541,-13.81001945502209,0.767704769233885,-17.11622193045417,1.2446427038092582,-22.554405017648307,3.3831116231175553,-31.599099727276858,VII,25,6,47,29.12699477637863,0.8092588959482404,1.065086193556374,1.195171566745989,1.0825795100687756,1.0267395380547655,0.9972913055320936,1.007372566319088,1.6185026473171868,-1.7332563081706502
0.34358,2.73547,2.72182,0.0213761148637713,0.008157701192354316,-0.19476612638869845,-11.021299334031935,0.5108112156183626,-13.823918322078198,0.7655863640611729,-16.981750476638094,1.2444471923675489,-22.532731208082097,3.719462097517329,-16.479162052544975,VII,25,6,48,29.02562846454707,0.8064425535748184,1.0633530376651914,1.3058551470023798,1.135412566468515,1.0236263855852323,0.9945393790819709,1.0072143258359543,1.779414906174544,-1.670071225532766
0.3449,2.16054,2.9898000000000002,0.024638580479311778,0.008001754541419992,0.16383345186741288,9.304306090146671,0.5110482804221222,-13.715049840856278,0.7645435549050746,-17.058179393467825,1.2455218761446878,-22.315568435616672,3.022035379932271,-19.56771648105417,VII,25,6,49,28.90118009748584,0.802984903758772,1.0674383336944073,1.43442465648269,1.113707458253046,1.0241014452174453,0.993184711836978,1.0080841392781934,1.4457614195417354,-1.6083843171147814
0.34544,2.16054,3.01612,0.024423573305122598,0.007343826836390566,1.6897169063453141,59.38231211587064,0.5096428701673833,-13.741083762435048,0.7634166094203688,-17.094874600175956,1.2402751205555915,-22.411073833336168,2.976414415928829,-25.58074521966561,VII,25,6,50,28.90060040140664,0.8029687975929062,1.069109591160905,1.4470522760420665,1.0221351676648183,1.0212851111681207,0.9917207468093445,1.0038375891425917,1.4239360530630818,-1.612190796035363
0.34358,2.73547,2.72074,0.02138460013029911,0.008104898977040254,-0.23759247568743735,-13.365233898270096,0.5107628077690333,-13.765655099543011,0.7649356241168712,-16.99329467645865,1.2438072004154652,-22.540088886385515,3.9093505930451977,-28.264608894640038,VII,25,6,51,28.87586727485107,0.8022816170978577,1.0633530376651914,1.3053369924003992,1.1280634006445507,1.0235293799786052,0.9936940316064535,1.0066963375544813,1.8702587998867244,-1.6698988661847343
0.34336,2.16054,2.99514,0.024594652642963715,0.008336913195475248,1.6433245988104113,58.67854634316591,0.5086351368063418,-13.741190494189572,0.7636523215200473,-17.043197255095503,1.2391220740852407,-22.331894729709433,2.972368428435638,-21.48282227789966,VII,25,6,52,28.91718614183723,0.8034296126578448,1.0626721549936553,1.4369866431258158,1.160355814033921,1.0192656910253035,0.992026949971079,1.00290435153282,1.4220004262797399,-1.6091593067216203
0.34584,3.45686,2.4834,0.018539228767916444,0.008161212915949068,0.31519512624554064,17.494597475026094,0.5095005035683609,-13.736418727163054,0.7636017738665746,-17.038708453023066,1.2411992426898177,-22.7042833158012,3.495630828795543,-32.02534959125504,VII,25,6,53,28.93852120026059,0.8040223818726998,1.0703475596546066,1.1914677208873878,1.135901338367047,1.0209998194542163,0.991961285750478,1.004585542979543,1.672332568570578,-1.7319083364701005
0.34389,2.73547,2.7544999999999997,0.021122503887642044,0.007657902521134463,-0.8537890515540721,-40.49033694990432,0.5080159723694716,-13.612943140315314,0.7626055021764362,-16.954330518812096,1.243743218655972,-22.6193433633364,3.336368941244925,-15.398258364280474,VII,25,6,54,28.89528026226298,0.8028209838564482,1.0643124632478103,1.321534121440086,1.0658491344885417,1.0180249331186295,0.9906670732688827,1.0066445528382242,1.5961406436999837,-1.67525460128352
0.34443,2.73547,2.73674,0.021259577803704403,0.007838894162337184,-0.42782707089659094,-23.1625501309305,0.5098581299283553,-13.791996563020035,0.7626900254130176,-17.053672027618916,1.2417081748609087,-22.698475375695814,3.4848316394586427,-15.108684213417805,VII,25,6,55,28.81188971861098,0.8005040768151812,1.065983720714308,1.3130133568741844,1.0910400772555962,1.0217164751717849,0.9907768736665566,1.0049974558166208,1.667166166016427,-1.6724453644290016
0.34391,1.70952,3.21512,0.02895667945338621,0.008203609449444038,1.19348660013896,50.040990910266466,0.5080445297851072,-13.669850536683342,0.7626923288568344,-17.00138933030875,1.23462951133979,-22.71341110516296,3.072614829425363,-28.737491736949703,VII,25,6,56,28.81505556263095,0.8005920360247053,1.0643743616724954,1.5425270591847702,1.141802211146012,1.0180821599829875,0.9907798659685239,0.9992682200965588,1.469958957791738,-1.5382512414304408
0.34297,2.73547,2.73462,0.021276059181352436,0.008995939600418057,-0.3829842908434424,-20.956054918273907,0.5081989171869482,-13.621199396144503,0.7601526419060718,-16.950000710058653,1.2379522287127274,-22.734294066597982,3.482888697441716,-15.097378366718512,VII,25,6,57,28.81482014661451,0.8005854952707754,1.0614651357122962,1.311996238581408,1.2520810248700245,1.0183915404611257,0.987480670996352,1.0019575174482283,1.6662366498939047,-1.6721088103189772
0.34361,2.73547,2.7106,0.02146459712185863,0.008245255578974209,-0.16709262381639384,-9.486066504105812,0.509150673592029,-13.678694071327861,0.7613868940065868,-16.960892134568372,1.2383789443995155,-22.68798531880466,3.912508983379858,-29.10731463411016,VII,25,6,58,28.86440525114908,0.8019631584062686,1.063445885302219,1.3004720964151377,1.1475986405197245,1.0202987870898261,0.9890840333017688,1.0023028869869501,1.871769794405196,-1.66827725856566
0.34414,3.45686,2.4732200000000004,0.018615537931216668,0.007983791959185693,-1.03387587270447,-45.95422002194763,0.5088289991156313,-13.443020869891237,0.7622007801241094,-16.842326833844012,1.234959413883844,-22.69439876925873,4.033267266489837,-21.464106457453973,VII,25,6,59,28.82202084311506,0.8007855580559967,1.065086193556374,1.1865836339909421,1.1112073738402752,1.0196541761816427,0.9901413167539852,0.9995352322852148,1.9295413439938771,-1.7301244095028785
0.34628,3.45686,2.4612600000000002,0.018705996409255295,0.007446668377631527,-0.7331532312653632,-36.24712677125185,0.5088429335755534,-13.622056892645887,0.7609583842740696,-16.973431779533733,1.2338554734662597,-22.712228582815793,4.095241044216277,-23.713041615987947,VII,25,6,60,28.79121394200345,0.7999296249611968,1.0717093249976788,1.1808455515467875,1.0364489523360951,1.0196820997675176,0.9885273752638075,0.9986417394875454,1.95919000312445,-1.7280191533564004
0.34526,3.45686,2.47084,0.018633469072155098,0.008691569829715917,0.5701976540963385,29.69168707513215,0.5078438231918979,-13.661909897101056,0.7605387237843027,-16.95206102241566,1.2325838280206147,-22.984430337226048,3.3880510875680314,-32.40083249244442,VII,25,6,61,28.73982977196889,0.7985019769312288,1.0685525053387392,1.1854417747754664,1.2097179553778195,1.017679959408121,0.987982212885648,0.9976125117966532,1.6208657192994402,-1.7297062831262684
0.34293,2.16054,2.97756,0.02473986348454653,0.00939292681844206,-0.927570662444256,-42.84809761354547,0.5085378179428576,-13.505088747901778,0.75891817037702,-16.971789517115408,1.234677393775865,-22.665683979842676,3.138528913681849,-18.657037092467387,VII,25,6,62,28.70858701348493,0.7976339340579005,1.061341338862926,1.4285522376602442,1.3073348599203058,1.0190706715084417,0.9858770236410297,0.9993069745538523,1.5014926852441897,-1.6066027011528041
0.34414,3.45686,2.4587399999999997,0.018725168469315056,0.008286422964245588,-0.6468235276660133,-32.89573911799114,0.5065362889557907,-13.505523557777375,0.7578711955189716,-16.91626091741783,1.2308029627235246,-22.757890061625602,4.114746508650084,-24.52439389203258,VII,25,6,63,28.6470001696146,0.7959228168740619,1.065086193556374,1.1796365241421662,1.153328436875784,1.015059761371719,0.9845169449169072,0.9961711384297363,1.9685215444213864,-1.7275742662872535
0.34476,2.73547,2.70174,0.021534987437173823,0.008605479022785523,-0.46210982384416577,-24.80212247486582,0.5087274298083556,-13.468169497545182,0.7582622530773786,-16.853502893665592,1.230394466901866,-22.76153760454526,4.066910712581354,-26.222090442529478,VII,25,6,64,28.77484175887385,0.7994747433317859,1.067005044721612,1.2962213095877793,1.1977355866024348,1.0194506391023577,0.985024950492216,0.9958405154461801,1.9456365878492412,-1.6668553772548835
0.34404,3.45686,2.4599399999999996,0.018716034018001947,0.009341358322702886,-0.9048328103960597,-42.139828614997775,0.5083504746140887,-13.492277771584103,0.7581942621420862,-16.896767468086146,1.2278493799753847,-22.803957580008163,4.083823804814266,-22.5471788768931,VII,25,6,65,28.75971727203291,0.7990545274593056,1.0647767014329486,1.1802122514777,1.3001574067732096,1.0186952498876398,0.9849366264758238,0.993780606413019,1.9537279213914855,-1.7277861741115572
0.34572,1.70952,3.2372199999999998,0.02875899668362703,0.008897799288970054,0.8357216524249801,39.886234682110036,0.5097077896703208,-13.598555220387299,0.7587985892121012,-16.980406869344613,1.2272133527333473,-22.972837166062455,3.252463864519529,-31.404911176073156,VII,25,6,66,28.7379875468708,0.7984507928986703,1.0699761691064964,1.5531300376141859,1.2384215710278523,1.0214152048585372,0.9857216810394748,0.9932658270364967,1.5559999082080036,-1.5412262692754222
0.3471,2.16054,2.9973,0.02457692854136935,0.007728921902201813,1.6496312136899611,58.775920041940815,0.5075131698978116,-13.380940260376027,0.757100053464313,-16.936832281515585,1.23031750915737,-22.744631703842042,3.067313592072181,-22.44217109509071,VII,25,6,67,28.66684302763327,0.7964741270760216,1.0742471604097676,1.4380229523297767,1.0757338183995264,1.0170173556399211,0.9835151883859315,0.9957782283975886,1.4674228112952545,-1.6094723932511603
0.34599,2.73547,2.6992599999999998,0.0215547731446804,0.008505287539191608,-0.4903262612718032,-26.119926167719967,0.5093640048815731,-13.513701892991834,0.7564812112158932,-16.87951481280341,1.2291495483324975,-23.011819403451433,3.905543988709373,-17.10483085018381,VII,25,6,68,28.64139574876615,0.7957671047086612,1.0708117978397451,1.2950314730943424,1.1837906446582174,1.0207262865850826,0.9827112777961082,0.9948329196034174,1.8684376955658613,-1.6664565435608212
0.34657,2.73547,2.6984,0.021561642810002227,0.008399254445218884,0.12705168836795733,7.24073154702406,0.5070687438450169,-13.43838593305682,0.7551290842670261,-16.80332316004479,1.22753431682969,-23.016218662702155,3.7493869033691767,-15.992512003021169,VII,25,6,69,28.64158730702466,0.7957724269269669,1.0726068521556127,1.2946188685038766,1.1690326503998592,1.0161267600144288,0.9809547894895077,0.9935256047417284,1.7937311283058837,-1.666318152755325
0.34485,3.45686,2.46446,0.018681707441891408,0.008596990176977959,-1.4118579938438427,-54.69057227008167,0.5082400713371992,-13.322820035298527,0.7551592170750603,-16.836279584724213,1.2235588166779998,-22.97402056699733,4.049586358340121,-19.805873402866865,VII,25,6,70,28.68963075528378,0.7971072569770362,1.0672835876326947,1.1823808244415444,1.196554084365781,1.0184740102127388,0.9809939336874703,0.9903079666372723,1.9373485038821334,-1.7285834333144987
0.34785,3.45686,2.4457,0.018825007450727276,0.008149840188288238,-0.8949492723788841,-41.82692895165444,0.5078203377866588,-13.378641230643035,0.7557483472899974,-16.8508450635204,1.2243667348084515,-22.936910607566638,4.143306160396469,-22.635302257745995,VII,25,6,71,28.69034551159452,0.797127115630747,1.0765683513354585,1.1733802870960313,1.1343184490705829,1.0176328964624692,0.9817592466889374,0.9909618688036995,1.9821846679323352,-1.7252648432383322
0.34716,2.73547,2.6929800000000004,0.021605038640654585,0.008370827038851614,0.3371231373852938,18.63015193196765,0.5070392874264705,-13.45174257225747,0.7559614289950441,-16.85433657473898,1.228489522115012,-23.154563022090972,3.6241184686561074,-33.02563903682912,VII,25,6,72,28.64600568667727,0.7958951863488367,1.074432855683823,1.292018500038382,1.1650760413429158,1.0160677316173872,0.9820360517060838,0.9942987162513138,1.7338018927988537,-1.6654449526155117
0.34594,2.73547,2.7121199999999996,0.02145256734897792,0.008276417617205212,-0.021311205016215588,-1.2208573015932835,0.5076475346748958,-13.334959161471605,0.7546467407269977,-16.77553656564224,1.2277472734826618,-23.111024612663734,3.746589722892443,-15.811016316397904,VII,25,6,73,28.59395193235908,0.7944489347161876,1.0706570517780323,1.3012013510401472,1.1519358635890633,1.0172866123181445,0.9803281983336002,0.993697964800854,1.7923929389373503,-1.6685207259140686
0.34504,3.45686,2.47454,0.01860560779871964,0.00852098441379423,-1.5525135725753436,-57.21373663785499,0.5079503121421006,-13.572516521707621,0.7559143846150101,-16.79507749852458,1.2261052805529884,-23.119687039874588,4.10707959267906,-19.32030396905746,VII,25,6,74,28.51215189959802,0.792176218127711,1.0678716226672031,1.1872169340600294,1.1859753812963774,1.0178933550734233,0.9819749384330363,0.9923689901269332,1.9648536418576437,-1.7303561380950951
0.34624,2.73547,2.6994,0.02155365524135364,0.00864876001446302,-0.43411513557589665,-23.466394465302404,0.5082826919906169,-13.362411812115432,0.7559396793224006,-16.870759059243774,1.2280495382149612,-23.011283713744323,4.198070877372786,-26.84259521612887,VII,25,6,75,28.49033506962416,0.7915700634635142,1.0715855281483087,1.2950986412834882,1.2037595608423721,1.0185594187238978,0.9820077976684708,0.9939426078603862,2.0083844654205616,-1.6664790681233905
0.34704,2.73547,2.69408,0.02159621724615082,0.007928982670596274,-1.1254933724918257,-48.378934588940275,0.5069376905275811,-13.30703840803732,0.7549589909042757,-16.834547796759555,1.2260870991145267,-23.22210879862903,4.031162145621894,-17.81551724344791,VII,25,6,76,28.49499474433392,0.7916995269814655,1.0740614651357123,1.2925462500959546,1.1035788577232652,1.0158641392466303,0.9807338287262066,0.9923542746730392,1.9285342404521537,-1.6656223124135212
0.34768,2.16054,3.00622,0.024504004336690713,0.008391240062827432,1.7998111900675489,60.942844278413084,0.5085456429256072,-13.390173572948676,0.7555263436999602,-16.864587424969283,1.226036238244373,-22.964721487296607,3.1142928313900615,-23.852425362274985,VII,25,6,77,28.47653282640289,0.7911865845568641,1.0760422147256352,1.442302525523912,1.1679171853607293,1.0190863521719908,0.9814708516456685,0.9923131095698854,1.489897985535846,-1.6107629393405354
0.34674,2.73547,2.72012,0.02138947434617223,0.008677822378010958,-0.2761966894961927,-15.439976299838486,0.508307811839973,-13.318402090431473,0.7541999746718586,-16.704310557906727,1.2292650996563161,-23.24762226741642,3.7138708377244547,-15.61798725825252,VII,25,6,78,28.43586937892317,0.7900567990480762,1.073132988765436,1.3050395332770401,1.2078045450855475,1.0186097569698418,0.9797478243145074,0.9949264430164102,1.7767400110529146,-1.6697998882364151
0.34692,1.35352,3.4166,0.03441607327340063,0.009259501527544234,0.8458644666417579,40.22669466153188,0.509164829738286,-13.214283840759716,0.7562714510509809,-16.832458267746475,1.2224635329752553,-23.332568301908196,3.3526497594003977,-32.00602563190447,VII,25,6,79,28.41113152664612,0.7893694872544789,1.0736900745876017,1.6391916788209104,1.2887643400645292,1.0203271549180644,0.9824387876448191,0.9894214802977755,1.6039294932032229,-1.4632386823227306
0.34548,2.73547,2.70074,0.021542961173052565,0.009669063595304284,-0.04860095575299953,-2.7824402661266294,0.5092384263171862,-13.396679635390779,0.7565380413890656,-16.818112986723065,1.228877891927671,-23.18991055299276,4.058362209895756,-31.459099711052446,VII,25,6,80,28.38273002618072,0.7885803853548026,1.0692333880102751,1.2957415368081677,1.345768379256284,1.0204746368012878,0.9827851033601376,0.9946130499100111,1.9415469284561855,-1.6666946012827883
0.34812,2.73547,2.69848,0.021561003586652486,0.009383687575625632,-0.5314651331773499,-27.989086671330305,0.508531393701014,-13.24533680733014,0.7553202474363946,-16.8147442697529,1.2256445903329554,-23.19113961674728,4.297169150073452,-26.408069827822995,VII,25,6,81,28.35478053472853,0.7878038419877794,1.0774039800687072,1.2946572503262455,1.3060489152465469,1.019057797821926,0.9812031211065424,0.9919961227266645,2.055793724877034,-1.6663310281791088
0.34766,2.73547,2.69222,0.02161113763307234,0.009267827082238833,-1.0330419915336526,-45.93111701909425,0.5085379018639515,-13.205419586401877,0.7531459318435064,-16.711264848239473,1.2242457448670165,-23.310487737944698,4.07858940503765,-17.923155413411358,VII,25,6,82,28.33245477752347,0.7871835473859612,1.0759803163009503,1.291653872725877,1.289923114969392,1.019070839679859,0.9783785639028219,0.9908639435538033,1.9512237504271936,-1.6653223707955465
0.34948,1.07079,3.6216199999999996,0.04104052853115548,0.00814030947334321,0.26516219075308123,14.850909785718855,0.5086688675961774,-13.306660037264555,0.7544992581830791,-16.8332019377995,1.2263343592280989,-23.495557564275366,3.837012812418449,-33.72763390824543,VII,25,6,83,28.31368834895745,0.7866621444956586,1.0816130729472935,1.7375546940968756,1.1329919364586531,1.0193332849336334,0.9801366102848317,0.9925543988166148,1.8356519342292579,-1.3867870548970611
0.34874,2.16054,2.95104,0.024962192283752967,0.009069876259502396,-0.9067137307217464,-42.19902841580631,0.5091471818895748,-13.244053794091885,0.7532649946138029,-16.76081453627343,1.2290811394954086,-23.27557274067842,3.5370145937872124,-16.331494392247187,VII,25,6,84,28.27920937185455,0.7857041871383021,1.0793228312339451,1.415828663544945,1.2623717440159694,1.0202917899866821,0.9785332330808546,0.9947775517572346,1.6921308314293266,-1.6027172757633754
0.34751,2.73547,2.6981800000000002,0.021563400869663997,0.009469653686837942,0.08001387616151888,4.574711248587132,0.5081498868231809,-13.249700652224956,0.753521362576622,-16.79783953684665,1.2263986171542156,-23.47086594109657,4.025020689150403,-32.796629454677,VII,25,6,85,28.24692963199444,0.7848073329711887,1.075516078115812,1.294513318492362,1.3180139285093968,1.0182932873834474,0.9788662693606625,0.992606407052987,1.925596127653992,-1.6662827433715777
0.34686,2.16054,2.96096,0.02487856233013832,0.00984280844881269,-1.091959635521189,-47.517022335865356,0.5071274499068168,-13.202783089845516,0.7525445263148649,-16.818115175887357,1.2271231901987947,-23.32641614294639,3.4840396509842124,-17.008498869935355,VII,25,6,86,28.20394462268704,0.7836130456291027,1.0735043793135464,1.420588009518692,1.3699506930455616,1.0162444024467303,0.9775973045843319,0.9931928524683413,1.666787273569086,-1.60417472004745
0.348,1.70952,3.2389200000000002,0.02874390205505881,0.00894099859289782,1.3969036883607273,54.40230000853257,0.5085526802725856,-13.216509307130536,0.7531309538059524,-16.78054396813263,1.2184099634355696,-23.33512400832203,3.2433113912399474,-28.662315493989926,VII,25,6,87,28.17967800340699,0.7829388264836763,1.0770325895205966,1.5539456513395258,1.2444341757293151,1.0191004544740376,0.9783591065968037,0.986140655417311,1.5516213053468741,-1.5414542756607672
0.34822,1.07079,3.64726,0.040752016291408705,0.008542035677226834,0.21119862215174287,11.925538538652416,0.5076989825840406,-13.20301475383136,0.7530863136882591,-16.716665898669547,1.224650062065356,-23.573402503048978,3.94207402583683,-33.74861640073101,VII,25,6,88,28.15868126291699,0.7823554570300851,1.0777134721921326,1.7498560681661166,1.1889053573371544,1.0173897099708067,0.9783011165946081,0.9911911844980932,1.8859139033839472,-1.3898508987627851
0.34907,2.73547,2.6939,0.02159766025409629,0.009205275609906638,-0.7754649914491779,-37.79232533673779,0.5093116970256143,-13.255128624388545,0.7536510808378942,-16.712600834278724,1.2226419396099766,-23.415803844915786,4.426835977719019,-24.335855688458967,VII,25,6,89,28.09446560047913,0.780571301249991,1.0803441552412492,1.2924598909956246,1.281217019212459,1.0206214656651504,0.9790347806156657,0.9895658767168583,2.117827180226101,-1.6655932948571193
0.34892,2.16054,2.9900599999999997,0.024636438037044864,0.00961937323191786,-0.5687442981870757,-29.62880756442592,0.5093565405667044,-13.16657031228823,0.7514775385649558,-16.772234791065603,1.2242489799279244,-23.28923800125282,3.313478239693432,-20.24681188322823,VII,25,6,90,28.05423320765769,0.7794534920820352,1.0798799170561109,1.4345493974053887,1.3388523300297923,1.0207113286722251,0.9762112279976832,0.9908665619049163,1.5851895829052771,-1.6084220827365068
0.3483,1.70952,3.24398,0.02869906696224116,0.009579914215574525,1.5172500771467308,56.61163734578248,0.5084172822495264,-13.07108707521727,0.7507918429939825,-16.74887611308202,1.2196315885413964,-23.421915985816295,3.27598076664453,-28.193807690210463,VII,25,6,91,27.97590095903868,0.7772771237501409,1.0779610658908731,1.5563733016043602,1.333360309427383,1.0188291272503556,0.9753204712138536,0.9871293983024539,1.5672505474378553,-1.5421322224206055
0.34844,1.70952,3.2154599999999998,0.02895361759877936,0.00958440841103847,1.5843541073914942,57.7410252115384,0.5080584358670588,-13.135186588203387,0.7510027280653117,-16.72677838662826,1.2220961113435016,-23.419443441017542,3.267244544972951,-24.382130890139976,VII,25,6,92,27.93474413794497,0.776133630442481,1.0783943548636687,1.542690181929838,1.3339858246167247,1.0181100267015921,0.9755944226813076,0.9891241014026371,1.5630710820585927,-1.5382971657868703
0.34894,2.16054,3.01828,0.024406094834490622,0.008601137199654163,0.6687117903230491,33.771113479018055,0.5084557712338822,-13.073468238464246,0.7527440355671352,-16.803563069034478,1.2241029392654363,-23.439585014563434,3.3269608514910516,-22.55716182509189,VII,25,6,93,27.9131998450402,0.7755350478964972,1.0799418154807958,1.4480885852460275,1.19713127903729,1.0189062562145135,0.9778564782284672,0.9907483614313931,1.59163975225177,-1.6125017055279307
0.35063,2.73547,2.69428,0.02159461413012382,0.008468659259806166,-0.5913091347550461,-30.596212684277596,0.5077185318385307,-13.12166834265205,0.7527844249593229,-16.75979427418008,1.2223835599708228,-23.509569177605485,4.5272832005997765,-26.352159254890985,VII,25,6,94,27.83993616263109,0.7734995036464059,1.0851722323666861,1.2926422046518768,1.1786926142545875,1.017428885173118,0.9779089463011935,0.9893567527976946,2.1658817862394706,-1.6656545518690962
0.3511,2.73547,2.7381800000000003,0.021248397460543134,0.008802888078607296,-0.5415481410439322,-28.43767785859191,0.509489149814223,-13.209539410942973,0.7524015949257663,-16.75115063976008,1.225908392078548,-23.6973197233807,3.8341909536344554,-16.38002562750193,VII,25,6,95,27.80511580263821,0.7725320613716123,1.086626845346786,1.3137042296768253,1.2252115528617529,1.0209770674042307,0.9774116287394653,0.9922096351191317,1.8343019385977095,-1.6726738185683723
0.34947,2.16054,2.9757800000000003,0.024754661943102767,0.00945446823688234,-0.9963233849832415,-44.894478877134134,0.5080256447605433,-13.16157185747581,0.7525066735055027,-16.697101234847473,1.2262539323031825,-23.679066133389465,3.651469070763201,-17.55188935900257,VII,25,6,96,27.70535835578961,0.769760419397591,1.081582123734951,1.4276982421125357,1.3159003734403256,1.0180443158463575,0.977548131674146,0.9924893039283339,1.7468865990833178,-1.606343000144354
0.35053,2.16054,2.9821,0.02470219909360731,0.008944294805974584,-1.0110732778349731,-45.31547615927991,0.5089114161366775,-13.083362433821636,0.7497501795757916,-16.700445174889193,1.2264770970346963,-23.732762342794896,3.657261238879498,-17.810259428646233,VII,25,6,97,27.63182859428237,0.7677174824563263,1.084862740243261,1.4307304060796806,1.2448929522474628,1.019819333552477,0.9739672923462931,0.9926699260680122,1.7496576100561376,-1.6072643822987913
0.3492,1.07079,3.75104,0.03962453051393835,0.00989365149723348,0.07290461268510987,4.169749534586253,0.510025909879683,-13.222535544229313,0.7519753545237315,-16.734412367789634,1.2257094476188484,-23.939052647139956,4.372013333611289,-34.11940321105337,VII,25,6,98,27.56594944746014,0.7658871087417471,1.0807464950017023,1.799646887234206,1.377027176326003,1.022052693288968,0.9768579186883476,0.9920486160649813,2.091599670020711,-1.402035870425014
0.35069,1.07079,3.6689599999999998,0.0405109892010279,0.009874336356343438,0.4971085373368993,26.432363063149094,0.5094698761304952,-13.09406217235631,0.750566665327576,-16.855683065961088,1.2218968502641459,-24.00389338166566,3.9455850325978825,-35.599004320428705,VII,25,6,99,27.51287486187193,0.7644124945267969,1.0853579276407415,1.7602671374836876,1.3743388388676248,1.0209384444245309,0.9750279528683816,0.9889628260870273,1.8875935918987103,-1.3924271520446811
0.35138,2.16054,3.03116,0.024302388497158305,0.008788020092366566,0.6800030112980914,34.21582011276419,0.5072659617290214,-13.09962110473634,0.7506844490238008,-16.797127378399633,1.2218934435620454,-23.71376000841434,3.4469188149003225,-23.343682639795162,VII,25,6,100,27.43621024416477,0.7622824593357204,1.0874934232923772,1.4542680586474246,1.2231421833153877,1.016521969484393,0.975180960457869,0.9889600688152199,1.6490284236801667,-1.6143510407984158
0.34875,1.07079,3.81062,0.03900499103531795,0.009890323057604011,-0.3308757163699456,-18.30812555329233,0.508193794578028,-13.092729388551767,0.7512470973811732,-16.69064365546874,1.2254369721165153,-23.899977942158095,4.723974755889912,-30.29297240825354,VII,25,6,101,27.38854094374978,0.7609580245383569,1.0793537804462876,1.8282317494434637,1.3765639144225672,1.01838127514687,0.975911872049625,0.9918280834211918,2.2599803080756082,-1.408879817578343
0.35104,2.73547,2.71002,0.021469190986970577,0.008984598733986215,-0.7021991418215081,-35.07649765432021,0.510085041995366,-13.28696602687051,0.7527905626391419,-16.691741254672106,1.2263561448886893,-24.087102306604244,4.594699294396247,-18.89467219934167,VII,25,6,102,27.33026824154324,0.7593389868376386,1.0864411500727307,1.3001938282029633,1.2505025701120318,1.02217118950048,0.9779169194895401,0.9925720314084829,2.1981340848440385,-1.6681843205620865
0.35145,2.16054,2.99342,0.024608784573179294,0.009473600971021845,-0.8281645160810388,-39.63034833019851,0.5099975498745036,-13.079178778869158,0.7527446062418791,-16.784223414831192,1.2302878132902444,-23.940376781780202,3.8532094294109553,-17.607587476111114,VII,25,6,103,27.22461967453851,0.7564036670990537,1.087710067778775,1.4361614339448838,1.3185633229969058,1.02199586201998,0.9778572195667826,0.995754193546636,1.843400501347418,-1.608909835553455
0.35214,2.16054,2.9765800000000002,0.02474800876074097,0.009076966046311363,-0.6445112062530691,-32.80223390119926,0.5104272551682808,-13.029566963185406,0.752732739852725,-16.744268036251984,1.2262210880834887,-23.98629689973767,4.931490991008068,-27.09997474494756,VII,25,6,104,27.15035145914547,0.7543402130951494,1.0898455634304107,1.428082060336225,1.2633585211541205,1.0228569583766907,0.977841804465554,0.9924627209051253,2.3592574272829636,-1.6064597389127129
0.35285,2.16054,3.04242,0.024212445328733824,0.009052669922514522,-0.1589298046250942,-9.030479831211611,0.5096748240949929,-13.022436414147911,0.7529636988225337,-16.7588549682656,1.2283262141573532,-23.910992396153404,3.583865737984104,-22.691550576403284,VII,25,6,105,27.11758740829844,0.7534299029234746,1.0920429575067314,1.4596703001458509,1.2599769160150083,1.021349144381222,0.978141833046534,0.9941665402011882,1.714544724129276,-1.6159613469008565
0.35296,2.16054,3.0279000000000003,0.02432855375575361,0.00932568428896946,-0.9871027596007638,-44.62812840834294,0.5115539727104557,-13.163668658831925,0.7519929769745838,-16.68974620663777,1.227917067941723,-23.93659337612114,3.6402132526340822,-21.077606218867235,VII,25,6,106,27.09419106637152,0.7527798633988901,1.0923833988424994,1.452703999385891,1.2979758491936229,1.0251148136664885,0.9768808112347033,0.9938353908103007,1.7415017423392438,-1.6138837075329848
0.35505,2.16054,2.9775600000000004,0.024739863484546525,0.008967148188190055,-0.9992503857907937,-44.97851708383146,0.5117922845561835,-12.875987791344308,0.7548594099175737,-16.612330445564783,1.2266583043923593,-24.12371199120655,5.0042650870435255,-24.455067641579088,VII,25,6,107,26.98523765989174,0.749752722627432,1.0988517842220915,1.4285522376602444,1.248073752419216,1.025592372274886,0.9806044674714456,0.9928165892994489,2.3940730290753054,-1.6066027011528041
0.35422,1.07079,3.76064,0.039523378717187314,0.009610206357546724,0.3940703163678264,21.50792761004828,0.5116428528058443,-13.026230125754086,0.7542767372998033,-16.728151925219883,1.227664661267056,-24.425239575791657,4.3457594987756565,-37.03950363252999,VII,25,6,108,26.90589032993235,0.7475481514681906,1.0962829995976602,1.804252705918477,1.3375764578066247,1.025292922541179,0.9798475432487995,0.9936311012106934,2.0790396643462477,-1.4031459361616139
0.35323,1.07079,3.817,0.03893979537306872,0.009697765100262101,0.19504345678085105,11.036607663982036,0.5129485175159638,-13.102982015300867,0.7550559323738365,-16.814779643707823,1.231577256718658,-24.426564820484902,4.629321795771565,-36.42944809458353,VII,25,6,109,26.81804641069624,0.7451075126847336,1.093219027575748,1.8312926997773855,1.3497631381518669,1.0279093741913017,0.9808597611010114,0.9967978263350892,2.2146977151274094,-1.4096063350086065
0.35344,2.16054,2.98312,0.024693752821558085,0.009604118668231854,0.6491099158751527,32.98800196190454,0.5112792017383784,-12.943806961717717,0.7536017723759381,-16.622470491974493,1.230103354589975,-24.472700174497675,4.7515270141333055,-18.268694444289977,VII,25,6,110,26.73366573994489,0.7427630961400172,1.0938689610349415,1.4312197743148845,1.336729155510809,1.0245641937732453,0.9789707261739471,0.9956048987862188,2.2731614879698165,-1.6074129033511109
0.35511,1.70952,3.2784,0.02839775477189211,0.00890447106642206,1.1190310811558766,48.21506327833212,0.5112168061102952,-12.95805084945127,0.7531056825015312,-16.685257677583348,1.2271729165899115,-24.166043774577968,3.6800856996751303,-26.0624993402426,VII,25,6,111,26.65433490477416,0.740558983268854,1.0990374794961468,1.5728870806785906,1.2393501684085444,1.0244391577339058,0.9783262777631313,0.9932330993617509,1.7605769808415674,-1.54671599547141
0.3557,2.16054,3.00418,0.024520643875215985,0.009052062423991536,-0.9899502711699767,-44.7106449541373,0.5112307883273423,-12.978502645710286,0.7527637114953426,-16.670598305350538,1.2304939154101808,-24.235173273859278,3.9847223003812284,-18.635097681507496,VII,25,6,112,26.70347276961219,0.7419242203814836,1.100863483024357,1.4413237890535042,1.2598923626045748,1.0244671770213856,0.9778820383564173,0.9959210057738308,1.9063171158531862,-1.6104681300842116
0.35437,1.07079,3.7753,0.039369904097423594,0.009905434953768832,0.4369576503011156,23.603290460631126,0.5115605926469916,-12.934359996793175,0.7547329386213121,-16.72944072401201,1.2268411477354784,-24.610671257257557,4.432837347701664,-37.69281202834061,VII,25,6,113,26.61985698872331,0.7396010553915664,1.0967472377827985,1.8112861748675828,1.3786672320612159,1.025128079510115,0.980440174205055,0.9929645766433095,2.1206982747350933,-1.404835643122152
0.35479,1.07079,3.8300799999999997,0.03880681315768948,0.009766681653783194,0.20417627907589359,11.539826570777691,0.5142752962894278,-12.852402794753187,0.7546242710853674,-16.628589019627462,1.2290911043421497,-24.538228560867626,4.730645566719124,-37.106202315847774,VII,25,6,114,26.58986795760597,0.7387678458414945,1.0980471047011853,1.8375681277347047,1.3593551444120233,1.030568136800318,0.9802990090161252,0.9947856169740263,2.2631716674481623,-1.4110920203586006
0.35651,1.07079,3.86752,0.03843113906043234,0.009225725285308184,0.07056388195674039,4.036322193259181,0.5118857085279568,-12.95099063483171,0.753509228423945,-16.706715056765198,1.2279987809534625,-24.60122888606167,4.942757795451731,-36.36289068055725,VII,25,6,115,26.49455377312933,0.7361196546260955,1.1033703692241033,1.8555308206033623,1.2840632644822514,1.0257795867283461,0.9788505064196861,0.9939015266146449,2.364647539951511,-1.4153167432918514
0.35667,2.16054,2.9786,0.024731225380059875,0.008792617982557482,-1.86390915884196,-61.786137940677484,0.5128128750039602,-12.906777914943289,0.7533147133148531,-16.60343387293279,1.22475191677018,-24.55782985771668,5.208407433127579,-21.658849411386438,VII,25,6,116,26.44709240508736,0.7348009969823285,1.1038655566215838,1.4290512013510404,1.2237821310382708,1.0276375570305805,0.978597820446033,0.9912736223214751,2.49173605778203,-1.606754364729931
0.35636,1.07079,3.8720999999999997,0.038385681913949365,0.008793239996932545,0.12545907946918186,7.150913533537647,0.5110447219962337,-12.859323923752438,0.7527980204334053,-16.70537482118998,1.2281722192216125,-24.668433323709262,4.955459979376034,-36.9516942639511,VII,25,6,117,26.39630257798093,0.7333898620634975,1.102906131038965,1.857728179933983,1.223868704807194,1.0240943144056711,0.9779266075801647,0.9940419018024393,2.370724347517573,-1.415830739834135
0.35653,1.07079,3.9257000000000004,0.03786157855643664,0.009709018215580012,-0.3676601050721654,-20.186461497216346,0.5139004528108246,-12.90139446454845,0.7517328665639947,-16.623043776050803,1.2261235707176643,-24.50597818109384,5.333441629214445,-31.582789897813104,VII,25,6,118,26.34943788701036,0.7320877823822612,1.1034322676487884,1.883444000921164,1.3513293794547292,1.0298169793013614,0.9765429133065482,0.9923837935802228,2.5515532320038146,-1.4218012830278435
0.35714,1.07079,3.85176,0.03858838529373671,0.009607030092355306,0.20687739567431665,11.688316664439558,0.5112511160101576,-12.99331470026141,0.7525664570822891,-16.535764207152397,1.2263643139153324,-24.72209733348987,4.869208000743554,-37.639963134522105,VII,25,6,119,26.38585363959038,0.7330995507419662,1.1053201696016837,1.847969601596684,1.3371343759838494,1.0245079121341854,0.9776257938741635,0.9925786431479875,2.329460838859123,-1.4135433938227906
0.35563,1.07079,3.73398,0.0398055691082982,0.009636369064988215,0.9613099933407192,43.86989480454774,0.5122494049008885,-12.886953522333807,0.7526415955634206,-16.584114166709483,1.2215800887182326,-24.72419345917139,4.155560856713382,-36.812889476441555,VII,25,6,120,26.28895173339338,0.730407246567563,1.100646838537959,1.7914619636140323,1.3412178594835762,1.0265084062849485,0.9777234029511764,0.9887064497868722,1.9880473945108672,-1.400056162504142
0.35693,1.70952,3.27416,0.028434529541675135,0.0083373616749704,-0.6683434596337973,-33.75652824968435,0.5136440667111062,-12.783821647960387,0.7510654795994686,-16.566523763786837,1.22704821262412,-24.458600336587065,3.9047555712814295,-24.07605282935324,VII,25,6,121,26.22893599230449,0.7287397806052832,1.1046702361424903,1.5708528440930376,1.1604182347137906,1.0293032012782,0.9756759404234546,0.9931321681035954,1.8680605115304314,-1.5461539528925485
0.35668,1.07079,3.9791600000000003,0.03735290838744944,0.009524389817822276,-0.4858494447716243,-25.912773487916464,0.5129958906631668,-12.78791246869004,0.7540581313302178,-16.566144799922917,1.2281047632609188,-24.677032533167345,5.5917337097607325,-30.63728257282124,VII,25,6,122,26.11813130292511,0.7256612041410281,1.1038965058339265,1.9090926537191988,1.3256322623382613,1.0280043063344546,0.9795635619039622,0.9939873051828395,2.6751218465563547,-1.427675577317247
0.35664,1.07079,3.75624,0.03956967577657533,0.009357662260333022,0.9187744881742392,42.576003788197475,0.5146555616767511,-12.765882656010168,0.7526163987007987,-16.616777749096325,1.221407086149474,-24.85584771402589,4.286042269554603,-37.429110234754376,VII,25,6,123,26.08241227284199,0.7246687933869721,1.1037727089845564,1.802141705688186,1.3024266362082768,1.0313301593873077,0.9776906708215524,0.9885664272397292,2.0504705527259643,-1.4026375082131513
0.35595,2.16054,2.98864,0.02464814360948336,0.010237399484980203,-0.5380406564217197,-28.28205800823517,0.5124542543689126,-12.799850362042925,0.7514711948218344,-16.479508370839234,1.2274936567734234,-24.69664324654112,4.543216656240797,-17.795367756628714,VII,25,6,124,26.03263575107238,0.7232858119513423,1.1016372133329206,1.4338681200583405,1.4248710205393327,1.0269189088622828,0.976202987121616,0.9934926958393562,2.1735044552521288,-1.60821578431849
0.35872,2.16054,2.98436,0.02468349258033426,0.0092807962576687,-0.5553758368687872,-29.04673494306138,0.5144451406342722,-12.617662253099839,0.7514133800326246,-16.472352134383506,1.2276964936779975,-24.829592269943742,4.6028388793879325,-17.859153426297222,VII,25,6,125,26.04339993036654,0.7235848818663219,1.1102101451518058,1.4318146925616029,1.2917282025072399,1.0309084918033196,0.9761278824864479,0.9936568653094215,2.2020281153475207,-1.6075933899770605
0.35895,2.16054,2.9715,0.02479031732022425,0.009771766224353051,0.5417484002486183,28.446549174028362,0.5143323481016756,-12.654909278965837,0.752700974747497,-16.51015184431669,1.2238647236223577,-24.91826678579812,5.208929597260869,-19.047516489358827,VII,25,6,126,25.96758711323843,0.7214785129409024,1.1109219770356844,1.4256448146157978,1.360062829724832,1.0306824642437582,0.9778005398225131,0.9905555575825687,2.491985864506197,-1.605717914154309
0.35788,1.07079,3.9903600000000004,0.03724806757761288,0.00944803409957079,-0.22655950671529498,-12.765402651880619,0.5135453853617478,-12.767449743738586,0.7524161315989875,-16.44257164109028,1.2254314267804223,-24.89298836041432,5.651526078609738,-34.132524742262866,VII,25,6,127,25.9157360181304,0.7200378919532933,1.107610411315032,1.9144661088508486,1.3150048515052044,1.0291054514444455,0.9774305126886028,0.991823595209889,2.7037269054643143,-1.4288962534431748
0.35946,1.35352,3.51858,0.0334185824809726,0.008487427467832764,1.949669693834126,62.84637708665263,0.5143537763636598,-12.726233659354229,0.7499801669604368,-16.490774039989002,1.2185596509931071,-24.774913809030792,4.027623381499278,-30.26029984316731,VII,25,6,128,25.86057805789103,0.7185053936523608,1.1125003868651542,1.688118906885699,1.1813048280070924,1.030725404832558,0.9742660587839663,0.9862618075668564,1.9268412726347313,-1.4760119755601568
0.35971,1.07079,3.8581600000000003,0.03852437403814339,0.009020081914551892,0.38853007706185305,21.232645641416294,0.5139900387719197,-12.61720726355394,0.7511242761195792,-16.571414230763192,1.2214430006244528,-25.199836069995758,4.970581224985912,-39.342428024821025,VII,25,6,129,25.80504042843416,0.7169623466939324,1.1132741171737177,1.8510401473861982,1.2554412223331135,1.0299965026766342,0.9757523203818081,0.9885954952258402,2.377958449958381,-1.4142644091699268
0.35808,1.35352,3.51348,0.033467091301473344,0.010064495022967523,1.9766113877319116,63.16440601211474,0.5140197642524769,-12.658416159336936,0.7492054495192827,-16.480729424534562,1.2151274797231773,-24.781581620544618,4.034117813085144,-30.332683623885295,VII,25,6,130,25.75458466202421,0.7155604932541038,1.108229395561883,1.68567206570968,1.4008056748814566,1.0300560702532497,0.9732596576265551,0.9834839218574443,1.929948251027853,-1.475382031490839
0.35987,1.07079,3.98194,0.03732683037388894,0.009393616086977974,-0.16981578592140778,-9.637786777486172,0.5119449781949308,-12.667207572468003,0.7501774534622085,-16.46316472219026,1.2207083149666258,-25.04520391387231,5.675599698281521,-35.09294754970965,VII,25,6,131,25.76572212825566,0.7158699345025169,1.1137693045711987,1.9104264220465188,1.3074307943188448,1.0258983585820651,0.9745223449512544,0.9880008649963793,2.715243881996523,-1.4279788868369778
0.36204,1.70952,3.2436000000000003,0.028702429166411112,0.00878924443229695,0.36427721396382073,20.015529628356823,0.5153635120045176,-12.47050377522293,0.7522242812244025,-16.40989172064558,1.2206566251048276,-25.149030264546198,5.516954749926785,-19.915649100996493,VII,25,6,132,25.75329570902078,0.7155246812284385,1.120485283649531,1.556190987948108,1.2233125905060664,1.032748837390116,0.9771812883536706,0.987959028934855,2.6393471048576633,-1.5420813461606404
0.36168,1.07079,4.02206,0.03695449569101489,0.008133056039308195,-0.13320815281189052,-7.587596218124531,0.5132774689054209,-12.651545801467156,0.751299476983275,-16.53657070455931,1.2239694647126858,-25.15175715699989,5.827082811969428,-35.8653006540117,VII,25,6,133,25.53854545780008,0.7095581009979092,1.1193711120051995,1.929674905964535,1.1319823824238564,1.0285685674735314,0.975979916073652,0.9906403315507445,2.787714390759044,-1.4323327200558233
0.35919,1.70952,3.2588600000000003,0.028568026624086664,0.00803245850647577,0.06664481848693744,3.812828562970417,0.5157096785208907,-12.598298051464171,0.750830046876554,-16.40016460680489,1.2255851233078259,-25.242143513104313,5.340656802842826,-18.510084346575496,VII,25,6,134,25.44454404913535,0.706946383696566,1.1116647581319055,1.5635123205649806,1.117980925366234,1.0334425284625341,0.9753701001877156,0.9919479920868168,2.555005018086955,-1.5441197580726065
0.35921,1.07079,3.95934,0.037539892744498655,0.009015054014142543,0.22385501921981193,12.617926734655356,0.5143096458767255,-12.677313898612107,0.7511695960871521,-16.48888105366613,1.2227061189679067,-25.394733648265806,5.45054687084727,-39.41578302211436,VII,25,6,135,25.4128219372317,0.7060650225587836,1.1117266565565904,1.8995835572272972,1.2547414245379849,1.030636970731165,0.9758111935469085,0.9896178213627432,2.6075771427439483,-1.4255069725388316
0.36005,1.70952,3.26694,0.028497370396815085,0.009740644843151236,-1.5925258754607348,-57.87392057959822,0.5153465198410978,-12.652340455944572,0.750691701550372,-16.411968559257108,1.2237862565047677,-25.002963445814043,4.423708266640971,-22.298283095078876,VII,25,6,136,25.37706785311216,0.7050716378700314,1.1143263903933645,1.567388884624242,1.355731265419006,1.0327147864016237,0.975190381894315,0.9904920488974045,2.116330862863921,-1.5451952127929423
0.36079,1.07079,4.0775,0.03645204143200572,0.008392083400829864,-0.46453833242647086,-24.916674877791024,0.5163402736606281,-12.519311480181466,0.7510610762014202,-16.351091288532867,1.2194601551548818,-25.188738000984692,6.191300686760334,-31.711683421984503,VII,25,6,137,25.39081266661923,0.7054535211603997,1.1166166321067128,1.9562735088662009,1.1680345635954994,1.0347061926185288,0.9756702201638386,0.9869906457994284,2.961958595567783,-1.4382781447718211
0.36222,1.70952,3.25008,0.028645202347071786,0.008675314194435457,-0.3342896872518749,-18.484250204807736,0.5162755620162344,-12.584778201209721,0.7503053094904277,-16.361772358586407,1.2184288570628563,-25.414869379330717,5.867528233117208,-20.954821012991705,VII,25,6,138,25.31069801373083,0.7032276308465002,1.1210423694716969,1.559299915559991,1.2074554488041953,1.034576515460646,0.9746884370616762,0.9861559472932434,2.807063743807945,-1.542948105587302
0.36094,1.70952,3.2600599999999997,0.028557510979605,0.009781137267085516,0.2568241211358804,14.403642232732595,0.5160220884726184,-12.44161657620739,0.7513133855310347,-16.349740071072087,1.2195291435143578,-25.53337299748808,5.799125792487442,-19.702643588572826,VII,25,6,139,25.18596438979259,0.6997620555075111,1.1170808702918509,1.5640880479005141,1.3613671186940488,1.0340685739758866,0.9759979840527881,0.9870464826918304,2.7743395704505747,-1.5442796475586473
0.36139,1.07079,3.92476,0.03787064659724501,0.008798216260729741,0.48875347395197405,26.047232968594724,0.5152326876539863,-12.631666480769836,0.7514368415820526,-16.413632574075425,1.2172458336146887,-25.72936741298163,5.332124564883525,-40.871469852232934,VII,25,6,140,25.05981088929961,0.6962570305877501,1.1184735848472656,1.882993014508329,1.2245613156685349,1.0324866754543824,0.9761583603474651,0.9851984473108397,2.550923139844953,-1.421697279742701
0.36112,1.07079,3.8326199999999995,0.038781094639959955,0.009411034239298455,1.1099043995976232,47.981828059998904,0.5178130898401297,-12.427885739297523,0.750589960670905,-16.420831185005937,1.2103666005632,-25.57156986185463,4.741684750097134,-38.012343815242126,VII,25,6,141,24.99368640498478,0.6944198404628298,1.1176379561140168,1.838786750594918,1.3098551033935473,1.0376576029563573,0.9750582148184077,0.9796306240052628,2.268452884715556,-1.4113799366347006
0.3629,1.70952,3.25356,0.028614563507103324,0.008406063947072329,-0.21164313418864344,-11.949917492302662,0.51654908811209,-12.449685584260564,0.7492776583105327,-16.256146875046685,1.2201504461045625,-25.678144258650864,5.638012851185938,-18.753315888697465,VII,25,6,142,24.90202636626223,0.6918731753396796,1.1231469159109901,1.560969524833039,1.1699804166631096,1.0351246407176944,0.9733534608730408,0.9875493444230241,2.697262089402743,-1.543412874529391
0.36284,1.07079,4.114260000000001,0.036126350531809674,0.009931600656725603,-0.9219296140118045,-42.673876432578155,0.5162312027043446,-12.430396925039044,0.7493687593194894,-16.294535285269415,1.2128082337213306,-25.495435896393406,6.562265773561526,-27.37930450594903,VII,25,6,143,24.89949899865044,0.6918029554375278,1.1229612206369348,1.9739099562447229,1.382309050662692,1.0344876228116433,0.9734718061638332,0.9816068009860045,3.139430710571988,-1.4421759084554877
0.36307,1.07079,4.04936,0.03670535564607822,0.009670077011608713,0.11059129840312097,6.310770203838009,0.5157062194623593,-12.48764290034429,0.7508336772128663,-16.39182939822827,1.2177365292631692,-25.7726165002629,6.049933602733744,-39.47973013533497,VII,25,6,144,24.85720844723895,0.6906279627818468,1.1236730525208134,1.9427727028479314,1.3459094294835456,1.0334355967753006,0.9753748161970275,0.9855956001107384,2.8943276613186484,-1.4352705635995857
0.3649,1.35352,3.54026,0.03321393229477512,0.008135220173919655,-1.5091698015263035,-56.47090950566669,0.517022814072789,-12.381115395659743,0.75076947607086,-16.295389338824368,1.2198732290975434,-25.486728262344005,4.854175860968774,-21.909645431827848,VII,25,6,145,24.78476294767762,0.6886151507687459,1.1293367583794993,1.6985203807476779,1.1322835929702397,1.0360739511049404,0.975291415333448,0.9873249741624397,2.3222693652305044,-1.478679703961269
0.36301,1.07079,3.9219999999999997,0.0378972970267729,0.010022130601252677,0.6566511630795436,33.29095096045792,0.517313650737453,-12.498236944902628,0.7499905965182724,-16.375828901966475,1.2121291885789147,-25.915520501339692,5.364959577810187,-41.03496079271837,VII,25,6,146,24.6615171536429,0.6851909130134769,1.123487357246758,1.8816688416366008,1.3949092715133986,1.0366567654103882,0.9742796073611887,0.981057204346207,2.566631624005911,-1.421391764391273
0.36321,1.35352,3.5495200000000002,0.03312728367382085,0.008933806859414195,-1.2865266730383074,-52.14255384303722,0.516089827051933,-12.476960422299747,0.7489642274978596,-16.3112290824397,1.219454019097688,-25.58844350408613,5.090081526018421,-20.732691370411622,VII,25,6,147,24.56119152946978,0.682403484908484,1.124106341493609,1.7029630766868813,1.2434332093566252,1.034204316878525,0.9729462967692191,0.9869856794780387,2.435128172723274,-1.479814173349385
0.3648,1.35352,3.54724,0.033148576342706036,0.00831477576971279,-1.2730928610287435,-51.850767408180374,0.5156198795853634,-12.450187474724085,0.747768390526914,-16.25319191999459,1.2187102996741224,-25.687911932378288,5.138446225547786,-20.64351617577501,VII,25,6,148,24.4875417524071,0.6803572134778003,1.1290272662560739,1.7018691947493667,1.1572746627625903,1.0332625783028808,0.9713928378592946,0.9863837376179003,2.4582661601577063,-1.4795351188363939
0.36541,1.35352,3.53204,0.03329122998207851,0.008668420005120026,-1.3330156466128442,-53.12354859581951,0.5165654849339117,-12.417261836879804,0.747770989261392,-16.307819357643755,1.2125141765026726,-25.55834044215686,4.789270713175194,-23.99275989189392,VII,25,6,149,24.52468927060744,0.6813893130746458,1.130915168208969,1.6945766484992708,1.2064958954937983,1.0351574986874164,0.9713962137602973,0.9813688008160781,2.291218319556871,-1.47767015904695
0.36529,1.07079,4.1405,0.03589740343895745,0.00887042247288794,-0.43883424102969654,-23.693511111961637,0.5173637756656888,-12.489031563479516,0.7484707876252671,-16.11260144075711,1.2103817244652995,-25.817451093188726,6.8160789209617905,-25.595522832086505,VII,25,6,150,24.50754312372211,0.6809129277831073,1.1305437776608585,1.9864991939817305,1.2346111861808733,1.0367572119110697,0.9723052908585349,0.9796428647905293,3.2608565743194817,-1.4449369640377139
0.36516,1.07079,4.073160000000001,0.0364908815118982,0.008725937380565707,-0.7711530385370355,-37.63772222910492,0.5151880634696989,-12.267724925293367,0.7465174672667285,-16.100152615888057,1.2044515611577504,-25.835563609508316,6.622841277157289,-23.045039514764383,VII,25,6,151,24.47695825852371,0.680063163691988,1.1301414379004053,1.954191295002687,1.2145013310118975,1.032397252021468,0.969767818787815,0.974843187090629,3.1684104262462727,-1.437815645236914
0.36487,1.35352,3.5394799999999997,0.03322125169400606,0.009013960390660603,-0.2120162854901204,-11.970379326918538,0.5170094799879486,-12.433623572330475,0.7437415257548122,-16.19184398169689,1.2058931787224036,-25.86929770744006,5.841312171941108,-19.24529863318233,VII,25,6,152,24.30274419822691,0.6752228332982468,1.1292439107424717,1.6981461579795807,1.2545892108425944,1.0360472306245494,0.9661617159662025,0.9760099845830424,2.7945218092983626,-1.4785840084421524
0.36521,1.07079,4.158060000000001,0.03574580427867883,0.00861641339056185,-0.40131962137875443,-21.86655975660661,0.5142599948637072,-12.332671189654318,0.7449184272255657,-16.120327719996627,1.2025964791401216,-25.911362732463804,7.011557409309183,-26.43291875804378,VII,25,6,153,24.25772663705953,0.6739720739209649,1.1302961839621182,1.99492400399171,1.1992574636958575,1.030537473920127,0.967690576605458,0.9733417451690946,3.354374757024984,-1.446774926885384
0.36412,1.07079,3.8401599999999996,0.03870494951746888,0.009331918290364616,1.7459305490174934,60.19762412142334,0.5156945740519241,-12.262618350463974,0.7443737249562402,-16.19339520732443,1.1971918302078923,-25.70437110825076,4.873605461922169,-32.1282764197303,VII,25,6,154,24.09050570189753,0.6693260391890062,1.1269227198167806,1.8424042373531895,1.2988435156301033,1.0334122602685287,0.9669829779828207,0.9689674013929647,2.3315646129440304,-1.41223349465347
0.36417,1.07079,4.14344,0.03587193224446433,0.009548767321376217,-0.3967080318930634,-21.638625241925297,0.5136299365493405,-12.194999581183666,0.742707401768096,-16.15925835803108,1.196133738743219,-25.850264448565568,6.972826885139357,-26.095592987851667,VII,25,6,155,24.1966940664478,0.6722763565601685,1.1270774658784934,1.9879097259537883,1.3290251941485383,1.0292748855208838,0.9648183312405567,0.9681110172186902,3.3358458218658535,-1.4452452293873914
0.36792,1.07079,3.8538599999999996,0.03856735816532083,0.008475532805869879,0.6665499334742387,33.68543690163739,0.5176025011247075,-12.160192227221064,0.745709455835188,-16.164731360938195,1.1958831213731693,-25.8553509870145,5.0572587296417355,-36.14882804179997,VII,25,6,156,24.09567732499863,0.669469726583919,1.138683420506948,1.848977124433868,1.1796492943772001,1.037235599368688,0.9687181668802854,0.9679081758229561,2.419425533039436,-1.4137801089565696
0.36668,1.07079,4.00856,0.03707895078008145,0.00895543996259035,0.8390494547805885,39.99831290023143,0.5168966158264282,-12.173236335842283,0.7462733112061305,-16.186913413976203,1.1982733079022279,-26.210956317371274,6.143610569349826,-41.80025796122321,VII,25,6,157,23.80574152057099,0.6614142052097312,1.1348457181764724,1.923197973439779,1.2464441675443236,1.0358210595261343,0.969450646449977,0.969842713606683,2.9391433326150795,-1.4308725635477104
0.36624,1.07079,3.9083000000000006,0.03803014071053995,0.009191147212777584,-0.33281296150520534,-18.4081110366198,0.5164603779983774,-12.175628874987442,0.7442895590632448,-16.089664351903952,1.203323395367426,-25.89933675375478,5.4219674262093065,-22.2825670818186,VII,25,6,158,23.66000920040639,0.6573652060793429,1.1334839528334004,1.8750959545559227,1.2792505878286495,1.0349468724732078,0.966873641794392,0.9739300870789114,2.5939045501846834,-1.4198720677070609
0.365,1.07079,4.27234,0.03478964664305821,0.009273993209426845,-0.005796623361250115,-0.3321183342412971,0.5165436620142061,-12.081177229926555,0.7463959363266657,-15.987459452945274,1.1994362099419837,-26.08927411110186,7.5248726299600355,-32.33809680512443,VII,25,6,159,23.52090872378966,0.6535004648316801,1.1296462505029246,2.0497524372457203,1.2907813344764112,1.035113767234899,0.9696099433196208,0.9707839279877911,3.5999481037199486,-1.4585499823403474
0.36603,1.07079,4.12696,0.03601517798549133,0.008959424193576482,-0.8044794394443016,-38.81596237174476,0.5177305378297015,-12.215048216460492,0.7442389159141285,-16.002965108313358,1.1951758652577795,-26.18400662085609,7.123081332784549,-22.457428106880247,VII,25,6,160,23.42334836568875,0.6507898663545216,1.132834019374207,1.9800030705457898,1.2469987043951716,1.0374921750771844,0.9668078535196247,0.967335746156334,3.407728528786658,-1.4435144346169668
0.36563,1.07079,3.84764,0.03862970520604924,0.009084509142937569,-0.6279254690404464,-32.125758353356275,0.5131251247749813,-12.126539452032656,0.739554064885187,-16.058649738695227,1.1855636535499077,-25.81903964801166,5.05933182220401,-28.849577317703808,VII,25,6,161,23.38992669940098,0.6498612851202253,1.1315960508805052,1.8459929377446842,1.264408391270411,1.0282632815541175,0.960721970786945,0.9595559404767394,2.4204173140310083,-1.4130786060636864
0.36578,1.07079,4.1878400000000005,0.03549161356188472,0.00874687007373981,0.2696936687156925,15.093214937431826,0.5151512928356508,-12.103496029739077,0.7402410111562514,-16.00795082956808,1.1844414882610341,-26.09402852678784,7.188704918340802,-36.83984389687338,VII,25,6,162,23.45244225521934,0.6515982054606027,1.1320602890656433,2.0092116373685425,1.2174148040994117,1.0323235664991546,0.9616143522999371,0.9586476970720844,3.4391232797678173,-1.4498742557920778
0.36699,1.07079,3.93452,0.037776704385542155,0.008893831255848583,1.090552222274135,47.48021505439426,0.5147805218703788,-12.056966831265282,0.7416040757232256,-16.017502855311236,1.1800406309120743,-26.30386353467257,5.919051511041226,-41.38558684850483,VII,25,6,163,23.4085477417005,0.6503786486260867,1.1358051437590913,1.887675596837338,1.2378692886428952,1.0315805700036649,0.9633850491823842,0.9550857889453123,2.831712815729975,-1.4227759323221552
0.36744,1.07079,4.031599999999999,0.03686705003943926,0.009028251250001174,-1.2679822237195582,-51.73875954579002,0.5165521591686034,-12.081621657070688,0.7399916896552702,-15.95787831299305,1.185070408771467,-26.315304036045575,6.763036383445683,-20.080669352832487,VII,25,6,164,23.23563507640117,0.6455744759440123,1.137197858314506,1.9342519382820293,1.256578254189282,1.035130794878728,0.9612904697669955,0.9591567244955099,3.235480678707994,-1.433361611589664
0.36587,1.07079,3.89646,0.03814570121058687,0.010474951328772075,0.7084144184929618,35.314306965660386,0.5137944177943445,-12.108558729226665,0.7372510543735588,-16.142435522426105,1.1786377101049137,-26.238050540675555,5.506533426778068,-37.97184668516451,VII,25,6,165,23.08539288702902,0.6414001754633203,1.132338831976726,1.8694154448453213,1.4579341767238039,1.0296044932843236,0.957730231707236,0.9539503113262924,2.6343614759503904,-1.4185543973084056
0.3637,1.07079,3.89562,0.038153926445342025,0.010608908936164618,-0.25219176396670384,-14.15437421461969,0.5158584806377072,-12.065785817764175,0.7392201469242933,-15.980479399933632,1.1795890775683333,-26.144877044216916,5.358945466413462,-32.88824460477357,VII,25,6,166,22.949677401808,0.6376294821742854,1.1256228528983938,1.8690124357104476,1.4765787859367645,1.0337407164590917,0.9602881927351391,0.9547203166299866,2.5637544339213907,-1.4184607618821234
0.36765,1.07079,4.2518400000000005,0.034957382906930484,0.00957210881791054,0.2812896484865866,15.710742976064578,0.5151761676394662,-11.918561338357026,0.7405817454490026,-15.94200129745392,1.1831223772550743,-26.47062924095607,7.635640595110075,-38.423817456288724,VII,25,6,167,22.88450101652871,0.6358186338530645,1.1378477917736993,2.0399170952636836,1.3322739314901428,1.0323734136926834,0.9620569851469317,0.9575800523293269,3.6529402200924115,-1.456461088383835
0.3691,1.07079,4.2013,0.03537790658581946,0.008627095663791662,0.40505600508524664,22.05070409893098,0.5165061508278034,-11.984540295206534,0.7397740672004235,-15.92607550285886,1.1788242567651845,-26.52137317318072,7.452318814548568,-39.58814772409361,VII,25,6,168,22.85159708742521,0.6349044373304541,1.1423354275633684,2.015669378982114,1.2007442535374546,1.0350385977026286,0.9610077660626487,0.9541012960123554,3.565237885613633,-1.451267869140405
0.36706,1.07079,4.15692,0.03575560726186776,0.008864120798415531,-0.6989685780921725,-34.95233915003559,0.5155185730397321,-11.931530527495555,0.7364366676935786,-15.749924244706913,1.1757506016770234,-26.472548664553916,7.57313741457653,-22.895369741897134,VII,25,6,169,22.81230059498937,0.6338126310412225,1.136021788245489,1.9943770630229525,1.2337341008087745,1.0330595677777203,0.956672297996474,0.9516135814219238,3.6230382912089456,-1.4466558416410484
0.3665,1.07079,3.9016999999999995,0.038094471368635044,0.00925790606096305,-0.4122135115719489,-22.402118382470583,0.5135903820571466,-11.992472591748982,0.7343345792398558,-15.84421048485717,1.1742382011918568,-26.183022142703848,5.64443235932765,-24.057546116113137,VII,25,6,170,22.69094143192631,0.6304408110828771,1.1342886323543064,1.8719294542104856,1.2885422783877232,1.0291956213609745,0.9539415678742041,0.950389494578863,2.7003332239319255,-1.4191380486896754
0.36828,1.07079,4.13072,0.035982395064057426,0.009279643102994395,0.683670990311717,34.35928350063766,0.5165403402741362,-12.058137030386932,0.7373750401077326,-15.845912759506428,1.1741116093926454,-26.70907352549556,7.178200632750818,-42.041491255019245,VII,25,6,171,22.53962946819433,0.6262367881943639,1.1397975921512797,1.981807016197129,1.2915677030874382,1.0351071107233,0.9578912960898698,0.950287035370886,3.4340979610879985,-1.4439099324722502
0.3673,1.07079,3.94324,0.0376931657568404,0.009403860679668141,1.4387871267712067,55.19954629362861,0.5160713805167654,-11.884358668801344,0.7373116579350002,-15.995048304709538,1.1677063062816566,-26.679550817662342,6.108017663367073,-41.18616720437695,VII,25,6,172,22.44197230276912,0.6235235000408764,1.1367645693417103,1.8918592154755507,1.3088566665105927,1.0341673514409175,0.9578089591130462,0.9451027952566586,2.9221154544436487,-1.4237373856867919
0.36681,1.07079,4.3293,0.03433192408449479,0.010295883298169495,0.10159778574880127,5.801218705424537,0.5158074462197718,-11.814731560408523,0.7368917873550105,-15.819366886913555,1.1722484775110222,-26.59299386526335,8.214349805994836,-35.987730417744295,VII,25,6,173,22.35429502140936,0.6210874910925559,1.1352480579369255,2.077080294772396,1.4330109676720317,1.033638447411008,0.9572635238159719,0.9487790781561468,3.929798477870115,-1.4643018564675556
0.36953,1.07079,4.01436,0.037025378625485335,0.009515640453356622,1.0980680100105054,47.67617461676463,0.5150588727680329,-11.907331068756129,0.7364123584834785,-15.879028726767281,1.1644917326370436,-26.879885452292402,6.721471347614365,-42.92266903370099,VII,25,6,174,22.38225307781644,0.6218642724266604,1.143666243694098,1.925980655561526,1.324414500357444,1.0321383637924035,0.9566407189769749,0.9425010258556211,3.215595694698265,-1.4315004916421834
0.3694,1.07079,3.9140600000000005,0.03797417488209258,0.009224137504384777,-0.7157557498221039,-35.59341084508132,0.5152901165327098,-11.880979205858155,0.7343698430003088,-15.799300267223199,1.1685060784355183,-26.36417681888255,5.858310396484241,-24.263834414713486,VII,25,6,175,22.2918676247813,0.6193530201503934,1.143263903933645,1.8778594457664852,1.283842272517637,1.0326017585100369,0.9539873774654815,0.9457501043395308,2.802653870692601,-1.4205116538851157
0.36845,1.07079,3.8936800000000003,0.03817293638383311,0.009328414878178093,-0.22766855066544836,-12.825829329265634,0.5155394675864498,-11.76664234537581,0.7344106669824264,-15.797163575614615,1.1582349422319578,-26.45322382023755,5.720605822055931,-34.93125425717063,VII,25,6,176,22.17558883422086,0.6161223522976478,1.140323728761103,1.8680816765180013,1.2983559005375298,1.0331014388421782,0.9540404100947611,0.937436987004952,2.7367751049028612,-1.418244431451324
0.36927,1.07079,4.161379999999999,0.03571728583763159,0.009961216932331096,0.647843660691766,32.93692843284376,0.5146074511690591,-11.901758567307933,0.7336323795231625,-15.711317786022391,1.1659243616009174,-26.906439193474515,7.615457120414658,-42.31986615144773,VII,25,6,177,22.06825361101188,0.6131401708231311,1.1428615641731916,1.9965168496200196,1.3864311299962655,1.0312337496304511,0.9530293712847469,0.9436605482723787,3.643284314267912,-1.4471215506380544
0.37009,1.07079,4.18376,0.03552622496008454,0.009615355151303795,-0.9801618161750093,-44.42600338457981,0.517677153200914,-11.683781888897007,0.7346442954393013,-15.666347996017892,1.1649890384315906,-26.851379993755835,8.179053869523994,-22.553814185910788,VII,25,6,178,21.99165223040982,0.6110118925997833,1.1453993995852805,2.007254164427727,1.3382930818893273,1.0373851963873266,0.9543439064883015,0.9429035286887354,3.912912671848452,-1.4494509384748493
0.37172,1.07079,3.9244600000000003,0.037873541567248314,0.008350064195391638,-0.5145846846021968,-27.229656668091327,0.5164764041081007,-11.65531328525633,0.732407359589838,-15.607978849163318,1.1644481596188405,-26.52538525040353,6.159498654750522,-23.63983436436186,VII,25,6,179,21.88619949322045,0.6080820137596292,1.1504441211971155,1.8828490826744455,1.1621862084323686,1.034978987564399,0.9514380020793332,0.9424657592983713,2.9467442962091015,-1.4216640819613584
0.37341,1.07079,4.334020000000001,0.034294534621206935,0.00836395995447009,0.18147010967623148,10.28554040016399,0.5169584164426945,-11.721351667410167,0.7347014320068518,-15.615596461900626,1.1629846398098131,-26.855287021307177,8.658430957816512,-37.74063074555206,VII,25,6,180,21.83461555599933,0.6066488154360562,1.1556745380830058,2.0793448222921627,1.1641202605760144,1.0359449032075598,0.9544181300757137,0.9412812348550378,4.142249794857616,-1.464775086166426
0.37176,1.07079,3.9350199999999997,0.03777190432043632,0.009203383112333152,-0.3487851427797422,-19.228012775218968,0.5167496248227214,-11.525919696467067,0.7313198905975639,-15.594246597082417,1.16214866865437,-26.593545512257943,6.399578926106214,-22.315204829780285,VII,25,6,181,21.83022311778389,0.6065267767661543,1.1505679180464856,1.8879154832271436,1.2809536158986725,1.0355265008609418,0.950025319216736,0.9406046274996497,3.061600262563456,-1.422831119090694
0.36945,1.07079,3.8860200000000003,0.03824818167147964,0.011024776227806288,0.2891984791712339,16.129788753909505,0.516675302949322,-11.655323609170757,0.7301804830939974,-15.682602635142244,1.1483275382020013,-26.67358380473956,6.064078240335957,-37.750157829387305,VII,25,6,182,21.61318037079115,0.6004965022681013,1.1434186499953576,1.8644066170261766,1.5344604045177102,1.03537756554333,0.9485451653316705,0.9294182624403264,2.901094548124301,-1.4173892064924136
0.3707,1.07079,3.9796,0.037348778505126974,0.009880953553783767,1.2139187053675262,50.51904068249043,0.5161931370231583,-11.69048668734086,0.7328691502398612,-15.677885699643015,1.151531315733944,-27.01928872535111,6.905455080285912,-43.48273095603588,VII,25,6,183,21.45745067080136,0.5961697378336773,1.1472873015381757,1.9093037537422277,1.3752598396436269,1.0344113421144772,0.9520378938850123,0.9320112938254709,3.3036147113802485,-1.4277235972530742
0.37104,1.07079,3.88226,0.0382852253427136,0.009739534723787635,0.17573714714671526,9.967220766661159,0.5164885357637797,-11.627870241403096,0.730782502956968,-15.631477448528708,1.1475982901091415,-26.623480486962396,5.9989215942583005,-36.95274678210885,VII,25,6,184,21.37004845307964,0.5937413712012821,1.1483395747578222,1.862602671374837,1.3555767557788523,1.0350032984692386,0.9493272227047117,0.9288280331957897,2.86992318403262,-1.4169687923519667
0.37183,1.07079,4.35706,0.034113186171180414,0.008740586712660703,-0.16436740474313263,-9.334097095246953,0.5167745541689788,-11.487144786977805,0.7322010041048418,-15.535981535262442,1.1519958252938538,-26.76512422247288,8.944434556085994,-31.894018318937718,VII,25,6,185,21.26809955674871,0.5909088424106765,1.1507845625328834,2.090398787134413,1.2165402676386299,1.0355764573533293,0.9511699347971134,0.9323872524728916,4.279075780077352,-1.4670777155987724
0.37114,1.07079,3.87648,0.038342310276076055,0.00927672549088554,-0.8788048489036938,-41.30916263698365,0.5158712847413709,-11.504911337742342,0.7290088205334689,-15.605876595428612,1.148909590147886,-26.42877317963508,5.89353125876844,-28.51761140740617,VII,25,6,186,21.22397212689422,0.5896828142728875,1.148649066881248,1.8598295847086819,1.2911616213526012,1.0337663748979693,0.94702311032894,0.9298893560004802,2.8195037607341358,-1.4163217227066967
0.37175,1.07079,4.34306,0.034223151174288015,0.009165426738218518,-0.016118349079594536,-0.9234334108232268,0.5170805757079224,-11.53920821821769,0.7306769806835284,-15.463031203240753,1.1496067227290447,-26.764810248431093,8.851359405161688,-34.30836185582658,VII,25,6,187,21.14421377987711,0.5874668234937059,1.1505369688341431,2.0836819682198513,1.2756707374098495,1.0361897009788454,0.9491901433871683,0.9304535920139138,4.2345480213297355,-1.4656800043040574
0.37084,1.07079,3.87306,0.03837616740742547,0.010263967731297619,-0.7463671216696209,-36.736450082000296,0.5164492110585237,-11.451105750032493,0.7286692115857074,-15.50940836111825,1.1466496174912872,-26.437711091822496,5.971045190703513,-26.003513503920768,VII,25,6,188,21.00195969058608,0.5835144628699062,1.1477205905109715,1.8581887618024104,1.4285688662959408,1.0349244947846783,0.9465819393678406,0.928060209010809,2.856586930909074,-1.415938400025729
0.37157,1.07079,3.8663399999999997,0.038442868174812184,0.009281161825537121,1.1828183753627177,49.78754069935633,0.5162640005752703,-11.459498030943475,0.7287730991554802,-15.627712847839042,1.139429727444627,-26.68637287963937,6.150277811962635,-39.54908220723613,VII,25,6,189,20.94297106402631,0.581875534062806,1.1499798830119774,1.8549646887234206,1.291779083305876,1.0345533472222357,0.946716895114163,0.9222166692201637,2.9423329849296533,-1.4151842176209386
0.36931,1.07079,4.32458,0.03436939516415543,0.010652833390672689,-0.09345423728526774,-5.339026267741359,0.5158939940357604,-11.473880396071996,0.727983922374782,-15.37388087313395,1.1417307676919446,-26.723130898860635,8.828148343922537,-32.887851268286475,VII,25,6,190,20.85713385379242,0.5794906493014886,1.142985361022562,2.074815767252629,1.482692319204014,1.0338118825771752,0.9456917104683734,0.9240790549570901,4.223443698372757,-1.4638281105506143
0.37124,1.07079,4.01942,0.0369787678169993,0.010014816363771939,0.8485678134059887,40.31686385137095,0.5165081311932802,-11.349402570432618,0.7271214033897155,-15.512827392380595,1.1373206601889967,-26.87928252676175,7.366932081487306,-43.301752162742915,VII,25,6,191,20.83910386448879,0.5789897074999113,1.1489585590046734,1.9284083058263608,1.3938912546782702,1.0350425662027187,0.9445712502092538,0.9205096600621608,3.524388316075023,-1.4320475642204757
0.37114,1.07079,3.9642600000000003,0.03749330239161995,0.01082903739054042,0.0192155689511874,1.1008355250483148,0.5155360015830852,-11.41164757889362,0.7263401357580447,-15.400701579011056,1.1461309377722224,-26.59689538712829,7.19585718492832,-19.250087930109295,VII,25,6,192,20.75563957457522,0.5766707515065063,1.148649066881248,1.9019440393029863,1.5072169041323444,1.0330944932380333,0.9435563399890965,0.927640406831362,3.4425449707126607,-1.4260463054495216
0.3726,1.07079,4.1478600000000005,0.035833706764211735,0.009928997306087428,-0.8528181686142712,-40.458147478329785,0.516055282860614,-11.356082620346758,0.7265853075047496,-15.27046875099878,1.1397307899779627,-26.775339593865134,8.32522464212599,-22.852230680585155,VII,25,6,193,20.66560989947043,0.5741693840967463,1.1531676518832594,1.9900303216396718,1.3819467087529054,1.0341350929761877,0.9438748317598261,0.9224603392596865,3.982841722016392,-1.4457082645668808
0.37064,1.07079,3.8861199999999996,0.03824719744603958,0.009945652563732699,1.2591959883279535,51.544888756171304,0.515925602400927,-11.355079112314412,0.7271813715863474,-15.443364480100925,1.1331699264808872,-26.799721435760055,6.534622266671328,-42.166356432628014,VII,25,6,194,20.58703234895792,0.5719862003435896,1.1471016062641206,1.8644545943041373,1.38426483592897,1.0338752233097206,0.9446491522407459,0.9171501937230674,3.1262058767305057,-1.4174003821655725
0.37206,1.07079,3.8330999999999995,0.038776238276852504,0.010181339583511473,1.065529185779525,46.81710669401008,0.5156871758949411,-11.430049569929082,0.7261441974808576,-15.45300502577945,1.1314143869660087,-26.556780652739114,6.057324921885065,-38.71901698028822,VII,25,6,195,20.43332137650512,0.5677155238519949,1.151496394416762,1.8390170415291316,1.4170684404862366,1.0333974349309853,0.9433018052407262,0.9157293182051656,2.897863716567856,-1.4114343245725816
0.37233,1.07079,4.08434,0.036390995592679186,0.009875339982182152,-1.013486995209795,-45.383780152974275,0.5158296872278709,-11.365181736820103,0.7248856977122464,-15.207843817953714,1.1391657202565468,-26.702609972936333,8.083876415085957,-21.349877014938617,VII,25,6,196,20.35419283710651,0.5655170315281782,1.1523320231500107,1.9595551546787442,1.3744785264294068,1.0336830166805078,0.9416669438623052,0.922002990549354,3.8673791573997263,-1.4390060627294512
0.37192,1.07079,4.30508,0.03452507245835229,0.009893346695769967,-0.11767501898615117,-6.711416931644725,0.5170724187564153,-11.4087640788153,0.7266874872512952,-15.238935602828166,1.1370338775574995,-26.674712188652983,8.765349195896908,-32.77389476013652,VII,25,6,197,20.27038316751227,0.5631884795712622,1.1510631054439664,2.0654601980502036,1.3769847531722503,1.0361733550754404,0.9440075689485413,0.920277547702057,4.193400176712339,-1.4618654012872154
0.37321,1.07079,3.92672,0.037851743678949175,0.00905994854668457,1.001800941483117,45.05154674281295,0.5142369920676592,-11.22104375928621,0.7249886475384522,-15.373450632739521,1.1299675445988364,-26.84149067017795,6.918587055374704,-42.95235134942721,VII,25,6,198,20.29251136763213,0.5638032852845121,1.1550555538361549,1.8839333691563676,1.2609899760860268,1.0304913780861729,0.9418006814274417,0.914558291930704,3.3098971338402348,-1.4219141094874657
0.37295,1.07079,4.251720000000001,0.034958369539622385,0.010096522278201292,0.16763203325802611,9.516130296584118,0.5167291144977894,-11.320357619013999,0.7268144855516927,-15.326560032943807,1.1357521304249416,-26.658287963353068,8.468015006910615,-37.447885390030955,VII,25,6,199,20.32147829279114,0.564608096836585,1.1542508743152486,2.03985952253013,1.4052633213684347,1.0354853997473885,0.9441725468226924,0.9192401440404719,4.051153563055304,-1.4564488310850492
0.37195,1.07079,4.04824,0.036715510675998285,0.010202050946701235,0.6642012656783312,33.59216286050642,0.5178242333837666,-11.396106084462675,0.7250103165997648,-15.297612641945808,1.1319898170989786,-26.827157088339142,7.5571439046643505,-42.5283085631241,VII,25,6,200,20.06888756405169,0.5575901639589981,1.151155953080994,1.9422353573347662,1.4199511082231218,1.037679933760668,0.9418288307464405,0.9161950522893434,3.6153868918416077,-1.4351504268126776
0.37327,1.07079,3.92114,0.03790560881248905,0.0093295284250009,0.9842407575112962,44.544954867561195,0.5167387029083113,-11.20460208226992,0.7259649121486712,-15.398114714658496,1.1298040390779496,-26.81263623203965,6.887911903031771,-42.87103153451822,VII,25,6,201,19.91625839691165,0.5533495441409378,1.15524124911021,1.881256237046135,1.2985108872214193,1.0355046141845543,0.9430689035965468,0.9144259559794474,3.2952219410577555,-1.4212965236443442
0.3738,1.07079,4.043819999999999,0.03675564168014485,0.009194570465603402,-1.0805584236085188,-47.21736293772636,0.5162941862650426,-11.327455230063482,0.7245614939855722,-15.050805346695215,1.1352906735608899,-26.645959372053717,7.902722451910004,-20.576883585480907,VII,25,6,202,19.83881648701351,0.5511979128111202,1.1568815573643652,1.9401147616488827,1.2797270461083763,1.0346138370227203,0.9412457851424552,0.9188666561439353,3.780713920885273,-1.4346759909333304
0.3724,1.07079,3.8409799999999996,0.03869668650682985,0.010519282904993155,-0.356318272961339,-19.61191240446306,0.5171073592975136,-11.233603768951538,0.7241782003035374,-15.22034512211099,1.1356632743242427,-26.320837196066947,6.149567862659733,-22.401192503695547,VII,25,6,203,19.75661788563029,0.5489141224676749,1.1525486676364087,1.8427976510324708,1.4641043743745765,1.0362433732322494,0.9407478652754988,0.9191682268565924,2.9419933405565986,-1.4123262208572662
0.375,1.07079,3.81426,0.03896776804386783,0.00913515025592726,-0.4346352946462151,-23.491466707940223,0.5169406088778399,-11.134324580825261,0.722536293832097,-15.110650109679709,1.1311140483621958,-26.216075176731977,6.009456018434279,-23.74457741011169,VII,25,6,204,19.75826673900476,0.5489599338969572,1.1605954628454707,1.8299781223612497,1.2714567685905238,1.0359092182173113,0.938614937209807,0.9154862340902129,2.8749629212083834,-1.4092944685719893
0.37328,1.07079,3.8416,0.03869044120652939,0.010074694221937075,-0.13731424695968933,-7.818630866099475,0.5178038536458223,-11.18253214336803,0.722593753380089,-15.174140812491856,1.1324058752373707,-26.32285216535265,6.355478804056258,-20.823785807069857,VII,25,6,205,19.71319073418172,0.5477075507322363,1.1552721983225527,1.8430951101558304,1.4022252290432093,1.0376390943333935,0.9386895803668235,0.9165317959615051,3.0405024767862634,-1.4123963177724599
0.37342,1.07079,4.1256,0.036027050353646325,0.010524303270898316,-0.82933205666506,-39.670005794003266,0.5163047849775425,-11.273190439316306,0.7233768255420768,-15.090201750745484,1.1300960559071747,-26.632061348219032,8.311212162499034,-23.132539354741493,VII,25,6,206,19.61453370872328,0.5449664826573114,1.1557054872953483,1.979350579565518,1.4648031234955095,1.0346350760273395,0.9397068347724904,0.91466230472577,3.97613806044734,-1.4433712934581664
0.37362,1.07079,3.8709599999999997,0.038396986519882235,0.0102094243088518,0.10109977817129615,5.772975080160204,0.5174911785454306,-11.281076392016399,0.7220361400796043,-15.085117654788464,1.1326968802065567,-26.414096520971878,6.747124307514593,-19.46367537633347,VII,25,6,207,19.47749682958266,0.5411590760103522,1.1563244715421992,1.857181238965226,1.4209773542016728,1.0370125174825133,0.9379652095947395,0.9167673257418375,3.227868237887892,-1.4157028586830276
0.3724,1.07079,3.77462,0.039376996608666115,0.0108500843022169,0.391819694943261,21.396224178290144,0.5165798711549077,-11.233599610237837,0.7209727013541288,-15.23436760074,1.1168905771790318,-26.461986337154787,5.83512019166605,-35.61421952981036,VII,25,6,208,19.48937393487293,0.5414890672500272,1.1525486676364087,1.810959929377447,1.5101462744830538,1.0351863275677347,0.9365837433887381,0.9039742277739446,2.7915595255833243,-1.4047574117638084
0.37331,1.07079,3.9671399999999997,0.037466083611620286,0.010259207699558848,0.7281793379244457,36.061333550009635,0.5158177324138032,-11.198965148480214,0.7235657291251388,-15.21547494322984,1.1261386643195483,-26.814378375266816,7.245617953958573,-42.78218326618641,VII,25,6,209,19.37549764309691,0.5383251499676278,1.1553650459595801,1.9033257849082674,1.4279063512410801,1.033659060152655,0.9399522310609095,0.9114593230930849,3.466350846894123,-1.4263617020157908
0.374,1.07079,4.22882,0.03514767687889372,0.009845521976107052,0.08185375374968236,4.679442421674299,0.5171229194675889,-11.235072539963616,0.7233560254107505,-15.061072248588609,1.1265853864228825,-26.66115136593026,8.470604019959419,-36.65115897457735,VII,25,6,210,19.3155008859541,0.5366582114517038,1.157500541611216,2.0288727258770245,1.3703283696626412,1.0362745546162249,0.9396798142419988,0.9118208851624964,4.0523921637697455,-1.4541033748267822
0.37441,1.07079,3.8447999999999993,0.03865823942441827,0.00936002089557314,1.022558647022401,45.63902308844485,0.5177122635711096,-11.071421802356824,0.7221292413446052,-15.122382764975157,1.1205564171959328,-26.742630911080333,6.557795974075065,-42.01153783127686,VII,25,6,211,19.27189749811298,0.5354467431977759,1.1587694593172604,1.844630383050587,1.3027549179175721,1.0374555548685833,0.9380861533296757,0.9069412372251218,3.1372923293691977,-1.4127579285193326
0.32373,4.36941,2.2474399999999997,0.01620724611598663,0.006319050365155676,-1.1724323096255418,-49.53821929025917,0.5050835602437009,-15.002529400186127,0.7820340367811409,-17.490781301923043,1.2446927634077019,-19.067130636903098,2.1633379019192924,-7.864921083169843,VII,25,7,0,35.68464623212265,1.0,1.0,1.0,1.0,1.0,1.0,1.0,1.0,-1.7902907728279216
0.32989,4.36941,2.31174,0.015756448913334973,0.006476330713795886,-0.23917959194776756,-13.451279174932656,0.5110259631714388,-14.910590081788555,0.7891271982806087,-17.588945266876806,1.2690921794703378,-20.087453889291826,2.79853858422487,-20.17821051226678,VII,25,7,1,33.30542239157823,0.9333263996771057,1.019028202514441,1.0286103299754388,1.0248898710330718,1.0117651877738223,1.009070144221169,1.0196027620469452,1.2936206506353138,-1.8025416543031778
0.33704,4.36941,2.34674,0.015521452402444662,0.005244896764631746,-0.4680235924466166,-25.080702888500216,0.5172648777995371,-14.719229371133022,0.794891751464048,-17.547380732212925,1.281139482887538,-20.542823195885166,3.0876460159268286,-20.106971108771926,VII,25,7,2,31.87099662419724,0.89312911824547,1.0411145090044172,1.0441836044566264,0.8300134453039024,1.0241174302920466,1.0164413747716525,1.0292816995095664,1.4272601673494922,-1.8090676425588559
0.33182,4.36941,2.3513,0.01549135083184323,0.0064460467562640344,-0.08887507790024542,-5.078822751020931,0.5147262678709149,-14.744022984144847,0.7941509779636752,-17.5233394301745,1.2864216264943484,-20.90326026058471,3.099135471979848,-23.835106113262906,VII,25,7,3,31.04269169929038,0.8699173167463358,1.0249899607697772,1.0462125796461754,1.0200973854882749,1.0190913115892377,1.0154941353095164,1.0335254323905618,1.432571152768287,-1.809910710501821
0.34006,2.73547,2.81764,0.020649173407003736,0.005338996600119994,-0.25046425743012796,-14.061276017831997,0.5223202667377937,-14.717018821023695,0.8010888509495707,-17.528421338175978,1.2960422282365045,-21.17643880672788,2.992098370575342,-11.570609155219419,VII,25,7,4,30.51888814619444,0.8552386353412103,1.0504432706267568,1.2537108888335173,0.8449048973497876,1.0341264453069432,1.0243657095116467,1.0412547307563826,1.3830933983640656,-1.685097328606229
0.33835,2.73547,2.8406800000000003,0.020481693453155578,0.006870231210663769,-0.3997630607475257,-21.789705410282032,0.5217589941758384,-14.79125382503699,0.7991906733724907,-17.535527390334643,1.2980601247298844,-21.34096431580438,3.0374593477974976,-11.879889315691708,VII,25,7,5,30.13455274377356,0.8444683057176282,1.0451610910326505,1.2639625529491336,1.087225265452448,1.0330151983645866,1.0219384781025218,1.042875931226654,1.404061448330699,-1.6886341381768855
0.33921,2.73547,2.82314,0.020608944989802137,0.005754732451074274,-0.10479984458449716,-5.982749709526552,0.5206129413924828,-14.766203492896773,0.7995334916018223,-17.569384718618824,1.299775274762149,-21.406400190697905,3.3490142768192324,-25.4401426461707,VII,25,7,6,29.82443155615191,0.8357777000828024,1.047817625799277,1.2561581176805612,0.9106957720746858,1.0307461623603211,1.0223768455049722,1.0442539018252528,1.5480772901209836,-1.6859442399934585
0.3384,2.73547,2.86568,0.02030301253402683,0.006205930612889543,-0.8055532788645738,-38.85329523102776,0.5196752389834922,-14.643619785601237,0.7995088663799101,-17.574330672935822,1.301586960528349,-21.45949451274123,3.0069674557129114,-12.517659954617757,VII,25,7,7,29.67684556408608,0.8316418599484822,1.0453155407283847,1.275086320435696,0.9820986151827663,1.0288896330990278,1.0223453568219303,1.0457094303054217,1.389966612726176,-1.6924395172672948
0.34043,3.45686,2.6184,0.01758337943868152,0.005452363261937265,-0.6921857451499709,-34.69043001082369,0.523031983931957,-14.611859914573436,0.8014799832738191,-17.537416212266645,1.2975042929560474,-21.61033181323802,3.518145208257845,-15.021098667613474,VII,25,7,8,29.52264861071568,0.8273207591487889,1.051586198375189,1.1650589114726089,0.8628453560051568,1.0355355531262906,1.0248658569551754,1.042429369801877,1.6262578329241033,-1.7548976519856447
0.34122,2.73547,2.82964,0.02056160393495639,0.006688347273112627,-0.06525718429353519,-3.733667307282019,0.5219735471219561,-14.49173685558111,0.800221911945436,-17.588654269532576,1.3006856780130043,-21.631229208495697,3.4676201542676686,-26.40484625104909,VII,25,7,9,29.38385638734727,0.8234313490516397,1.054026503567788,1.2590502972270674,1.0584418364495585,1.0334399853958933,1.0232571401101116,1.0449853299154772,1.602902695501812,-1.6869430106431353
0.34245,3.45686,2.5990200000000003,0.01771449266348227,0.005258667807421069,-0.9370889177371683,-43.13985152971193,0.5203347998937693,-14.557007299588758,0.7994116678385083,-17.51677942434818,1.2976743569523503,-21.694329489618923,3.7524577578539646,-20.44962270134857,VII,25,7,10,29.19925713578968,0.8182582768469497,1.0578259660828466,1.156435766917026,0.8321927352277902,1.0301954782347493,1.0222210674216865,1.0425660011066475,1.7345684899824574,-1.751671281186024
0.33735,2.73547,2.8913599999999997,0.020122688616606026,0.006598683876770761,-0.47909109606657535,-25.598666079820692,0.5210889994550763,-14.54702536247318,0.7999480138832732,-17.60424131342938,1.3056070863691485,-21.86858195680258,3.248282515389633,-12.634177324594173,VII,25,7,11,28.99182764239123,0.8124454269156612,1.0420720971179687,1.2865126543978929,1.0442524581157056,1.0316886956361295,1.0229069020779022,1.0489392440867706,1.5015141705360906,-1.6963139931316755
0.34101,2.73547,2.86392,0.020315489594161153,0.0060950352212014725,-0.3723345448071721,-20.422037108430494,0.5227191837331382,-14.525626360444653,0.8032349034696762,-17.589002251796842,1.3067175495141994,-21.84516997035918,3.7775820772193516,-24.940152766440676,VII,25,7,12,28.87071572715762,0.8090514766311103,1.0533778148457047,1.2743032072046419,0.9645492390455596,1.0349162492656228,1.0271099027553816,1.0498314025195157,1.7461821724049291,-1.692172706909786
0.34159,2.16054,3.14676,0.023409611129239716,0.005433989398099082,0.8543707471845939,40.509608196414284,0.5244395533821946,-14.515571744060642,0.8024421485419546,-17.573260036313712,1.304755290566989,-21.834183801816195,2.9296348151792486,-18.639104857178125,VII,25,7,13,28.75638632631388,0.805847594488072,1.0551694313162203,1.4001530630406154,0.8599376621625028,1.0383223582433656,1.0260961937728614,1.048254901872209,1.3542197049199318,-1.6306058005634387
0.3445,1.70952,3.35076,0.02778450239473167,0.006769724263735011,1.6322520800706255,58.50626183740312,0.5262036012494913,-14.472790183995471,0.8021453146859986,-17.5537106725648,1.3015672166781977,-21.942539024150875,2.9513204107644992,-23.231806498644783,VII,25,7,14,28.67900472146099,0.8036791099149159,1.0641584036079448,1.4909230057309653,1.071319877598132,1.0418149444333529,1.0257166273575966,1.0456935678767714,1.3642438419565046,-1.5561973767860116
0.34307,2.73547,2.9092000000000002,0.01999929085608071,0.006505311059404328,-0.7574990862587639,-37.14389551287676,0.523381672363038,-14.450789766537243,0.8008964203542062,-17.606248992269236,1.3079551814709853,-22.091010106461027,3.2664470819300973,-13.331234659019914,VII,25,7,15,28.59095900428603,0.8012117821851624,1.0597411423099496,1.294450574876304,1.0294760578702973,1.03622789090682,1.024119645291531,1.050825729789,1.50991071669023,-1.6989854034735767
0.34329,2.73547,2.8681,0.020285881579620656,0.005772981413924461,0.39099676653604276,21.355337682441377,0.5236548345132184,-14.46282439950365,0.8028682105641682,-17.520758905429936,1.3048856950690315,-22.28052660214313,3.8454732048501414,-15.384713673420375,VII,25,7,16,28.44360845681762,0.7970825399752237,1.0604207209711796,1.2761631011283951,0.9135837001328027,1.0367687165675257,1.0266410064052722,1.0483596702985034,1.7775647537254697,-1.6928061140703154
0.34431,2.73547,2.8685599999999996,0.02028262855178557,0.007555092039343292,0.5467802839964644,28.668968859151413,0.5249505867795133,-14.413963321628557,0.801167574039849,-17.52003715756307,1.3051143073633262,-22.273235723564657,3.86800047112411,-15.402865815264667,VII,25,7,17,28.35831969564903,0.7946924711312228,1.0635714947641552,1.2763677784501477,1.195605605709896,1.0393341381497878,1.0244663740435926,1.0485433399566035,1.787977951892054,-1.6928757627725581
0.34515,2.73547,2.8726,0.02025410323696651,0.005824887680727753,-0.3563304292764423,-19.612530439883038,0.5240217007244262,-14.439993093973222,0.8002150214154498,-17.498310396630487,1.3063981984395647,-22.215133615481857,3.9767691892433086,-25.895707910041715,VII,25,7,18,28.30629961193508,0.7932346989741005,1.0661662496524882,1.2781653792759764,0.9217979512945773,1.0374950641267906,1.0232483290741947,1.0495748323167933,1.8382561437652238,-1.6934869807133561
0.34339,2.73547,2.86548,0.02030442960987688,0.006823427011700578,0.20642113611556978,11.663245552462044,0.5237409935223929,-14.433743310309787,0.7994630069936951,-17.525839641036644,1.305808673918073,-22.40263620623205,3.643081779435392,-29.970998620164405,VII,25,7,19,28.27411073688934,0.792332661867263,1.0607296203626477,1.2749973302958033,1.079818424826319,1.0369393002411122,1.022286715657917,1.0491012017640795,1.6840095928626244,-1.6924092061622424
0.34531,2.73547,2.86504,0.020307547873157097,0.006601300638053087,0.7994677121923527,38.6412071780573,0.5238647002636688,-14.313381052552694,0.7995673702605509,-17.521679017340926,1.305444632950032,-22.415256812034418,3.866638886115655,-14.829977953268868,VII,25,7,20,28.22317532488337,0.7909052857437997,1.0666604886788373,1.27480155198804,1.0446665648455324,1.0371842235587831,1.0224201667124073,1.0488087272042979,1.787348561075554,-1.6923425142835253
0.34425,2.16054,3.18258,0.023146135499200762,0.0067899613646059676,1.6378011689592966,58.59281582259948,0.5223472976961197,-14.414436435925149,0.8000249212028481,-17.54174097238178,1.3025116488855344,-22.23597276058576,3.0525225979951918,-21.310315559529908,VII,25,7,21,28.16673438090173,0.7893236266847606,1.0633861551292743,1.4160911970953622,1.0745224317323019,1.0341799631017272,1.0230052447534865,1.0464523352088404,1.4110244152275164,-1.6355215088133077
0.34348,2.73547,2.8686,0.02028234572910479,0.00635604289102043,0.23763324789145,13.36744512774776,0.5271051843512379,-14.406922810557086,0.8033220945876126,-17.666274071985143,1.30764976042992,-22.583531416418964,3.6858788942410157,-30.5473497029167,VII,25,7,22,28.06782214036433,0.7865517835818756,1.0610076298149693,1.2763855764781262,1.0058541273968533,1.0435999621466825,1.0272213954958962,1.0505803511300695,1.703792500917651,-1.692881818653613
0.34843,1.35352,3.6177799999999998,0.03250224058563555,0.006511402532590693,0.7251686835331003,35.948446376780936,0.5267471126122442,-14.35086695117289,0.8015946699369274,-17.564718047906734,1.3020887951977669,-22.62472920722216,3.380260387325695,-30.076836812553715,VII,25,7,23,27.93225495618018,0.782752749585509,1.0762981496926451,1.6097337415014419,1.0304400434115353,1.0428910265028042,1.0250125087090816,1.046112609856369,1.562520762164228,-1.488086699315375
0.34588,2.73547,2.87654,0.020226361169498774,0.007146365832722379,-0.44742750672356274,-24.105055246432343,0.5237751912196832,-14.317456988172774,0.8005238911771725,-17.50958687352958,1.3035159542801404,-22.52861193323645,4.21082759877721,-25.857981244035724,VII,25,7,24,27.87634550619424,0.781185984719122,1.068421215210206,1.2799184850318586,1.1309240186039127,1.0370070072503719,1.0236432860034277,1.0472592053250098,1.9464493249258032,-1.694082242100827
0.34493,2.16054,3.20314,0.022997567361103904,0.006287789468267413,1.5605514282877972,57.34828654436068,0.5236368037272127,-14.305181283998179,0.7963732799663471,-17.596619532172614,1.3009287553008924,-22.479738436083007,3.153167956704965,-22.000027378663685,VII,25,7,25,27.76398434954665,0.7780372591883516,1.065486670991258,1.425239383476311,0.9950529122127841,1.0367330179476835,1.0183358300416523,1.0451806209101984,1.457547595272798,-1.638318100396467
0.34641,1.70952,3.39666,0.027409042778544536,0.006648019677137407,1.5223905543341871,56.70062254484605,0.5222188098689733,-14.464612603345504,0.7957299050159584,-17.53583198320147,1.3012206454370323,-22.545518724243102,3.1748807648893944,-22.27383262913291,VII,25,7,26,27.66575587174307,0.7752845773440475,1.0700583819849874,1.5113462428362938,1.0520599287822936,1.033925573853571,1.0175131357340785,1.0454151286897253,1.467584311296294,-1.5621061313067302
0.34412,2.73547,2.88618,0.0201588040103216,0.006484055339087635,-0.6201896147510996,-31.8067596911081,0.5215353779795782,-14.30654877005676,0.7971521831588027,-17.53560392902762,1.3044741169084795,-22.65535602213231,4.385689317999846,-24.786564990164692,VII,25,7,27,27.56050745527225,0.7723351739567702,1.0629845859203657,1.2842078097746772,1.0261123055517685,1.0325724672724237,1.019331826578659,1.0480290038299163,2.0272789165802094,-1.6955352374609058
0.34597,2.73547,2.89806,0.02007616714578373,0.006785576731048071,-0.24391536314470583,-13.707659921920708,0.5262933453216918,-14.291141160971256,0.8047005030448439,-17.49689969186733,1.312975113972138,-22.819617335244683,4.353614815525484,-28.570459449854955,VII,25,7,28,27.4534731372986,0.7693357237933186,1.0686992246625273,1.2894938240842917,1.073828556338924,1.0419926260671744,1.0289839894398949,1.0548587993534193,2.0124525214775737,-1.6973191972204364
0.34604,1.70952,3.4171200000000006,0.02724493118303456,0.006615636269912739,0.5372184451886926,28.245512182607115,0.528306868530308,-14.328209853366493,0.803767418643122,-17.555165977018767,1.3092363777516558,-22.674250379182727,3.2579809141626495,-21.531030013214295,VII,25,7,29,27.32848483036377,0.7658331443892298,1.068915454236555,1.520449934147297,1.0469352019082627,1.0459791411056854,1.027790838812382,1.0518550571204797,1.5059972421655445,-1.5647142847268791
0.34656,1.70952,3.4472600000000004,0.02700672396168872,0.006293888635481415,1.7822118430001708,60.7031941956902,0.5269629101206906,-14.236686974650079,0.8022810784923213,-17.578561539792585,1.3056980141753458,-22.775550356002316,3.278576792171656,-26.130442173857446,VII,25,7,30,27.28069346052297,0.7644938745662945,1.0705217310721897,1.5338607482290967,0.9960181153464123,1.04331827760625,1.025890230806983,1.0490122964968678,1.5155176587360368,-1.5685280945112368
0.34777,2.73547,2.88506,0.02016662979574428,0.00697684806049198,-1.2786287171135153,-51.97146880868987,0.5275354524494382,-14.34026190906008,0.8030953088615718,-17.501962560321378,1.3084954316708668,-22.840977927764932,4.5435082651770164,-21.615663155856268,VII,25,7,31,27.24862818611696,0.763595301151907,1.074259413708955,1.2837094649912792,1.1040975553800794,1.0444518372265064,1.0269314007956984,1.051259772804083,2.1002305100585814,-1.695366674092951
0.34975,1.35352,3.6622,0.032108010470728136,0.006661552648719149,1.0663598713293252,46.839386413493074,0.5269130384396953,-14.353641360049451,0.8006715329133882,-17.528533867392454,1.304060860141656,-22.983450080953272,3.49314849566313,-30.7588733066667,VII,25,7,32,27.18967213893381,0.7619431607103386,1.0803756216600253,1.629498451571566,1.0542015435502918,1.0432195381403064,1.0238320779603909,1.047696988750394,1.6147031365576512,-1.4933866040676733
0.3491,2.16054,3.15538,0.0233456597674595,0.007109057597750101,-0.7152043693798218,-35.572515595637434,0.5257620085851258,-14.345624669081754,0.8000728782032929,-17.54482895209623,1.3098057742665319,-22.936646109328382,3.6656303023156327,-14.416741425841575,VII,25,7,33,27.15691978710435,0.761025333148972,1.0783677756154821,1.4039885380699821,1.1250199297272039,1.0409406481799717,1.0230665681718918,1.05231251660897,1.6944326168665196,-1.6317938480421013
0.34804,2.73547,2.88378,0.02017558099387263,0.005945252619288632,-2.1657427487494085,-65.21555997918884,0.5245227694371082,-14.147928619089093,0.8003726970178594,-17.501660897888982,1.3053685291267234,-23.027366269739048,4.5753346993025765,-18.842262888581256,VII,25,7,34,27.08315223969056,0.7589581262349971,1.075093442065919,1.283139928095967,0.9408458986292896,1.0384871152488668,1.0234499515036464,1.0487475845468117,2.1149422359047025,-1.6951739500978464
0.34863,1.70952,3.4596999999999998,0.02690961622226525,0.00618215559896701,1.898693064322881,62.22520728326138,0.5260631435679537,-14.370881511849543,0.7996994694860099,-17.523999080442174,1.3028429577591063,-22.96405550460242,3.344803067781803,-26.56544157360803,VII,25,7,35,26.99592645421725,0.7565137756617585,1.0769159484755815,1.5393959349304098,0.9783361805527729,1.041536856424569,1.022589084200964,1.0467185124401315,1.5461306644765602,-1.5700924959835882
0.34738,1.07079,3.9574599999999998,0.037557726152381406,0.006715413871557385,-0.10357318671481484,-5.913222109314512,0.5256802065019808,-14.257684661249604,0.8002799492520549,-17.483860066731072,1.3075463979160187,-23.005242605819888,4.423652008949704,-30.55754155178802,VII,25,7,36,26.9437089650103,0.7550504715598406,1.073054706082229,1.7608745950948637,1.0627251696848825,1.0407786906553482,1.0233313533845845,1.0504973085376001,2.0448271187894793,-1.4253007089875669
0.34699,2.73547,2.8884,0.020143310122735774,0.0070696613394452545,-0.44468987418583983,-23.974230473533336,0.5249870863187124,-14.295034160225367,0.7989967262678344,-17.391846728147733,1.3054763879128417,-23.011716107270274,4.623082088721431,-27.474224143074792,VII,25,7,37,26.97274477760144,0.7558641495882641,1.071849998455503,1.2851956003274838,1.1187854077613586,1.0394064025077516,1.0216904746966156,1.048834239494353,2.1370134016604054,-1.6958691608968348
0.34681,1.35352,3.6776599999999995,0.031973036100645676,0.007549181804913152,1.0403219788673914,46.13216371660669,0.5253166156464597,-14.072484700074318,0.7985127731054062,-17.550170190283822,1.2999379626602539,-23.141487167956168,3.588960051047747,-31.740130484612223,VII,25,7,38,26.95193995168136,0.7552811306118463,1.0712939795508603,1.6363773893852562,1.1946703014966664,1.040058827875919,1.0210716356951572,1.044384607090751,1.6589918975966058,-1.4952161219656959
0.34902,2.73547,2.88664,0.020155591607720395,0.006812323034693535,0.7436432353235022,36.63608742310428,0.5265878106175976,-14.166460959867676,0.7975927275491632,-17.415276777176025,1.3050923664157983,-23.160789931870212,4.298782170506506,-14.90225759633961,VII,25,7,39,26.91918144975369,0.7543631307046992,1.0781206561023073,1.2844124870964297,1.0780612024012102,1.0425756291959314,1.0198951580573936,1.0485257123555014,1.9871062059665612,-1.6956044498950709
0.35,1.70952,3.46852,0.026841188531180758,0.007934708183611139,1.8878497596502488,62.08968943302626,0.5251678572822884,-14.12338137753279,0.8010326305994692,-17.48889702007858,1.304377289921014,-23.03704824157312,3.4263713659543287,-27.672172154008692,VII,25,7,40,26.80631264306686,0.7512001791665884,1.0811478701386956,1.5433204000996692,1.2556804780927964,1.039764305591132,1.0242938196098557,1.0479512119520231,1.5838354992599561,-1.5711982574633618
0.3506,2.73547,2.87284,0.020252411188409376,0.007161276389136606,-2.249891932394486,-66.03648965370287,0.5265453785239568,-14.00783638573752,0.8021387226267942,-17.43957754744046,1.3059425000027467,-23.162619492706757,4.725981694992733,-19.192076432291554,VII,25,7,41,26.75521665298844,0.7497683031225876,1.083001266487505,1.2782721674438475,1.1332836384126812,1.0424916191489197,1.0257081979812597,1.0492087191278885,2.184578604572077,-1.6935232636353663
0.35002,2.73547,2.88048,0.02019869499476129,0.006691408601310234,-0.5294706850042695,-27.899907806158946,0.5280504910695015,-14.272436226456406,0.8028460645778117,-17.414010270851247,1.3092211275114312,-23.139556094791928,4.7956407389081495,-27.48151574671304,VII,25,7,42,26.71029521651118,0.7485094581788811,1.0812096500169894,1.281671590787741,1.0589262966169417,1.0454715469549616,1.026612687962193,1.0518428049079875,2.21677840278835,-1.6946766887158637
0.35001,1.70952,3.40532,0.027339339399578035,0.006248401388391445,-1.609831696092762,-58.152154737892175,0.5257423475480494,-13.99720716336351,0.7998513764966223,-17.439669617910123,1.3042440345919903,-22.935074870235372,3.440477426415408,-20.178372784417814,VII,25,7,43,26.72520657198337,0.7489273229203499,1.0811787600778426,1.5151995158936393,0.9888196844966133,1.0409017218742591,1.0227833302356222,1.047844153139647,1.5903560065041387,-1.5632119834984122
0.35013,1.07079,3.99378,0.037216170880469954,0.007075899672447927,-0.3871478201628751,-21.163803351920354,0.5263354404451245,-14.200898366736814,0.800838552160176,-17.40890090895826,1.3061947322163483,-23.140851386832967,4.722814923718195,-28.712588543354265,VII,25,7,44,26.71724699838049,0.7487042697464132,1.0815494393476044,1.7770352044993418,1.119772634107436,1.0420759689568386,1.0240456482641531,1.0494113652916783,2.1831147688616555,-1.429268312855698
0.34986,1.35352,3.6569399999999996,0.03215419338187134,0.006550965559209643,1.2411649454597524,51.14179158631508,0.525578140410192,-14.216991650291686,0.7983796331618984,-17.438124296249224,1.2985354854100517,-23.201709565586363,3.5778546602325827,-31.226336235969352,VII,25,7,45,26.73493089090647,0.7491998300053254,1.0807154109906403,1.6271580108923933,1.0367009567343832,1.0405766130194427,1.0209013874230284,1.0432578412803977,1.6538584458111443,-1.492762380629376
0.35452,2.16054,3.14326,0.023435677582206486,0.005854889956744824,-0.7998629029486329,-38.655018249355244,0.5290771614363405,-14.134510471086752,0.799127468221644,-17.456819448952068,1.3057011937357412,-23.157682974969486,3.80577696166408,-14.887593074382151,VII,25,7,46,26.67839821815492,0.7476156004074247,1.0951101226330584,1.3985957355924967,0.9265458602814258,1.047504221244229,1.0218576566192181,1.049014850991028,1.7592152193550679,-1.6301224854567968
0.35239,2.16054,3.16654,0.023263381456430792,0.006874969085307769,-1.1864411846462215,-49.87390847990746,0.5269167650477757,-14.087851796765204,0.7955525842930438,-17.341445920058067,1.301808533929298,-23.140852056166413,3.71083411628276,-16.103843465347204,VII,25,7,47,26.59453727866744,0.7452655437768508,1.0885305655947857,1.4089541878759835,1.087975041822348,1.0432269163414076,1.0172863927605316,1.0458874448383755,1.7153280183324777,-1.633327158002545
0.35309,2.16054,3.16294,0.02328985940834994,0.006785889443438942,-1.2147767179064117,-50.538906396973154,0.5253383010534836,-14.050755325508625,0.7949010610870998,-17.466291885805248,1.30082696111826,-23.133609887747443,3.684610271369789,-16.315363625253923,VII,25,7,48,26.52314275743606,0.7432648367846343,1.090692861335063,1.4073523653579185,1.073878043583494,1.0401017621718074,1.0164532791423244,1.045098838332501,1.7032060817225263,-1.6328331331210564
0.35108,1.07079,3.87408,0.038366063410926805,0.0067747824806875245,0.6632137398948399,33.5528843045778,0.5255276252877378,-14.05919670833587,0.7933518781816652,-17.43140092342083,1.294258135839608,-23.433062426665924,3.9646126043983947,-34.34117612954139,VII,25,7,49,26.50828388567609,0.7428484428077033,1.0844839835665523,1.7237746057736807,1.072120348659481,1.0404765996227885,1.014472313055719,1.0398213710957929,1.832636778970603,-1.4160527597440509
0.35273,1.70952,3.4087799999999997,0.02731158926189754,0.005931287298922339,-1.1275773482004396,-48.43155632785577,0.5255988878186125,-14.071157893499315,0.7927977773117184,-17.4157931765186,1.2949178542420259,-23.05849028040036,3.4761641696716423,-21.588689189724434,VII,25,7,50,26.51335280502996,0.7429904904357195,1.0895808235257776,1.5167390453137792,0.938635863962799,1.0406176901996433,1.013763775007647,1.040351396192598,1.6068521549905002,-1.5636530275208156
0.35041,1.07079,3.8612399999999996,0.03849364425391929,0.008207094432557016,0.7651581410737692,37.42170397421051,0.5238453195560617,-13.97677411343314,0.7940617334149725,-17.412985161246347,1.2930130229813608,-23.4652115359225,3.8992561379882043,-34.033850735001735,VII,25,7,51,26.50915723278848,0.7428729168379825,1.0824143576437153,1.7180614387925819,1.298786045101387,1.0371458522690944,1.0153800168127436,1.03882103358693,1.8024258413486038,-1.4146109716165531
0.35014,2.16054,3.13586,0.023490981076019452,0.007231561092682415,-1.9007136568605958,-62.250326536126316,0.5227301170866403,-14.063447382124137,0.7951364321659307,-17.363865159254544,1.2993174700728776,-23.33599241572742,4.895566378732622,-19.214185060124517,VII,25,7,52,26.50367892500255,0.7427193968128633,1.0815803292867512,1.3953031004164742,1.1444063070866595,1.034937895888801,1.016754252076699,1.0438860964497174,2.2629688937587247,-1.629098844993184
0.35301,2.16054,3.13808,0.023474362641183893,0.00661357893297726,0.34672399278729465,19.12265844174422,0.5269184760457758,-13.966188246089319,0.8005831316988694,-17.3468568940423,1.3053968465718158,-23.499054897227676,4.499649747459999,-14.63455101605904,VII,25,7,53,26.38246709164768,0.7393226464971558,1.0904457418218885,1.3962908909692808,1.0466096249913854,1.0432303038957347,1.0237190378491412,1.048770335096927,2.0799569699527534,-1.6294061905495851
0.35205,2.16054,3.14956,0.023388799679017497,0.006537107932747643,-0.5423558773803168,-28.473450799988928,0.5257992706287564,-14.07045954996597,0.7977469593072137,-17.346427997061674,1.3059954558636602,-23.384532515704745,4.035428877011241,-14.425767813241361,VII,25,7,54,26.35728247426605,0.7386168915005165,1.0874803076637938,1.4013989249991103,1.0345079648034416,1.0410144221979036,1.020092376785475,1.049251264455113,1.865371504576815,-1.6309920657562784
0.35225,2.16054,3.1592800000000003,0.02331684051969004,0.006484010224873937,-0.8574432020679763,-40.61121336507247,0.5251363421889407,-14.011560705707298,0.7979433653950434,-17.346077401195352,1.3036420974645335,-23.34853515638306,3.9017995992881382,-15.345769795391496,VII,25,7,55,26.34661374303268,0.7383179189069822,1.0880981064467303,1.405723845797886,1.0261051661540599,1.039701909790064,1.0203435245342842,1.0473605501613434,1.8036015528718372,-1.6323302977305338
0.35127,1.07079,4.03784,0.03681007641189431,0.007260370343761702,-0.19728585629407777,-11.160326862335353,0.5258412204066647,-14.013124326999131,0.7986277844257812,-17.27161969232532,1.3012702732967825,-23.443304495275957,4.848882023997973,-31.384166367690103,VII,25,7,56,26.35446660478463,0.7385379816673321,1.085070892410342,1.7966397323176595,1.148965417936313,1.0410974773222639,1.0212187025937391,1.045455000263827,2.241389114338584,-1.43403328102577
0.35141,1.35352,3.7041399999999998,0.031744468606991254,0.007220336531008065,1.1436254077239416,48.83315516541203,0.5271980031202823,-14.022432409197132,0.7979606622400981,-17.386168209241276,1.2940546894312561,-23.502388882554506,3.7837848487345465,-32.91672923058885,VII,25,7,57,26.33569457001325,0.7380119281190001,1.0855033515583974,1.6481596839070232,1.1426300019417845,1.0437837312818323,1.0203656422992935,1.0396579199901603,1.749049395093392,-1.4983319384898657
0.35375,2.16054,3.14166,0.023447613018928323,0.006981841249889209,-0.6043356868026459,-31.14606642439524,0.5301822493810571,-13.94441521216482,0.7976566895757536,-17.25741473579801,1.3007256894409847,-23.442922371201515,4.056569223514451,-14.694888791420807,VII,25,7,58,26.29339869397145,0.7368266599292393,1.0927315973187532,1.3978838144733565,1.1048877357250189,1.0496921521762579,1.0199769473703673,1.0450174755414152,1.875143600967515,-1.6299013621374685
0.35463,1.07079,3.9583,0.03754975594042981,0.006699919304974655,0.3851443451518765,21.063907983697778,0.5276221537463365,-13.92305465792481,0.7964133779478249,-17.346739117961643,1.2975163896791528,-23.71029370909585,4.385447209486431,-35.405129300940274,VII,25,7,59,26.21689947077346,0.7346829025636661,1.0954499119636734,1.7612483536824122,1.0602731293168917,1.0446234945595156,1.018387104001086,1.0424390884436663,2.027167002249489,-1.425392881404661
0.3558,1.07079,4.06656,0.03655010597138695,0.006709366227559244,-0.6707008951219579,-33.84979266302511,0.528590698781005,-13.91619220482445,0.795716648622093,-17.2793498382094,1.2958645172282668,-23.425810016122,5.1015008935559765,-27.03728339593098,VII,25,7,60,26.22131872176703,0.734806744368481,1.0990640348438514,1.8094187164062225,1.0617681201839815,1.0465410882230297,1.0174961845615695,1.0411119557572326,2.358161842877146,-1.4371113595345237
0.35486,1.70952,3.40806,0.02731735921438328,0.0071939451137362775,-1.5208516727491477,-56.67402748258085,0.5250081533715291,-13.868162017228244,0.7934666073181524,-17.28119359167498,1.2925508632927958,-23.31859182166238,3.6149399693180984,-21.15460942438514,VII,25,7,61,26.24597998782554,0.735497833356672,1.0961603805640503,1.5164186808101665,1.1384535172254553,1.0394481125424366,1.014619019121045,1.0384497293565593,1.6710010794480874,-1.563561286471258
0.35386,2.16054,3.11654,0.023636605953091038,0.007250758034310911,-0.8844588863788229,-41.49143768950563,0.526865081071842,-13.983159121945505,0.7928885196124354,-17.18758604101699,1.2904924069001846,-23.51932003947399,5.133189271098427,-25.340379458097477,VII,25,7,62,26.23298181251781,0.7351335821539788,1.0930713866493682,1.3867066529028587,1.1474442543285983,1.0431245887663254,1.0138798087049659,1.036795942612451,2.3728097522556744,-1.6264148848833315
0.3539,2.16054,3.1082799999999997,0.023699418301133222,0.008206291508658481,1.3126245234744638,52.69867204592785,0.5262355863189164,-13.981849200059525,0.7918679937932176,-17.172610762607768,1.2884362404046978,-23.613107110130155,4.875831844586598,-17.492670707592,VII,25,7,63,26.23897340798741,0.7353014861715954,1.0931949464059556,1.3830313601252981,1.298658981088262,1.0418782707261542,1.012574845274706,1.0351439955971429,2.253846632216265,-1.6252623135556477
0.35331,2.16054,3.13556,0.02349322861531795,0.007144633733140837,-0.6998745571646293,-34.98719619277625,0.5259829979372687,-13.902305958383199,0.7925735726142211,-17.163208626977017,1.293989830588782,-23.548557192825065,4.045947077577939,-15.048138950981091,VII,25,7,64,26.24660362025406,0.7355153095682747,1.0913724399962932,1.3951696152066353,1.1306499110273862,1.0413781784611715,1.0134770807118076,1.0396058116752567,1.8702335284693221,-1.6290572951226059
0.3545,1.07079,4.07934,0.036435599616360316,0.007176837476872089,-0.4114098850658135,-22.36275035563161,0.5256414023596202,-13.821982312632317,0.7928498768640696,-17.24333074925256,1.2947723099696145,-23.5944306998977,5.123567990589103,-29.65059108028704,VII,25,7,65,26.13578107657579,0.7324097009836361,1.0950483427547646,1.8151051863453533,1.1357462058613106,1.0407018634817577,1.0138303955764467,1.0402344643065213,2.3683623284386237,-1.4384740789473736
0.34685,1.70952,3.4526000000000003,0.026964953728833653,0.006966615168557011,1.0883096523806635,47.42145965502302,0.5225544818964892,-14.08508104434632,0.7917599847098177,-17.437091200609494,1.2909435065065833,-23.625661954527597,3.6616850370061833,-24.74026314164145,VII,25,7,66,25.95480583617192,0.7273381853736268,1.0714175393074474,1.5362367849642264,1.1024781835846915,1.0345901609713026,1.0124367322536354,1.0371583610498842,1.6926089233482997,-1.5692003206133287
0.34898,2.16054,3.13646,0.02348648728727494,0.00595253588556266,-0.48061920956246545,-25.66983346036079,0.5215225333508334,-14.000083263704427,0.7903382583368097,-17.30691874157933,1.2947677124041608,-23.79820385873862,4.237986712958293,-14.736561922647192,VII,25,7,67,25.95823850877255,0.7274343800389264,1.0779970963457202,1.3955700708361516,0.9419984873654371,1.0325470365719303,1.0106187469663712,1.0402307705713372,1.9590035884816661,-1.6291819328107497
0.34705,2.16054,3.12368,0.02358257821449264,0.007283312202789272,-0.659772576225543,-33.4157335949252,0.5205689798425931,-14.041349103614909,0.7905777117521405,-17.348256045935948,1.2891716954750496,-23.89654345706214,5.154497783644534,-19.085802146721797,VII,25,7,68,25.94604357872007,0.7270926383841778,1.072035338090384,1.3898836008970208,1.1525960044488173,1.0306591241881253,1.0109249400526932,1.0357348683747256,2.382659583170763,-1.6274087164963122
0.3487,2.16054,3.15576,0.02334284860605571,0.007035552867896588,-1.0866018295951176,-47.376626499921365,0.5228899645329647,-14.094355786588132,0.7881643175129404,-17.367148995396914,1.2869286780677143,-23.739504059046993,3.990297507149373,-16.535806126912306,VII,25,7,69,25.91796023957738,0.7263056517636572,1.0771321780496093,1.4041576193357779,1.1133876866517523,1.0352543731193156,1.0078388924822654,1.033932803260123,1.8445095902998878,-1.6318461466453085
0.34818,1.70952,3.43786,0.027080567342524443,0.007933731411356837,-0.2315534351470932,-13.037269234089367,0.5227636456535223,-14.042073088504393,0.7879557522163432,-17.38547913073892,1.2827297519291387,-23.66066928910385,3.6895091658103847,-23.51774870735248,VII,25,7,70,25.9392183788736,0.7269013740571597,1.0755259012139746,1.529678211654149,1.255525902294558,1.0350042781065587,1.0075721965498792,1.0305593393323023,1.7054705890083504,-1.567342241347798
0.34969,1.07079,3.9517599999999997,0.037611899239580165,0.0071632000833982135,0.6041531586354952,31.138405442136897,0.5211140452297667,-14.194854082300203,0.7870502093578327,-17.395033852037955,1.2807631953133711,-24.05993603711466,4.312134625661929,-36.13070468436286,VII,25,7,71,25.89048143883981,0.725535606278021,1.0801902820251443,1.7583383761079274,1.1335880661590108,1.0317382830245576,1.0064142637542202,1.028979385890311,1.9932783601841602,-1.424674736015411
0.34905,1.07079,4.00726,0.03709097960676455,0.006506087267998395,0.3476817591200183,19.171630798596834,0.5207271735296571,-14.032221657241275,0.7860039918029504,-17.394050964866558,1.2833622931505546,-24.112824220161787,4.611538629259513,-36.287759108886064,VII,25,7,72,25.84548846261044,0.7242747565574803,1.078213325919748,1.783033139928096,1.02959889414303,1.0309723271896005,1.0050764478719494,1.0310675299798353,2.131677453239367,-1.43073169640463
0.3466,2.16054,3.1311999999999998,0.023525941465587112,0.007856698771140314,-0.39956219618947275,-21.77978181663022,0.5199697705827971,-14.056583802317354,0.784373597628319,-17.259878312496753,1.284819687686281,-23.856346612718816,4.377394583755752,-14.770379938762677,VII,25,7,73,25.80444319769711,0.7231245345643481,1.0706452908287771,1.3932296301569786,1.2433353616650207,1.0294727674999236,1.0029916355774076,1.0322384169477457,2.023444686968305,-1.6284529878740066
0.3467,1.70952,3.42376,0.027192092682948303,0.008342554423058701,-1.6318116299539969,-58.49937341369019,0.5183238848213121,-13.923558347505798,0.7813250795809352,-17.378920542367855,1.2822550602436882,-23.744439260809468,3.798276142811808,-20.934389374147955,VII,25,7,74,25.78966814662001,0.7227104895159261,1.0709541902202453,1.5234044067917278,1.3202228089620827,1.026214126967868,0.9990934445729194,1.0301779667563495,1.755747976052199,-1.5655573681504888
0.34805,1.35352,3.72988,0.031525399194049286,0.007178249104292378,1.2037018230939962,50.28119662869663,0.5170976631940908,-14.054192364453465,0.782468523238537,-17.372382478667024,1.2765543371867516,-24.01507686539042,3.970132233155851,-33.7902377276444,VII,25,7,75,25.77568460828527,0.7223186252322289,1.075124332005066,1.6596127149111881,1.1359695981969808,1.0237863670411151,1.000555585098552,1.0255979424929085,1.8351882198493301,-1.5013394054154623
0.34875,2.16054,3.11564,0.023643433746211487,0.007096647539720891,-1.7421776022167696,-60.14442204601276,0.516988740988725,-13.928291143207302,0.7828380771652701,-17.209826594495578,1.2805033429120105,-23.966320953677833,5.400509377674382,-22.032084313200553,VII,25,7,76,25.75851658822294,0.7218375213997666,1.0772866277453432,1.3863061972733424,1.1230560178556288,1.0235707151887499,1.001028139884344,1.0287706175829825,2.4963781075915614,-1.626289450432969
0.34756,1.70952,3.4284999999999997,0.027154498831608895,0.008105522204334081,-1.6297099291627126,-58.466466586702985,0.5230335047450981,-13.978158339607162,0.789349269430404,-17.326051353630337,1.2875233459535582,-23.832378947454444,3.8777154098126743,-20.52557874659186,VII,25,7,77,25.67902331874848,0.7196098611069515,1.0736107249868716,1.5255134731071798,1.2827120747492877,1.0355385641392414,1.0093541103138843,1.0344105660489222,1.7924686690749525,-1.5661582082156837
0.35086,1.70952,3.4184,0.027234729476998325,0.006052993914540117,-1.6016795846286127,-58.02162817247434,0.5227540752972781,-13.873834579430767,0.7872320605927358,-17.39359697393092,1.2858602107112176,-23.853789364765117,3.938968478009762,-19.53197099144672,VII,25,7,78,25.63599459507877,0.7184040561400249,1.0838044049053224,1.5210194710426088,0.9578961338743809,1.0349853300413328,1.006646799969206,1.0330743847106558,1.8207828164592998,-1.5648769342234303
0.35001,1.70952,3.4685,0.026841343302341385,0.007298838154314535,1.7209803120945972,59.840663435699206,0.5215975522816324,-13.851711083357308,0.7878425544067859,-17.39693807259868,1.2803808706867572,-23.899733261526,3.791615044197219,-26.52905337808024,VII,25,7,79,25.59113222364294,0.7171468663911338,1.0811787600778426,1.54331150108568,1.1550530115350206,1.0326955643338769,1.0074274486179053,1.028672222036022,1.752668892286006,-1.5711957532498413
0.35029,1.70952,3.39732,0.027403718002475798,0.007084199613929254,0.37942678535875046,20.778086862646656,0.5226784634831935,-13.863964177911393,0.786507201230107,-17.269158998620124,1.2836992715211601,-24.187858917383227,4.966559941470336,-15.580181662874422,VII,25,7,80,25.57370939593761,0.7166586220186942,1.0820436783739535,1.5116399102979392,1.121086113349047,1.034835628447307,1.005719910181119,1.0313382621480556,2.2957855714837945,-1.5621905102301177
0.34934,2.16054,3.12648,0.023561458226838604,0.008034657804598166,-0.45695975095773533,-24.55849297894248,0.5230864478434919,-13.941130370204805,0.7848467469702407,-17.285518147638953,1.2847191670150393,-24.097656832046447,4.454201792223758,-14.988267595052005,VII,25,7,81,25.54657865989099,0.715898330439225,1.0791091341550056,1.3911294628555158,1.271497668210186,1.0356433846136364,1.0035966595529229,1.032157657523254,2.058948714517521,-1.6277978344167106
0.35061,1.70952,3.3853999999999997,0.02750020654698738,0.0070257393457248685,-0.09797046905310465,-5.59543791751674,0.5222640828597116,-13.807613330067001,0.7841510523590195,-17.236856585780096,1.282485594005523,-24.162725563668197,4.678288230062349,-14.797838508198103,VII,25,7,82,25.57296676116097,0.7166378109737477,1.0830321564266516,1.5063360979603462,1.1118346808036215,1.034015208508709,1.0027070632201538,1.030363180142827,2.1625323653377575,-1.5606640442831916
0.35112,1.70952,3.40076,0.02737599808400801,0.0068286862385089075,-0.23882609376614447,-13.43211965801793,0.5214502442843321,-13.836721115448608,0.7842927725160849,-17.256483493536052,1.2883436678616573,-24.185722086029713,4.697841472579955,-14.860096894391987,VII,25,7,83,25.48537763413657,0.7141832783869694,1.0846075433231395,1.5131705407040903,1.08065070602435,1.0324039135875542,1.0028882831548367,1.035069621787186,2.171570825071791,-1.5626300381983862
0.34977,1.07079,4.17432,0.03560656560565632,0.006651141046799369,-0.3148563277011825,-17.47693826935209,0.5204621634246892,-13.95264472044799,0.7862399166398342,-17.200381904842786,1.2787410137190807,-24.13180385959224,5.663071067293201,-25.698756436091664,VII,25,7,84,25.4943392197609,0.7144344112009543,1.080437401538319,1.8573666037803014,1.0525538906090854,1.0304476415220645,1.005378128906006,1.0273547427223422,2.6177468911671076,-1.448469913729347
0.34862,1.70952,3.3927000000000005,0.027441034940952947,0.007647714652758708,-1.5348025323639973,-56.913760862129095,0.5179389001155602,-13.867640094636657,0.7788436461493,-17.122161492840547,1.2680634369654527,-23.865186237265956,3.923008228831341,-21.733950718728675,VII,25,7,85,25.50525177890522,0.7147402166466167,1.0768850585364347,1.5095842380664226,1.210263284959638,1.0254519071372203,0.9959203941493742,1.0187762588847764,1.8134052130048135,-1.5615995132032972
0.34917,1.07079,4.0597,0.0366118676106617,0.006740034122156957,0.185024184943658,10.482557977537008,0.5180912316954371,-13.913341904634766,0.7795761471473172,-17.205525454365254,1.267821105000576,-24.267166170958358,5.042791166711844,-36.21136835418378,VII,25,7,86,25.44546090086574,0.713064681525698,1.0785840051895097,1.8063663546079098,1.0666213643940325,1.0257535039260832,0.9968570554244155,1.0185815666908464,2.3310233515707037,-1.4363781167257619
0.34819,1.35352,3.6351999999999998,0.03234648876152635,0.007721311085155169,0.15828555559837781,8.99447288710019,0.5178453790542527,-13.803374171485912,0.7793474555543937,-17.18578818518155,1.260162477371191,-23.932046337750844,3.888805741914706,-25.100972155260074,VII,25,7,87,25.41486121884626,0.7122071787829096,1.0755567911531214,1.6174847826860785,1.2219100401116911,1.025266747554393,0.9965646236603649,1.0124285401331783,1.7975951599907696,-1.4901728554668718
0.34995,1.07079,3.946,0.037666801555753505,0.00723728595197376,0.7060554029721328,35.22421008577546,0.5169481090907312,-13.668891663430406,0.7804295864140276,-17.19498069291073,1.2591084894425288,-24.290294135204878,4.451431361590344,-36.74466246032761,VII,25,7,88,25.43914289141296,0.712887630325255,1.0809934204429616,1.7557754600790236,1.14531227538261,1.023490269295848,0.9979483624859639,1.0115817545169619,2.057668086728882,-1.42404125597568
0.34917,1.70952,3.3810599999999997,0.027535506392720357,0.0065401528942415355,-3.01486983293586,-71.64987060654555,0.5190573293154858,-13.740072584174778,0.7833609017222705,-17.06418273715083,1.269702683037209,-24.317532906910415,5.6046389466258635,-18.3284706661799,VII,25,7,89,25.31650601966899,0.7094509457930269,1.0785840051895097,1.5044050119246788,1.034989834913337,1.0276662520257887,1.001696684388049,1.020093247397884,2.590736722937957,-1.5601069322009715
0.34946,1.07079,4.1034,0.03622196201662117,0.007728048664630727,0.9546536528710576,43.67102371655589,0.5212071202090982,-13.755168814876683,0.7829850314697749,-17.275822642802744,1.2650505407580053,-24.439352562508443,5.226181393718631,-37.389154464257764,VII,25,7,90,25.02994430721497,0.701420553377477,1.0794798134247674,1.8258107001744208,1.2229762730242677,1.0319225594228758,1.001216052810883,1.0163556645855063,2.415795234337647,-1.4410280291761814
0.35032,1.07079,3.98156,0.037330392845769826,0.007146397228270374,2.0478238489575755,63.97266736630529,0.5199421459731663,-13.761668187521668,0.7839796892484789,-17.23878176100627,1.2587182161061983,-24.370870231322,4.460042447933204,-35.88376306002386,VII,25,7,91,24.764488272864,0.6939816107962833,1.0821363481913941,1.7715979069519099,1.1309289870004564,1.029418074352482,1.0024879383451728,1.0112682045809422,2.06164854966776,-1.427937439758872
0.34816,1.07079,3.9815199999999997,0.03733076788236737,0.0068294915556455504,-0.733013097025129,-36.24190428948028,0.5181968777598306,-13.698003267872156,0.7814022035866705,-17.23764868867937,1.254156635821016,-24.364353942796093,4.434086851049003,-34.813370151802154,VII,25,7,92,24.51471674164332,0.6869821990718133,1.075464121335681,1.7715801089239314,1.0807781487712986,1.025962669443849,0.9991920643287201,1.0076033802810938,2.049650610343915,-1.4279330766784366
0.35015,1.07079,4.208559999999999,0.03531687772991316,0.00766856943276617,-0.7402272892007014,-36.50985498498932,0.5194550919597983,-13.712767899153251,0.779338993860048,-17.09167065634241,1.2559096751120347,-24.445478346806368,6.211055697740153,-20.42777711076993,VII,25,7,93,24.28966001733821,0.6806753767247133,1.0816112192258982,1.872601715729897,1.2135635878219886,1.028453770519007,0.9965538035503088,1.009011791531288,2.871052040566462,-1.4520176982033999
0.35204,1.07079,4.09152,0.0363271348885019,0.006465279028805171,-2.3431265568814124,-66.88817063182005,0.5205187370866666,-13.778381177811152,0.7870671277586372,-17.31123742914708,1.2635849717787453,-24.696234060247516,4.495475672476929,-31.08650019693376,VII,25,7,94,23.80110846388287,0.6669845711531128,1.087449417724647,1.8205246858648065,1.0231409239046145,1.0305596500419025,1.0064358975962382,1.015178210178808,2.0780275094744036,-1.4397688534772595
0.35308,1.35352,3.7661000000000002,0.031222207574387446,0.006536983247702133,-0.39804622129976025,-21.704841696295606,0.5229203911044461,-13.839583830085909,0.7845364179254775,-17.156824638533898,1.2690049984310858,-24.859104749378922,5.575634448341856,-15.55658118544367,VII,25,7,95,23.30657807959538,0.653126219270607,1.0906619713959163,1.67572882924572,1.0344882331921543,1.0353146137881402,1.003199836614064,1.0195327198310549,2.577329433092818,-1.5055363932825645
0.35401,1.07079,4.21848,0.03523382804683282,0.0072461435035890975,1.6857961192235005,59.32394043491142,0.5240982647157728,-13.818801908668885,0.7932855315808908,-17.35808327131237,1.2676859696438223,-25.14375486799574,4.9509278229916305,-33.6420489190977,VII,25,7,96,22.58688450575811,0.632958061538125,1.0935347357365706,1.8770156266685651,1.146713997335038,1.0376466509084108,1.0143874745478612,1.0184729974432967,2.2885596459985353,-1.453040169498293
0.35471,1.07079,4.30314,0.03454063752027666,0.007672405715787978,-0.7092044455899573,-35.344435355683885,0.5282665521015416,-13.88342934765105,0.7921841135751873,-17.301908794636784,1.2773326691335987,-25.24193274560849,5.476186046234117,-17.75727283656063,VII,25,7,97,21.76664852891287,0.6099723782414561,1.095697031476848,1.9146851528850606,1.214170685850984,1.045899319800975,1.0129790729260637,1.0262232630296135,2.531359544607293,-1.461669650874434
0.35637,1.07079,4.62404,0.03214357984338442,0.006241097922815131,-0.7003418910274545,-35.00516500843656,0.5294530836317347,-13.988302554615451,0.7963026919090958,-17.269152757547594,1.2773168152566763,-25.434242531319033,7.458726279424189,-22.67153562508204,VII,25,7,98,20.93441189467916,0.5866503974427634,1.10082476137522,2.057469832342577,0.9876638991880191,1.0482484984786984,1.0182455679124718,1.0262105258486895,3.4477860683746537,-1.492905757328412
0.35419,1.07079,4.6861,0.03171788884979051,0.0073838737845084434,-0.137254486556963,-7.815270185971664,0.5287225765999937,-14.019715329818196,0.7967200298721331,-17.36360536127431,1.2789306621388215,-25.35239883440461,7.404492599537744,-30.963837608933733,VII,25,7,99,20.21587329256905,0.5665146057794206,1.0940907546412133,2.0850834727512195,1.168510038347595,1.0468021892157546,1.0187792249445304,1.0275071083705698,3.422716623680725,-1.4986957271362438
0.35592,1.07079,4.432040000000001,0.033536068929658415,0.006390791271048579,1.2024537295509579,50.25197761646362,0.5283465292667998,-14.052397219466181,0.7974939111553074,-17.408713778563136,1.2753317908891486,-25.49987228209756,6.162467103844259,-38.374024351192055,VII,25,7,100,19.61595892328557,0.5497030514380622,1.0994347141136132,1.972039298045777,1.0113531150643291,1.0460576642246573,1.019768799882163,1.0246157352096783,2.8485920291864613,-1.4744878463874815
0.35474,1.07079,4.3983,0.033793328999614236,0.006244144995385059,1.1769101529677104,49.64602503128254,0.5277425456085568,-13.810598431489591,0.7933537012166668,-17.257391323674998,1.2688599297481757,-25.19465753562465,6.6204710778775215,-16.584783427485906,VII,25,7,101,19.20750583938216,0.5382568658363754,1.0957897012942883,1.957026661445912,0.9881461033791314,1.044861854846202,1.0144746442010604,1.019416170038869,3.0603037426580024,-1.4711690235270045
0.35432,1.07079,4.59544,0.032343627365171414,0.006733633067796785,-0.09853786907238073,-5.627636699849339,0.5264421245088676,-13.924427005311975,0.7928617637837876,-17.20975494785971,1.2598964946958213,-25.00075636452621,7.3769096944452945,-30.51517056803976,VII,25,7,102,18.88777840366957,0.5292970618458072,1.094492323850122,2.0447442423379494,1.0656083871284185,1.042287189578812,1.0138455955794632,1.0122148466955772,3.4099664633530304,-1.4902112752046217
0.35372,1.07079,4.21484,0.035264256517211406,0.006894284629048897,-0.385340363921684,-21.073687619760936,0.5262246075898229,-13.859418086749503,0.7895039580432303,-17.225598958843616,1.25710708620133,-24.706009642814976,5.359691167334319,-19.058675227312932,VII,25,7,103,18.66715237338259,0.5231144019743361,1.0926389275013126,1.8753960061225217,1.09103175804155,1.0418565342651849,1.0095519132298072,1.0099738049088036,2.477509945431665,-1.4526652680330823
0.35341,1.07079,4.2191600000000005,0.03522814942761197,0.007017811715019917,0.1958915770977778,11.083413056871182,0.5247568871449854,-13.826724261040129,0.7872616787128806,-17.141537944635864,1.252989416947766,-24.765587836901176,5.792264675153081,-16.6073404049665,VII,25,7,104,18.50470870939128,0.5185622014863549,1.0916813393877614,1.8773181931442,1.11058012034804,1.0389506379732338,1.006684673154709,1.0066656236655138,2.6774664605165195,-1.4531101701734426
0.35346,1.07079,4.536519999999999,0.032763704103366306,0.006885973005302082,-0.07491584092438293,-4.284358310700789,0.5255513515819218,-13.924475817763245,0.7890912512772245,-17.091425858247366,1.2453659986605816,-24.880212531897595,7.408386190392055,-31.080134811675876,VII,25,7,105,18.37817304899556,0.5150162601990957,1.0918357890834955,2.0185277471256184,1.0897164300624211,1.0405235746107935,1.0090241781868359,1.0005408846846964,3.4245164307524067,-1.4846070049362008
0.35339,1.07079,4.1560999999999995,0.035762661855827174,0.006369389517085933,-0.38423094057001167,-21.018320066587957,0.5240034043488095,-13.822512383700746,0.7849007959238105,-16.992060713163145,1.2433173016523973,-24.59240036391639,5.364486782593364,-19.50007190949759,VII,25,7,106,18.24251966392391,0.5112148105731348,1.0916195595094675,1.8492596020360945,1.0079662526837632,1.0374588396739342,1.0036657728536589,0.9988949387385053,2.4797267120564213,-1.4465701636380326
0.35343,1.07079,4.51104,0.032948765459628666,0.006677224534797022,-0.21816332163694246,-12.307004195916713,0.524508617658947,-13.665762620017087,0.7869500859647993,-17.01533967570513,1.2395143509869464,-24.76134818095704,7.498659218454342,-29.654967137098,VII,25,7,107,18.11573574456151,0.5076619122611354,1.0917431192660552,2.0071904033033143,1.0566816450168492,1.0384590965619105,1.0062862342972858,0.9958396059067797,3.4662450150767494,-1.482160853122028
0.35308,1.07079,4.17664,0.03558678721149137,0.007680923851260957,1.2769107192712823,51.93407973693575,0.5244226583408472,-13.736817506993784,0.7838072748701141,-17.036096923364415,1.2326265053961476,-24.967547808893528,5.759296405197786,-38.39133715500106,VII,25,7,108,17.99985398619122,0.5044145280047105,1.0906619713959163,1.8583988894030543,1.2155186946467278,1.0382889082507758,1.0022674691964455,0.9903058342056079,2.662226922612595,-1.448711218495251
0.35332,1.07079,4.3358799999999995,0.034279822997639084,0.006545971542549545,-1.3044566906626613,-52.526129363665895,0.5254259832211745,-13.742540981807348,0.7832416237939993,-16.89771888470066,1.2363178090928797,-24.898514899710012,7.135466251674792,-19.529525241938988,VII,25,7,109,17.87714063811832,0.5009757003566887,1.09140332993544,1.9292528387854626,1.0359106454737488,1.0402753615018838,1.001544161706604,0.993271468621788,3.2983595606327962,-1.4649614292035387
0.35131,1.07079,4.254099999999999,0.03493881172022363,0.007687450220998704,0.8005321008228614,38.67839314380234,0.5250503181201589,-13.66133166415999,0.7835872253833754,-17.048236991915672,1.2311538429434419,-24.982857970684126,6.335553657377121,-39.202619127074975,VII,25,7,110,17.76196504282636,0.497748105089448,1.0851944521669292,1.8928647705834194,1.2165515032747038,1.0395315932809694,1.0019860882380867,0.9891226808235043,2.928601052917475,-1.4566918695913669
0.35463,1.07079,4.1052599999999995,0.036205550668898766,0.005870619790033449,1.3375247664817735,53.216383216008424,0.5247195905333668,-13.742189956030886,0.7824310339142768,-16.96365356851441,1.2241373666307664,-24.81731242940783,5.470261006560686,-36.811187149403935,VII,25,7,111,17.67941950746917,0.4954349103664221,1.0954499119636734,1.826638308475421,0.9290351319883522,1.038876795515165,1.0005076468727243,0.9834855657707375,2.528620703084582,-1.4412248427243524
0.35362,1.07079,4.1244000000000005,0.036037532474785014,0.006134857515001313,1.2673106844746371,51.72400026888516,0.5229024807611394,-13.581640342252477,0.7814476097632594,-17.02259046796771,1.222517361282256,-24.90337168570676,5.70941559241788,-38.40892714438915,VII,25,7,112,17.57425145526929,0.4924877590477352,1.0923300281098445,1.8351546648631336,0.9708511818215544,1.035279153629235,0.9992501259660063,0.9821840354685325,2.639169584812683,-1.443244953244358
0.35227,1.07079,4.192200000000001,0.03545470133557638,0.0077610819275188425,0.5577472510069749,29.150472987390213,0.5235704209583868,-13.655439419897132,0.7805656217879426,-16.783485087360436,1.2323512871996527,-24.73334932176251,6.517827058724006,-16.70730160395495,VII,25,7,113,17.49470630395297,0.4902586448567497,1.088159886325024,1.8653223222866913,1.2282038406142124,1.0366015886673603,0.9981223131933716,0.9900847208476887,3.012856684543572,-1.4503261686974946
0.35369,1.07079,4.19514,0.03542985429306371,0.006583895401163775,0.8885993549472144,41.624271004821104,0.5237770718504827,-13.670576714388645,0.7818100710404848,-16.93953002872592,1.2258301973729602,-24.93551694286306,6.187366136900815,-39.464131650172966,VII,25,7,114,17.3761068138733,0.4869351009071137,1.0925462576838723,1.8666304773431108,1.0419121577932817,1.0370107306556606,0.9997136112622694,0.9848456048036304,2.86010157331938,-1.4506306337195614
0.35223,1.07079,4.45452,0.033366827164094746,0.007529805313681692,-0.35577419092943985,-19.584246036294843,0.5230696948905009,-13.699114086550727,0.780859311494789,-16.82993480401355,1.2259822505586608,-24.711663036777075,7.625541511481414,-28.22634925381619,VII,25,7,115,17.29102652511469,0.48455087413896325,1.0880363265684365,1.9820417897696936,1.1916039402379708,1.0356102159375802,0.9984978591325935,0.9849677660229857,3.5248961822913136,-1.476685088239952
0.35226,1.07079,4.45496,0.033363531645402726,0.006944384533738357,-0.14057739286860663,-8.002054047100481,0.5241081505050534,-13.589895503963621,0.7789587895454585,-16.78899379275949,1.225196079291531,-24.755519115253385,7.58600607749899,-31.143490116156748,VII,25,7,116,17.21003357067829,0.4822811877895581,1.0881289963858771,1.9822375680774573,1.0989601494602543,1.037666223490175,0.996067629935469,0.984336147289237,3.5066209817563676,-1.476727984025608
0.35224,1.07079,4.080159999999999,0.03642827706241994,0.0071241718449929214,-0.17180165708812387,-9.748343228841836,0.5230922550134838,-13.66297712005319,0.7770876533816564,-16.80005461579494,1.2253649716284598,-24.550907547714733,5.5785706527711945,-18.535313301981965,VII,25,7,117,17.11754045770222,0.4796892295458244,1.0880672165075833,1.8154700459189121,1.1274117839409579,1.0356548820577207,0.9936749768336889,0.9844718372698442,2.578686689592939,-1.4385613689716052
0.35347,1.07079,4.0617399999999995,0.03659347938051262,0.006579180076787761,-0.3851347770462043,-21.06343058531206,0.5224025532311957,-13.584553719722981,0.7760808733675311,-16.840002998573556,1.2225731191407239,-24.532746246503695,5.410723714856542,-20.136286292217427,VII,25,7,118,17.0519645776935,0.4778515798299729,1.0918666790226423,1.807274054034813,1.041165950039975,1.0342893619011049,0.9923875903942582,0.9822288319517347,2.5010996710482445,-1.4365962949704365
0.35277,1.07079,4.26718,0.0348317153105806,0.006918323175063301,-1.2650365621063306,-51.6739473096876,0.5230860078057895,-13.507544984456365,0.777084540912198,-16.695516518869166,1.221059319961469,-24.846315537452753,7.14609001879153,-19.19015181797713,VII,25,7,119,16.97045148039499,0.47556731738364566,1.0897043832823647,1.8986847257323891,1.094835897053791,1.035642513396006,0.9936709968669458,0.9810126288663159,3.303270382519341,-1.4580251378995923
0.35315,1.07079,4.03528,0.03683342889192406,0.00706347074913094,-0.7574736068592249,-37.14296790107856,0.5226010074779873,-13.547213190971421,0.7760399456905935,-16.815926030811543,1.2174484002065278,-24.482018555850647,5.130940955158969,-25.799299782150456,VII,25,7,120,16.91035487145657,0.4738832146872787,1.090878200969944,1.7955006585270357,1.1178057367733805,1.034682275593833,0.9923352554893657,0.9781115758023813,2.371770471273511,-1.4337578499877235
0.35261,1.07079,4.05544,0.03665032621343265,0.007105657604583204,1.233847617281491,50.976171984015195,0.5229573452285216,-13.50891623721835,0.7762960824354816,-16.924220493169074,1.214153449028307,-24.767009841983636,5.512280237893959,-37.28378109956679,VII,25,7,121,16.82387338093947,0.4714597216826248,1.0892101442560156,1.8044708646281995,1.1244818752774965,1.0353877781652536,0.9926627818281711,0.9754643754047507,2.548044035563523,-1.4359221554822468
0.35264,1.07079,4.24372,0.03502427090830765,0.006631602201753961,0.5460657330787412,28.637441489645678,0.5219657249403087,-13.621285322403555,0.7765596634985233,-16.754918091392152,1.2168286524865761,-24.954150667230124,6.720181968386797,-39.2169711456607,VII,25,7,122,16.73068555854458,0.46884829541854695,1.0893028140734562,1.8882461823229988,1.0494618365952184,1.0334244984898384,0.9929998273410834,0.9776136635961152,3.1063949660497863,-1.4556308965502387
0.3519,1.07079,4.39508,0.03381808725643294,0.007070566027811087,-0.6010524380584005,-31.00807437166982,0.522330771879224,-13.478892140678512,0.7755713533541028,-16.751878014365314,1.216024353867533,-24.7640737394393,7.6477507868518835,-25.2433529411487,VII,25,7,123,16.68702898858941,0.4676248961540232,1.0870169585765914,1.955593920193643,1.1189285761669818,1.0341472441257074,0.991736058632897,0.9769674811463667,3.5351623895956674,-1.470850959643894
0.35274,1.07079,4.23866,0.03506608195491106,0.006796320544205481,-1.2329855565365524,-50.95658204180166,0.5210423356105298,-13.498156233677463,0.7745876397988589,-16.65107879845103,1.2165889543322137,-24.87143247805584,7.135791889635875,-19.002300233032113,VII,25,7,124,16.61403770775986,0.4655794427577711,1.0896117134649244,1.8859947317837187,1.0755287822489206,1.0315963072706797,0.9904781676601553,0.9774210874348254,3.298510086336984,-1.4551127565142834
0.35266,1.07079,4.22678,0.035164640444736495,0.00719104522631997,0.5683511896613065,29.61178620160326,0.5217926119115315,-13.523942737757878,0.7750635365955151,-16.88026008914339,1.2142840554894412,-24.97682150907127,6.660233746212994,-39.42686187067266,VII,25,7,125,16.55986766934966,0.46406142186839944,1.0893645939517498,1.880708717474104,1.1379946053243415,1.033081757125036,0.9910867048519826,0.9755693060872241,3.078683981963289,-1.4538938188496138
0.35351,1.07079,4.02022,0.03697140926093679,0.005844250084241831,-0.6936904997099242,-34.74867770022776,0.5222177760250156,-13.524068891378956,0.7735343394035663,-16.741723039602068,1.2140631575168417,-24.502787444375326,5.160636834541487,-25.23439878982172,VII,25,7,126,16.49302264051184,0.46218820646917685,1.0919902387792295,1.7887997009931302,0.9248620831490796,1.0339235269765017,0.9891312948314124,0.9753918342009132,2.3854973510901925,-1.4321339948533571
0.35409,1.07079,4.410920000000001,0.03369664354352454,0.006653701500669296,-0.4262333494460231,-23.08531992342925,0.5218380327262669,-13.49252429363778,0.7759507610770997,-16.722411944644435,1.214783381958761,-24.75562449124589,7.717396189928463,-27.485427945589535,VII,25,7,127,16.41522055819194,0.46000793874804524,1.0937818552497451,1.9626419392731291,1.0529590865993004,1.033171684452533,0.9922212136327467,0.9759704705223357,3.5673558823527585,-1.4724133561946102
0.35195,1.07079,4.08564,0.036379416429005815,0.00746395318793297,1.0830051655055621,47.28195821567659,0.5227061282920255,-13.543231153376299,0.7746878843848993,-16.818003514027044,1.2123938894598598,-24.915078311857975,5.8724451535787585,-39.23671681937309,VII,25,7,128,16.32042172519555,0.45735136672040794,1.0871714082723256,1.8179083757519667,1.181182734211217,1.034890401183958,0.9906063520886145,0.9740507256912022,2.714529777511309,-1.4391442718392016
0.35272,1.07079,4.0142,0.03702685440162506,0.00732408877785945,-0.691195916947691,-34.65206989820267,0.5220497227636551,-13.60297819185721,0.7725442600943515,-16.774421556575792,1.2109971087031903,-24.541578672258094,5.136651776909753,-27.37279121857413,VII,25,7,129,16.23676484628084,0.45500702853163794,1.0895499335866308,1.7861210977823658,1.1590489637882502,1.033590803295534,0.9878652638626199,0.9729285365070653,2.374410290853114,-1.431483181659543
0.35242,1.07079,4.0096,0.037069333334747434,0.007150093206518493,-0.6794914905237697,-34.19577438599309,0.521458502056631,-13.430516553081171,0.771508491457308,-16.747830423410342,1.2111499997549529,-24.559223048071317,5.155792412396037,-26.719741253044273,VII,25,7,130,16.21011012370216,0.4542600763997521,1.0886232354122263,1.7840743245648385,1.1315138815707704,1.032420262906655,0.9865408091863161,0.9730513708773271,2.3832580235486414,-1.430985224373564
0.35204,1.07079,4.03546,0.03683178595228384,0.007463478090298237,-0.17690701449866977,-10.032228175703152,0.5219917585456905,-13.545841931672301,0.7726758646256445,-16.64495648505784,1.21546519410811,-24.555129806588706,5.562039660223597,-19.230095074585186,VII,25,7,131,16.15131571363451,0.45261246555655626,1.087449417724647,1.7955807496529386,1.1811075492376404,1.033476041655031,0.9880335487774743,0.9765182459809817,2.5710452607930594,-1.4337772219428986
0.35245,1.07079,4.01584,0.03701173327099768,0.007053919325615776,0.9283128131546594,42.87094574406765,0.5215997561640767,-13.441711235125313,0.772380454390499,-16.837570848825546,1.2072923803408817,-24.77791165834561,5.358907498420446,-35.43296893510094,VII,25,7,132,16.12199184048504,0.4517907151331747,1.0887159052296667,1.7868508169294843,1.116294208464027,1.032699927735535,0.9876558027699457,0.9699521165653555,2.477147695543112,-1.4316605762827888
0.3525,1.07079,4.35192,0.03415347684217617,0.0076023591305315885,0.17700744605645635,10.037807761707606,0.5218646435985762,-13.483080025182648,0.7739222253683951,-16.650135540854176,1.212533027795943,-24.874107113261456,7.318215479563595,-36.22489898534863,VII,25,7,133,16.04958662446635,0.4497616851815337,1.0888703549254006,1.9363898480048412,1.2030856997836725,1.0332243705314392,0.9896272911008654,0.9741625109768354,3.3828351424301055,-1.4665650783218072
0.35173,1.07079,4.00344,0.037126371055642975,0.007122077693337503,-0.3249015371571743,-17.999058909604685,0.5216200027551566,-13.517005336961303,0.7716834949447524,-16.760187421344902,1.2068154583812425,-24.613531184703984,5.165535721249041,-30.81153632198186,VII,25,7,134,15.93606458556918,0.4465804279495374,1.0864918296110955,1.7813334282561497,1.1270803810347607,1.0327400133622977,0.9867645890721184,0.9695689521623316,2.387761854801429,-1.4303174991318268
0.35157,1.07079,4.170599999999999,0.035638325166403716,0.0073191739807205725,-0.5730957609378463,-29.81683916856722,0.5207829851419932,-13.429560758297542,0.7718950957927126,-16.56823985774852,1.2131544292070506,-24.853446039823314,6.893494087056299,-17.74955524102528,VII,25,7,135,15.88932294578724,0.4452705749814599,1.0859975905847465,1.8557113871783006,1.1582711891457218,1.0310828269498957,0.9870351666147931,0.9746617517769558,3.186508256958128,-1.4480827139527894
0.35187,1.07079,4.3489,0.034177193989055464,0.007402510306476151,0.14200376338732357,8.082179498731792,0.521045194521479,-13.480729172360935,0.7721409456292954,-16.78386797480094,1.2121477784168948,-24.873361003240124,7.345927966132592,-36.02404096583674,VII,25,7,136,15.85057428042051,0.44418471118685543,1.086924288759151,1.9350460968924648,1.1714592982665335,1.0316019675438983,0.9873495389119308,0.9738529973439342,3.3956452016189225,-1.46626359653319
0.35282,1.07079,4.06266,0.03658519269124251,0.007204877509399243,0.1603751936717799,9.111236120054679,0.5214606376398649,-13.496962711270289,0.771475023077508,-16.66687972812822,1.2136197914234437,-24.716800420767147,6.077683807504864,-16.9112639308059,VII,25,7,137,15.80835394381885,0.4430015598582133,1.089858832978099,1.807683408678319,1.1401835866237384,1.032424491084727,0.9864980126094078,0.9750356289537773,2.8094010658773194,-1.4366946532307534
0.35279,1.07079,4.29456,0.0346096454442372,0.0071801414133991215,-0.9922117374641106,-44.77601160991084,0.5211651423963585,-13.527931043289367,0.7706458448711786,-16.598772428616346,1.2083673794636316,-24.901468651599714,7.489188773500616,-21.922633167026046,VII,25,7,138,15.77894293886779,0.44217736771799293,1.0897661631606586,1.9108674758836723,1.1362690591914963,1.0318394487931823,0.985437728571462,0.9708157828084264,3.4618673147899273,-1.4608028497783958
0.35197,1.07079,4.3331,0.03430181600678575,0.0074414543554559565,0.1836549679742397,10.406685851006493,0.520826797836674,-13.436080997305151,0.7728115742038688,-16.756701228112842,1.209638908766467,-24.903276162524755,7.287585498810413,-36.38492523249867,VII,25,7,139,15.7745202146547,0.44205342858225594,1.0872331881506192,1.9280158758409571,1.1776222573710455,1.0311695704080668,0.9882070828844843,0.9718373435824718,3.3686764755265175,-1.4646828869295738
0.32193,4.36941,2.259,0.01612430863696901,0.005852876045338518,1.512515348153782,56.52930320411692,0.5013713198109184,-14.918169066650112,0.7779791297856374,-17.69016628674603,1.2386885829880376,-19.820161450082484,2.2454055563439193,-13.646375102170719,VII,25,8,0,33.94367186459094,1.0,1.0,1.0,1.0,1.0,1.0,1.0,1.0,-1.792518897566263
0.32861,3.45686,2.5178,0.018285932449854516,0.0062112674062453355,-0.33384681437905395,-18.46142300994144,0.5086940216350799,-14.859092513593668,0.7888155876120824,-17.64342852863191,1.2677181929818608,-20.70003966233678,3.1459536184906955,-21.409301213206145,VII,25,8,1,31.50480924250831,0.9281497113272892,1.0207498524523966,1.114563966356795,1.0612333762291541,1.0146053464464682,1.013928982682904,1.023435761330581,1.401062542845531,-1.7378828888943625
0.33016,3.45686,2.55328,0.01803183384597212,0.006898501380763977,1.321578405362039,52.886265205604865,0.5119403910234298,-14.716408443785236,0.7930805434778356,-17.730623365519715,1.2768907801407856,-21.170921349934986,2.690966632917447,-21.975469739643845,VII,25,8,2,30.17151429360582,0.8888700790523454,1.0255645637250335,1.1302700309871625,1.17865154281855,1.021080326685813,1.019411078156247,1.0308408406095053,1.198432339010959,-1.7439601030786869
0.3317,3.45686,2.5808,0.017839553906635035,0.00751133442633195,-1.5707947582943635,-57.51833749134829,0.51526462543249,-14.746633825761554,0.7950502099988831,-17.679623132904485,1.2835338774719374,-21.44271517890327,3.6135190192634816,-16.763161370137645,VII,25,8,3,29.44475170073359,0.8674592371207048,1.0303482123442984,1.1424524125719346,1.283357851447119,1.0277106110234049,1.0219428511121493,1.0362038490543937,1.6092945922638549,-1.7486160097305832
0.33081,2.16054,3.10092,0.0237556686135232,0.00814166026328983,-0.44460214218392774,-23.970033570165906,0.5159885605303035,-14.68449043078369,0.7938371883738607,-17.67454399125244,1.2859451376985678,-21.47901434906037,2.8239643942987906,-16.559723146186432,VII,25,8,4,29.01636241032875,0.8548386434467563,1.0275836361942037,1.3726958831341303,1.3910529114612291,1.0291545210940618,1.0203836555263286,1.0381504724912658,1.257663403530946,-1.6242327416675395
0.33435,1.70952,3.3546600000000004,0.027752201190037466,0.006750519108483954,0.9432939596953333,43.32856214875462,0.5163956875793485,-14.719696318503486,0.7957841028535385,-17.762076319557398,1.287642270156425,-21.846467009367018,3.009749999617572,-26.417794574040144,VII,25,8,5,28.75276865531244,0.8470730205622362,1.038579815487839,1.4850199203187253,1.153367858159299,1.029966548094726,1.0228861834286056,1.0395205767137197,1.340403737362348,-1.5567025647296184
0.33576,2.73547,2.8390999999999997,0.020493091810260294,0.006271824000649628,-0.4212421938788539,-22.842879115304846,0.5181343641531803,-14.626686527288943,0.797157370745104,-17.739091774570465,1.296599384458535,-21.814962357888827,3.850294710692855,-24.384657054369583,VII,25,8,6,28.4735870419744,0.8388481704502107,1.04295964961327,1.2567950420540062,1.071579844176741,1.0334343902012257,1.024651356604837,1.0467517035886467,1.7147435570445884,-1.688392514276274
0.33494,1.70952,3.37038,0.02762276041401002,0.0074337026155407715,1.195248985429518,50.082605026616044,0.5177655891299956,-14.609090764313406,0.7961104184405668,-17.727210990821693,1.289507161259572,-21.989962195383594,3.0198069651608597,-25.87130236513339,VII,25,8,7,28.34278385906048,0.8349946338194146,1.0404125120367782,1.4919787516600267,1.2700939773807942,1.0326988574561065,1.0233056234553815,1.0410261133988552,1.3448826456445842,-1.5587329234160008
0.33364,2.73547,2.8494800000000002,0.02041844019207364,0.006782932413917475,-0.177745974294904,-10.078831598819873,0.5173141499818537,-14.639910576000103,0.7967420550329223,-17.766295166732014,1.2976783028191494,-22.074446300429283,3.858630221470693,-26.802627577536878,VII,25,8,8,28.13892402631927,0.8289888064724366,1.0363743670984376,1.2613899955732626,1.1589058714680442,1.0317984486566718,1.0241175174614963,1.0476227202230388,1.7184558088265829,-1.6899774376579826
0.33472,2.73547,2.8556799999999996,0.020374109479532027,0.007097263698373768,-0.021007810400588463,-1.2034818501438411,0.5181010513339767,-14.689773915385649,0.796670526877265,-17.802005223171946,1.300252355837518,-22.217569058031717,3.8512044633530804,-28.351676527170806,VII,25,8,9,27.96151837147567,0.823762334346754,1.0397291336625976,1.2641345728198317,1.2126113116689587,1.0333679467931423,1.0240255764917212,1.0497007671621326,1.7151487188905876,-1.690921364505886
0.33623,2.73547,2.84908,0.020421306863447147,0.006838047886534027,1.3033141362064495,52.50188465573091,0.5167738112634623,-14.474469183797066,0.7973728849709814,-17.703410563502818,1.297532935542785,-22.319982478776474,4.026239881277096,-14.972369235146795,VII,25,8,10,27.78846721479967,0.8186641482292845,1.044419594321747,1.261212926073484,1.168322690172149,1.0307207270219458,1.0249283746090818,1.04750536443373,1.7931014154221743,-1.689916468643689
0.33572,2.73547,2.8502,0.02041328221125184,0.00649749390460308,-0.003619272037790793,-0.20736810723101762,0.5167260910385931,-14.63631069603343,0.7943109291686473,-17.70863935361873,1.2983273600183145,-22.36256270232739,3.886360597623093,-28.903641588113054,VII,25,8,11,27.74441843536037,0.8173664459767108,1.0428353989997827,1.261708720672864,1.1101369402446108,1.03062554761502,1.0209925931914265,1.048146707614284,1.730805638492789,-1.6900871603191263
0.33781,1.35352,3.61504,0.0325268754829547,0.006928146035805327,0.7364302218954567,36.369053827788846,0.5181004234156059,-14.635090361739925,0.795169283152147,-17.757682254984672,1.2961829525328996,-22.509251245541453,3.419476247101375,-29.54690998077848,VII,25,8,12,27.64458952882766,0.8144254292555102,1.0493274935544994,1.600283311199646,1.183716515117931,1.0333666943912878,1.022095905543438,1.0464155158402855,1.522876897422992,-1.487757652847375
0.3369,2.16054,3.1855,0.023124918511080318,0.007278930199110023,-1.5204844409956166,-56.66767540232502,0.5185177005933777,-14.535540645326229,0.7968081324363059,-17.72672663147122,1.2992081238187256,-22.321754036889093,3.1275337960200162,-19.217830201157703,VII,25,8,13,27.4637591243426,0.8090980620453146,1.046500792097661,1.4101372288623286,1.2436501546803262,1.0341989661253972,1.0242024521350033,1.0488577529993044,1.3928592040684276,-1.635919788978141
0.33713,1.70952,3.4365600000000005,0.027090811522036885,0.006953753834747556,1.6766150917786034,59.186466876612286,0.5185730666364645,-14.502185182060458,0.7980865575328698,-17.74825628102635,1.2992047201593306,-22.486745409807916,3.2306483072693006,-27.700228606613532,VII,25,8,14,27.26970173058238,0.803381020160914,1.0472152331252136,1.5212749003984067,1.1880917656347472,1.0343093953440203,1.0258457161347925,1.0488550052066457,1.4387816482157472,-1.5671779852118026
0.33888,1.70952,3.3994599999999995,0.027386467040109636,0.00712423954210506,2.324534821944703,66.7229343997514,0.5178709221109831,-14.554351024343452,0.795634801815923,-17.79035471114184,1.295236251140412,-22.38190860871612,3.1388658222087007,-24.714383720783676,VII,25,8,15,27.23339439278411,0.8023113852097187,1.0526511974652875,1.504851704293935,1.2172203010824243,1.0329089472175774,1.0226942746332417,1.0456512386801586,1.397905965512777,-1.562463989796025
0.33944,1.35352,3.6408,0.03229673586736447,0.0066870585845153485,0.798752945038675,38.61621406885055,0.518716275466352,-14.446055735949818,0.7962709750370485,-17.71694202298577,1.297222344955442,-22.65413582353427,3.548733950803116,-31.32321972798956,VII,25,8,16,27.1416302736223,0.7996079617401578,1.0543907060541111,1.6116865869853918,1.142525235920759,1.0345950296119348,1.0235119999381617,1.0472546229708566,1.580442312871685,-1.4908413682703023
0.33981,2.73547,2.84512,0.020449730401005933,0.006511730774220015,-0.40900963556619097,-22.24503450130529,0.5166571710451505,-14.50931107317028,0.793528851452309,-17.677930150992992,1.2959843471878747,-22.38647428870537,4.290726092246573,-26.56264763234278,VII,25,8,17,27.19281372063399,0.8011158553827745,1.0555400242288697,1.2594599380256752,1.1125693972976307,1.030488084639538,1.0199873249439944,1.0462551806698863,1.9108913666504623,-1.6893124131396342
0.34064,1.35352,3.5751,0.0328902564811895,0.006739868618518774,1.371540174340293,53.90393555520274,0.5169458794285376,-14.445654481184832,0.7926667678149363,-17.729312932207822,1.2905702928828118,-22.49878645556637,3.299514794917626,-29.328604002573485,VII,25,8,18,27.18539261008198,0.8008972252186128,1.0581182244587333,1.5826029216467463,1.1515481562071856,1.0310639220917002,1.0188792185638011,1.0418843853146866,1.4694516033397813,-1.4829327398365608
0.33859,2.73547,2.84394,0.020458215348604404,0.006001097252630705,1.2246318689807734,50.76588954854398,0.5170499164349758,-14.437038260609468,0.7921256413631841,-17.59486641256076,1.2924153813842019,-22.601162949454732,4.099503133762574,-13.896827286026035,VII,25,8,19,27.1262833420978,0.7991558323539876,1.051750380517504,1.258937583001328,1.0253245081809372,1.0312714269934111,1.0181836646202123,1.0433739352522013,1.8257294866757114,-1.6891322542044165
0.3382,2.16054,3.1254399999999998,0.023569298376243462,0.0066545752980222694,-1.3492106195585416,-53.45511442952505,0.5158926524767756,-14.314062987782904,0.7910902960064619,-17.680407454927508,1.294350800127146,-22.4129903063906,3.285660137009561,-15.369826649809726,VII,25,8,20,26.95348001512864,0.794064947441521,1.0505389370360017,1.3835502434705622,1.1369752659160208,1.0289632296305533,1.0168528508270358,1.0449364092828213,1.4632813781575547,-1.6276533455987647
0.33806,2.73547,2.84776,0.020430772592672838,0.006578830532423696,-0.6192595849587412,-31.76825931040776,0.5176971679266282,-14.4531198963087,0.793227699385737,-17.667784615733595,1.2962865407732937,-22.592323677975035,4.4677863030442975,-25.301952162963396,VII,25,8,21,26.94332162501907,0.7937656754549753,1.0501040598887958,1.2606285967242143,1.1240338051688896,1.0325623893322553,1.0196002296415088,1.0464991431876405,1.9897458124753948,-1.6897152101472694
0.34044,2.16054,3.1464999999999996,0.023411545500412002,0.005997268876379358,-2.0013167761746984,-63.450030022622485,0.5188974269561747,-14.344596339258038,0.7907838157854757,-17.696327640803762,1.2928638999448685,-22.41203310954151,3.2191172358658577,-18.084134425481263,VII,25,8,22,26.92342155494095,0.7931794080011328,1.0574969713912963,1.3928729526339088,1.0246704064672343,1.0349563416428882,1.0164589068133054,1.0437360267147582,1.433646241219508,-1.630569915643585
0.33991,1.07079,3.8672800000000005,0.03843352406316669,0.00693615175091622,-0.16188991437601236,-9.19582691889098,0.5162784402182782,-14.287079738747787,0.7909605141231476,-17.691547038289922,1.2935851815297514,-22.607191603767088,4.292302115297167,-28.859940241890353,VII,25,8,23,26.92832891250099,0.7933239815634633,1.0558506507625882,1.711943337760071,1.1850843409609655,1.0297326947480396,1.0166860315919877,1.0443183212436566,1.9115932545771848,-1.4152897921940364
0.34084,1.07079,3.7697199999999995,0.039428180060854204,0.0067044747478652855,0.4887782817623904,26.048380270167552,0.5164271407456167,-14.310690695592344,0.7884694600654166,-17.729769272793984,1.286246336257933,-22.74543430228897,3.80882202685489,-32.23887886307773,VII,25,8,24,26.98153362147264,0.7948914227402427,1.0587394775261703,1.6687560867640547,1.1455008949326746,1.0300292823697539,1.013484076729243,1.0383936317190992,1.6962735377998277,-1.4041932687743464
0.34326,1.35352,3.5723200000000004,0.03291585186822585,0.005392499068063772,1.521760228837016,56.68973375647782,0.5158339351007324,-14.328235299610938,0.7879746778563879,-17.759427015238497,1.2816867302239563,-22.75200421017161,3.4013996765176935,-30.505533868770524,VII,25,8,25,26.98102003716788,0.7948762922526865,1.0662566396421582,1.5813722886232848,0.9213417516946374,1.0288461160787343,1.0128480928190253,1.034712637079609,1.5148264271938567,-1.4825949008063726
0.33923,1.07079,3.8502000000000005,0.03860402029479073,0.007511746774248151,-0.10316190486197177,-5.889906518846716,0.5154786962982592,-14.193339244669852,0.7869346077060706,-17.58154370836642,1.2847846039328243,-22.681163225391952,4.284480658418749,-29.49403986346095,VII,25,8,26,26.95900583487445,0.7942277412538067,1.0537383903333022,1.7043824701195223,1.283428303633874,1.028137581728171,1.0115112058634539,1.0372135672984013,1.9081099386762688,-1.413367464734342
0.33957,2.16054,3.06224,0.024055733031064303,0.007073750690605118,-2.8150523189943466,-70.44327336375936,0.5161693972161734,-14.241563645490958,0.7881539640813064,-17.52376916779639,1.282467486846554,-22.72267727113004,4.560866392262096,-19.387295989247438,VII,25,8,27,26.83058544272061,0.7904444030025374,1.0547945205479452,1.3555732625055334,1.2085939691545249,1.0295152052391743,1.0130785440201624,1.0353429461284855,2.0311993881801578,-1.6187814046522584
0.34052,2.73547,2.80978,0.020706936827264058,0.007736855930290609,1.6545711039665048,58.85181221213612,0.5172419128157942,-14.307170505914186,0.7853503519825824,-17.55541857761667,1.282113745800197,-22.834088592779715,4.334865960524394,-14.847548042417015,VII,25,8,28,26.79826497204205,0.7894922234384791,1.0577454726182711,1.2438158477202301,1.32188959245986,1.0316543694818066,1.0094748328261403,1.0350573690664093,1.9305492267430913,-1.6838841414449535
0.3382,2.73547,2.7978,0.020795602601511906,0.007809616621024917,-2.977343693688111,-71.4343519808278,0.5146967389272246,-14.21463286905765,0.7852195474522209,-17.610586327784656,1.2765572381905794,-22.742446843910294,4.500930116453275,-18.80461696093252,VII,25,8,29,26.97929401879455,0.7948254427635618,1.0505389370360017,1.2385126162018594,1.3343212055968334,1.0265779445089351,1.0093066990994712,1.0305715703871208,2.0045065372430595,-1.6820284904123157
0.34089,1.07079,3.8995800000000003,0.03811518136286557,0.006456130412859418,-0.7373011483598803,-36.40139429969962,0.5141497080189622,-14.299024830214542,0.78693236590338,-17.62872808427869,1.2849478184149503,-22.833672265936382,4.486006370436941,-29.3495679203098,VII,25,8,30,26.82754041920939,0.7903546948671487,1.0588947907930297,1.726241699867198,1.1030697323585654,1.0254868751025943,1.0115083242916934,1.0373453312335563,1.997860189560268,-1.418902009392458
0.34113,1.70952,3.4083200000000002,0.02731527533922022,0.0070951096949560255,-2.0432607445242352,-63.92223631861001,0.5155650725669798,-14.111625999004781,0.7843095905992864,-17.53013496153313,1.269884363308464,-23.272153823495337,3.5618259603048488,-22.328687532687617,VII,25,8,31,26.53223851707882,0.7816549318212237,1.059640294473954,1.5087737937140329,1.2122432868891655,1.0283098617635613,1.0081370573724686,1.0251845223641072,1.5862728896531237,-1.5635944174191658
0.34119,1.70952,3.38288,0.02752069220432622,0.007859655066707438,-1.9084934773496185,-62.34665295349426,0.5162720696666572,-14.04236243462052,0.781980003611687,-17.500074925303714,1.266445404032786,-23.347654543490275,3.648552618103179,-20.3322757983456,VII,25,8,32,26.13283146402062,0.769888171446815,1.059826670394185,1.4975121735281098,1.3428705829106369,1.0297199884934747,1.0051426492985125,1.0224082319204006,1.6248969402409128,-1.560340646863177
0.33908,1.70952,3.36374,0.027677287556164,0.008641268580610317,0.10208822892070085,5.829030564183407,0.515193496912059,-14.131905155759414,0.781411818544243,-17.435615626841653,1.2706661855986114,-23.71307587250775,4.475451385394522,-14.008331104508732,VII,25,8,33,25.94453290035795,0.7643407879930202,1.0532724505327244,1.4890393979637009,1.476414076374058,1.0275687430751987,1.0044123147102306,1.0258156917321668,1.9931594863787876,-1.5578764740820434
0.34068,1.70952,3.3513800000000007,0.027779362305728104,0.008025145298244163,0.18838915852973623,10.66886216150344,0.5141601927885756,-14.117821481703581,0.7772020367263145,-17.4122936863072,1.2653597589559433,-23.741885686479645,4.500472868387337,-14.150161029207348,VII,25,8,34,25.78521889968875,0.759647306353652,1.0582424750722206,1.4835679504205403,1.3711456104790967,1.025507787287235,0.9990011389386023,1.021531784771575,2.0043029000583887,-1.5562777280110078
0.3389,1.35352,3.64988,0.032216389565109145,0.00834885893556192,2.006650923570901,63.51096052908557,0.5122726633627602,-14.028710266869615,0.7751271833425858,-17.33984910012407,1.2518604642225446,-23.646231528940387,3.7213331538224157,-27.956891596680332,VII,25,8,35,25.83896039295158,0.7612305615028656,1.0527133227720311,1.6157060646303676,1.4264540835802102,1.0217430537429883,0.9963341607327725,1.0106337310405598,1.6573100317261507,-1.491923131818978
0.3405,1.07079,3.9851400000000003,0.03729685756058841,0.008195043782848965,0.30977678235273115,17.211767332103957,0.5104573371768437,-13.967916660442494,0.7741044422106371,-17.44673195144906,1.2528531008842612,-23.940721293951448,4.495763214625883,-33.962020791597624,VII,25,8,36,25.82758635269036,0.7608954757671033,1.0576833473115275,1.764116865869854,1.4001738152947645,1.0181223317068713,0.9950195481772526,1.0114350919922546,2.0022054376431253,-1.42832775804621
