R_s,f_peak_main,R_ct,C_dl_est,R_sei,tail_slope,tail_angle_deg,Zmag_1000Hz,Phase_1000Hz,Zmag_100Hz,Phase_100Hz,Zmag_10Hz,Phase_10Hz,Zmag_0.1Hz,Phase_0.1Hz,state,T_C,cell,cycle,capacity,SOH,R_s_rel,R_ct_rel,R_sei_rel,Zmag_1000Hz_rel,Zmag_100Hz_rel,Zmag_10Hz_rel,Zmag_0.1Hz_rel,C_dl_log
0.38507,45.3629,0.7890599999999999,0.004446407815045873,0.013991385539341539,0.8882341300595864,41.61257591274668,0.5108525185865205,-10.457883512988555,0.7077215293880124,-12.342989321853796,0.9777625579518092,-7.648702405360091,1.7554364852653408,4.179699082431015,VI,25,1,0,37.20271307236226,1.0,1.0,1.0,1.0,1.0,1.0,1.0,1.0,-2.3519907072461934
0.39021,28.40909,0.91912,0.006095236939797686,0.013581292280594237,-0.7869835604581157,-38.20216391885925,0.5166308481668088,-10.42902549445651,0.7150940704870424,-12.456251728880956,0.9828800834968972,-7.957896311923272,1.7767501607949208,-18.634313121350814,VI,25,1,1,36.22303298575675,0.9736664343619255,1.0133482224011219,1.164829037082098,0.970689589133672,1.0113111502244845,1.0104172909723481,1.0052339144135443,1.0121415247481076,-2.21500940741285
0.38921,28.40909,0.9306,0.006020045321412906,0.014677317669797851,-0.9316634684277489,-42.97389000855886,0.5174715750353065,-10.365631204512722,0.7187989504692276,-12.436698905133323,0.9876212692807659,-8.048656741644358,1.8462920607714013,-15.579043958624505,VI,25,1,2,35.58930074895991,0.9566318639109966,1.010751291972888,1.1793779940688922,1.0490253183666178,1.0129568832646658,1.015652231310236,1.0100829298982448,1.0517566863106,-2.220400239179809
0.39231,28.40909,0.91504,0.006122414513143525,0.013436291169317827,0.0012177345779838622,0.06977101739834268,0.5176589056740689,-10.473747478410383,0.7212877595491967,-12.692196342457105,0.9870642221942674,-7.941311922979336,1.451403260565455,-34.60049815611552,VI,25,1,3,35.10808143432482,0.9436968042098648,1.018801776300413,1.1596583276303452,0.9603259899841317,1.0133235852617133,1.0191688815414666,1.0095132137826417,0.8268047706357601,-2.2130772701851575
0.39396,28.40909,0.9220600000000001,0.006075802199538912,0.013247606515484178,-0.7857211971121746,-38.15747142821952,0.5222013100781971,-10.351385364453156,0.7216908929560333,-12.56230400698579,0.9953477150128109,-8.151425766313046,1.8400847141017178,-18.399209078827038,VI,25,1,4,34.767280221266,0.934536149383537,1.0230867115069986,1.168554989481155,0.9468402166628906,1.022215396966384,1.0197385030523243,1.0179850996727045,1.0482206160957068,-2.216396373230428
0.39374,35.93134,0.8546800000000001,0.005182546130584007,0.013531416337499547,0.9870385368502484,44.62626462027745,0.5187860412482082,-10.31340588172784,0.719652016172568,-12.803647882728791,0.9915008420711761,-7.613623754633475,0.6118847062374024,-17.420517154129985,VI,25,1,5,34.51914390415908,0.9278663047239748,1.0225153868127872,1.0831622436823565,0.9671248283060578,1.015529966816331,1.0168576004673369,1.0140507365593396,0.3485655626810752,-2.2854568234996266
0.39477,35.93134,0.85346,0.005189954452332318,0.014163014783451833,1.0741867819282118,47.04840682474093,0.5234750020590557,-10.41963265226154,0.7193064593138837,-12.820694370209239,0.9915832170203044,-7.748419722388299,0.6977016340561587,-28.804037397637114,VI,25,1,6,34.31968901831604,0.9225050052548989,1.025190225153868,1.0816161001698226,1.012266779700102,1.024708664464375,1.0163693337630821,1.0141349849777908,0.3974519385420535,-2.284836453555692
0.39529,45.3629,0.7932400000000001,0.004422977346755202,0.013504891470061675,0.48489325140429534,25.86843349655763,0.5194375202840081,-10.310990103119694,0.7201506694706954,-12.472350301550565,1.0009266155646495,-7.863672983663862,1.7394946547897767,11.718506255304474,VI,25,1,7,34.17658494359931,0.9186584020666211,1.0265406289765495,1.0052974425265508,0.9652290283966574,1.0168052449290874,1.0175621901645848,1.02369088223358,0.9909185945436503,-2.354285284958772
0.39532,22.48202,0.9754400000000001,0.0072574531511488795,0.013998581762249385,0.06728948030776223,3.8496000578533542,0.5223857798541631,-10.284321517228133,0.7192751336758818,-12.647470528048569,0.9902748293624577,-8.02909702963979,1.4156671073212859,-35.61058873175001,VI,25,1,8,34.04663311095897,0.9151653279892663,1.0266185368893967,1.2362051048082532,1.000514332400291,1.0225764987898152,1.016325071102274,1.0127968404076126,0.806447353238931,-2.1392157589772665
0.39634,28.40909,0.91812,0.00610187576363313,0.01385877002854674,-0.93357775777678,-43.03254966104448,0.5233030943696598,-10.151426840044266,0.7182146699939577,-12.429039716734378,0.9933812377155308,-8.045785284752945,1.8898597408662063,-14.45079122562052,VI,25,1,9,34.1875305046328,0.9189526161206392,1.0292674059261953,1.1635617063341193,0.9905216312979223,1.0243721530777394,1.0148266516846238,1.0159738984037587,1.0765754026016765,-2.214536638994145
0.39485,45.3629,0.7934,0.004422085392664603,0.016242888903238273,0.678848153250166,34.17054943149124,0.5233574107283268,-10.083697752694627,0.7195078931362427,-12.318467168545476,0.9986213959991727,-7.869104858453228,1.8076745031031562,7.900957814974544,VI,25,1,10,34.07004892551811,0.9157947394656173,1.0253979795881267,1.0055002154462274,1.16092068634417,1.0244784780084986,1.0166539567595498,1.0213332346158335,1.0297578512673555,-2.3543728752342474
0.40302,28.40909,0.92054,0.006085834592855118,0.014679840415879997,-0.6388809899989558,-32.573735744554675,0.5310373411849497,-10.090391615305125,0.7293936768491781,-12.39960438662906,1.0062506134208016,-8.150372120822801,1.8357011665700587,-21.58785515103618,VI,25,1,11,33.97043682203633,0.9131171900275421,1.0466149011867971,1.1666286467442275,1.049205625461655,1.0395120350082225,1.0306224221833498,1.0291359647976994,1.045723489273715,-2.215679855524761
0.40489,28.40909,0.91498,0.006122815991723152,0.013896971582946505,-0.4531302428639537,-24.37671783913884,0.5319784205156378,-10.200918029311167,0.7297477278168744,-12.468382153338277,1.005840286132189,-8.200729769655158,1.7761000454715623,-25.061533393165654,VI,25,1,12,33.77003898176319,0.907730544169662,1.0514711610875944,1.1595822877854665,0.9932519937979296,1.0413542092100685,1.0311226909373645,1.0287163053565849,1.0117711807745058,-2.2130487921697
0.40694,28.40909,0.9212599999999999,0.006081078279863286,0.012906894747375275,-0.9451367065739975,-43.3843798887849,0.5330695132505897,-10.154110189265802,0.7303067432453884,-12.397336191631075,1.0118963869513447,-8.218566932909637,1.9463246259669391,-12.737074936383435,VI,25,1,13,33.70502981089783,0.9059831132567897,1.0567948684654738,1.1675411248827718,0.9224886778427448,1.0434900364699022,1.0319125714275021,1.0349101412423054,1.1087411263830174,-2.2160194060111316
0.40784,28.40909,0.9041600000000001,0.006196087170530492,0.013853628713416721,-0.33017257842355235,-18.271806442710137,0.5338746547905157,-10.035460563337624,0.7284084760580306,-12.447007198947558,1.00252539919367,-8.101218390449247,1.6957788380831178,-27.95842553142054,VI,25,1,14,33.71013577575091,0.9061203603667829,1.0591321058508842,1.145869769092338,0.9901541683961558,1.045066110797878,1.0292303481115048,1.0253260273063978,0.9660154909146681,-2.2078824809363833
0.41349,28.40909,0.9010399999999998,0.006217542146971113,0.010249509153215985,-0.7221651765609197,-35.835504851278955,0.5355201972182952,-10.023219733891793,0.7286207300212074,-12.222438797783203,1.0070623046347695,-8.156701773386416,1.8674413457415964,-19.116852007778764,VI,25,1,15,33.74974794052379,0.9071851258503063,1.0738047627704055,1.1419156971586444,0.7325585535754129,1.0482872800549714,1.0295302598060951,1.029966116461175,1.0638045645150902,-2.20638126208779
0.32339,28.40909,0.9170599999999999,0.0061089287245184075,0.018764155509384095,-0.6005374998812395,-30.98639562911317,0.45336508564074324,-11.75434100726304,0.6472342207118462,-13.855237835762063,0.9245390109280632,-8.952809030127705,1.7557070630541574,-22.700420251656766,VI,25,1,16,33.67808405359693,0.9052588177666064,0.8398213311865375,1.1622183357412619,1.3411220394593724,0.8874676528857303,0.9145323320480708,0.9455659796022081,1.0001541370428881,-2.214034941937712
0.33775,28.40909,0.9165399999999999,0.0061123946321020904,0.015929924556995267,-0.8335129981618729,-39.81164572451372,0.46114590195720656,-11.507951382722403,0.6594833140664338,-13.677557716532888,0.9418093253551405,-8.935186385441867,1.8393685981955377,-17.90825928619243,VI,25,1,17,33.54328285512801,0.9016353938994621,0.8771132521359752,1.161559323752313,1.1385523265156883,0.9026986951794868,0.9318401188624408,0.963229076114366,1.047812674303343,-2.2137886143453867
0.33895,28.40909,0.9086400000000001,0.006165537700416941,0.017268365350097792,-0.10193328651334652,-5.820244448224498,0.46455882211317906,-11.38755905207435,0.6614307711126038,-13.679491409929804,0.9388452481031864,-8.897299800229009,1.519265786408936,-33.92133766061294,VI,25,1,18,33.57989324102066,0.9026194722870098,0.8802295686498558,1.1515474108432822,1.2342141027807367,0.9093795277716715,0.9345918467176808,0.9601975862829665,0.8654632617934299,-2.210029042321944
0.34051,28.40909,0.91672,0.006111194449894025,0.016408854536274553,-0.756457694212315,-37.10596369279256,0.46319607542238334,-11.33993357289967,0.6638332635362056,-13.62477261344418,0.9442947331944089,-8.946291222585414,1.8297412359233933,-19.639349887883192,VI,25,1,19,33.41691785253865,0.8982387329531605,0.8842807801179006,1.1617874432869493,1.1727826733196278,0.9067119345990543,0.9379865327966521,0.9657710100624963,1.0423283617959103,-2.213873897400702
0.34229,28.40909,0.90164,0.006213404658296936,0.01564442482494932,-0.7537274255242998,-37.00633535864706,0.46577610035018063,-11.274026572502077,0.6597870161582664,-13.536065843963167,0.9389044516636761,-8.848970490186298,1.804970423146565,-20.133648716629743,VI,25,1,20,33.54878697370695,0.9017833432860629,0.8889033162801567,1.1426760956074318,1.1181469326936706,0.9117623646819596,0.9322692454033491,0.9602581363214275,1.0282174480802915,-2.206670361316455
0.34313,35.93134,0.8284600000000001,0.0053465689675875,0.016002780089788393,-0.7024438517467961,-35.08588710313276,0.4650149829281997,-11.27674977946163,0.6576282954098637,-13.69562605004729,0.9382408549696483,-8.264249268771579,0.5809453878117794,8.516632445259404,VI,25,1,21,33.48888424809694,0.9001731723962813,0.8910847378398732,1.0499328314703573,1.1437594972128482,0.910272468098721,0.9292190050775115,0.9595794473200631,0.3309407048834167,-2.271924826661537
0.34386,28.40909,0.9234600000000001,0.00606659105549439,0.01657130646970456,0.5116700035402931,27.097464036594534,0.46617178924945063,-11.236143028534514,0.6629014646529597,-13.499348823498037,0.9503535819523318,-8.682458972680923,1.7151346932928324,11.480582412648355,VI,25,1,22,33.46613782063033,0.8995617538843473,0.892980497052484,1.170329252528325,1.1843935272249269,0.9125369305006128,0.9366699148267965,0.9719676563838842,0.9770417259121644,-2.2170552795454985
0.34166,45.3629,0.78882,0.0044477606431633275,0.018415044823617832,0.4529000289935365,24.36577356884056,0.4702155433174029,-11.307039727129618,0.6615345577874497,-13.437635014837419,0.9529063663960435,-8.628844762647946,1.6975876094145064,12.741849211234301,VI,25,1,23,33.3055839253036,0.895246103705436,0.8872672501103696,0.9996958406204852,1.3161702085785336,0.9204526281253225,0.9347384957463398,0.9745784992955409,0.9670458735839192,-2.3518585924130493
0.34381,28.40909,0.9223800000000001,0.0060736943300015705,0.016863909738801308,0.5213741327279457,27.53637094967847,0.46627156940446435,-11.135051292428823,0.6626973765264486,-13.449303251485038,0.9515074784018959,-8.74713439010567,1.7242586409772216,11.181110827990981,VI,25,1,24,33.28812477345996,0.8947768058934813,0.8928506505310723,1.1689605353205081,1.2053066289527004,0.9127322513640389,0.936381541338021,0.9731477961224945,0.9822392638242297,-2.216547068547818
0.34256,28.40909,0.89998,0.00622486519267856,0.017697216581166353,-0.45943232245430266,-24.67557933908763,0.46882672509187107,-11.102846527192765,0.6605005702753924,-13.53945109636296,0.9388997818170348,-8.963849326671026,1.7136450132054815,-25.919431566198167,VI,25,1,25,33.26649677962369,0.8941954506091447,0.8896044874957799,1.1405723265657872,1.2648651937583029,0.9177339996073021,0.9332774867631153,0.9602533602675652,0.976193116406862,-2.2058700493261636
0.34536,45.3629,0.77796,0.004509849543087172,0.016884436151931692,-0.13779751404782206,-7.845805835682399,0.46671592566788545,-11.037594464144213,0.6568469285304385,-13.388449513614907,0.9452359338615223,-8.461658517704224,1.3387136188944775,23.17241011036213,VI,25,1,26,33.38786122701813,0.89745769783177,0.8968758926948347,0.9859326286974376,1.2067737040377708,0.9136020841381839,0.9281149452927245,0.9667336166375374,0.7626101144252598,-2.3458379467466446
0.35023,28.40909,0.90332,0.006201848930729807,0.013642107021187011,0.8154824681123263,39.196640528562625,0.4668866896457842,-11.010063128556162,0.6610098556236252,-13.328177449869667,0.9467527020022781,-8.807170709277363,1.8510083620838955,1.8981551287850578,VI,25,1,27,33.38368336771948,0.8973453979763664,0.9095229438803334,1.144805211264036,0.9750361737104297,0.9139363566956947,0.9339970993891057,0.9682848809280551,1.0544433692820898,-2.2074788168393398
0.34793,28.40909,0.90914,0.006162146837788294,0.016397534598077967,-0.9429142573250164,-43.317048006097274,0.4686145353580532,-11.080225459265318,0.6668755734475643,-13.437066503846674,0.9522395434224616,-9.090236820239886,1.9010739882674943,-12.951836381571662,VI,25,1,28,33.28306434129424,0.8946407826911982,0.9035500038953956,1.1521810762172713,1.1719736084729222,0.9173186356302291,0.9422852714742637,0.9738965106387255,1.0829636983306405,-2.2102679570931794
0.34733,28.40909,0.90564,0.006185961503585144,0.01621218411485842,-0.7960159453185714,-38.52034876678507,0.46719245446888963,-11.059114851083573,0.6652491814910638,-13.471094911639966,0.9495408407314837,-9.121244422296526,1.8556625237551159,-18.523509971133805,VI,25,1,29,33.09499665320671,0.8895855683652503,0.9019918456384554,1.1477454185993463,1.1587261368270032,0.914534895044789,0.9399872038177564,0.9711364308330198,1.0570946538544945,-2.2085927870215833
0.34638,28.40909,0.90924,0.006161469112783038,0.01694211787578931,-0.9458177599146648,-43.404983364346094,0.46732894502088024,-11.112341641319807,0.665288611306275,-13.459705732956866,0.9520079746535396,-9.095862945404525,1.9040605729640507,-13.146148708369369,VI,25,1,30,33.05934481065878,0.888627255392791,0.8995247617316332,1.1523078092920693,1.2108963639198407,0.914802076955467,0.9400429175604841,0.9736596752567211,1.0846650328543472,-2.2103157242796136
0.34725,1.07079,1.44212,0.10306576355573968,0.016567499044534584,0.35036710859962034,19.308782402045402,0.46685991998889964,-10.976400414652922,0.6637257717354997,-13.711367836541763,0.9443166850010396,-8.993732930628115,1.1827102484202137,-41.1000732219062,VI,25,1,31,33.00589383624229,0.8871905060268905,0.9017840912041966,1.8276430182749097,1.184121400839783,0.9138839547677202,0.9378346484802333,0.9657934611232903,0.6737414075345726,-0.9868855749501914
0.34502,28.40909,0.9218200000000001,0.006077384062080286,0.018549741565982825,0.294139466370101,16.3906909470968,0.4711445198526326,-10.962169759741307,0.6609440215708446,-13.378036275479545,0.9555523768570294,-8.751631607173252,1.635605792237675,15.583581459344582,VI,25,1,32,32.9772992629416,0.8864218907582926,0.8959929363492352,1.1682508301016403,1.3257973282076974,0.9222711109582937,0.9339040768512191,0.977284688481726,0.9317373803988397,-2.216283317417419
0.3462,28.40909,0.90278,0.0062055585813895415,0.01765140228405082,-0.495755411283035,-26.37016342466323,0.46748180739955975,-10.940046404959396,0.6648638692246721,-13.568382341438886,0.9493084343614324,-9.240452669929441,1.75725927505265,-25.255590149501252,VI,25,1,33,32.93551049820543,0.8852986187900658,0.899057314254551,1.1441208526601274,1.2615907291252821,0.9151013069154219,0.9394427633134171,0.9708987388001625,1.001038368407293,-2.2072191202254023
0.34846,1.07079,1.4242599999999999,0.10435819228160824,0.01479557398080833,0.4081809281534495,22.20434601254477,0.4680916232060035,-11.07915290175147,0.6642275840542384,-13.817515503621747,0.9447550782879819,-9.038250828074249,1.142773301715819,-41.56997548157903,VI,25,1,34,32.89801374425885,0.8842907150419265,0.9049263770223595,1.8050084911160116,1.0574773984467472,0.9162950287514834,0.938543701826643,0.9662418248731364,0.6509909707972628,-0.9814734524629823
0.34655,45.3629,0.77894,0.004504175611138337,0.017646278793665426,0.134194290103062,7.643105435062221,0.46818214776367545,-11.006388891336726,0.6609157266609411,-13.498325270778796,0.9571875866349355,-8.816818443533688,1.547354209125033,18.464344098544913,VI,25,1,35,32.86386624832409,0.8833728385454372,0.8999662399044329,0.9871746128304566,1.2612245402034639,0.9164722316708748,0.933864096564159,0.9789570881503444,0.8814640815051447,-2.3463846853277683
0.34796,28.40909,0.90362,0.006199789929513346,0.01667048890683448,-0.8220217703978705,-39.42094907279371,0.4684131004614501,-11.036110291018062,0.663226555533486,-13.413453205299785,0.9528153130557695,-9.227329681817928,1.9303308668628705,-9.632444545600507,VI,25,1,36,32.81978651196843,0.8821879858098337,0.9036279118082425,1.1451854104884294,1.191482348903883,0.9169243243774229,0.937129263408162,0.9744853751116237,1.0996301393217844,-2.20762302566284
0.34831,28.40909,0.9121600000000001,0.0061417450623869165,0.015818518241921764,0.7031090224882198,35.11139859060089,0.46842231749678476,-10.917128642120435,0.6599382149388203,-13.409264104059991,0.9557789573467207,-9.008363021557555,1.8138203668769308,7.30474078134841,VI,25,1,37,32.77468513363694,0.8809756715830793,0.9045368374581244,1.156008415076167,1.1305898331114257,0.916942366835861,0.9324828870325428,0.9775164221351049,1.0332588972039993,-2.2117082146426172
0.3464,28.40909,0.90034,0.006222376186892562,0.018068370975274306,-0.5710243188057144,-29.727417695021607,0.47049885511968226,-11.015892604693517,0.6638373625127159,-13.503334645092632,0.9500589265948385,-9.279996068704087,1.7946215507817134,-23.943922021857684,VI,25,1,38,32.79736147863905,0.8815852062951848,0.8995767003401978,1.1410285656350596,1.2913925446817927,0.9210072144138726,0.9379923245895254,0.9716662996228823,1.0223221209341844,-2.2060437362435663
0.34948,28.40909,0.91038,0.006153753571153639,0.016725356341633302,0.6545705017963267,33.20757497442976,0.47050935193063775,-10.914348586436526,0.6618626439329549,-13.479413234037462,0.9583850674730299,-9.102747387341312,1.7972117682462276,8.38900625463017,VI,25,1,39,32.7567171520958,0.8804926965509575,0.9075752460591581,1.1537525663447648,1.1954038643709928,0.9210277620486078,0.9352020765925929,0.980181803525622,1.0237976613403774,-2.2108598991888213
0.35052,28.40909,0.8943800000000001,0.006263841069910831,0.015364481553607867,-0.6003535166065636,-30.97864759865016,0.467316532201148,-10.886163964329224,0.6664410675626334,-13.486341322208613,0.9532326416449031,-9.354031798911851,1.8122709829486112,-22.998015025486854,VI,25,1,40,32.69147203121864,0.878738923358388,0.9102760537045212,1.1334752743771073,1.0981386732861733,0.9147777787103167,0.9416713211182436,0.9749121950851843,1.0323762768749105,-2.203159270001257
0.3503,28.40909,0.90996,0.006156593889958735,0.016708330151528783,0.755904639269581,37.08580367653129,0.4706509018142421,-10.96454301297656,0.6630307754813981,-13.347148488997128,0.9587928591758901,-9.204477737725462,1.8447633676610435,5.66992578311848,VI,25,1,41,32.68126906030405,0.8784646699485696,0.9097047290103097,1.1532202874306139,1.1941869591505165,0.9213048476622717,0.9368526291050384,0.9805988697136692,1.0508858526899085,-2.2106594930167476
0.35236,28.40909,0.8932,0.006272116184624776,0.015934331050979855,-0.9351771139810714,-43.081472979629666,0.4703087014515042,-10.686035962248287,0.6627750690674366,-13.299304625486268,0.9522450672821344,-9.23029477770004,1.9170075415632222,-11.796532812464228,VI,25,1,42,32.66244596745636,0.8779587097297255,0.9150544056924714,1.1319798240944923,1.1388672698765296,0.9206349863025104,0.9364913197434557,0.973902160128602,1.0920403886179109,-2.2025859053819605
0.35332,1.07079,1.3403,0.11089547037156108,0.01576317951169537,0.6274882131490492,32.10778659451862,0.4707753241246535,-10.833440837103948,0.6621810596063555,-13.515264427319009,0.9432829983672134,-8.934431834497735,0.9658484572356775,-41.569556411076995,VI,25,1,43,32.82704886584605,0.8823831961393463,0.917547458903576,1.6986034015157279,1.1266346329583892,0.9215484058437126,0.935651993205524,0.9647362651553945,0.5502041602431921,-0.9550861926498612
0.35303,28.40909,0.8906200000000001,0.006290285616881329,0.017829588443709188,-0.6875870679744901,-34.511910352980664,0.4719309355125603,-10.734672967822947,0.6653123433068675,-13.352677327283528,0.9501827594565445,-9.245263744285108,1.830461096907396,-20.709878972499293,VI,25,1,44,32.82063607847807,0.8822108219537457,0.9167943490793882,1.1287101107647077,1.274326148298554,0.9238105291490929,0.9400764505245202,0.9717929488391965,1.0427384370051502,-2.201329634519861
0.35534,28.40909,0.9039600000000001,0.006197458046934432,0.016734871082066616,-0.6785967135053923,-34.16068649600801,0.4755003558710936,-10.765697841366876,0.6689418996118311,-13.313537064433392,0.9653050208580145,-9.41852803027673,1.95311288957269,-8.432595194453496,VI,25,1,45,32.79372694275237,0.8814875108427158,0.9227932583686083,1.1456163029427424,1.1960839071306293,0.9307977127855944,0.9452049596262599,0.9872591387423442,1.1126081210950047,-2.20778640446277
0.35604,28.40909,0.89496,0.006259781639522268,0.01532210696880637,-0.8949021649181889,-41.82543021735008,0.47409164598649955,-10.747371499860911,0.6677459163888945,-13.385402890441819,0.9611892149085874,-9.432835305260728,1.914307379720334,-16.1262746628129,VI,25,1,46,32.57228423888191,0.875535184101391,0.924611109668372,1.1342103262109346,1.095110053662881,0.928040146103743,0.9435150531117995,0.9830497262260286,1.0905022174191505,-2.2034408160554735
0.35388,28.40909,0.9067400000000001,0.006178457083736075,0.01843030320635941,0.3235643827376079,17.929733576366413,0.4756659447353884,-10.636448639994748,0.6647173749404116,-13.409876964469953,0.9679477287799774,-9.124533691536096,1.66899496022036,14.799658299164475,VI,25,1,47,32.50680086351863,0.8737750066854074,0.9190017399433867,1.1491394824221228,1.3172607640991914,0.9311218549954693,0.9392357690675488,0.9899619502792256,0.9507578167763131,-2.2091199656361713
0.35537,28.40909,0.8985199999999999,0.006234979940465266,0.014995317230918348,0.8164386515841441,39.22952896293644,0.47121481871409415,-10.65131748309094,0.6632652281670238,-13.266478275359871,0.9567202919244638,-9.164436033345586,1.8801940578025287,3.0977673126208716,VI,25,1,48,32.48594688021512,0.8732144566184554,0.9228711662814553,1.1387220236737383,1.0717535578412813,0.9224087218320857,0.9371839072644417,0.978479165666331,1.0710692603146676,-2.2051649394202837
0.35415,14.06813,1.09538,0.010328064742292227,0.017825069420120354,-0.037963528655697194,-2.1741059066463997,0.4738416618746319,-10.61093692048529,0.6618451777846138,-13.251308635210174,0.959786006186956,-8.904066350770357,1.4298012661756367,21.478917890325143,VI,25,1,49,32.62446184142216,0.8769377055368238,0.91970291115901,1.3882087547208073,1.2740031621599668,0.927550799173323,0.9351773971846397,0.9816146040583615,0.8144990024857076,-1.9859810483237301
0.35588,1.07079,1.47086,0.10105190088723827,0.017287456303351878,0.2972249292981854,16.553261638936316,0.475148341977789,-10.654938330044097,0.6659232266636932,-13.59807666750772,0.9523576023564165,-9.26768084828675,1.2457223710339467,-40.22564993049723,VI,25,1,50,32.59866528420086,0.8762443002690112,0.9241956007998544,1.864066103971815,1.2355785818882852,0.9301086413207446,0.9409396196262909,0.9740172546097384,0.709636823371397,-0.9954555125586367
0.35573,28.40909,0.8947400000000001,0.006261320803928347,0.017770188736333903,-0.6486806741252636,-32.970695407376084,0.47783381761477206,-10.65473047013715,0.6673581968218346,-13.458182265380742,0.9672155819921121,-9.518818094996883,1.960755333681563,-8.505147254193806,VI,25,1,51,32.49096938272863,0.873349460280789,0.9238060612356194,1.1339315134463794,1.270080699753929,0.9353654924456319,0.9429672111274033,0.9892131521360455,1.1169617073244251,-2.2033340442093543
0.35564,28.40909,0.9024,0.006208171737707059,0.015714091740597513,0.8056097373389363,38.85525697007937,0.47605729180054224,-10.843648496379455,0.6657112853935802,-13.387771046406698,0.9678043444854517,-9.448706029836801,1.8989320173926367,2.915926230410951,VI,25,1,52,32.36156568089293,0.8698711198279301,0.9235723374970785,1.1436392669758955,1.123126204793085,0.9318879216211887,0.9406401497623511,0.9898153049680919,1.0817435055792441,-2.2070362776218273
0.35325,22.48202,0.97486,0.007261771025333549,0.016713252793760458,-0.8081912297350748,-38.94483948348852,0.47481321529932546,-10.978938370182346,0.6663901924603154,-13.506851499162053,0.9644711731997702,-9.62808957812194,1.9045634895853405,-18.240048120814958,VI,25,1,53,32.37904717529384,0.8703410182024628,0.9173656737735996,1.2354700529744254,1.194538792942662,0.9294526267837295,0.9415994353549801,0.9864063267263153,1.0849515237786906,-2.1389574491716674
0.35438,22.48202,0.95958,0.007377404803931578,0.01719916728315235,-0.4631161834380049,-24.849618062745634,0.4740974624120444,-10.79876351613789,0.6643838718471989,-13.531147631698929,0.9554716595899578,-9.595817926836766,1.76816613773371,-25.927162084935674,VI,25,1,54,32.41866831276366,0.8714060248699268,0.9203002051575037,1.2161052391453124,1.2292683404935874,0.9280515318272802,0.9387645341547137,0.9772021354463135,1.0072515596976697,-2.132096385812273
0.35381,28.40909,0.8957799999999999,0.00625405141452907,0.016148533903475315,0.7917931981764316,38.37194171617836,0.4707913308853582,-10.61414918091356,0.6616441077915118,-13.332951745435967,0.9614214900870456,-9.397428334137773,1.8710921816714172,4.426376288204644,VI,25,1,55,32.45002926487437,0.8722489997371015,0.9188199548134105,1.135249537424277,1.1541768939229229,0.9215797392718984,0.9348932882735035,0.983287284083577,1.0658842956591474,-2.203838552745391
0.35327,22.48202,0.9628000000000001,0.007352731721807917,0.017479023568270025,-0.6110129538962464,-31.42547066273887,0.47348932209716715,-10.703205605790071,0.6628222785115548,-13.536055750243449,0.9577053564866413,-9.639195151083289,1.835535226874952,-22.44494637144007,VI,25,1,56,32.40338637886427,0.8709952501538554,0.9174176123821641,1.2201860441538035,1.2492703827738723,0.9268610897862779,0.9365580259861768,0.9794866337414442,1.0456289602511617,-2.1335512797869955
0.35344,14.06813,1.11832,0.010116206056774503,0.015623762014949194,-0.36740993264404465,-20.17383348939618,0.4714740648973909,-10.814612162494196,0.6607671412945518,-13.685290007061498,0.9672677488953344,-9.192501783602125,1.2299826617544103,25.384388116392486,VI,25,1,57,32.22724290634704,0.8662605558810312,0.917859090554964,1.4172813220794365,1.1166701089765323,0.922916199379645,0.9336541476503288,0.9892665054811886,0.7006705580512609,-1.9949823331029672
0.35205,22.48202,0.9741200000000001,0.007267287502316617,0.015924723618314818,-0.7745702545612211,-37.760297988878634,0.4722667602705698,-10.87160643324025,0.6640769281804397,-13.697247190370591,0.9648230665451752,-9.865171924079393,1.9028628151638523,-19.15815789735726,VI,25,1,58,32.1919600279732,0.8653121605770326,0.9142493572597189,1.2345322282209215,1.1381806021667433,0.9244679101852845,0.9383308273166235,0.9867662232498049,1.0839827194751666,-2.1386276582738115
0.35098,22.48202,0.97094,0.007291089152529161,0.017383943444231498,-0.3750220119160619,-20.55715091230656,0.4713636345815416,-10.753058225085708,0.6635694821703915,-13.706770954922428,0.9627230691736594,-9.92112677490177,1.7601263277116748,-27.64665194052538,VI,25,1,59,32.1443822305929,0.8640332808005025,0.9114706417015088,1.2305021164423493,1.2424747638717144,0.9227000306972337,0.9376138136481442,0.9846184652338762,1.0026716104431572,-2.1372075913525386
0.35029,22.48202,0.9646600000000001,0.00733855462210174,0.0183332438363768,-0.5650736569623005,-29.469647198685216,0.47156646187028906,-10.768250584552865,0.6598221859861579,-13.556903895258126,0.9571233459103031,-9.808223952885523,1.819871210341057,-23.600596567612687,VI,25,1,60,32.30144624269487,0.8682551237557855,0.9096787597060274,1.2225432793450437,1.3103236834426906,0.9230970675745475,0.9323189398473233,0.978891386386547,1.0367058139765033,-2.134389468892953
0.34937,22.48202,0.96548,0.007332321852090839,0.018731303129580712,-0.2822698540469764,-15.762773407473716,0.46857141515435247,-10.70009044127232,0.6615983979582435,-13.591551243782604,0.9548414320775823,-9.739153566361411,1.700596796802782,-29.4452649291863,VI,25,1,61,32.26452231201046,0.8672626173594754,0.9072895837120524,1.223582490558386,1.3387739961071963,0.9172342273085866,0.9348287009586201,0.9765575745483224,0.9687600839319062,-2.1347584799456083
0.35215,1.07079,1.34214,0.11074343879103765,0.01695711635458852,0.7394740742152676,36.481965218223884,0.47019111093350663,-10.778024521108073,0.6572010119717446,-13.811825598702084,0.9523424774774597,-9.484465942944638,0.9230530596430899,-40.563175254747435,VI,25,1,62,32.24551267472249,0.8667516428708407,0.9145090503025424,1.7009352900920087,1.2119683434430293,0.9204048014375655,0.9286152599314672,0.9740017857427484,0.525825381545244,-0.9556819949582316
0.35095,22.48202,0.95984,0.007375406423733814,0.016680369971063647,-0.10093284196239384,-5.763506955499471,0.47121394202452316,-10.94518012163409,0.6625798267937606,-13.76804688493382,0.9607043765019684,-9.949469349334425,1.5885539596628662,-33.77886197015278,VI,25,1,63,32.05441742521072,0.8616150484203212,0.9113927337886617,1.2164347451397868,1.1921885737592688,0.9224070057016193,0.9362154453132334,0.9825538610462096,0.9049338856727421,-2.132214042777383
0.35063,28.40909,0.90238,0.006208309333215331,0.016688898320290746,0.47565506693164317,25.438333542469778,0.4710533938678114,-10.872043215044144,0.6584238058324028,-13.62820164208319,0.970145052978578,-9.685767750481485,1.7648736098906883,11.859137858844461,VI,25,1,64,32.0099561231664,0.8604199392905691,0.910561716051627,1.143613920360936,1.192798116624278,0.9220927307379645,0.9303430494784597,0.9922092486450002,1.0053759419406856,-2.207026652194198
0.35088,28.40909,0.9004800000000001,0.006221408777659526,0.016486611059627287,0.10397350103405797,5.935914062464845,0.4692382016912492,-10.812207030776325,0.6602891923495174,-13.544427796733869,0.968789313958778,-9.98887436708475,1.9722494806944495,-4.053021999134171,VI,25,1,65,32.00483749890768,0.8602823518987905,0.9112109486586855,1.1412059919397768,1.1783401303087226,0.9185394700403668,0.9329788128962092,0.9908226757917299,1.1235094503554977,-2.206111262401193
0.35008,28.40909,0.8977799999999999,0.006240119156259719,0.017805471252028138,0.8006109499034956,38.68114631516131,0.4693330464694793,-10.60301127231246,0.6583690525214698,-13.453884209146924,0.965676692939966,-9.68136086339102,1.9182604449826886,1.6944461243866469,VI,25,1,66,32.09425650820502,0.8626859134111837,0.9091334043160983,1.1377841989202342,1.2726024311146311,0.9187251298438901,0.930265683864077,0.9876392638339923,1.0927541161893626,-2.2048071173028325
0.35169,28.40909,0.8914000000000001,0.00628478144055065,0.017000308345641924,-0.5454758648673751,-28.61140107789478,0.47213952575505863,-10.74333756216184,0.6586453324651602,-13.521134228087753,0.9649807373232404,-9.85896282690368,1.968071264634448,-7.605104083392099,VI,25,1,67,32.08527439586003,0.8624444763867518,0.9133144623055548,1.129698628748131,1.2150553851753834,0.9242188470782586,0.9306560633173195,0.9869274799647229,1.121129292431772,-2.201709820732718
0.35288,22.48202,0.97582,0.0072546269821859195,0.01728685553719861,-0.7679778353821843,-37.52346381367081,0.47138559787696427,-10.85832959679483,0.664071737062115,-13.73375083176423,0.9687218540431048,-10.077326256073858,1.9206656912582638,-19.59993274254821,VI,25,1,68,32.07209060737735,0.8620900993159978,0.9164048095151531,1.236686690492485,1.235535643599466,0.922743024114362,0.9383234923436021,0.9907536816222104,1.0941242861133469,-2.1393849131701566
0.35323,28.40909,0.9016400000000001,0.006213404658296936,0.016734986704066812,-0.8530270911192821,-40.465076877512985,0.47272609991778763,-10.638342051732412,0.6631005589667748,-13.613942296819127,0.9728218343605223,-10.10034310937996,1.9906453959751027,-9.944491248612014,VI,25,1,69,31.86251295421428,0.8564567022904792,0.9173137351650349,1.142676095607432,1.1960921709297987,0.9253670731149081,0.9369512321324708,0.9949469085811216,1.133988847038353,-2.206670361316455
0.35531,22.48202,0.9574199999999999,0.007394048695198203,0.013883661694209792,-0.08597128516518467,-4.9137097231619595,0.47317524415485873,-10.689883208930565,0.6632177020583748,-13.801690020682436,0.9677861776930076,-10.193723849017292,1.599212694999043,-33.87647153794454,VI,25,1,70,31.83152439099037,0.8556237371472211,0.9227153504557613,1.2133678047296785,0.9923007021121072,0.9262462784055345,0.9371167535794462,0.9897967250047907,0.9110057290152062,-2.1311176936078895
0.35269,22.48202,0.9761000000000001,0.007252545949960725,0.016763173792392172,-0.7749694473163533,-37.77459062959576,0.4716568326872644,-10.79155640271669,0.6634115342112684,-13.591727413841223,0.9712304068043911,-10.235438030433961,1.933994469678414,-19.04843271485154,VI,25,1,71,31.79246290022874,0.854573773648977,0.9159113927337886,1.237041543101919,1.1981067740043907,0.9232739695446608,0.937390635529966,0.9933192868817747,1.1017171432357937,-2.1395095109567124
0.35676,22.48202,0.94934,0.007456980746367649,0.012231559847466766,0.0024331074872921254,0.13940651502787096,0.4726675125323331,-10.638280208734827,0.6641306117649634,-13.854316632166734,0.9651531617580754,-10.129103934069814,1.5373207226247612,-35.85210762765259,VI,25,1,72,31.81887438623725,0.8552837080550278,0.9264808995767003,1.2031277722860114,0.8742207705644002,0.9252523875974192,0.9384066814234925,0.9871038258816663,0.8757484167206365,-2.127436978239251
0.35515,22.48202,0.9723399999999999,0.007280591255894714,0.015292456094844031,-0.8157966689251522,-39.20745102967521,0.47246054817536876,-10.632764541371104,0.6634510046976191,-13.69960255622788,0.9729501504057683,-10.256835150449632,1.9435000097169906,-18.125892042355368,VI,25,1,73,31.75774631610063,0.8536406001984121,0.9222998415872439,1.2322763794895193,1.0929908300964255,0.9248472523589027,0.9374464067404091,0.9950781429428819,1.1071320586248514,-2.1378333502548634
0.3538,28.40909,0.8974599999999999,0.006242344144704891,0.016984101699833998,-0.9439753253692491,-43.34921302750741,0.47399606228014424,-10.67458954088856,0.6639624023094985,-13.59990758006909,0.9747533494791317,-10.211182773659186,2.00150750391904,-11.694716788530773,VI,25,1,74,31.71533783039643,0.8525006702792766,0.9187939855091282,1.1373786530808812,1.2138970548754746,0.9278530398394541,0.9381690039635312,0.9969223525198376,1.1401765433948496,-2.204652292058652
0.35478,22.48202,0.9612400000000001,0.007364664497687012,0.01620996341213221,-0.1364646751777504,-7.770849355823189,0.47398857822215623,-10.731626284390337,0.6646783798418437,-13.817032862521735,0.9711697810447074,-10.241410187817987,1.6406824358940517,-33.076121809840394,VI,25,1,75,31.67409284914525,0.8513920150806368,0.9213389773287972,1.218209008186957,1.1585674175407707,0.927838389705187,0.9391806695729755,0.9932572822987698,0.934629335590035,-2.1328470329519726
0.35452,22.48202,0.9721399999999999,0.007282089104199667,0.01601911245715726,-0.6644987638562805,-33.60398876027296,0.4724770009651218,-10.769646574156463,0.6640643764155936,-13.638097287090867,0.9747176131270108,-10.34534147927479,1.9102818699450896,-21.34007681815637,VI,25,1,76,31.636868233334,0.8503914263402713,0.9206637754174565,1.2320229133399234,1.1449268131532846,0.9248794588943595,0.9383130918594911,0.9968858034089821,1.088209049988125,-2.1377440113090405
0.35437,14.06813,1.1091199999999999,0.010200118614227552,0.016779965110193307,0.2288796676124362,12.891784357261692,0.47474341603322295,-10.639654972096766,0.660750229927491,-13.64742579900763,0.9808669285316824,-9.928070978784891,1.6670938860182791,16.38112284818852,VI,25,1,77,31.60066823399992,0.8494183790449392,0.9202742358532214,1.4056218791980333,1.199306892302462,0.9293159938739112,0.9336302521400771,1.0031749738774782,0.9496748529561818,-1.9913947779238685
0.3566,28.40909,0.8975400000000001,0.006241787748854479,0.016077906362918226,0.1530908317035241,8.703881318675135,0.4759013570285979,-10.733825227547515,0.663444841121699,-13.486288868397729,0.9788563624375427,-10.26179150001658,2.0039201709345305,-3.7633720262692307,VI,25,1,78,31.61795839137394,0.8498831343261035,0.9260653907081828,1.1374800395407196,1.1491289635118498,0.9315826774141605,0.9374376976992621,1.0011186810916801,1.1415509406092983,-2.2046910035445304
0.35551,28.40909,0.90292,0.006204596394040281,0.01798230716141158,0.7913170634804304,38.35516980693661,0.4756175666075764,-10.56532655986286,0.66326345073184,-13.548325438537667,0.9808310325903343,-10.123378091416297,1.9490978728795625,3.353915075519027,VI,25,1,79,31.59750266391077,0.849333289280572,0.923234736541408,1.1442982789648444,1.28524134445786,0.9310271542236187,0.9371813957749504,1.003138261547827,1.1103209311414928,-2.207286463890007
0.35618,22.48202,0.97046,0.0072946954039905445,0.0174766326354992,-0.4558589402419645,-24.5062945919373,0.4760009440968756,-10.596216954922344,0.6665072690826108,-13.770296552644307,0.9803568717884521,-10.40358357135172,1.8362145133713295,-26.180723752853478,VI,25,1,80,31.51869405305143,0.8472149327320576,0.9249746799283246,1.2298937976833195,1.2490994967122953,0.9317776203079593,0.9417648628818164,1.0026533168155645,1.046015921842811,-2.1369928377154097
0.35795,28.40909,0.89744,0.0062424832591670195,0.014610871599541442,0.6228412569193406,31.91635353570852,0.4764800621523773,-10.702056127318935,0.6633811627849854,-13.505434706936008,0.9847468333918428,-10.288099007422895,1.9907491427037067,-0.47820680263304877,VI,25,1,81,31.49502326329974,0.8465786675837161,0.9295712467862985,1.1373533064659216,1.0442762482999277,0.932715499711642,0.9373477211561313,1.0071431201606493,1.1340479472846308,-2.204642613648002
0.35499,17.79613,1.02118,0.008757744312809245,0.01737887371732111,-0.8940333630951163,-41.79777651072845,0.4749989594315422,-10.625332503740557,0.6630665800792882,-13.928482634368011,0.9779117426496231,-9.900931426349965,0.6767624755046117,12.776671532997517,VI,25,1,82,31.43062269581348,0.8448475957836301,0.9218843327187265,1.2941728132207946,1.242112417562542,0.929816223174975,0.9369032204695841,1.0001525776341103,0.3855237607200106,-2.0576077384264932
0.35779,17.79613,1.0151,0.008810199327509156,0.01575853267572691,0.8867993748431441,41.566591648619564,0.4746985670450932,-10.644556611881919,0.6602397224507213,-13.903202691110105,0.9716757781286207,-9.91015054456949,0.6066198773354371,-16.14994492192113,VI,25,1,83,31.58672448603181,0.8490435744455814,0.9291557379177812,1.2864674422730844,1.126302511743132,0.9292282014357848,0.9329089126646324,0.9937747873717532,0.34556640609172723,-2.0550142657243833
0.35927,22.48202,0.95546,0.007409216609545835,0.014505808161566602,-0.5553534747820765,-29.04575571353697,0.4756896678579838,-10.652520846004155,0.6642291662137088,-13.632168414818866,0.9752084168170129,-10.42477179557553,1.8732571035935595,-23.742445165897287,VI,25,1,84,31.55741179593024,0.8482556563696992,0.9329991949515671,1.2108838364636405,1.0367670964950961,0.9311682932956288,0.9385459373944541,0.9973877695417723,1.0671175626786689,-2.130227708368438
0.35752,14.06813,1.1137000000000001,0.01015817146216401,0.017181950420317005,-0.03723985210942352,-2.132700838701377,0.477000779430869,-10.520911250551622,0.6614650023063477,-13.60051565248741,0.9829451069655745,-9.965230295130258,1.4967594373868027,20.975399282613196,VI,25,1,85,31.5270772007921,0.8474402697316566,0.928454566702158,1.4114262540237754,1.228037807406858,0.9337348100987816,0.9346402148855582,1.005300416723485,0.8526423199871922,-1.993184460886903
0.35884,17.79613,1.0183,0.008782513343174453,0.014860029155985943,-0.9209958767155237,-42.64494376618012,0.477874167932919,-10.705351900772913,0.6620411378799153,-13.786457028244627,0.9833458084665124,-9.968083214008201,0.8519824741836062,22.37863661411491,VI,25,1,86,31.33171625396221,0.8421890143608481,0.9318825148674266,1.2905229006666161,1.0620841741657334,0.9354444786827137,0.9354542858861475,1.0057102314557829,0.4853393907070502,-2.0563811817166786
0.35747,14.06813,1.09606,0.010321657169691497,0.016598344703429357,0.76775207450101,37.51532653970396,0.4768703217252523,-10.65537722960802,0.6647042145231262,-13.589189148684136,0.9895765992781838,-10.414014948100336,1.9518190199790433,4.858572211159617,VI,25,1,87,31.27286599478069,0.8406071335161084,0.9283247201807463,1.3890705396294327,1.1863260187318452,0.933479437558038,0.9392171735935679,1.0120827303421418,1.111871056778234,-1.9862505699690158
0.35745,17.79613,1.0205799999999998,0.008762892999426352,0.01616361689340018,-0.9750655371114152,-44.27670066185414,0.47601447680785597,-10.527907132618822,0.662938596063757,-13.97695076631823,0.9844579948366767,-10.040435936014356,0.7204221268649623,15.90739328467416,VI,25,1,88,31.28581215526498,0.8409551232032881,0.9282727815721816,1.2934124147720072,1.1552549136717498,0.9318041107538082,0.9367223809582557,1.0068477124946296,0.41039486926014745,-2.057352491290059
0.35837,14.06813,1.1002399999999999,0.010282443428172092,0.01664240652559934,0.10252919029806168,5.854034076085213,0.4754369206203898,-10.316735668829722,0.6616368517601652,-13.612063782278137,0.981102899505887,-9.994240009752296,1.5999387120384323,18.701849756281685,VI,25,1,89,31.39976645365355,0.8440181873988193,0.9306619575661568,1.3943679821559831,1.1894752295120132,0.9306735375130923,0.9348830356090793,1.003416311584967,0.9114193110761256,-1.987903671208554
0.35845,14.06813,1.1255600000000001,0.010051135041590017,0.01762491611711614,-0.598024717287149,-30.88046682950208,0.4770896056039655,-10.620987793908956,0.6591635382737548,-13.63864854052066,0.9802733231325521,-9.900691693392156,1.0806527396794672,25.566551609810876,VI,25,1,90,31.36124913485381,0.842982851112328,0.9308697120004155,1.4264567966948019,1.259697695239524,0.933908688409771,0.931388280421189,1.0025678679965024,0.6156034403694888,-1.9977848920280643
0.36097,22.48202,0.9574400000000001,0.007393894240638227,0.0156508841077862,-0.3822136131192258,-20.917536709120938,0.4781661634988808,-10.513680445075703,0.6656333726988635,-13.60071648339338,0.983334499031022,-10.605288366035566,1.8224278681237842,-27.381264734003928,VI,25,1,91,31.28095766863633,0.8408246357676216,0.9374139766795647,1.213393151344638,1.1186085941080257,0.9360160635439762,0.9405300602829707,1.0056986648076245,1.0381622368116141,-2.1311267656963326
0.36019,1.07079,1.5710799999999998,0.09460574823624726,0.016601700769799,0.29169721639649987,16.261817836595764,0.47857436485528954,-10.544170355687903,0.6673772268095299,-14.011493217739233,0.9856077899726007,-10.673215391514962,1.3410075337222904,-40.16167103832431,VI,25,1,92,31.09326368437829,0.8357794665109343,0.9353883709455424,1.9910779915342307,1.186565885352646,0.9368151226492111,0.942994100217116,1.008023657642634,0.7639168634002683,-1.0240824751051842
0.3596,14.06813,1.1143800000000001,0.010151972897406682,0.01576356907572518,0.23171945646813175,13.046297157829654,0.4777618957922843,-10.456279776526257,0.6629841960150673,-13.67230927810808,0.9951481180357336,-10.327826805521672,1.7026396989165304,16.402741055759563,VI,25,1,93,31.00121573397787,0.8333052396925467,0.9338561819928843,1.412288038932401,1.1266624760929178,0.9352247046059502,0.9367868130115659,1.0177809632231605,0.9699238412827964,-1.9934495503422756
0.35787,22.48202,0.9694799999999999,0.007302069255432465,0.01743719802933036,-0.46590802868667375,-24.981189600199876,0.47823458399645186,-10.540096826818473,0.6665068800796489,-13.76939459207568,0.9874810649910168,-10.81376241831359,1.8834512608176681,-25.575310177325115,VI,25,1,94,31.00759647376509,0.8334767524468667,0.9293634923520399,1.2286518135503004,1.2462810048582926,0.9361499974976745,0.9417643132264141,1.0099395369153485,1.0729247549694043,-2.1365540523628006
0.35949,22.48202,0.9592800000000001,0.0073797119733098404,0.016982007951180877,-0.34027502912628094,-18.792157180073698,0.47825657645701464,-10.519574543958559,0.665505146047038,-13.658019948012722,0.9839017954458628,-10.734358605554705,1.8108498977513687,-28.228659457472798,VI,25,1,95,31.1182195236244,0.8364502734813176,0.9335705196457785,1.215725039920919,1.2137474093205556,0.9361930480059183,0.9403488779301654,1.006278863354017,1.0315667430585802,-2.131960588155714
0.36092,22.48202,0.9681,0.007312478154897909,0.01631433627298373,-0.6123133053433485,-31.479690098853588,0.47879249865564205,-10.454821026390894,0.6669541368839772,-13.632476652350347,0.9840900088098351,-10.71063937304518,1.928139637637202,-22.83448364667891,VI,25,1,96,31.14518953483919,0.8371752209108863,0.937284130158153,1.22690289711809,1.166027212037752,0.9372421222086065,0.942396280441987,1.0064713572907522,1.0983818861129324,-2.1359354183075703
0.36375,22.48202,0.9530399999999999,0.007428030409800915,0.014775813781991942,-0.01519300455654261,-0.8704280704557117,0.48021652976183776,-10.210077791111322,0.6680323173353436,-13.752887330634211,0.9859989451648624,-10.741268774660668,1.6055166038811433,-34.99517545015716,VI,25,1,97,31.1190464594697,0.8364725013184028,0.9446334432700548,1.207816896053532,1.056065086652406,0.9400296803675363,0.9439197333914807,1.0084237089527202,0.9145968067528591,-2.129126326959492
0.36223,14.06813,1.1195,0.0101055431508817,0.014983160821977703,0.22702627771204417,12.790838372905192,0.48101986114897816,-10.502038530264883,0.6653271629998182,-13.639363262502282,1.0023412547229933,-10.528624742571514,1.7126020666715833,16.327282823933132,VI,25,1,98,30.86233274310724,0.8295720982251356,0.9406861090191393,1.4187767723620512,1.0708847082976487,0.9416022112994835,0.9400973905303491,1.0251376948025817,0.9755989926418313,-1.9954403391411135
0.36148,17.79613,1.0418,0.008584405199994764,0.0148153280266759,0.9175589732784696,42.53821608434669,0.47982286858185336,-10.604136890571711,0.6676366842004178,-14.067961895525677,0.990371348052335,-10.596549351548429,0.8670732108474096,-37.70028783711094,VI,25,1,99,30.82642149492903,0.8286068124915827,0.938738411197964,1.3203051732441136,1.0588892704741477,0.9392590838339739,0.9433607096533334,1.012895554240631,0.4939359630071425,-2.066289791045772
0.36064,22.48202,0.9690599999999999,0.007305234043048587,0.016319509133014443,-0.33188684696221726,-18.36032667535121,0.48036826935247146,-10.611244351188986,0.6699782384994271,-13.863647138328043,0.9943700770990586,-10.97619587452397,1.8495764395590368,-28.47900363443142,VI,25,1,100,30.71305325744758,0.8255595014726004,0.9365569896382476,1.2281195346361495,1.1663969295340044,0.9403267124562761,0.9466692910681649,1.0169852271517108,1.053627661885737,-2.136365865701444
0.36544,1.07079,1.49466,0.09944281571662004,0.012088116735776866,0.5273236268235414,27.803740650420547,0.4792151658089622,-10.434507006178857,0.665628009015528,-14.014646046301264,0.9850525093471131,-10.69998445966862,1.1569567974217279,-41.722435487429635,VI,25,1,101,30.80376514796829,0.8279978153220303,0.9490222556937699,1.8942285757737058,0.863968525617925,0.9380694982867153,0.9405224814781544,1.0074557481630046,0.6590707252201434,-1.0024265871733498
0.36167,14.06813,1.10346,0.01025243829174783,0.015754242104317195,0.6247482045049721,31.9950076921641,0.48030864952628466,-10.353209113937252,0.6654788997903944,-13.610732009871779,0.9984304106339293,-10.673856229131415,1.9085138181477124,8.951411697872066,VI,25,1,102,30.85673232399154,0.8294215603032156,0.9392318279793284,1.3984487871644746,1.1259958536642984,0.940210005923534,0.9403117923597063,1.021137905633669,1.087201863563428,-1.9891728360013707
0.36407,22.48202,0.96776,0.007315047224267034,0.01311927007871655,-0.9517695674019441,-43.584444596731146,0.4797149785197487,-10.326796118755942,0.666490462370274,-13.68721922496508,0.9940403529151053,-10.982858057807885,2.0530274972369695,-14.172193074472176,VI,25,1,103,30.78593836018667,0.8275186355442828,0.9454644610070896,1.2264720046637774,0.9376676842923998,0.9390478877290723,0.9417411152471339,1.016648003987179,1.1695253656110758,-2.135782865824059
0.36103,22.48202,0.97318,0.007274307015923737,0.013610224400553372,-0.5302773521973305,-27.935994498209418,0.4796493085193231,-10.66153171474111,0.6679493599658651,-13.874083820020894,0.9991035387701819,-11.203905124234522,1.9565613474444854,-24.096105455126683,VI,25,1,104,30.50536061593967,0.8199767731080337,0.9375697925052587,1.2333409373178215,0.9727574415188258,0.9389193379068901,0.9438025158616562,1.021826342852683,1.114572565779128,-2.138208373269243
0.35939,17.79613,1.03966,0.00860207504121977,0.01478566543294324,1.1203913366828648,48.249644219841876,0.4794813651082416,-10.656077231329673,0.6667545708556935,-14.10487053594819,0.9945360720026319,-10.777513029586565,0.7373265853976765,-31.04196240270213,VI,25,1,105,30.47258451906036,0.8190957594890658,0.9333108266029552,1.3175930854434392,1.0567692092658239,0.9385905866431278,0.942114296610781,1.0171549973093257,0.42002464434720166,-2.065396773146085
0.35999,22.48202,0.98504,0.007186723485093665,0.015026758157516695,-0.5112186837615914,-27.07696687076568,0.47967306808478866,-10.568049173924683,0.6671641847233175,-13.735346976549229,1.0025265659707832,-11.132981768939066,2.1072727500577115,-6.805196375755967,VI,25,1,106,30.34654505543989,0.8157078489521296,0.9348689848598954,1.2483714799888477,1.0740007210339428,0.93896584754441,0.9426930749163926,1.0253272206197472,1.2004266561311612,-2.1434690646476646
0.35959,28.40909,0.8877,0.0063109768796968,0.016818677705511764,-0.909104034963098,-42.27410076316173,0.47796344740869023,-10.443459029165552,0.6646820279707579,-13.717967134007333,0.9942263663531912,-11.201980626878914,2.0595706676657577,-15.334199832899799,VI,25,1,107,30.50999430875816,0.8201013256590662,0.9338302126886021,1.1250095049806101,1.2020737801999903,0.935619244339186,0.939185824324898,1.0168382479646898,1.1732527408158808,-2.1999034108628557
0.35927,22.48202,0.98112,0.007215437562945067,0.0162423853378747,-0.9435639140491408,-43.33674562454091,0.4781331149938176,-10.519237759834766,0.6652402529088499,-13.735693514256889,0.9959484791623583,-11.168966407022607,2.078776816795341,-14.451261819002742,VI,25,1,108,30.49050816008248,0.8195775426586765,0.9329991949515671,1.2434035434567716,1.1608846952436347,0.9359513706945514,0.9399745878638209,1.0185995271169357,1.1841936944139144,-2.1417373270222653
0.35901,22.48202,0.9678399999999999,0.007314442574967622,0.015535244871617948,-0.39494057321252957,-21.55107450558858,0.477152072410675,-10.57728842094678,0.6659524243784226,-13.902718553217394,0.9947690324727886,-11.242195026493896,1.8913992906040231,-27.424595259387267,VI,25,1,109,30.39563201067305,0.8170272945295982,0.9323239930402264,1.2265733911236156,1.1103435630399379,0.9340309679414103,0.9409808755631488,1.0173932560442938,1.0774524207967178,-2.135818765347279
0.35934,22.48202,0.9780200000000001,0.007238308114104684,0.014938414411460765,-0.7149602129438042,-35.56325949938797,0.48019259019090166,-10.576379379661565,0.667527246491073,-13.859307533352629,1.000857380894424,-11.363469887742907,2.039537997964179,-20.455713623220124,VI,25,1,110,30.19903753160565,0.8117428821082512,0.9331809800815435,1.239474818138038,1.0676865682427472,0.939982818367125,0.9432060757969359,1.023620072945924,1.1618409524260829,-2.140362934158544
0.35716,14.06813,1.1180400000000001,0.010118739541887642,0.015577913948796207,0.761521596507138,37.29005531290214,0.4782357511469083,-10.542730331818106,0.6663007499765324,-13.76232258394637,1.0068953043112903,-11.245534872032545,2.02279388063598,5.131866688232434,VI,25,1,111,30.21262960289639,0.8121082337229116,0.9275196717479938,1.4169264694700028,1.1133932307842997,0.9361522822088465,0.9414730544550515,1.029795318017196,1.152302517131645,-1.9948735827626212
0.35845,14.06813,1.15164,0.009823517381657515,0.013323093321786439,-0.5320832307232495,-28.016694114719773,0.4775148553504189,-10.629819719545946,0.6640342122524062,-14.080405579397679,1.0060577986435748,-10.888660392734892,1.1965883727241073,25.59885958196482,VI,25,1,112,30.10972405590481,0.8093421573136074,0.9308697120004155,1.4595087826020838,0.9522354511870201,0.934741119945256,0.9382704703453294,1.0289387647968824,0.6816472044234848,-2.0077329820774588
0.35658,17.79613,1.07092,0.008350981714184573,0.015287130352849676,0.2327255594373107,13.100993008854669,0.47873063716587416,-10.474783473653032,0.6682074641305906,-14.139324152683944,0.9987322302507743,-11.431743101295513,1.4486534533893884,-39.71955819888309,VI,25,1,113,30.0740470285674,0.8083831673800501,0.9260134520996182,1.3572098446252507,1.0926101857364097,0.9371210275922208,0.9441672132094233,1.0214465895921518,0.8252383185315981,-2.0782624672718653
0.35736,22.48202,0.9820599999999999,0.0072085311505984,0.014839525635701012,-0.4841839666805924,-25.8355214817009,0.47863451927926176,-10.71314921285445,0.6693382115539341,-13.962575568692577,1.0054771667143851,-11.582626702670334,1.9704364512178898,-25.44103411933388,VI,25,1,114,29.95981610005737,0.805312667433236,0.9280390578336406,1.2445948343598714,1.0606187352907,0.936932875663601,0.9457649425088573,1.0283449274439713,1.122476641995994,-2.1421532204647282
0.35853,14.06813,1.11344,0.010160543502489638,0.016199722626908497,0.7083250942311669,35.310899091718035,0.4788801343680088,-10.613361635351563,0.6668078684722785,-13.821035935010078,1.010437455800032,-11.429100287110197,2.1011834086391454,1.0207858629061546,VI,25,1,115,29.83495524211074,0.8019564375339875,0.9310774664346742,1.4110967480293009,1.1578354825086814,0.9374136701782813,0.9421896053506905,1.0334180293390138,1.1969578086566566,-1.993083060377004
0.35847,22.48202,0.98666,0.007174923582345149,0.01458439961225605,-0.6177747699539258,-31.706726053950042,0.47968123119608747,-10.531965890495497,0.6700935637150037,-13.889300603470286,1.007831428573343,-11.635412394085115,2.0425571859686893,-22.26027054617508,VI,25,1,116,29.85542577375369,0.802506680512319,0.9309216506089801,1.250424555800573,1.0423842278698596,0.9389818269337676,0.946832243883344,1.0307527327335189,1.1635608597140152,-2.1441827200911905
0.35823,22.48202,0.99324,0.007127391266719689,0.014445902087167617,-0.7823175469733915,-38.03669574585093,0.4781207276999156,-10.73344322129746,0.6686949679878174,-13.87783073741104,1.0125203832800942,-11.654934849990948,2.1622934942704646,-8.592840099901258,VI,25,1,117,29.7202432887463,0.7988730077545163,0.930298387306204,1.2587635921222722,1.032485456608143,0.9359271224165233,0.9448560489124269,1.035548329239662,1.2317697122169737,-2.147069399430476
0.35817,22.48202,0.9783999999999999,0.007235496833357179,0.016288189967218092,-0.25124194498663016,-14.103196301619077,0.4799414947928846,-10.630545484143791,0.6696663990473705,-14.107318143296979,1.006058638682117,-11.67505555151492,1.882043766470097,-30.236193207831516,VI,25,1,118,29.60306626331841,0.7957233174295132,0.9301425714805099,1.2399564038222697,1.1641584688963296,0.9394912960805916,0.9462286665582305,1.028939623940583,1.0721229633014144,-2.140531642212232
0.3579,22.48202,0.9769399999999999,0.0072463100106011265,0.015955202446692796,-0.24447794132693207,-13.738079307816031,0.48046171299222784,-10.782778567660543,0.6690426691900386,-14.011620170530078,1.0057109519099414,-11.663410458999863,1.875192917012125,-30.47053763514591,VI,25,1,119,29.59823120422579,0.7955933522013532,0.9294414002648869,1.2381061009302208,1.1403590017464187,0.940509629514246,0.9453473455422213,1.0285840296612274,1.0682203160023092,-2.1398830899794596
0.36004,22.48202,0.9883199999999999,0.007162872451995977,0.0137046095767559,-0.9772621360329573,-44.34114642994936,0.47908343859021646,-10.606573817503126,0.6704655029688515,-13.808899314693123,1.0124026565670923,-11.745300921617938,2.164980044906623,-12.421166709468341,VI,25,1,120,29.49157476958675,0.7927264528321705,0.9349988313813073,1.2525283248422174,0.9795033907271534,0.9378116406586269,0.9473577885197626,1.035427925045367,1.2333001296708141,-2.1449127821776215
0.35896,14.06813,1.1705800000000002,0.009664572739506962,0.014625027658064282,-0.8328241332597398,-39.78834873812921,0.47916528243377743,-10.66988671377331,0.667266215845316,-14.145879113587664,1.0116656069200425,-11.23085006565777,1.0016908853363702,24.736336112810147,VI,25,1,121,29.43611792435327,0.7912357861400501,0.9321941465188147,1.4835120269687987,1.0452880178979447,0.9379718509748791,0.9428372433749764,1.0346741125363323,0.5706221180568438,-2.014817340908686
0.35944,22.48202,0.9918200000000001,0.007137595634043136,0.014346043394880381,-0.8412825145084459,-40.073315246291834,0.4787399285744204,-10.567481629243263,0.6715555397821138,-13.932276584287127,1.0147779211499335,-11.910227858627737,2.143270211915857,-17.796515729562877,VI,25,1,122,29.26906648007581,0.7867454834045338,0.9334406731243668,1.2569639824601428,1.025348301248765,0.9371392156371225,0.9488979943323579,1.0378572107277897,1.2209329303030259,-2.1464480597535953
0.36052,14.06813,1.16928,0.009675317765985958,0.013978923233246066,-0.7148209032475449,-35.557977238795004,0.47963234209861105,-10.597700512891654,0.6677749480488508,-14.038493734257766,1.0159408546530477,-11.3213397925416,1.0786685715035969,25.48758199825912,VI,25,1,123,29.15115968803236,0.7835761771280234,0.9362453579868595,1.4818644969964265,0.9991092872067294,0.9388861259326026,0.9435560744157317,1.0390465930513983,0.6144731413284669,-2.0143347625624894
0.35765,14.06813,1.14654,0.00986721401557038,0.016529866019817874,0.05675125145788623,3.2481230988705825,0.47893040647080426,-10.64640096966681,0.6663259021271765,-13.90637934321059,1.015657838699324,-11.35538430323464,1.6761546459988588,19.735639324576237,VI,25,1,124,29.08010780469557,0.7816663195539645,0.9287921676578285,1.4530453957873928,1.1814316726058711,0.9375120784291294,0.9415085940699982,1.0387571404113662,0.9548363954310211,-2.0058054520375457
0.36176,22.48202,0.9649599999999999,0.007336273111586662,0.012422415729682224,-0.23879718372241943,-13.430552605119027,0.4790014134399444,-10.507513069639995,0.669191687600081,-13.967392723616687,1.004206878474924,-11.744481044447227,1.8757417311716906,-30.57446670508589,VI,25,1,125,29.22587649480059,0.7855845469644624,0.9394655517178695,1.2229234785694372,0.8878617271143288,0.9376510754322891,0.9455579063402956,1.0270457487945843,1.0685329528673693,-2.1345245093108804
0.363,22.48202,0.98136,0.00721367296583992,0.012244930326387793,-0.94426473981505,-43.35798037122752,0.4804168840431463,-10.59682120420586,0.6704335505187943,-13.732062260046405,1.0133402694815987,-11.857843516332002,2.171470520203044,-13.846328978080821,VI,25,1,126,29.21081983659194,0.7851798276048996,0.9426857454488793,1.2437077028362864,0.8751763927851897,0.9404218763027994,0.9473126401828385,1.0363868622708532,1.2369974866249964,-2.141843550449945
0.36063,22.48202,0.9877,0.007167368737224526,0.01485215280631541,-0.9286722229683505,-42.88200459360375,0.48022846111728323,-10.508680099482307,0.6705027521639604,-13.79972291828195,1.0162473449656935,-11.850502503413272,2.2055714582457324,-10.41408080588187,VI,25,1,127,29.13520401886494,0.7831472925696208,0.9365310203339652,1.251742579778471,1.061521231371513,0.9400530361405067,0.9474104210787029,1.0393600539322156,1.2564233891449237,-2.1446402519526075
0.36145,22.48202,0.9919000000000001,0.007137019963460695,0.014150865774020416,-0.9272360960714667,-42.83779199666918,0.4806553267189369,-10.588752553683207,0.6743153262058135,-13.86097920197331,1.0198486161068612,-12.06930706877508,2.2052574972018637,-15.267105697120433,VI,25,1,128,28.89590342627968,0.7767149500649276,0.938660503285117,1.257065368919981,1.0113984590182612,0.9408886307321411,0.9527975315219163,1.0430432294760936,1.2562445384451097,-2.1464830884457204
0.36208,22.48202,0.98696,0.007172742666122907,0.014407224446898903,-0.4538816410890634,-24.412425811295957,0.4803636078489367,-10.597477468332615,0.6744511812532565,-13.999288593567792,1.0175332988056685,-12.14144938292696,2.0608376005551214,-25.72657795627948,VI,25,1,129,28.75198312198091,0.772846406821352,0.9402965694549043,1.2508047550249666,1.0297210670371488,0.940317587506579,0.9529894926843251,1.0406752544678841,1.1739744603995843,-2.1443147499100763
0.35991,22.48202,0.9823000000000001,0.007206769929508972,0.015514913071147385,-0.260212190410919,-14.585603409177658,0.4820087850707985,-10.476150750986259,0.6748107291013358,-14.064816696565744,1.0168808114050993,-12.127221449655933,1.9506362114954157,-30.245096392967,VI,25,1,130,28.74296106703735,0.7726038961494552,0.9346612304256369,1.2448989937393864,1.1088903974178919,0.9435380418686594,0.9534975284486039,1.0400079274207779,1.1111972594101402,-2.1422593422307745
0.36261,22.48202,0.98234,0.0072064764763286274,0.013569266408471559,-0.9143502229537068,-42.438242925801156,0.48120494846262046,-10.417876426085579,0.6706424549223681,-13.8645286600022,1.0147629312983903,-11.99442221466005,2.190605718221006,-15.422912666854128,VI,25,1,131,28.78605504297217,0.7737622518814955,0.9416729425818682,1.2449496869693055,0.9698300693892646,0.9419645219604046,0.9476078189995044,1.0378418799591678,1.2478980222915257,-2.1422770266709557
0.36256,22.48202,0.9735199999999999,0.0072717664780966645,0.014933850650601599,-0.43005900046308077,-23.270557713375652,0.48168202602136523,-10.569117106408159,0.6714470424426967,-13.956503561812806,1.0127305090528242,-12.084694037306685,2.034915572509688,-26.424406738839505,VI,25,1,132,28.82256262987519,0.7747435670568702,0.9415430960604565,1.233771829772134,1.0673603846173776,0.9428984070669414,0.9487446892046887,1.0357632339432847,1.159207746671679,-2.1383600762798234
0.36278,14.06813,1.1195,0.0101055431508817,0.016349276957290437,0.7321544677298955,36.209889902857235,0.48404658939568296,-10.32426910459128,0.6707377525354622,-13.78312836212396,1.0219862276569254,-11.864224224599832,2.107191541186389,6.268092929781221,VI,25,1,133,28.6381253364504,0.7697859368682857,0.9421144207546679,1.4187767723620512,1.1685245118375793,0.94752706854611,0.9477424731101072,1.045229457137073,1.2003803947756497,-1.9954403391411135
0.36211,22.48202,0.99168,0.007138603281055042,0.015062303331940974,-0.7424609928868928,-36.592445679624944,0.4829454415988157,-10.453477343259758,0.6747546909347143,-13.942828347087191,1.0223415422581008,-12.254458918926812,2.1952348549948444,-19.64690108865593,VI,25,1,134,28.4162423995751,0.7638217767694316,0.9403744773677513,1.2567865561554257,1.0765412252838138,0.9453715583806439,0.9534183473522341,1.0455928527266114,1.2505350512086608,-2.146386752743192
0.35934,22.48202,0.9841,0.0071935881533956554,0.01923449574056446,-0.132321483186737,-7.537673752018834,0.4826749416759654,-10.611386067125109,0.6768103014215485,-14.064012306174813,1.0191381943239355,-12.267528889451732,1.877073563799513,-33.5227919807858,VI,25,1,135,28.24440180711366,0.7592027428799625,0.9331809800815435,1.2471801890857477,1.3747384550643778,0.9448420515014399,0.9563228944113178,1.042316650433822,1.069291643164057,-2.1430544299909124
0.35825,22.48202,0.9922399999999999,0.00713457439909363,0.019991859758875907,-0.46691470269224206,-25.028562328381557,0.48289878125164537,-10.558332982878678,0.6768548102494019,-13.981093636274357,1.021557333815605,-12.402657205929712,2.094661213628051,-25.921921140981336,VI,25,1,136,28.2099645099288,0.7582770765954128,0.9303503259147687,1.2574962613742935,1.4288691925944,0.94528022018523,0.9563857847234041,1.044790808880569,1.1932423822850162,-2.146631928875622
0.36289,22.48202,0.98808,0.007164612280135884,0.015865373097427915,-0.9859792529762409,-44.5955062053958,0.48269314804127156,-10.406287713368709,0.6735875619545223,-13.834054020180574,1.019810857146737,-12.190708259656402,2.247959112931005,-12.380685822995252,VI,25,1,137,28.31554263130739,0.761114991162913,0.9424000831017736,1.2522241654627027,1.1339386691058597,0.9448776906823065,0.9517692114538232,1.0430046117566718,1.2805698934708067,-2.144807306893095
0.36366,22.48202,0.98312,0.007200758912194507,0.01498230503234288,-0.9886448825813248,-44.67284594694983,0.4823885331904001,-10.547928850758296,0.6723225904498122,-13.776729825885413,1.019216813345978,-12.16746821399835,2.2492342515073545,-12.315070878263068,VI,25,1,138,28.41683416645301,0.7638376833211059,0.9443997195315137,1.2459382049527288,1.070823542830339,0.9442814034178054,0.9499818255228004,1.0423970575034147,1.281296287497052,-2.1426217294007674
0.36271,22.48202,0.9702600000000001,0.007296199061856268,0.01611417659047537,-0.2925698038112591,-16.30788218744907,0.48277627633292397,-10.418317611460143,0.6719317558605772,-13.997004180401706,1.012444340372905,-12.297715163422106,1.9747567549251648,-29.99118287476694,VI,25,1,139,28.2172602621134,0.7584731846634025,0.9419326356246915,1.229640331533724,1.151721289157881,0.9450404153212736,0.9494295820583788,1.0354705568739984,1.1249377414111754,-2.1369033256820527
0.36487,22.48202,0.97804,0.007238160097497713,0.014012694130795533,-0.42456878113557417,-23.0045616913344,0.4842202975566561,-10.509681423314083,0.677124165617418,-13.996345630468017,1.0230272322029073,-12.503807132147362,2.1055092398093724,-26.470376814847924,VI,25,1,140,27.89985864098951,0.74994150525318,0.9475420053496767,1.2395001647529975,1.0015229793642724,0.9478671043776916,0.9567663798541598,1.0462941374498091,1.199422056840249,-2.1403718151638693
0.35925,1.07079,1.72994,0.08591812371469722,0.019636226535316714,0.34902114750457636,19.240067399419285,0.4834276644465242,-10.582089665429006,0.6770728962193897,-14.170137099037632,1.0168353409747986,-12.364043904782198,1.4684945926017263,-42.37477589827679,VI,25,1,141,27.69998499130378,0.7445689495125016,0.9329472563430026,2.1924061541581126,1.4034511793062086,0.9463155154527216,0.9566939369569194,1.039961422847729,0.8365409998754572,-1.0659152156907359
0.35972,22.48202,0.99626,0.007105785740425856,0.019428044684406176,-0.9267469780925336,-42.82271955245883,0.4840034074459668,-10.560905028304989,0.677174329217405,-13.870683613886824,1.0265076469042926,-12.507289847466954,2.2775218726388293,-15.47644275939973,VI,25,1,142,27.82581704083672,0.7479512848085375,0.9341678136442724,1.2625909309811678,1.3885718915955552,0.9474425393558936,0.9568372602752068,1.0498537078926333,1.297410582356999,-2.1483878918584582
0.36373,14.06813,1.11946,0.010105904237232292,0.013917584499050062,0.48316578453835,25.78824408324885,0.4842633366746564,-10.41966846629739,0.6687075539257437,-13.721794509473494,1.0206087916867677,-11.934563254501452,2.015621992348525,11.763165432312748,VI,25,1,143,27.89720637188042,0.749870212895982,0.94458150466149,1.4187260791321321,0.9947252514710598,0.9479513539730923,0.9448738326556135,1.043820693875527,1.1482169872092274,-1.9954248214192445
0.36474,17.79613,1.0279599999999998,0.008699981844969206,0.01369225287482101,0.30850217696495547,17.14510825158718,0.48504761005435926,-10.318223350676773,0.6689946288265877,-14.179202781309435,1.012491040750221,-11.821215171847495,0.6319591027839732,-6.428311730516425,VI,25,1,144,27.91051548047762,0.7502279585413416,0.9472044043940062,1.3027653156920893,0.9786202257325112,0.949486578624373,0.9452794652228356,1.0355183193669841,0.3600011211390825,-2.060481653661602
0.36569,22.48202,0.9698399999999999,0.007299358762019162,0.01308207209112644,-0.9225262128362558,-42.69234847542294,0.48251416567107497,-10.296636582609208,0.6696975908151644,-13.760706416743323,1.013666588533423,-12.301204071528222,2.240695122774913,-14.950507384787818,VI,25,1,145,27.84268086486986,0.7484045803518042,0.9496714883008284,1.2291080526195728,0.9350090492711923,0.9445273305222122,0.9462727400624249,1.0367206028596807,1.276431896900117,-2.136715290338257
0.36122,14.06813,1.16466,0.009713698038407827,0.019001660167558387,-0.3254240093421432,-18.026131909600135,0.4838860693808157,-10.497232030567325,0.6736571774597889,-13.940334429683052,1.0293948430267195,-12.034203462232806,1.4613921915262627,24.907998372081178,VI,25,1,146,27.46270752101726,0.7381909880497182,0.9380632092866231,1.4760094289407653,1.3580971029730227,0.9472128486704571,0.9518675771278572,1.0528065680721792,0.8324950539611051,-2.0126154012018267
0.35938,11.1448,1.24368,0.011482572655120857,0.01977311000773274,0.16765676610074817,9.5175086460649,0.48298666261008844,-10.554435610402377,0.6723490737948856,-14.065047717346264,1.0134457807726596,-12.452075712041607,1.6324853788647855,-40.03511167942232,VI,25,1,147,27.43227475283047,0.7373729625436859,0.9332848572986728,1.5761539046460347,1.413234590107886,0.945452249010078,0.9500192460956863,1.0364947732255145,0.9299598091798971,-1.9399607979354478
0.36129,1.07079,1.7670000000000001,0.08411612843180719,0.019278066503308988,0.25569987195521937,14.343196958276762,0.48394753668933155,-10.583228388434588,0.6768327741600632,-14.185946227162665,1.0192111226201805,-12.551837375973301,1.5573878522059588,-41.80108066714957,VI,25,1,148,27.35126821539435,0.7351955262562152,0.9382449944165995,2.2393734316782,1.3778525685752958,0.9473331716722618,0.9563546480567581,1.0423912373523452,0.8871798354872144,-1.075120724566272
0.36109,14.06813,1.10456,0.010242228179014323,0.01971566207568909,-0.21895377567910243,-12.35022911367097,0.48237816589547844,-10.358419771493969,0.6708418939075743,-13.695099900788684,1.0199326824488555,-12.347126700728431,2.273494595347828,-4.579808901884424,VI,25,1,149,27.55920127138988,0.7407847169045179,0.9377256083309529,1.399842850987251,1.4091286399228868,0.944261109312277,0.9478896233207305,1.0431292077550844,1.295116408044909,-1.9896055530688024
0.36308,22.48202,0.9655599999999999,0.007331714343755608,0.018271298933009272,-0.31783500444867596,-17.632078235525295,0.4832326633579463,-10.409753816310323,0.6723952012625729,-13.870055332209596,1.012885051747606,-12.496097462497648,2.03466137458795,-29.209993736321376,VI,25,1,150,27.61068518748303,0.7421685922147139,0.9428934998831381,1.2236838770182243,1.3058963232507104,0.9459337984571444,0.9500844235217951,1.0359212914323193,1.1590629405656925,-2.134794464242746
0.3666,14.06813,1.1568200000000002,0.009779529708521688,0.013991720161205035,-0.7663881076122183,-37.46612626219902,0.48493763714037635,-10.2794234647441,0.6685465248873409,-13.865059412846387,1.017817017825188,-11.823804869016065,1.0831027909199953,26.531584543451462,VI,25,1,151,27.59251441284266,0.7416801661527483,0.9520346949905211,1.4660735558766131,1.0000239162778093,0.9492713053116619,0.9446463010182166,1.040965426163673,0.6169991338400832,-2.009682029660747
0.36409,22.48202,0.9766999999999999,0.0072480906130405085,0.01945101532367932,-0.6311340969023336,-32.25742048164227,0.48531699976049153,-10.432418179405815,0.6774640177266326,-13.947418040199462,1.0264644030517733,-12.743251695616108,2.2329853718778305,-21.8203478350233,VI,25,1,152,27.09532685849924,0.7283158840000905,0.9455163996156543,1.237801941550706,1.3902136617553835,0.9500139122408885,0.9572465858322208,1.049809480536853,1.272039968760423,-2.139776385902781
0.36823,14.06813,1.1094,0.0101975442197693,0.01435490824483926,0.6276299882102642,32.11361450048501,0.4861896096086734,-10.314411912105848,0.6724557161332148,-13.656755192664209,1.0289853313395738,-12.35563073234471,2.1314619633689444,9.178297527736234,VI,25,1,153,27.22588997730215,0.7318253893028074,0.9562676915885423,1.4059767318074672,1.0259818946790904,0.9517220566004315,0.9501699301343948,1.0523877427819128,1.2142062565406724,-1.991504402768881
0.3638,14.06813,1.11424,0.010153248454024325,0.019575842715056857,0.7692073557155419,37.567749220936356,0.4850546503911148,-10.26193785071649,0.6739116606390881,-13.721812630461107,1.0287540811642306,-12.42651033789973,2.2147187857334756,4.7805696890141425,VI,25,1,154,27.10728983436709,0.7286374459207112,0.9447632897914665,1.4121106126276837,1.399135393704413,0.9495003601689468,0.9522271580770467,1.0521512332393226,1.2616342455698206,-1.9933949863272826
0.36527,14.06813,1.15978,0.009754570312828347,0.018517423947338685,-0.9874095787038073,-44.63703085660893,0.485225467616522,-10.297823965093015,0.6715585819569665,-13.873942293112224,1.0216849767735467,-12.05860286463545,0.9154149972347578,23.13681203626624,VI,25,1,155,26.99297850615567,0.7255647848492168,0.9485807775209701,1.4698248548906296,1.3234875055991167,0.9498347369591011,0.9489022928801996,1.044921354846871,0.5214742913904911,-2.010791856446564
0.36781,14.06813,1.0937999999999999,0.010342983687522456,0.01621348620219415,0.5979879007381897,30.87891304714186,0.4855841183546601,-10.166274890583026,0.6667636750798449,-13.458691005863582,1.014984654943441,-12.068336973562966,2.0683888758938336,9.688814076224112,VI,25,1,156,27.52707394376926,0.7399211420475409,0.9551769808086842,1.386206372139001,1.1588192003289752,0.9505368001281943,0.9421271607441631,1.0380686463077535,1.1782761115285745,-1.9853541602646843
0.37054,14.06813,1.0916000000000001,0.010363828836031569,0.01420002670463999,0.7531150423646449,36.98395337603508,0.4883628042990489,-10.066571562808067,0.6713162107125713,-13.48875192049614,1.0220723170336727,-12.315921328540986,2.2312511343516204,2.490353384278557,VI,25,1,157,27.17516661099793,0.7304619573884317,0.9622666008777624,1.3834182444934482,1.014912116081126,0.9559761115601456,0.9485598259149728,1.0453175044610856,1.2710520449359115,-1.9844797682239232
0.37068,14.06813,1.1048,0.010240003219960228,0.017537260926115572,0.7634675232195175,37.36055837512071,0.4892128138309243,-10.211123838809916,0.6756117094141344,-13.578730456678658,1.0307148022303654,-12.543427652375598,2.2387292323300527,4.074924039968665,VI,25,1,158,26.84469212582561,0.7215788825296299,0.9626301711377152,1.4001470103667657,1.2534327552338258,0.9576400155264554,0.9546293017231732,1.0541565473620498,1.2753120099310573,-1.9896999067966392
0.36975,14.06813,1.11348,0.010160178501106495,0.018170911855654115,0.5919818546275566,30.624762863645977,0.4881480669645019,-10.142493233354195,0.6756235319857143,-13.542125362283779,1.0321661379244014,-12.446995057653654,2.1312700961829507,9.569153742433022,VI,25,1,159,26.86717896644888,0.7221833234095069,0.9602150258394577,1.41114744125922,1.2987214028632417,0.9555557606237519,0.9546460068410606,1.0556408910631179,1.2140969576924348,-1.9930986619965307
0.36842,14.06813,1.14738,0.009859990201513064,0.017796165075892156,-0.9579517916984792,-43.76972731863938,0.48710342412489627,-10.14133188339444,0.6701502854340589,-13.84785435981576,1.018490245527322,-12.01564967904752,0.9526887483652835,24.34159849709827,VI,25,1,160,26.79925056906384,0.7203574243883006,0.9567611083699068,1.454109953615695,1.2719372949771262,0.9535108595973342,0.9469123908291408,1.0416539652130146,0.5427076150928246,-2.006123516644075
0.36926,22.48202,0.95942,0.007378635114711663,0.01888762533600341,-0.4640961844723772,-24.895834626696995,0.4891656341318671,-10.083211667363766,0.6783600738969282,-13.708576575051623,1.0239528301646477,-12.829363621922566,2.185790808571013,-25.810104178016747,VI,25,1,161,26.74039916650472,0.7187755128098453,0.958942529929623,1.215902466225636,1.3499467427935874,0.957547660693425,0.9585126998800306,1.0472407864641458,1.2451551662039329,-2.132023965679636
0.36906,14.06813,1.0935800000000002,0.010345064428219298,0.018516465355820577,0.27560240044782686,15.408334627971588,0.4887874135177449,-10.195545335166639,0.6755922650300696,-13.470704424946865,1.0272818747346022,-12.574326364874656,2.317099693892639,-1.8351374140165144,VI,25,1,162,26.75406696102184,0.71914289984666,0.9584231438439763,1.385927559374446,1.3234189926190825,0.9568072892547783,0.9546018270975508,1.0506455441355054,1.3199564400886887,-1.985266800239137
0.37386,22.48202,0.95734,0.007394666577972992,0.013700200968716547,-0.6274997219352539,-32.108259710573655,0.4900939246906939,-10.235677780900488,0.6771839057960364,-13.655534686801426,1.0223395888124116,-12.803335430571552,2.2513052181938407,-22.44697777854615,VI,25,1,163,26.68851186403614,0.7173807945706768,0.9708884098994988,1.2132664182698403,0.9791882962694276,0.959364800719269,0.956850791838447,1.0455908548533308,1.2824760320813018,-2.1310814033589054
0.37189,11.1448,1.25414,0.01138680367400825,0.01612222219418097,-0.17185144187735252,-9.751113885281315,0.4917065012157383,-10.166942158504437,0.6798511007576491,-13.717191504160692,1.026293724017215,-12.927784000237446,2.02720869194358,-33.13263586476981,VI,25,1,164,26.56393219576817,0.7140321229825146,0.9657724569558781,1.5894101842698911,1.1522963289695547,0.9625214388219963,0.960619498668546,1.0496349197161605,1.1548174536415425,-1.9435981671897151
0.37237,1.07079,1.72252,0.08628822825801925,0.0172330776089471,0.3533940342344747,19.463104275361516,0.49124451351908294,-10.151673747179492,0.6766527816654572,-13.9041012036081,1.0197870600562755,-12.798572085470928,1.4919287893478188,-43.57184459044969,VI,25,1,165,26.46312618566007,0.7113224816208208,0.9670189835614302,2.1830025600081115,1.2316919979433374,0.9616170923034871,0.9561003213376577,1.0429802734444016,0.8498904983863932,-1.0640484482163628
0.37224,14.06813,1.09488,0.010332781270469878,0.017061255577706047,0.7404831411930289,36.51932400807446,0.4899760572726319,-10.105024902849152,0.6742911023948878,-13.536376920259228,1.0299116488177487,-12.698874423268736,2.2784569358417985,3.0012401545206306,VI,25,1,166,26.22057535036637,0.7048027733720724,0.96668138260576,1.387575089346818,1.2194114392554278,0.9591340738190902,0.9527633036371906,1.0533351276767848,1.2979432494234624,-1.9857827638783
0.36889,14.06813,1.15666,0.009780882504289991,0.02006296432544913,-0.9730564192579502,-44.21763133705396,0.4901750646874094,-10.078871371685098,0.6724138780577612,-13.66673655676485,1.0223883461972019,-12.243650267801032,0.9286841987771005,23.865838349025246,VI,25,1,167,26.44036425572967,0.7107106464063802,0.9579816656711766,1.4658707829569364,1.433951217271176,0.959523633246786,0.950110813555746,1.0456407211367078,0.529033210014845,-2.009621958151838
0.37146,14.06813,1.13232,0.009991129325113096,0.01684183510622017,-0.3141722355654871,-17.441270869880192,0.4911495599300544,-10.027016404630238,0.6724419865131986,-13.593821586585321,1.0273821204709774,-12.294153918016614,1.50485049220531,25.45875893794344,VI,25,1,168,26.16872867779962,0.7034091472549152,0.9646557768717375,1.435023952551137,1.2037288986758048,0.9614312195015065,0.9501505303854173,1.0507480697799576,0.8572514612955913,-2.0003854194872472
0.37232,17.79613,1.0081200000000001,0.008871199199851748,0.018004014446550587,0.9608942046530679,43.85751100063807,0.49310790403943866,-9.879428349088627,0.6746730374861418,-13.739809712920193,1.0183498214351665,-12.349663867333092,0.6414836184864796,-18.33177684398647,VI,25,1,169,26.2372498790385,0.7052509807014598,0.9668891370400186,1.277621473652194,1.286792819476397,0.965264701843539,0.9533029722432655,1.0415103474287033,0.3654268461837951,-2.0520176687053966
0.37492,11.1448,1.2451400000000001,0.011469108662255412,0.01796278199652135,-0.04974654042089849,-2.847919094009313,0.49447510227329644,-10.067917374100812,0.6811356970806923,-13.733906408714546,1.0296112305844862,-13.154048169486272,1.9561223260728438,-35.947881238713585,VI,25,1,170,26.05508555148399,0.7003544472900339,0.9736411561534265,1.5780042075380838,1.2838458311375152,0.967941008965682,0.96243461417613,1.0530278769738208,1.1143224733517878,-1.9404703325874615
0.37435,14.06813,1.10032,0.01028169583158723,0.01752485856876862,0.7601584689019829,37.24058886629815,0.4940798469126872,-10.042679555299156,0.6772143837772833,-13.47298607049587,1.0392764297322887,-12.87967838302963,2.282422302813265,5.467044006549594,VI,25,1,171,25.72758021380276,0.6915511824032983,0.9721609058093333,1.3944693686158216,1.2525463271304704,0.9671672918042146,0.9568938567728617,1.0629128936061298,1.3002021559716348,-1.9879352482240118
0.37578,8.81772,1.27204,0.01418936823605545,0.01690832341076548,-0.8951960559585449,-41.834779279370096,0.49531843803587794,-10.022018299845659,0.6796910316804884,-13.505742778922723,1.037932891492667,-13.199406960490656,2.3959665545178432,-16.58389294053671,VI,25,1,172,25.63925607930375,0.6891770508627514,0.9758745163217077,1.6120954046587082,1.2084809873348124,0.9695918489476693,0.9603933234421133,1.0615387990177299,1.3648836483854236,-1.8480369405328656
0.37592,14.06813,1.1012,0.010273479438260137,0.016748122212077943,0.5489658811888627,28.765283942335643,0.49407903770618966,-9.954415304881389,0.6781426219419322,-13.372950963324989,1.0364600286774999,-12.781096894287728,2.175828264792735,10.776064313858807,VI,25,1,173,25.54456671650906,0.6866318235130549,0.9762380865816603,1.3955846196740427,1.1970309991805244,0.9671657077726827,0.9582054435002735,1.0600324386000712,1.2394799145717028,-1.988282443947357
0.37657,11.1448,1.22552,0.011652723708891498,0.01716650560930799,0.07378555689376609,4.219953842404087,0.494088257211743,-9.948013046834557,0.6789088651907158,-13.620338583741786,1.0231010918939503,-13.088932231413994,1.8376019906382242,-38.938326391006385,VI,25,1,174,25.71046974681814,0.6910912571566815,0.9779260913600124,1.5531391782627433,1.2269339273825686,0.967183755066604,0.9592881338197925,1.0463696769460216,1.0468063106028378,-1.9335725507335422
0.37428,1.07079,1.75854,0.08452079505669664,0.019382086996423853,0.30594949129833904,17.01146451104858,0.49362352229888495,-9.836099431054093,0.6790624301025906,-13.685878148176005,1.0205232826060548,-13.016665174730669,1.5773960997205194,-43.91886415178779,VI,25,1,175,25.6252776904335,0.6888013151242567,0.971979120679357,2.2286518135503006,1.385287178451664,0.9662740308390639,0.9595051187573675,1.0437332400453334,0.8985777115610595,-1.0730364263486387
0.374,1.07079,1.5808000000000002,0.09402403779036138,0.02016604142240863,0.7408245165566124,36.531954623213146,0.4953699832208626,-9.94985457513135,0.6790842213858553,-13.658740970469399,1.0195781929211143,-12.807588547073717,1.1468067119181733,-46.09956285417053,VI,25,1,176,25.54470802337227,0.686635621807629,0.9712519801594515,2.003396446404583,1.4413184002188308,0.9696927492723408,0.9595359095166702,1.042766656003784,0.6532886387768277,-1.026761102303061
0.37608,8.81772,1.26688,0.014247161507792351,0.01954599380536015,-0.9394423862083046,-43.21156391416166,0.49722006950830566,-9.836348189191016,0.6822452272892806,-13.312083498719742,1.0360121321208373,-13.26232343670378,2.43344038023946,-15.67373615294685,VI,25,1,177,25.2239648865289,0.678014123256717,0.9766535954501779,1.6055559779991384,1.397002016019067,0.9733143156151319,0.9640023638665312,1.0595743554458126,1.3862309463572737,-1.846271652448131
0.38054,17.79613,1.01276,0.008830555449814904,0.017181138186259992,1.2190945848234447,50.63862526391172,0.49789074709969694,-9.883980344892564,0.6778157063298268,-13.711594240645507,1.031714464228427,-12.931169280914707,0.7855045472333535,-34.911789587030675,VI,25,1,178,25.13618802195781,0.6756547022005065,0.9882359051601006,1.2835018883228149,1.2279797549677536,0.9746271751332704,0.9577435166003131,1.0551789448653413,0.44746964861825894,-2.0540119780529325
0.38169,8.81772,1.26502,0.014268109572174333,0.01592020147419282,-0.870779518060309,-41.04868074911856,0.5007267242878645,-9.897505409339916,0.6803828022520532,-13.351474147136543,1.0413928833412933,-13.397521728068137,2.435374940630523,-16.921081786967466,VI,25,1,179,25.01645756896891,0.672436376355399,0.9912223751525695,1.6031987428078982,1.1378573929956943,0.9801786348696624,0.9613707849758367,1.0650774821269238,1.3873329858826577,-1.8456335641494979
0.37901,8.81772,1.28552,0.014040578109241376,0.01909949016535778,0.2997803595190586,16.687698148494405,0.4989064577360404,-9.81852997237629,0.6791890729233111,-13.143916708463937,1.0358688391780637,-13.075383373435871,2.400293502500254,-1.4640203638370437,VI,25,1,180,25.14022988239799,0.6757633464392295,0.984262601604903,1.6291790231414598,1.3650892623645505,0.9766154410209552,0.9596840631803668,1.0594278035640616,1.367348532771005,-1.8526150101204155
0.38128,11.1448,1.2331400000000001,0.011580717485217175,0.01739535083881849,-0.3268554180228646,-18.100260711353393,0.4987958877850103,-9.7180917364437,0.6805922344785289,-13.357336356580864,1.027011052981154,-13.387035923566415,2.205250825064236,-29.589149661480196,VI,25,1,181,25.14128817230646,0.6757917930180156,0.9901576336769937,1.5627962385623404,1.2432900794496404,0.9763989990009843,0.9616667095984165,1.0503685630307926,1.2562407376025935,-1.9362645329904602
0.38065,11.1448,1.21726,0.011731795967764247,0.017376620868637338,0.10197790390058398,5.822774536085604,0.4969751636507432,-9.846715096104122,0.6783428758179613,-13.439959022748587,1.0260935306823835,-13.359108533542498,1.8158100720828245,-40.54034208164841,VI,25,1,182,25.01977191739607,0.6725254652457903,0.9885215675072064,1.54267102628444,1.2419514007227561,0.9728349094290959,0.958488399250118,1.0494301733457831,1.0343923504633994,-1.9306354986103944
0.38309,14.06813,1.14106,0.009914601824103959,0.01810013418729639,-0.8686152630122589,-40.97807919634635,0.5016721381237345,-9.787780105117585,0.6772877983181828,-13.387389333237094,1.0415990592246258,-12.85645057608533,1.0827222103854532,26.55127617059271,VI,25,1,183,24.68763636622115,0.6635977413314378,0.9948580777520969,1.44610042328847,1.2936627424354585,0.9820292939179643,0.9569975904277682,1.065288347108054,0.616782332755147,-2.0037247226151913
0.38711,8.81772,1.2605999999999997,0.01431813737188004,0.015214298120563019,-1.0242825624938696,-45.687266513524776,0.5039490249654806,-9.742949009647193,0.6859496614836138,-13.088729722300243,1.0428008496991321,-13.477337810018874,2.503060673360933,-12.535273812704038,VI,25,1,184,24.58034607147848,0.6607138039547744,1.005297738073597,1.5975971409018324,1.0874046803858592,0.9864863275214122,0.9692366743128116,1.066517470134634,1.4258907652717414,-1.8441134751656165
0.38944,11.1448,1.2481,0.011441908468648912,0.015117219008368044,-0.40695522083643976,-22.14412206417813,0.5054115205742123,-9.626951942575037,0.6841834695012265,-13.211176517036046,1.0426328818419766,-13.6140251252537,2.303202124407102,-28.064762108005883,VI,25,1,185,24.43739088848328,0.6568712029402425,1.0113485859713818,1.5817555065521003,1.0804661887031017,0.9893491804104972,0.9667410712980007,1.066345682152174,1.312039566079182,-1.9415015307636472
0.38744,11.1448,1.2204599999999999,0.011701035642069965,0.016721025441563175,0.07036774333885687,4.025139803671209,0.5047980696924684,-9.564082448359649,0.6825934694290233,-13.31583080105803,1.0326656925420272,-13.482952717523698,1.8965220296258867,-39.59229838307143,VI,25,1,186,24.47441796443944,0.6578664818567058,1.006154725114914,1.5467264846779714,1.1950943238999687,0.9881483428704548,0.9644944248330017,1.056151807147563,1.0803706346226594,-1.9317756977639913
0.39154,11.1448,1.21734,0.011731024988680817,0.015858536578062354,-0.14919116045197606,-8.485436923120163,0.5070379547851602,-9.558227003876588,0.6854904517864793,-13.093917843750852,1.0318884427467192,-13.451335747732408,2.092155891501069,-34.59269440783437,VI,25,1,187,24.60284718597749,0.6613186285130062,1.0168021398706728,1.5427724127442783,1.1334500456349148,0.9925329451014262,0.9685878178373958,1.055356880210561,1.1918152032625844,-1.9306640401026847
0.39154,14.06813,1.10412,0.010246309782824387,0.017182371306166566,-0.24760139972628806,-13.906825073153426,0.5076727189735442,-9.487136351562537,0.6824594821560627,-12.928366150571186,1.0424193511470417,-12.906629728691021,1.6315073811292389,25.07075282911859,VI,25,1,188,24.44617935562564,0.6571074348280961,1.0168021398706728,1.3992852254581403,1.2280678891917092,0.9937755036976729,0.9643051028081702,1.0661272950875453,0.9294026840752546,-1.9894325179758372
0.39222,14.06813,1.1252199999999999,0.0100541721240398,0.01709446675529319,-0.7131979166201906,-35.49638649337623,0.5093850722855829,-9.377104216103183,0.6819981776649985,-13.087882506253816,1.047263464792089,-13.06695525355243,1.2498996664589697,27.570115452217642,VI,25,1,189,24.13170565879992,0.6486544573204062,1.0185680525618719,1.4260259042404888,1.2217851268000788,0.9971274560708875,0.9636532864200731,1.0710815793415822,0.7120164568472226,-1.997653684069072
0.39467,8.81772,1.2740799999999997,0.014166648853283923,0.014530245565801181,0.05909293555555083,3.381843028126562,0.5104758093528199,-9.503279621682081,0.6850677290300098,-12.933933746937727,1.049185858468083,-13.626020603471355,2.5014942788582113,-2.4617703392563857,VI,25,1,190,24.00633882170063,0.6452846268229518,1.0249305321110447,1.614680759384584,1.0385137000867037,0.9992625871068563,0.967990516866723,1.0730476943869578,1.4249984547177172,-1.8487328707581998
0.39307,8.81772,1.2535599999999998,0.014398548111771256,0.01691426742955554,-0.93619027825865,-43.112424681145164,0.5108298668918327,-9.548903897962226,0.6869692466540002,-12.970760707096076,1.0476365031809036,-13.827864130372776,2.5233815536356388,-15.566313614676691,VI,25,1,191,23.87775886520302,0.64182842844711,1.0207754434258705,1.588675132436063,1.2089058215139112,0.9999556590329624,0.9706773330013609,1.0714631018142733,1.4374667353767687,-1.8416812981016846
0.39406,14.06813,1.11288,0.010165656276878064,0.017693607155288837,-0.6502852850613351,-33.03535683469702,0.509352608578233,-9.30071981983348,0.6805808932477089,-13.002943470413234,1.0416220280112058,-13.080242954420255,1.2993714117481157,27.844967781883778,VI,25,1,192,23.75883655914815,0.6386318253976615,1.0233464045498222,1.410387042810433,1.2646072188874535,0.9970639079700778,0.9616506846078672,1.065311838278168,0.7401984763645326,-1.992864578833475
0.3945,8.81772,1.2986199999999997,0.01389894193142873,0.01723459250934517,0.5362726444635578,28.203442027323465,0.5101946445088503,-9.324950847232055,0.6811944725697248,-12.75917191341473,1.0441930107950943,-13.36292207883737,2.2402775712867116,11.31030895078665,VI,25,1,193,23.85813853675506,0.6413010387266399,1.024489053938245,1.645781055939979,1.2318002717375096,0.9987122035152329,0.9625176630683734,1.067941293418355,1.2761940349827496,-1.8570182595179878
0.39811,14.06813,1.0910199999999999,0.010369338378225937,0.016927950001476233,-0.2512406442638113,-14.10312620061971,0.515709188849682,-9.199582654493618,0.6831034776155118,-12.750946145120706,1.045190919725342,-13.197615947988384,1.6737273245684638,24.861661991759103,VI,25,1,194,23.94127379310017,0.6435356944675641,1.0338639727841692,1.3826831926596204,1.2098837498171675,1.0095069909346819,0.9652150588187016,1.0689618979834734,0.9534536501988414,-1.984248953143485
0.39974,11.1448,1.2193,0.0117121676041341,0.016053452437537363,-0.11924512803937382,-6.800132608181741,0.5156024368052798,-9.344052662062094,0.6950054014483215,-12.989422282635118,1.045440032750917,-14.11526717436986,2.1511161573433224,-35.77817012775233,VI,25,1,195,23.7094209435586,0.6373035455086805,1.0380969693821902,1.5452563810103164,1.1473811791117914,1.0092980225132333,0.9820323002598396,1.0692166766345366,1.2254024428677481,-1.9313627213753553
0.4021,8.81772,1.2426199999999998,0.014525312622516922,0.01537720247494373,-0.9404095636870109,-43.24098591670634,0.5183962009467354,-9.375246774254382,0.6917665329058533,-12.801122155256447,1.0524118533892028,-14.010647074476864,2.577703974980451,-16.36300640480342,VI,25,1,196,23.36920865788649,0.6281587209091849,1.044225725192822,1.5748105340531773,1.0990478699700967,1.014766849698789,0.9774558271585212,1.0763470587314847,1.468411985632634,-1.8378745116899247
0.40258,8.81772,1.2514000000000003,0.014423400967709742,0.016249175359598578,-1.051690143259364,-46.443200711414356,0.5193506625865293,-9.164921068086255,0.6935509438955457,-12.669652422832723,1.0548291513082282,-13.973096381533407,2.613638340851102,-10.596601732210535,VI,25,1,197,23.16276981665337,0.6226096943951352,1.0454722517983743,1.58593769802043,1.161369995409568,1.0166352199329904,0.9799771733598095,1.0788193337223466,1.4888823166142868,-1.840932323017523
0.4018,6.97545,1.4037200000000003,0.01625426791641947,0.016395474041290825,-1.0151193978005157,-45.429880943348934,0.5190965220236565,-9.247402039648321,0.6913889732403657,-12.965573153121674,1.05154291533665,-13.548726238333552,1.0180891337420195,25.34353143337554,VI,25,1,198,22.97566076485146,0.617580247982505,1.043446646064352,1.7789775175525315,1.171826335225298,1.0161377366993245,0.976922340964009,1.075458358253556,0.5799635260447099,-1.7890325861198157
0.41209,11.1448,1.2239,0.011668147691576687,0.014843302404985437,-0.5433677495832239,-28.518230326809945,0.5270931666298886,-9.129003450280985,0.7034810479607081,-12.604875715040372,1.056793380218236,-14.281356952213764,2.5187668760193445,-24.691276733805374,VI,25,1,199,22.63580666325588,0.6084450512850346,1.070169060170878,1.5510861024510179,1.0608886706215366,1.031791265487551,0.9940082627824377,1.0808282354685155,1.4348379432472735,-1.9329980823587696
0.40858,8.81772,1.2308400000000002,0.014664330027454398,0.0171242808893739,-0.8530763141094393,-40.46670926400946,0.5270503636242831,-9.004625787950937,0.7025737291837046,-12.52027596380681,1.0561558647900313,-14.342135920162917,2.6218133567079125,-18.18846194674467,VI,25,1,200,22.62654449600556,0.6081960864519509,1.0610538343677771,1.5598813778419895,1.2239160189834781,1.0317074780850264,0.9927262348387802,1.0801762209042227,1.4935392870745852,-1.8337377739399023
0.41325,1.07079,1.85938,0.07993696766610553,0.01557698956737974,0.31746470635985863,17.612806285356957,0.5283807792361231,-9.076061811965749,0.7036349173842547,-12.827778879470904,1.0508198204076944,-14.375481496399194,1.7488968482114444,-46.01644029461792,VI,25,1,201,22.24796851848855,0.598020055021645,1.0731814994676292,2.3564494461764633,1.1133271628874593,1.0343117827785242,0.9942256779904781,1.074718817837455,0.9962746376136145,-1.097252330317289
0.41533,8.81772,1.2278600000000002,0.014699920162715594,0.015127712594071585,-0.7296282392179548,-36.115546240527436,0.52780647061065,-8.97855187467089,0.7072466573035333,-12.456751411300585,1.0617993845592124,-14.680764275459627,2.657471070664788,-20.53526901878114,VI,25,1,202,21.89908360728029,0.5886421123288729,1.0785831147583556,1.5561047322130135,1.08121619203008,1.0331875666797914,0.9993290128041044,1.0859480923297382,1.513852020834067,-1.8326850239583699
0.41547,6.97545,1.3475799999999998,0.016931418512916744,0.015368809083356694,-0.2371902753330287,-13.34341889299313,0.528711603057894,-8.816092372350857,0.7025123556179611,-12.438329120512659,1.064930761720687,-14.203318142430117,1.8191246597917419,24.602917558754193,VI,25,1,203,21.52535677656426,0.5785964248009471,1.0789466850183083,1.707829569361012,1.0984479728717402,1.0349593744213845,0.9926395149027673,1.0891506870047012,1.0362805348191075,-1.771306655209132
0.41465,8.81772,1.27502,0.014156204585804123,0.01847287170682499,0.6041515645946864,31.138338532389184,0.5306313417019878,-8.766221542725788,0.7064303644706337,-12.305805660453409,1.0682842630364142,-14.772699562618579,2.6715736827612533,2.124108611092941,VI,25,1,204,21.17509916940563,0.5691815843704293,1.0768172020671567,1.6158720502876844,1.3203032433694453,1.038717286096961,0.9981756031662691,1.0925804576463098,1.5218856991897574,-1.8490531695550252
0.41766,6.97545,1.3993800000000003,0.016304678471634824,0.01764242466619753,-1.0088125538410513,-45.25135192518065,0.5333191540352917,-8.815620101424312,0.7023581202878904,-12.538492024013909,1.0631461799376616,-14.432098574527362,1.1372171191127294,26.884024844160347,VI,25,1,205,20.90387068308257,0.561891027743672,1.0846339626561403,1.7734773021063044,1.2609490758860054,1.0439787113332322,0.9924215826742477,1.087325518134701,0.6478258419818788,-1.7876877610635804
0.41835,8.81772,1.2167400000000002,0.014834265308111817,0.016736735281670356,-0.6469629461321895,-32.90137059758321,0.5338775445317778,-8.791513228419804,0.707735959214647,-12.273002208681428,1.062703197921737,-15.293663159802161,2.7314819158732813,-22.686416976591897,VI,25,1,206,20.72245555297472,0.5570146325798304,1.0864258446516217,1.5420120142954912,1.1962171462296807,1.0450717675014412,1.0000203891305202,1.0868724612935263,1.5560129567777599,-1.8287339579776827
0.41791,11.1448,1.1995999999999998,0.01190450646859012,0.01681950812316274,-0.1900125330058632,-10.758660155362458,0.5337699902712417,-8.887536791163468,0.7062115695599265,-12.50247033863515,1.059756059029571,-15.491942091765043,2.471455746245454,-34.48277872761482,VI,25,1,207,20.50199729179002,0.551088767421666,1.085283195263199,1.5202899652751374,1.2021331322669204,1.0448612287321821,0.9978664492100564,1.0838582950542917,1.4078867375665172,-1.9242886046615253
0.41775,4.36941,1.64174,0.022186712397159716,0.016834797688603076,-0.5432949731082192,-28.51501093521539,0.5344482231649372,-8.710447561922491,0.7073495922666901,-12.434004511760758,1.0618031293617334,-15.607072686679752,2.739324032748223,-25.212925338950647,VI,25,1,208,20.23810550940107,0.5439954196360984,1.0848676863946813,2.0806275821863993,1.2032259164945684,1.0461888778462007,0.9994744583768084,1.0859519223010237,1.5604802883735005,-1.6539070462831345
0.41778,1.07079,2.10134,0.07073257965821966,0.016103525159523513,0.09130644873526135,5.2170084098475265,0.5333785706325385,-8.775727527261976,0.705302906559933,-12.560898999776022,1.0546759461940232,-15.767487536701491,2.1748208078166704,-42.644953648118964,VI,25,1,209,20.01322056607057,0.5379505663241079,1.0849455943075283,2.663092793957367,1.1509600042285286,1.0440950200428598,0.9965825218992973,1.0786626442347416,1.238906007748801,-1.150380502656982
0.41687,8.81772,1.2098999999999998,0.014918128746997253,0.015858110424816718,-0.8520015098452243,-40.431047378059986,0.5306713741756655,-8.897774317267977,0.7043880066705857,-12.341017068552738,1.0606203147933704,-15.798515902705574,2.8874927575476446,-18.613783925931752,VI,25,1,210,19.81331369649931,0.5325771176408782,1.0825823876178358,1.533343471979317,1.1334195873758355,1.0387956501496398,0.9952897819565991,1.0847422067532728,1.6448859197040042,-1.8262856491033015
0.41883,8.81772,1.2397199999999997,0.014559290784202867,0.014938307873309853,0.6672179845321972,33.711930706488644,0.5319059908499043,-8.656224253180437,0.6982572633857173,-12.052034839938761,1.0573012464800673,-15.589789729161563,2.751598040253554,2.986752777827282,VI,25,1,211,19.87384448322974,0.5342041706628632,1.0876723712571739,1.571135274884039,1.0676789536894484,1.0412124272610748,0.9866271328350302,1.08134765223049,1.5674722858672039,-1.836859779968651
0.41939,1.07079,1.9224800000000002,0.07731326148464655,0.01871026213642879,0.3937945174918979,21.49424829259203,0.534677363962233,-8.68919544098955,0.7023896677360423,-12.42491849882048,1.0449630754032848,-15.793236537528363,1.774665588927041,-48.93451137940656,VI,25,1,212,19.81227358988485,0.5325491598246717,1.089126652296985,2.436418016373914,1.3372701426759004,1.046637423735589,0.9924661587495004,1.0687288717541459,1.0109540298513242,-1.1117460054914583
0.42452,8.81772,1.2104,0.01491196626816918,0.017413798367303057,-0.9786285880725292,-44.381165268585704,0.5406005312885444,-8.480372014397235,0.7073826199309763,-11.876599679884874,1.061887992839717,-15.758205837518082,2.9303269938408145,-8.10954975956048,VI,25,1,213,19.58770741245779,0.5265128748636727,1.1024489053938245,1.5339771373533067,1.2446085713482944,1.0582320956042925,0.9995211259754537,1.086038715845421,1.6692868232130225,-1.8264650873911505
0.42794,8.81772,1.2155399999999998,0.014848909925623158,0.01581426782661549,-0.8205655845537235,-39.371123962443896,0.542998027988737,-8.565187689578426,0.7127136518385867,-12.01435921308864,1.0662760956614186,-15.880277373353572,2.9880010989791845,-6.727918818870399,VI,25,1,214,19.15142972317422,0.5147858352675289,1.111330407458384,1.5404912173979166,1.1302860450916958,1.0629252244682281,1.0070537948095082,1.090526618134187,1.7021413899390025,-1.828305427199509
0.42784,4.36941,1.6338400000000002,0.02229399036069198,0.0159143968273025,-0.4419107794990288,-23.841152038983918,0.5422151589001067,-8.646685056494148,0.714247700627854,-12.172279029422265,1.0605903529093814,-16.16982973540891,2.8127243214624444,-28.569228299003385,VI,25,1,215,18.90305070742499,0.5081094669267008,1.1110707144155607,2.0706156692773687,1.1374425200816434,1.0613927487337513,1.0092213829434933,1.0847115634403894,1.6022934153822663,-1.6518121909846537
0.4272,3.45686,1.6844000000000001,0.027333365425221853,0.016186332116573054,-1.0694331339569625,-46.92165365758266,0.5430582581361674,-8.398192128084776,0.7124964714871495,-12.056739859127893,1.0628109864461492,-16.105349583920678,3.034775855736497,-10.934134805356463,VI,25,1,216,18.72801723781161,0.5034046092655693,1.1094086789414912,2.134691911895167,1.1568784285916272,1.0630431257122057,1.0067469222015417,1.0869827012730955,1.728787045962406,-1.5633068924339244
0.42647,4.36941,1.6485800000000002,0.022094659167837163,0.014697494804791378,-0.6200907834822907,-31.802669902384075,0.5391802345295693,-8.621873879613219,0.7094472068120667,-11.982775763532839,1.0552362369607022,-16.341271222123645,2.914051364644178,-24.082281795746958,VI,25,1,217,18.53345787665942,0.49817490032542405,1.1075129197288804,2.089296124502573,1.050467429652651,1.0554518474753318,1.002438356546178,1.079235677802168,1.660015266347679,-1.655712693475721
0.42668,4.36941,1.5737,0.02314597014101353,0.015594659477389139,-0.09970636853799167,-5.693935382890333,0.540643340201831,-8.595420466007972,0.7107876550247962,-12.126212757360516,1.0497665665070404,-16.374612196740614,2.51818474237965,-38.329393422975514,VI,25,1,218,18.64136433824327,0.5010754001189194,1.1080582751188095,1.994398398093935,1.1145900764109067,1.0583158945711746,1.0043323899435916,1.0736416095806156,1.4345063256441415,-1.6355246114653585
0.42658,1.07079,1.9490000000000003,0.07626126164135623,0.017333969672645944,0.4408749837210214,23.79148234504545,0.5415010530186511,-8.528662175074544,0.7092030705050469,-12.365469531998839,1.0420032263028471,-16.234196776367295,1.7896494871172839,-50.792419013023874,VI,25,1,219,18.53252695365309,0.49814987733840377,1.1077985820759861,2.470027627810307,1.2389030109924133,1.0599948778111776,1.0020933955737021,1.0657017062359266,1.0194897406651382,-1.1176960141771293
0.42777,4.36941,1.6461999999999999,0.022126602606556304,0.014246085361641958,-0.5187355304088228,-27.4173737989399,0.5420693518376524,-8.503634312912142,0.7130258267816719,-11.980532498022654,1.054407721680549,-16.561642798916953,2.9170766730212443,-26.554786373551213,VI,25,1,220,18.38799841978968,0.4942649850300851,1.1108889292855844,2.086279877322384,1.0182040457383041,1.0611073296408635,1.0074948933632786,1.0783883194395314,1.661738660160249,-1.65508526399836
0.42755,4.36941,1.6092000000000002,0.022635354965767455,0.014091994975773348,-0.20484076988145547,-11.57637067725008,0.540678050298005,-8.615729323763288,0.7137936101561819,-12.161149837099114,1.0531577761786288,-16.731689611943036,2.7185695511448613,-35.24318048721891,VI,25,1,221,17.95049196417575,0.4825049164898432,1.110317604591373,2.039388639647176,1.0071908129576526,1.058383840005348,1.0085797598575534,1.0771099461864806,1.548657313416805,-1.6452126905451236
0.42675,3.45686,1.6408200000000002,0.028059336625738167,0.01564941691572619,-0.7193999247731989,-35.73123738479401,0.5416113229829256,-8.51363221987271,0.7129218213794526,-12.059266027985528,1.0569629005649246,-16.7563588148058,3.0759629082274857,-21.023290838185314,VI,25,1,222,17.80140141123494,0.47849739820345333,1.1082400602487859,2.0794616378982593,1.1185037301504224,1.0602107326034367,1.0073479352760923,1.0810016112490768,1.7522496165747303,-1.551922600705625
0.42625,4.36941,1.6793,0.021690474132622515,0.014833943727493137,-0.6664635376494675,-33.68200939222645,0.5418911285237801,-8.447198936071672,0.7130692510770502,-12.04600196413575,1.0551189356675295,-16.74001365649499,3.07729427280153,-22.965337813184263,VI,25,1,223,17.62068581369231,0.47363980630710095,1.106941595034669,2.128228525080476,1.0602197820782266,1.0607584553427287,1.0075562512471001,1.0791157087031071,1.7530080402404222,-1.6637309546279875
0.42521,3.45686,1.63324,0.02818956229472931,0.016749600506914764,-0.754041384423257,-37.01780512951289,0.5401583137868615,-8.383223737722059,0.7088775419895003,-11.850879550427159,1.0518198777601613,-16.799427598075397,3.075785914635378,-20.614554018871768,VI,25,1,224,17.6972283308864,0.4756972508016787,1.1042407873893056,2.0698552708285813,1.1971366566818966,1.057366449482186,1.0016334286205586,1.0757416196867728,1.752148790601479,-1.5499116674579316
0.42922,4.36941,1.6569600000000002,0.021982916431846865,0.01489868613719264,-0.6514639222760572,-33.082792314010355,0.5436650500702692,-8.435673877849014,0.7116479089808856,-11.77572142729726,1.050581209297926,-16.792389584571655,3.0532290435246923,-23.67710889982827,VI,25,1,225,17.56012058138655,0.4720118273963167,1.1146544784065233,2.099916356170634,1.0648470871808884,1.0642309282814888,1.0055479159949656,1.074474779949291,1.7392990684383465,-1.6579146910646592
0.42859,3.45686,1.6999,0.027084134785718986,0.015694006808394112,-1.0690555539685702,-46.91155992045851,0.5425399140431459,-8.30847502821694,0.7108265195632248,-11.713821696597865,1.0554566766916837,-16.782616947066252,3.171593197435484,-11.057155674822274,VI,25,1,226,17.3907836291737,0.4674600907559412,1.1130184122367361,2.154335538488835,1.1216906834755624,1.0620284608644026,1.004387304958629,1.0794611310363798,1.8067262609937642,-1.567285033578337
0.42912,2.73547,1.7461000000000002,0.03332107952494702,0.017342324250938956,0.6483681760673862,32.95809156225024,0.5447994224304582,-8.417524056794095,0.7097544302245672,-11.76156057360534,1.0636039060599976,-16.71520313973773,3.0439693455304573,4.343018659762429,VI,25,1,227,17.00359005048073,0.45705242027395654,1.1143947853637,2.2128862190454472,1.239500134005679,1.0664514759325558,1.0028724586608417,1.087793654410337,1.734024199155431,-1.4772809369131203
0.4256,1.70952,1.95166,0.047702570757289224,0.018745342603517567,-0.8168562774545338,-39.243883760545515,0.5434937080828188,-8.402866831525976,0.704622268058481,-12.184256886525434,1.0495547443461635,-16.261615148679862,0.8441448413807592,18.35150402932479,VI,25,1,228,16.80653015568288,0.4517554975894589,1.105253590256317,2.473398727599929,1.3397774331075833,1.0638955242632715,0.9956207898151532,1.0734249699075638,0.4808746135028426,-1.3214582156009649
0.42609,3.45686,1.6633799999999996,0.027678774977602058,0.019734074795766665,-0.7827321184069643,-38.05142782359098,0.5444189899609412,-8.354443597824064,0.7110861286772115,-11.831190338206591,1.0543989879736912,-17.138849684798064,3.2178060150633803,-20.00565237783891,VI,25,1,229,16.64711750592802,0.4474705238176593,1.1065260861661517,2.108052619572656,1.4104446439759382,1.0657067747601516,1.0047541287773294,1.0783793871002976,1.8330518033963483,-1.5578531350332236
0.42729,4.36941,1.6614200000000001,0.02192390437752825,0.018796751062147343,-0.5446941276645388,-28.57687048450206,0.5435634497460138,-8.3862557766914,0.7109766740260629,-11.875473844204214,1.0507976412271303,-17.241961151351155,3.107334568065175,-26.153911326474663,VI,25,1,230,16.52822515000069,0.4442747258204521,1.1096424026800322,2.1055686513066183,1.3434517267281274,1.0640320444146998,1.004599470982415,1.0746961342315182,1.770120761501371,-1.6590821007980854
0.43058,2.73547,1.75462,0.03315928061831622,0.015379116418500649,0.6824520717683206,34.311663036408596,0.543867716055527,-8.377990386986198,0.7077185080128793,-11.63198103896155,1.0543722791355095,-16.786446890825687,2.996536209829922,7.08523220072124,VI,25,1,231,16.6378017750155,0.44722011920618915,1.1181863037889215,2.2236838770182246,1.0991846643963197,1.0646276494052656,0.9999957308418529,1.0783520708178684,1.7070034917139052,-1.4793948999216615
0.43122,1.07079,1.9911000000000003,0.07464878656973696,0.01710357857199646,0.5420312778575556,28.459077880237455,0.5462216750848273,-8.379623029975939,0.7092806125972348,-12.106913910521829,1.0377191505743328,-17.02052777959387,1.7683822137284995,-53.61956172126708,VI,25,1,232,16.52282197319708,0.4441294897245496,1.119848339262991,2.5233822523002063,1.2224363715733464,1.0692355527504687,1.0022029613972188,1.0613201969485506,1.0073746493090587,-1.1269772474212132
0.43148,1.07079,2.2462999999999997,0.06616800914348188,0.018779326713704192,0.16817229555227867,9.546236322137627,0.5461981873615721,-7.820584985867352,0.7130565904626975,-11.986109257587243,1.0433883382226323,-17.270598238060302,2.3607721711356295,-46.94076814855841,VI,25,1,233,16.34490208810086,0.4393470459078808,1.1205235411743317,2.846805059184346,1.3422063641159576,1.0691895752473721,1.0075383619872333,1.0671183200227,1.3448348550068958,-1.1793519321692687
0.43577,1.70952,2.0638,0.045110572363684015,0.015941817497208743,0.7070727700071827,35.26309053056963,0.5484670555263205,-8.32757148825591,0.7101051114579165,-12.053038264922737,1.0444708632313164,-16.54829479769161,0.6808923735343828,-7.168109622059858,VI,25,1,234,15.95247950649811,0.42879882108246403,1.131664372711455,2.6155171976782507,1.1394023452775925,1.0736309121933583,1.003367966030319,1.068225465106013,0.387876393848259,-1.3457216625318031
0.43102,1.07079,2.318,0.06412131101768909,0.01957106141734033,0.14557812392750105,8.282826530804282,0.5496673173386771,-8.393469481197956,0.7154079580401255,-11.955862751249702,1.0457418687308195,-17.466142391778117,2.4774243948451065,-46.31656095896909,VI,25,1,235,15.87147956691234,0.42662156214362756,1.1193289531773443,2.9376726738144128,1.3987936621651684,1.0759804392460537,1.0108608094185856,1.0695253773282254,1.4112868313037452,-1.192997606687085
0.43375,1.07079,2.3600399999999997,0.06297910159955057,0.01676560263336835,0.047014191455223765,2.691732705583974,0.5500781386645165,-8.27530730977596,0.7155056011825748,-12.07696273005025,1.0443712566848642,-17.51523675669133,2.6331195515374985,-43.653755663119895,VI,25,1,236,15.73522907735909,0.422959181679917,1.1264185732464227,2.990951258459433,1.1982803694620632,1.0767846269732202,1.0109987777272984,1.0681235931887032,1.4999799614735094,-1.2008035388906564
0.43221,3.45686,1.63274,0.028198194888496453,0.017746511768533924,-0.6917907965032049,-34.675128306923966,0.5471629389788472,-8.213939523095183,0.712101294025452,-11.680484990124235,1.045640769078096,-17.42353236916026,3.2616479850070674,-22.78700735942518,VI,25,1,237,15.64323476089266,0.42048639652880465,1.1224193003869425,2.069221605454592,1.2683884464932775,1.0710780882372746,1.006188542322892,1.069421978346641,1.8580267713383303,-1.5497786922145755
0.43453,2.16054,1.9082999999999997,0.03860212121629008,0.017597467104429887,-0.47997894094132004,-25.640025163466838,0.5491432847001626,-8.259492114540743,0.7080770922924972,-11.673565278978694,1.049835613115319,-16.572744103543325,1.927149729745412,28.84085269892388,VI,25,1,238,15.78212832901257,0.42421982231013816,1.1284441789804451,2.4184472663675765,1.2577358443128184,1.0749546390014655,1.0005024050982203,1.0737122265291958,1.0978179762819025,-1.4133888298562756
0.43453,1.70952,1.8951799999999999,0.049124198885684256,0.01788095959245306,-1.0812214428729792,-47.23488256256721,0.5496793034723519,-8.222997974516593,0.7083729668692751,-11.775361491790143,1.0429648801408637,-16.541868279423316,1.1684885527157063,28.847387788625316,VI,25,1,239,15.72363292907589,0.4226474799967455,1.1284441789804451,2.4018198869540974,1.2779977752864191,1.0760039022480723,1.0009204714767206,1.0666852311522734,0.6656398921428849,-1.308704519005598
0.43688,2.16054,1.8736000000000002,0.03931705162096838,0.016666303508744318,-0.2769016206103073,-15.477496363162325,0.5513583780362352,-8.078391088468575,0.7109539717522468,-11.729781552375425,1.0531889410971587,-16.75897421263293,2.1853957303280893,26.55723173672114,VI,25,1,240,15.60180849735134,0.41937286850570743,1.1345469654867946,2.3744708894127196,1.1911832078303708,1.079290711068217,1.004567393007006,1.0771418198947509,1.2449301063705296,-1.4054190572883687
0.43648,3.45686,1.6501200000000003,0.027901195502292978,0.017933691082255954,-0.6874803116705525,-34.50775697825417,0.5536588271647513,-8.28719040726272,0.7184325386205008,-11.574451547720086,1.0515343329025302,-17.637531819602074,3.369057926167582,-22.901679851673926,VI,25,1,241,15.16105195023386,0.40752543828576154,1.133508193315501,2.0912478138544603,1.281766629318396,1.0837938681337458,1.0151344968150828,1.0754495806274849,1.9192137992154903,-1.5543771878043409
0.43586,1.70952,1.9224599999999998,0.04842711902675275,0.01669103818519807,-1.0622281217335645,-46.72838646906591,0.5514188225476381,-8.341205445953072,0.7122250392339103,-11.85554603100114,1.0474777088960379,-16.727970251765065,1.2289645980592252,29.714809854481302,VI,25,1,242,15.24719980234486,0.4098410718779524,1.131898096449996,2.4363926697589537,1.1929510582254732,1.07940903193227,1.006363392462841,1.0713006960404232,0.7000906090165162,-1.3149113667577201
0.43528,1.07079,2.37582,0.0625607996140294,0.018703873561614848,0.11945806287938852,6.8121615262112725,0.5533081324136736,-8.30731038262434,0.7193200811423003,-11.944096648966203,1.0417717162457187,-17.67564139403906,2.59705050091711,-45.88122446653852,VI,25,1,243,15.05404700087271,0.4046491709244802,1.1303918768016203,3.0109497376625356,1.3368135349442374,1.0831073789058019,1.016388581204132,1.0654649309010096,1.479432906126795,-1.2036977090252332
0.43718,3.45686,1.7386199999999998,0.026480956576045198,0.01636480946768948,-1.098048346826928,-47.67566384866054,0.5526530206136113,-8.131476135650095,0.7185819330918796,-11.54058371957904,1.0528493767716056,-17.59657545973144,3.4721088348623375,-11.214364964280191,VI,25,1,244,14.94302490155578,0.40166492353636685,1.1353260446152647,2.203406585050567,1.1696346599608918,1.081824989612949,1.015345588982235,1.076794532792385,1.9779176654958925,-1.577066330856415
0.437,4.36941,1.55526,0.023420401226105596,0.0168898899913813,-0.017585513844183727,-1.0074718787443986,0.5535438805312782,-8.138901720702146,0.7178360423313924,-11.808604424924917,1.040293493138181,-17.79568845350902,2.7731556620167623,-42.32109711462364,VI,25,1,245,14.94140431078974,0.40162136244546226,1.1348585971381826,1.9710288191012095,1.2071635038495387,1.083568858704819,1.0142916564261177,1.0639530882808195,1.5797527767560269,-1.630405669093243
0.43794,1.07079,2.37244,0.06264992958262519,0.016015117593558836,0.12540987711037332,7.148138113956124,0.5534213951287944,-8.196003336241647,0.7173078173086289,-11.851720132487637,1.0385788905307611,-17.80992883040002,2.578034072363203,-46.56260725890815,VI,25,1,246,14.85492866997358,0.3992969179715349,1.1372997117407224,3.006666159734368,1.1446412900657255,1.083329092044134,1.0135452823215738,1.0621994901362846,1.468600028541348,-1.20307941280861
0.43868,4.36941,1.6218400000000002,0.022458943675648022,0.01601666738137303,-0.28614627560492506,-15.96827647141058,0.5539592216800252,-8.23834556290629,0.7199604498619725,-11.761805048640058,1.0463809169948162,-17.90785680791065,3.179798455214937,-33.94841871958214,VI,25,1,247,14.68342508890236,0.39468694286736355,1.1392214402576155,2.0554077003016253,1.1447520573524845,1.0843818940401366,1.017293412685274,1.0701789595898894,1.8114004590341524,-1.6486106740151425
0.43928,2.73547,1.9318799999999998,0.03011674480739487,0.014613795159089893,0.11702752809901108,6.674822392902036,0.5520958435831954,-8.102693482079111,0.7122302396425807,-11.553899496236347,1.053626290598932,-17.196224288218282,2.6989693918297273,19.916671138277113,VI,25,1,248,14.58581369846852,0.3920631721159138,1.1407795985145557,2.448330925404912,1.0444852025554037,1.0807343088192876,1.0063707405629827,1.077589116120421,1.537491908413746,-1.5211919710033521
0.43683,2.73547,1.8018,0.03229100730298035,0.01624077320903622,0.7062693678118033,35.23239021923734,0.5518465944489918,-8.08010868377128,0.7146670269119237,-11.419196879167545,1.0529133746505712,-17.56129540783019,3.253029794061316,6.605679870966899,VI,25,1,249,14.50833149983512,0.3899804692097389,1.1344171189653829,2.2834765417078553,1.1607694722849113,1.0802464006165575,1.0098138847491573,1.0768599861874297,1.8531173422487048,-1.4909184071568047
0.43624,4.36941,1.6509200000000002,0.0220633423854051,0.01610959091944325,-0.44586587674569017,-24.03046141230034,0.5511489424388323,-8.246725101511329,0.7165857863740751,-11.658721021643752,1.0459551937226212,-18.011013717305474,3.335405712010677,-29.343889413671416,VI,25,1,250,14.46380246422108,0.3887835394178867,1.1328849300127248,2.0922616784528434,1.1513935395565833,1.0788807383465744,1.0125250633447989,1.0697435540113749,1.9000435162463414,-1.656328695450585
0.43573,2.73547,1.7947000000000002,0.03241875352900763,0.016758717903014364,0.686661737298049,34.47589642418817,0.550587811513662,-8.058855438873897,0.7134192766362248,-11.439160455045663,1.051675446948268,-17.586930664696027,3.3183830245243993,5.068929056516932,VI,25,1,251,14.39704061212584,0.3869889968541392,1.1315604954943257,2.2744784933972073,1.1977883002288465,1.077782317755984,1.0080508321587158,1.0755939040571256,1.8903463909848115,-1.4892036873863512
0.43734,3.45686,1.7449999999999997,0.026384137949709858,0.015183532963914781,-1.0939481258533468,-47.56893831772334,0.5516281755296418,-8.144432381195516,0.7128598389830237,-11.459975302555186,1.044368504784637,-17.78187677359965,3.5365324484261613,-9.021872237454268,VI,25,1,252,14.36435894270409,0.386110521422571,1.135741553483782,2.21149215522267,1.085205816194623,1.0798188429332671,1.007260355071372,1.0681207787014795,2.0146171497008627,-1.5786570909808955
0.43639,4.36941,1.63022,0.022343495485831966,0.016300080515018356,-0.36708262068308317,-20.15730860397609,0.5491958368598109,-8.150025574362571,0.7160713152659177,-11.735368181400895,1.0412878959923912,-18.08650404955109,3.2856322914969986,-31.53051600405451,VI,25,1,253,14.34901952806598,0.38569820163803614,1.1332744695769599,2.066027931969686,1.1650083166663614,1.0750575104912523,1.0117981233171267,1.0649701070305384,1.8716896447554257,-1.6508488835276438
0.43606,4.36941,1.6566400000000001,0.021987162697334958,0.015745243479600157,-0.5203149292454683,-27.48863328758966,0.551003666061005,-8.195003998349836,0.7162009340344699,-11.64108548506338,1.04421683381553,-18.08539712106726,3.4058875102343653,-27.775273910325172,VI,25,1,254,14.22437252176496,0.3823477200197044,1.1324174825356428,2.0995108103312807,1.1253526990109057,1.0785963580752795,1.0119812727101718,1.0679656582503296,1.9401940992012323,-1.657830809947662
0.43679,1.07079,2.48918,0.05971171186455109,0.015660301906064045,0.035576021079199625,2.0374965615659875,0.5495007566970697,-8.077469283986112,0.7152011652935734,-11.876949267764926,1.0374299145020989,-18.178557752985313,2.819993523036582,-44.079604990741,VI,25,1,255,14.16182463801703,0.38066644791392357,1.1343132417482535,3.154614351253391,1.119281708164626,1.075654394770305,1.0105686143418993,1.0610243827246557,1.6064343806835764,-1.2239404779277288
0.43638,2.73547,1.79718,0.03237401760453043,0.015988982590357914,0.6987713727485485,34.94474785211911,0.5521499252843648,-8.10644078598219,0.712204609282025,-11.397168769645118,1.0492542198492674,-17.724674905915393,3.374515812944961,4.641367958724498,VI,25,1,256,13.90073984097077,0.37364855122078644,1.1332485002726775,2.2776214736521943,1.142773354747423,1.0808401744051497,1.0063345252445397,1.073117610524192,1.9223229329398894,-1.4898034014560133
0.43647,3.45686,1.6451999999999998,0.02798463452604164,0.017521249955297635,-0.16761426027889637,-9.515139810103665,0.5511407795647444,-8.17127734613966,0.7154887816612944,-11.58741495516972,1.0446955888437948,-18.148343292820993,3.5467259543029894,-24.079501871839774,VI,25,1,257,13.78056616144688,0.3704183115527777,1.1334822240112188,2.085012546574405,1.2522884103243872,1.07886475942156,1.010975011993769,1.0684553016963496,2.020423970945829,-1.5530803605228343
0.43674,3.45686,1.7056600000000002,0.02699267188199506,0.01667786686154743,-0.43198943902779047,-23.363834540762813,0.550840138422451,-8.098578063156678,0.7129686881695977,-11.4297342446491,1.0438594412037645,-18.06402374845692,3.6031702581326766,-14.1208691962502,VI,25,1,258,13.97495947893354,0.37564355727903836,1.1341833952268419,2.1616353635971923,1.192009670139668,1.0782762507397878,1.0074141573538433,1.0676001373896065,2.0525779704231475,-1.5687541244774106
0.43721,3.45686,1.7636200000000002,0.026105578708703513,0.015268868206329167,-0.6982033346541666,-34.92287371889686,0.5508461770186679,-7.913992805045405,0.7116522416940331,-11.346656528559942,1.0412174427533658,-17.890081756261583,3.5458183398571723,-5.198352016524866,VI,25,1,259,14.02984605353291,0.37711889523335934,1.1354039525281117,2.2350898537500323,1.0913049435594173,1.0782880713651095,1.0055540380542325,1.0648980514599375,2.019906940307902,-1.5832666749025741
0.43657,3.45686,1.72666,0.02666438136184524,0.01695092718075969,-0.519921964947179,-27.47091208755567,0.5504887703496476,-8.103499030251546,0.7126081507290776,-11.225518496009467,1.0414676200333577,-17.959598258069207,3.5965412167126485,-11.154483583133102,VI,25,1,260,13.984944680478,0.37591195710044484,1.1337419170540421,2.1882493093047426,1.2115259874082087,1.0775884434764007,1.0069047233101567,1.0651539185699606,2.048801678044773,-1.5740684878953588
0.27252,28.40909,1.35552,0.004132918862212914,0.011081488545575391,0.8378567721274919,39.95818633533335,0.46870453848200655,-17.435621176943766,0.7606417479930215,-17.727420372404747,1.1690754435926345,-11.757817453153542,2.1523714964164276,3.987251306790414,VI,25,2,0,35.06083579015776,1.0,1.0,1.0,1.0,1.0,1.0,1.0,1.0,-2.383743120737914
0.27562,28.40909,1.35454,0.0041359089994439805,0.010558659613355836,-0.7924420688337956,-38.39478576217862,0.473240861540449,-17.4521187310636,0.7687379245097391,-17.817729548654086,1.177023824872117,-12.085854800871852,2.22191514879394,-15.841583015641412,VI,25,2,1,32.24272071972145,0.9196221365827391,1.0113753119037134,0.9992770302171861,0.9528196117273153,1.0096784278495237,1.0106438760928909,1.006798860863125,1.0323102459279443,-2.3834290253962482
0.27832,28.40909,1.3647,0.004105117737309922,0.009380464736048588,0.11409212980870166,6.508852940923969,0.4743976142735811,-17.384447133088916,0.7718783967307055,-17.755120001391127,1.1847516413517258,-12.083609479809644,2.3351075119998708,-3.2558745821925283,VI,25,2,2,30.33671696697663,0.8652593779721794,1.0212828416263027,1.0067723087818696,0.846498617714496,1.0121464063693788,1.0147725900758566,1.0134090557157864,1.0848998492535735,-2.386674382532178
0.27858,22.48202,1.43982,0.004916732717809631,0.009926151919269766,0.11587139325356746,6.609467002856746,0.476175816247015,-17.34441996298708,0.7740588885544851,-17.993509113473717,1.1809081547329319,-12.21488875848526,1.7475620928148103,-32.87676995998617,VI,25,2,3,29.34776849107702,0.8370527350439116,1.0222369000440334,1.0621901558073654,0.8957417479110307,1.015940271859124,1.0176392376527652,1.0101214264700786,0.8119240083435405,-2.3083234000758064
0.28003,14.06813,1.6520000000000001,0.0068481571170775175,0.009630552858633623,-0.8042146028934126,-38.80674910216339,0.4762926462625536,-17.385400283887385,0.7709853176905901,-17.967653469170823,1.189804783275892,-11.772047192749723,1.2561464017530517,21.739660776623477,VI,25,2,4,28.71544558164598,0.8190177140530959,1.0275576104506092,1.218720491029273,0.8690667159944775,1.01618953340013,1.0135984775025304,1.0177313960333947,0.5836104054734333,-2.164426284210428
0.28039,14.06813,1.6171000000000002,0.006995952975952049,0.008643225957832068,0.2120168433970265,11.970409917549448,0.47636196806332565,-17.361065818970403,0.7714376612638074,-17.823158795822113,1.1932662654561519,-12.047835197375486,2.0340030841630186,14.843574152391628,VI,25,2,5,28.31015295961041,0.8074580175170155,1.028878614413621,1.1929739140698774,0.7799697596838765,1.0163374342525446,1.0141931642580377,1.0206922675487713,0.945005584560804,-2.1551531183404706
0.2782,28.40909,1.3636,0.00410842928725935,0.010144103006172744,-0.9199094946242358,-42.61124736372471,0.4760665198180313,-17.292964426246286,0.7728441974818812,-17.858420257807108,1.1894801007399132,-12.341388965980407,2.384353599563796,-12.611605623473677,VI,25,2,6,28.0231162663197,0.7992711991819179,1.0208425069719653,1.0059608120868744,0.9154097813170664,1.0157070835282884,1.0160423083811219,1.0174536701280579,1.1077797692143783,-2.386324183539414
0.27894,14.06813,1.6425200000000002,0.006887682072310877,0.009798600599466245,-0.7351343080219255,-36.3208823106602,0.4742541395291605,-17.446220406963224,0.7683163841117402,-17.90120511986764,1.18628753820276,-11.84663071234222,1.310923862397911,22.451725626902643,VI,25,2,7,27.85250551574455,0.7944050644555164,1.0235579040070455,1.2117268649669501,0.8842314422983024,1.0118402972267506,1.0100896856358048,1.0147228262337218,0.609060222447901,-2.1619269076385565
0.27975,22.48202,1.4283199999999998,0.004956319383441151,0.009621340423737967,0.19447201036668937,11.00506271501169,0.4746519228009747,-17.28619504816097,0.7732454803359976,-18.023901412788074,1.1794283565355193,-12.340061011799904,1.7137970050815643,-34.57970050436855,VI,25,2,8,27.75169908064994,0.7915298781451287,1.0265301629238222,1.0537063267233238,0.8682353804877206,1.0126889838494628,1.0165698666635528,1.0088556414383913,0.7962366199027147,-2.304840715613789
0.27847,17.79613,1.5209000000000001,0.005880224431162169,0.010418951263871268,1.1199208135555556,48.23768768629224,0.4743355110226173,-17.30949292612146,0.7693882954153564,-17.95429496768765,1.1781248962866941,-12.162022140405078,0.9764212098242738,-26.800050484937024,VI,25,2,9,27.62321019041145,0.7878651369219728,1.0218332599442244,1.1220048394711992,0.9402122486542063,1.0120139065835543,1.0114989052933432,1.0077406917950908,0.45364901526058954,-2.230606097843043
0.27913,14.06813,1.6001999999999998,0.007069838493570843,0.010407839428710375,0.5030017743918218,26.702477107531152,0.47418460332260404,-17.321002566534816,0.7680151853456372,-17.737997353402314,1.1871237115171989,-12.212203597791294,2.216095759908513,10.29855587849233,VI,25,2,10,27.48991992053774,0.7840634514552753,1.0242551005430793,1.1805063739376769,0.939209510157912,1.0116919389309644,1.0096937058373021,1.0154380694791614,1.0296065356738755,-2.150590507299584
0.27901,14.06813,1.6279,0.006949539626151522,0.01000260021443189,-0.3164739731831474,-17.561223916418708,0.4743816744390414,-17.40815340891825,0.7661419390984541,-17.770904955242663,1.1862085098744664,-12.077844144009838,1.6549624529143458,21.697851392739807,VI,25,2,11,27.28971065855663,0.7783531123413027,1.0238147658887422,1.2009413361661945,0.9026404867264625,1.012112398090749,1.0072309876757948,1.014655227235961,0.7689018627452376,-2.1580439643946807
0.27992,17.79613,1.50094,0.005958421614024908,0.009701028538256773,-0.888889282055796,-41.63355192050677,0.4729228146784634,-17.330302746263737,0.7666392904281244,-17.952569716628602,1.1796170120982266,-12.034189698373872,0.9208987960999268,10.26234568865002,VI,25,2,12,27.24092375915571,0.7769616195744755,1.0271539703508,1.1072798630783758,0.8754264824945556,1.008999862066876,1.0078848451993696,1.009017013028002,0.4278530902463489,-2.2248687696395764
0.27786,14.06813,1.5948600000000002,0.007093510124658003,0.010629816677644455,0.6750786148631724,34.02244428654673,0.473592589166765,-17.297155674028318,0.7665644368272524,-17.711857211858508,1.1856912030318187,-12.396947806285203,2.3149958002149558,6.629210778776699,VI,25,2,13,27.27799865564094,0.778019064317297,1.0195948921180098,1.176566926345609,0.9592408667776605,1.01042885289865,1.0077864367159153,1.014212734969544,1.0755558713118476,-2.1491388070543644
0.27772,28.40909,1.3378199999999998,0.004187599360232955,0.010617755009685537,-0.6136878147294148,-31.53693339206136,0.47261330961773695,-17.272215479695234,0.7681473253957771,-17.83432734701437,1.1808236264953964,-12.653355263839002,2.3217109564796776,-19.73416993640549,VI,25,2,14,27.19133961757911,0.7755473879836098,1.0190811683546164,0.9869422804532576,0.9581524148147936,1.0083395205610548,1.0098674276327315,1.0100491229776063,1.0786757585041384,-2.3780348752174376
0.27943,28.40909,1.33778,0.004187724570637063,0.010503590927816664,-0.9055161582593173,-42.16134901852082,0.47308579676561435,-17.308843437569994,0.7670713135642302,-17.716217385019192,1.1797909661852697,-12.585314074677571,2.4194536339153117,-13.372494485888812,VI,25,2,15,27.12984750275802,0.7737935189318528,1.0253559371789227,0.9869127714825306,0.9478501813739212,1.0093475909104643,1.0084528170957923,1.0091658093165534,1.1240873789415815,-2.378021889883847
0.27893,22.48202,1.41644,0.004997889145856278,0.009995477808562359,-0.06491004863760505,-3.7138617931984457,0.47127618841460384,-17.19989902041371,0.7658509411009219,-17.88015039892852,1.1709955280352873,-12.632010596058995,1.9800406678257145,-30.68954800920184,VI,25,2,16,27.05306491902378,0.7716035373754007,1.0235212094525175,1.0449421624173747,0.9019977566599883,1.0054867186499326,1.0068484186171018,1.0016423956667435,0.9199344402777895,-2.3012133808379853
0.27833,22.48202,1.4328400000000001,0.0049406843065217775,0.010109402355494346,-0.7949574937020998,-38.48320714196813,0.4720205069693389,-17.133955596379682,0.7651181418843338,-17.73907686580405,1.1776470097142167,-12.669410732884483,2.3930867940343084,-15.773847819900684,VI,25,2,17,26.99833919542272,0.7700426583385004,1.021319536180831,1.0570408404154863,0.9122783743282233,1.0070747522481258,1.0058850226182343,1.007331918712826,1.1118372446478955,-2.306212895213137
0.27812,22.48202,1.4277799999999998,0.004958193910656169,0.01079974416992635,-0.515435570589437,-27.268188766012027,0.47200159584746115,-17.27454902675439,0.7660701659482104,-17.724916960990726,1.1751903502635839,-12.713789124876413,2.295505089210037,-21.78156659974537,VI,25,2,18,27.08141102706612,0.7724120208984974,1.0205489505357406,1.0533079556185079,0.9745752229503919,1.0070344046083548,1.007136628997175,1.0052305492382578,1.066500412699164,-2.3046764923561844
0.27717,22.48202,1.41998,0.004985429443905311,0.010938439093285568,-0.1417278594298285,-8.06668324273634,0.471189954898594,-17.225219581149496,0.7653685015426798,-17.7566686993041,1.1738235981569938,-12.734275409323262,2.046119566904264,-29.458868337020252,VI,25,2,19,27.09750433147432,0.7728710317590632,1.0170629678555705,1.0475537063267233,0.9870911338579202,1.005302735972297,1.0062141652915186,1.0040614612088403,0.9506349486187367,-2.3022974257002944
0.27845,22.48202,1.41412,0.00500608866415627,0.010989222578199453,-0.2074924482509785,-11.722106146839483,0.4701186630422088,-17.159649151987725,0.7639024075437169,-17.812292729458026,1.1694613949217831,-12.790592073230716,2.0993891128181663,-28.261154188204973,VI,25,2,20,27.09482561177825,0.7727946297100048,1.021759870835168,1.043230642115203,0.9916738652035355,1.0030170916731085,1.0042867217836764,1.0003301338089547,0.9753841826624847,-2.3005014627556
0.27916,22.48202,1.4199000000000002,0.004985710332950674,0.010323583258414537,-0.6282024855705959,-32.13714041409763,0.4712541075559391,-17.228163599194666,0.7630089955788704,-17.792786527174997,1.1738806277234517,-12.851388346964537,2.3520059120134245,-19.368782827359208,VI,25,2,21,27.11561354389192,0.7733875400512782,1.024365184206664,1.0474946883852692,0.9316061841291647,1.0054396082491326,1.0031121715210807,1.004110242976322,1.0927509103002788,-2.3022729573716596
0.28046,14.06813,1.61416,0.007008695270240907,0.00948278815114778,-0.989015401528495,-44.68357975850547,0.4702388361205367,-17.24379111525859,0.7593465018940159,-17.872155949939927,1.172437095595916,-12.27539130204511,1.0921997932975716,19.22828211263053,VI,25,2,22,27.0590528730062,0.7717743249178955,1.0291354762953178,1.1908050047214354,0.8557323424689242,1.0032734857731467,0.9982971666984842,1.0028754790990657,0.5074401863786155,-2.1543628222150364
0.28006,22.48202,1.41382,0.00500715091154225,0.010152904789891615,-0.6307357368093424,-32.24109497055281,0.47148365587809293,-17.266086872485847,0.7622888964442853,-17.787327834825607,1.1711605769642415,-12.876509769861242,2.3555328463020135,-19.277622963602827,VI,25,2,23,26.98225732468753,0.7695839735874739,1.0276676941141933,1.0430093248347498,0.9162040594217336,1.0059293588346447,1.0021654720577853,1.0017835746897559,1.0943895374120303,-2.3004093191138963
0.278,14.06813,1.61356,0.007011301443647624,0.010974572174665131,-1.0069669280448719,-45.19889414427557,0.4703395257741585,-17.054034677902205,0.75706630026,-17.817346718280373,1.169082941948774,-12.31114900760103,1.094740488742224,19.16551593366591,VI,25,2,24,27.02986672120622,0.770941881790337,1.0201086158814034,1.1903623701605288,0.9903518042300419,1.003488311202292,0.995299432692913,1.0000064139198035,0.5086206031648824,-2.1542013604450294
0.27857,28.40909,1.32446,0.004229840218735824,0.01078690978536384,-0.9440920675435667,-43.35274984816464,0.4689839615371649,-17.21874920587303,0.7602286549684709,-17.605079543051406,1.1715645208963987,-12.813959066797196,2.470443247078497,-10.330654572641885,VI,25,2,25,27.11537398413635,0.7733807073631755,1.0222002054895054,0.977086284230406,0.9734170405898069,1.000596160336026,0.9994569151303612,1.0021290989537126,1.1477773475404411,-2.3736760376916153
0.27891,8.81772,1.74452,0.01034636689232108,0.01019435191532797,0.24917277471560914,13.991626305542562,0.469746226673547,-16.930559145307054,0.7569749457137557,-17.545479821185243,1.168578091351877,-12.780499767608125,2.4441799743532693,-1.2810365105608201,VI,25,2,26,27.16478724473063,0.7747900651118048,1.0234478203434612,1.2869747403210576,0.9199442722339287,1.0022224836885816,0.9951793307572969,0.9995745764368902,1.1355753309420265,-1.9852121251454458
0.27814,11.1448,1.6757399999999998,0.008521993841360062,0.011162225919091606,0.25833262470098584,14.484695498754336,0.4691715898154022,-17.002511655207247,0.758206099838731,-17.80988827253986,1.157860504125373,-12.766892441088286,1.6794532724224975,-36.23206341837368,VI,25,2,27,27.15138659987301,0.7744078538907768,1.0206223396447969,1.2362340651558072,1.0072857877517234,1.0009964728204004,0.996797903663956,0.9904070010804457,0.780280390824116,-2.0694587839896266
0.27869,22.48202,1.40686,0.005031922225208381,0.010914112094008777,-0.6115289245879754,-31.446992081236516,0.4692494931687284,-17.131484629010888,0.7584090668386319,-17.6991237090455,1.1665033577569146,-12.98830109194021,2.3561888309616763,-19.76293140164855,VI,25,2,28,27.14474933286498,0.7742185467376971,1.0226405401438428,1.0378747639282342,0.9848958512316972,1.0011626827606295,0.9970647401877681,0.9977998974746953,1.0946943103848907,-2.298266080087403
0.27909,14.06813,1.5547999999999997,0.007276277050046349,0.010635419205623664,0.6954118869142918,34.81521044185016,0.46895044424518517,-16.953478598573327,0.7557342649501545,-17.499763504805752,1.1687505471182893,-12.794144363800301,2.3466420062442084,6.197098573108411,VI,25,2,29,27.04960493178989,0.7715048521285743,1.024108322324967,1.1470136921624172,0.9597464421754212,1.0005246498443883,0.9935482333755469,0.9997220910967501,1.090258819237864,-2.138090773185293
0.27839,11.1448,1.6837799999999998,0.008481301571298333,0.011331144106762725,0.13555363071520632,7.719598421340859,0.46852254465262905,-17.142320807938944,0.7576644197889373,-17.79145651290137,1.1607839221356373,-13.025688431248803,1.8138367385942793,-34.51234344751241,VI,25,2,30,27.07044314112343,0.7720991964693157,1.0215397035079996,1.2421653682719545,1.0225290636867568,0.999611708839076,0.9960857680873552,0.9929076249933735,0.8427154613477326,-2.071537494222458
0.2785,22.48202,1.3925199999999998,0.005083740342513332,0.011381404713410814,-0.3022017272087416,-16.814907635426415,0.4685992692483656,-17.053412829808632,0.7560324836605447,-17.75862901179082,1.161230432253722,-13.036756955753217,2.1876016581974445,-26.54712908801036,VI,25,2,31,27.09530492456055,0.7728083005986616,1.0219433436078087,1.0272957979225683,1.0270646101922087,0.9997754038525382,0.9939402953563375,0.9932895593848038,1.0163680674268698,-2.2938166396076958
0.27957,8.81772,1.7275600000000002,0.010447940431007878,0.009983079530851258,-0.5418843830513621,-28.452572250309117,0.46723326182509106,-17.101899700362427,0.7538295872818637,-17.50116412006796,1.163623948376324,-13.004964997795625,2.4757526014405045,-5.784684462546529,VI,25,2,32,27.11337271323987,0.7733236274091078,1.0258696609423161,1.274462936732767,0.9008789288364418,0.9968609720279634,0.9910441929737199,0.9953369175221424,1.1502440938111695,-1.980969312194415
0.2794,22.48202,1.3842,0.005114297140410825,0.010479688553679367,-0.2524342175938922,-14.167434351709344,0.46733890470627276,-17.028455143340658,0.7554117855078303,-17.72085526534139,1.1580920089495894,-13.109375019420435,2.1662920095733393,-27.179639245471357,VI,25,2,33,27.12285137631438,0.7735939764427486,1.0252458535153384,1.0211579320113315,0.945693217168346,0.9970863653674943,0.9931242763114295,0.9906050249338123,1.006467523464276,-2.29121404308874
0.28012,22.48202,1.38924,0.00509574306941685,0.010146938488186596,-0.5483933617302925,-28.74007125598083,0.4671145100239949,-17.00050743388683,0.7545226096522023,-17.536403587838134,1.1581211144466792,-13.072890135654633,2.3418584655782286,-20.987815656098824,VI,25,2,34,27.1039157339096,0.7730538968360298,1.027887861441362,1.0248760623229463,0.9156656568704444,0.996607610280111,0.9919552951741543,0.9906299211004792,1.0880363680142047,-2.292792477522687
0.27762,14.06813,1.5806399999999998,0.007157325866365562,0.011593955268970502,-0.6186766436765957,-31.74411098026917,0.4671359887213209,-16.888546494897916,0.7491832869674779,-17.580888762396576,1.1601321239319657,-12.54748669120383,1.4165804281580778,23.62729301541013,VI,25,2,35,27.03669426955538,0.7711366161198328,1.018714222809335,1.1660764872521245,1.0462452964949125,0.9966534359454557,0.9849357978893781,0.9923500919383051,0.6581486655610341,-2.1452492093135596
0.27905,17.79613,1.46148,0.006119299160682695,0.010692424254218902,1.0437446273597675,46.22618053130175,0.46715524355817967,-16.972521542158916,0.7512798501689393,-17.892738051698753,1.1526392478435994,-12.803993910034173,1.0261198316668296,-30.69201026720276,VI,25,2,36,27.00227321300717,0.7701548638092427,1.0239615441068546,1.0781692634560904,0.9648906110621903,0.9966945169149747,0.9876921062395222,0.9859408596433044,0.4767391843718703,-2.2132983144683647
0.28037,14.06813,1.54012,0.007345632520460784,0.00979004902933861,0.46052107536042935,24.727066668756287,0.4670012652162547,-16.941205436206058,0.7506560579453971,-17.413324274793162,1.1619505217099706,-12.861540352626335,2.235178027241594,10.925858854264602,VI,25,2,37,27.01754888159137,0.770590554181133,1.028805225304565,1.1361838999055711,0.8834597436142795,0.9963659979242611,0.9868720194835848,0.9939055071922744,1.0384722298000297,-2.1339708018725703
0.27921,17.79613,1.43608,0.006227531430947123,0.010690081155707298,-0.7831267216436903,-38.06544481170782,0.4654613903688678,-16.897437185633358,0.7473117696942264,-17.636363603400454,1.1505061831946988,-12.59278269287538,0.9103529924508617,9.878747486593483,VI,25,2,38,26.99768025662103,0.7700238641829465,1.0245486569793043,1.0594310670443814,0.9646791684836986,0.9930806129515145,0.982475352774198,0.9841162856514449,0.42295346968055747,-2.205684071860111
0.27791,8.81772,1.7042,0.01059115360344559,0.011500557521411825,-0.9457279873385455,-43.4022683330197,0.46475830739637825,-17.00755867300707,0.7494193407910655,-17.408905217105964,1.1532532400905846,-13.052734293421468,2.477975285563352,-9.521592749574255,VI,25,2,39,26.95755523372565,0.7688794241834117,1.0197783648906502,1.2572296978281396,1.0378170291935878,0.9915805571279319,0.9852461329770991,0.9864660543605062,1.1512767613253732,-1.9750567333462712
0.2795,17.79613,1.43324,0.0062398714362943706,0.010615449149451894,0.2753712214501537,15.396023384150329,0.4651332555942115,-16.863581212505387,0.7462849128920037,-17.724284664851712,1.1461551332794737,-12.664976829177082,0.828883380000758,-2.503528653490113,VI,25,2,40,26.89334095085735,0.7670479138551175,1.0256127990606196,1.0573359301227574,0.9579443326402592,0.9923805242011068,0.9811253653393351,0.9803944985426044,0.3851023772526259,-2.204824358247563
0.28066,8.81772,1.7345399999999997,0.01040589664752152,0.009855227727559923,0.6552293906845456,33.23399509674179,0.4658949537686058,-16.881276185888293,0.7466729702542175,-17.364996616856736,1.155337417221046,-12.98950359174133,2.332323664127532,7.146848005101139,VI,25,2,41,26.82547702204467,0.7651123088621603,1.02986936738588,1.2796122521246456,0.889341507418235,0.9940056379174391,0.9816355363406478,0.9882488111037806,1.0836064629227409,-1.9827204918778063
0.27878,8.81772,1.7334399999999999,0.01041249998326563,0.011042622763376586,0.7161796252884934,35.60946672180425,0.466079670362515,-16.869691969914232,0.7462397812486568,-17.34339126605637,1.155226009984218,-12.989242020690458,2.3779419309321153,5.445778072673508,VI,25,2,42,26.79520869432239,0.7642490000721635,1.0229707911345955,1.2788007554296505,0.9964927291095452,0.9943997382060932,0.9810660316997262,0.9881535159391798,1.1048008835330003,-1.982444986283129
0.27981,17.79613,1.43778,0.0062201681323669445,0.010508340455415488,1.1957556976901331,50.0945563543704,0.46385123984241855,-16.881229117897817,0.7453267786033895,-17.698943007943928,1.1422930557738051,-12.845711129857301,0.9203284479034604,-25.50122077648513,VI,25,2,43,26.83681276294626,0.7654356251963582,1.0267503302509908,1.0606851983002832,0.9482787815190452,0.9896452919886238,0.9798657259740987,0.9770909670837619,0.42758810430065314,-2.2061978760853345
0.27948,22.48202,1.3754,0.005147019122987251,0.010738386468229055,-0.9639610529690296,-43.948732797173314,0.4647980536662615,-16.812948286919045,0.7478520888970186,-17.315525977743384,1.1505713203780923,-13.159680868757224,2.485839160518391,-10.890559164813935,VI,25,2,44,26.83496150295599,0.7653828238312868,1.0255394099515633,1.014665958451369,0.9690382681049353,0.991665357394667,0.9831856992733453,0.9841720024862741,1.1549303475989938,-2.2884442181900067
0.28178,17.79613,1.43668,0.0062249306298929104,0.009115178557622006,0.9515478599065766,43.57777869528876,0.4652827567479132,-16.8403468837003,0.7453991809197444,-17.705547656857537,1.1412658124186519,-13.015209435616354,1.086802262948654,-33.03549779069627,VI,25,2,45,26.86529333717685,0.7662479439442926,1.033979157493028,1.059873701605288,0.8225590379968861,0.9926994909305221,0.9799609118044137,0.9762122869602649,0.5049324732083268,-2.2058654839466976
0.27946,17.79613,1.4321199999999998,0.0062447513737358224,0.011175865134028407,1.212893466776221,50.49528120495678,0.4660426877860166,-16.825319741552843,0.7462314917825484,-17.697474306834867,1.1433682466999546,-12.962027150050679,0.8914145878286917,-21.694712068725437,VI,25,2,46,26.83125370890724,0.7652770706749461,1.025466020842507,1.0565096789423982,1.0085165984754547,0.9943208343904437,0.9810551337097982,0.9780106604466173,0.4141546147181584,-2.204484847788491
0.27866,8.81772,1.73802,0.01038506114486138,0.010932870299593056,0.4617282829022313,24.784105959030715,0.46369093494506836,-16.869357299321173,0.7432219048381346,-17.464350548868502,1.1496527699265564,-13.030869640312952,2.244133588797449,11.074163306035684,VI,25,2,47,26.77454956277507,0.7636597633616935,1.0225304564802584,1.2821795325779035,0.9865886026618983,0.9893032750372426,0.9770984918973357,0.9833862957497498,1.042633017828846,-1.9835909420949178
0.27786,14.06813,1.5620600000000002,0.0072424590332074695,0.0125134334939358,-0.9895885042079917,-44.70017452306189,0.46275699048832336,-16.702698504456578,0.7404789612398719,-17.576525342217938,1.1412037778702893,-12.752123146622317,0.9573213838697351,14.095532807465615,VI,25,2,48,26.72594324292669,0.7622734210582957,1.0195948921180098,1.1523695703493864,1.1292195486618226,0.987310666943944,0.9734924005862815,0.9761592240474284,0.44477516333198946,-2.1401139526933766
0.28077,22.48202,1.3563999999999998,0.005219116854730659,0.010290967876444124,-0.6690103555908067,-33.78293248112731,0.4629519996302728,-16.80436452886378,0.7444837142880584,-17.453686118184528,1.14324578996756,-13.37997431154865,2.3917520399508394,-19.021832127074685,VI,25,2,49,26.73610065781872,0.7625631293514129,1.0302730074856892,1.0006491973559961,0.9286629530067144,0.9877267267981562,0.978757366726719,0.9779059137999696,1.11121711281392,-2.2824029792900515
0.27871,8.81772,1.6763,0.010767430633533363,0.011930670083329709,-0.9559061133520196,-43.70854448294443,0.4637147500276206,-16.652987283904846,0.7424356568618525,-17.341592865005875,1.1422806914612893,-13.298430044123272,2.474581392378981,-11.826885706860514,VI,25,2,50,26.7286355298767,0.7623502100705749,1.022713929252899,1.2366471907459866,1.076630638046671,0.9893540854745158,0.9760648279177334,0.9770803909378137,1.149699945617666,-1.9678879173894372
0.2797,11.1448,1.6395,0.008710366550607324,0.010419523866353753,-0.10518083974790511,-6.00434112261415,0.46281440452956857,-16.80075127408673,0.743546643662084,-17.393561754482427,1.1362187194757867,-13.39282380971933,2.0622974675898997,-30.616502062103535,VI,25,2,51,26.71334948080914,0.7619142236280654,1.0263466901511817,1.2094989376770537,0.9402639206367319,0.9874331621120752,0.9775254193238229,0.9718951208008636,0.9581512629318425,-2.0599635685794198
0.27919,11.1448,1.6515399999999998,0.008646866536517863,0.011005188188547455,-0.4827104715989452,-25.767090262900822,0.4624450561424853,-16.82547678401343,0.7434877179703994,-17.353411474889626,1.139376362516755,-13.42369678997487,2.309760603855052,-23.042729018237168,VI,25,2,52,26.68181574644721,0.7610148230960684,1.024475267870248,1.218381137865911,0.9931146112082206,0.9866451424605492,0.9774479509336903,0.9745960953686509,1.0731235791315152,-2.0631412442626273
0.28047,22.48202,1.35062,0.00524145214920308,0.009858349013255607,-0.6204003530893991,-31.81547915600598,0.4634025829569821,-16.72418852296498,0.7428030036332156,-17.29686611355697,1.139667399560093,-13.457409520425593,2.3808891873922864,-20.0452795928938,VI,25,2,53,26.57213154308786,0.757886426385396,1.029172170849846,0.9963851510859301,0.8896231740628241,0.9886880644633912,0.9765477711328966,0.9748450417005006,1.106170190116496,-2.280548374654593
0.27861,17.79613,1.40452,0.0063674659936167124,0.011977402371043111,0.30912035560292656,17.17744363361026,0.4629587727508773,-16.702530471318035,0.7377754389217507,-17.583023042323276,1.1327224306632013,-12.908726069926718,0.8242472885725157,-2.9191850312927583,VI,25,2,54,26.58548470168984,0.7582672832104272,1.022346983707618,1.0361484891406987,1.080847786990263,0.98774117752361,0.9699381356182403,0.9689044765000637,0.3829484315067539,-2.1960333657713433
0.27855,22.48202,1.35194,0.005236334527979544,0.011389398958094876,-0.8746279052755319,-41.17384820201235,0.46193619376163436,-16.652786678054266,0.739652514162067,-17.17388528466922,1.1361298242143807,-13.389723171739856,2.4564135224337424,-14.79529892559793,VI,25,2,55,26.63317952225281,0.7596276278653131,1.0221268163804493,0.9973589471199243,1.027786015502622,0.9855594640873484,0.9724058876779571,0.9718190818575317,1.1412590840027046,-2.2809726159381896
0.28112,17.79613,1.4025600000000003,0.006376364175047444,0.009795146047419545,0.7603001476899404,37.2457332649144,0.46237976947286324,-16.76444273518347,0.7375577557197881,-17.59091482396947,1.1313840256269934,-13.042312741077783,0.8241433810940443,-8.250359784883022,VI,25,2,56,26.63158159132303,0.7595820519144332,1.031557316894173,1.034702549575071,0.8839197015035082,0.9865058507228726,0.9696519520074446,0.9677596358967105,0.38290015569626096,-2.195426886922959
0.27979,11.1448,1.5968200000000001,0.008943178291680157,0.010826143651542497,0.5762452150627269,29.952491074541125,0.4623214228391076,-16.713851120028927,0.7386347190040926,-17.580053963738294,1.1290911926493514,-13.355638336010939,1.389001839759128,-38.06313570644416,VI,25,2,57,26.62626642748769,0.7594304535935275,1.0266769411419345,1.178012865911237,0.9769575275936329,0.9863813658310799,0.9710678133996784,0.9657983997846972,0.645335548287893,-2.0485081110434105
0.27938,8.81772,1.66106,0.010866220347845337,0.011210106714267198,-0.9112528639954612,-42.3414367864046,0.46198842309612215,-16.799443394313204,0.7406956990012663,-17.28075292078781,1.1377137569361007,-13.508850110009888,2.4791816848390673,-13.550260243110879,VI,25,2,58,26.58049739204108,0.758125035898395,1.0251724644062823,1.2254042728989611,1.011606578679645,0.9856708974749084,0.9737773412458841,0.9731739411443306,1.1518372590265016,-1.963921492484421
0.28031,8.81772,1.6664399999999997,0.010831139417555972,0.010284496288833878,-0.8010991794541761,-38.698189098165415,0.46215869089726913,-16.653711805840008,0.7387946826329059,-17.238889543954215,1.1376144348079058,-13.421919106070922,2.5104451683622657,-7.219060865539174,VI,25,2,59,26.55401604315695,0.7573697387616516,1.0285850579773963,1.229373229461756,0.9280789531601569,0.9860341706825851,0.9712781142794754,0.973088983301157,1.1663623926176359,-1.9653258539261182
0.27899,8.81772,1.66438,0.010844545098470288,0.01176908627366069,-0.8947968435315365,-41.82207914026219,0.46080922698438065,-16.659761758195284,0.7378943227649851,-17.134717212871095,1.1357698208494968,-13.493450479357026,2.5107002342018467,-8.539937427178018,VI,25,2,60,26.54710536262851,0.7571726333483695,1.023741376779686,1.2278535174693106,1.0620492206671857,0.9831550351033587,0.9700944297521714,0.9715111433349523,1.1664808971787703,-1.964788660834454
0.28096,17.79613,1.39258,0.006422060734287829,0.009920718897508396,1.14495209103517,48.86606997784948,0.4603463189984689,-16.73418535159159,0.7356470690577549,-17.514195209324487,1.1259908133400731,-13.11482648233739,0.8394739140176554,-15.451544071914048,VI,25,2,61,26.6279161233656,0.7594775059766419,1.0309702040217232,1.027340061378659,0.895251468853391,0.9821674022816006,0.967140011705621,0.9631464072838961,0.39002277971778115,-2.192325591569058
0.28059,6.97545,1.82034,0.012534164474568678,0.010463562535355464,-0.9521593548961902,-43.596160446464765,0.46114824022168366,-16.607510197846935,0.7351173096778728,-17.405069591746233,1.1296853836920904,-12.983442955626247,0.9341043655534589,12.143401433881667,VI,25,2,62,26.68697222848341,0.7611618955180455,1.0296125055041832,1.3429089943342776,0.9442379958542075,0.9838783334917228,0.9664435479876095,0.9663066570113762,0.43398844814135845,-1.9019046107427233
0.28112,14.06813,1.52428,0.007421966802301453,0.01027042195028982,-0.8325173576786017,-39.77796869620707,0.46240914601898403,-16.604448864855307,0.7337288115193684,-17.396568531675467,1.1335138965091196,-13.067882911735168,1.2636991677679463,22.737541217399563,VI,25,2,63,26.74264252013778,0.7627497153859906,1.031557316894173,1.1244983474976393,0.9268088766279137,0.9865685267665395,0.9646181181289828,0.969581478014599,0.5871194493478153,-2.1294809925376987
0.27934,11.1448,1.63388,0.008740327294367215,0.011656163001209474,-0.43833218140125896,-23.669385837216634,0.4588592081554869,-16.708593088539843,0.7382357994784586,-17.226295210148752,1.1307261453908262,-13.658727770482788,2.3198864104299632,-23.529603382168812,VI,25,2,64,26.71812475295723,0.7620504232377002,1.0250256861881697,1.2053529272898962,1.0518589585930258,0.9789945914362048,0.9705433621364042,0.9671969004122105,1.0778280674560308,-2.0584723042676285
0.27967,14.06813,1.49806,0.007551870791164615,0.01129796778723935,-0.026230189630989022,-1.5025346321651012,0.4595913465587111,-16.506722455897084,0.7336765218927507,-17.146149026550326,1.1348456066598849,-13.220435450597426,1.913104567351447,19.329852393076635,VI,25,2,65,26.62249366419345,0.7593228473939256,1.0262366064875972,1.1051552171860244,1.0195352132318356,0.9805566381908518,0.9645493740365692,0.970720591968334,0.8888356729015665,-2.1219454492137304
0.28002,11.1448,1.6275,0.008774590451441295,0.010675462548718317,-0.7043174966595616,-35.1577067095916,0.46056870408319844,-16.64962595681265,0.7369257532875443,-17.190678356484362,1.1288960821878933,-13.662302263308135,2.4234422899908705,-18.345344950784344,VI,25,2,66,26.43492830623289,0.7539731358501635,1.027520915896081,1.2006462464589234,0.9633599768490316,0.9826418698117205,0.9688210714596553,0.9656315068245145,1.1259405237551974,-2.056773144814265
0.28014,11.1448,1.5817199999999998,0.009028554965304043,0.01099628990015905,0.4947469534284004,26.323763684194148,0.4596636866259637,-16.570605103189564,0.7342964574769357,-17.479270143034178,1.1198601034907458,-13.452546622893006,1.4756758568762578,-38.56890538341587,VI,25,2,67,26.46448446016693,0.7548161321241523,1.0279612505504183,1.166873229461756,0.9923116244657981,0.9807109786362994,0.9653643905483774,0.9579023403736485,0.6856046269582977,-2.044381753652582
0.28027,17.79613,1.38208,0.006470850701373687,0.010443860361454449,0.957748907213142,43.76366496535557,0.45961013804188017,-16.609262044809025,0.7327073566571615,-17.401461440408372,1.1216126042180665,-13.234202823090758,0.8189939633721236,-11.667451084016623,VI,25,2,68,26.46581604848655,0.7548541114902915,1.028438279759284,1.019593956562795,0.9424600601716514,0.9805967305766221,0.9632752325131169,0.9594013888199447,0.38050771659804106,-2.1890386203164978
0.27933,17.79613,1.38624,0.00645143217433817,0.01127593737484528,0.5374351207327095,28.2551454570976,0.4595054836222086,-16.639466472581912,0.7321195078409927,-17.366026933323827,1.1224237374667168,-13.175445955903934,0.8172673439325878,-6.640081572574559,VI,25,2,69,26.45897413005236,0.7546589672993448,1.0249889916336417,1.0226628895184136,1.0175471759475425,0.9803734461595125,0.9625023998126769,0.960095213374293,0.3797055226262242,-2.190343864222282
0.28034,11.1448,1.6124999999999998,0.008856214548664006,0.010510221034446154,-0.22501560577751814,-12.681234549237477,0.46045498551735314,-16.583674952291908,0.7357811380701642,-17.211443468701304,1.124296110624301,-13.734419336312818,2.1756981175303833,-28.618310370985295,VI,25,2,70,26.46549636601087,0.7548449935537542,1.0286951416409804,1.1895803824362605,0.9484484860693799,0.9823992466738828,0.9673162694679159,0.9616967979151764,1.0108376370681331,-2.052751870881341
0.28152,8.81772,1.6648,0.010841809208909162,0.00982960700414659,0.6953616337073705,34.81326964314066,0.46038219828635635,-16.521855720777516,0.7317333867470651,-17.02582316725272,1.1295773346298688,-13.608485138708165,2.44959707885518,2.055738764989526,VI,25,2,71,26.43157170260662,0.7538773992953831,1.0330250990752972,1.2281633616619452,0.8870294783701553,0.982243952186587,0.9619947743832993,0.9662142343513899,1.1380921383383935,-1.9648982395795909
0.27908,14.06813,1.4865599999999999,0.0076102919205494985,0.011753840356715006,-0.08138907484097586,-4.652994479492608,0.4599662270564091,-16.341088142007195,0.7296863402197302,-17.09069143935579,1.1285450441811506,-13.288485233967283,1.876667649070621,20.10492182762721,VI,25,2,72,26.4012004757877,0.7530111556324911,1.024071627770439,1.096671388101983,1.0606734202155605,0.981356460823063,0.9593035645821858,0.9653312370612014,0.871906941805893,-2.1185986839584383
0.28043,14.06813,1.4946000000000002,0.007569353377098929,0.010580385053909513,-0.43303388127144155,-23.414246323987747,0.4596453491857083,-16.54177634088503,0.7277359871497361,-17.19785946006019,1.125244840627872,-13.259780757302822,1.5653166281142747,23.18062615498683,VI,25,2,73,26.391945771158,0.7527471943086627,1.0290253926317336,1.1026026912181304,0.9547801281745711,0.9806718549693625,0.9567394756728665,0.9625083195400387,0.7272520708996728,-2.1209412191462147
0.28007,11.1448,1.61538,0.008840425138184642,0.011355386501739728,-0.5416115427270587,-28.44048666115118,0.4613812004474985,-16.499165093390175,0.7330942935372468,-17.081252289174397,1.122428931541317,-13.742386128603384,2.3763464779779837,-21.493923121455968,VI,25,2,74,26.40350026634597,0.753076749920432,1.0277043886687216,1.191705028328612,1.0247167115715423,0.9843753635110379,0.9637839304397114,0.9600996562651507,1.1040596300101824,-2.0535268491579686
0.28047,11.1448,1.5666600000000002,0.00911534472043756,0.010927983206375003,0.5046464589258618,26.777633087453278,0.4602193715021501,-16.4747108163404,0.731223275896119,-17.35251603823111,1.1151598488418535,-13.62721927352921,1.4608098865218413,-38.58572498779864,VI,25,2,75,26.39674246768573,0.7528840049813015,1.029172170849846,1.1557631019830028,0.9861475885149311,0.9818965546880827,0.9613241421805677,0.953881851640733,0.6786978404768899,-2.0402269027245334
0.28026,11.1448,1.5777200000000002,0.00905144509781248,0.010929845254339654,0.29202913572471856,16.279342583132397,0.4602760787093342,-16.653672337298353,0.7305771198526276,-17.246678579671375,1.1160903045527564,-13.762013660453144,1.670231936570035,-37.38285339074529,VI,25,2,76,26.38838212744818,0.7526455525870805,1.0284015852047557,1.1639223323890464,0.9863156208110431,0.9820175417972917,0.9604746541723217,0.9546777418597967,0.7759961230442205,-2.043282078484974
0.27977,8.81772,1.6231999999999998,0.011119667305933943,0.011411844357683887,-0.7767192565189964,-37.83717539376715,0.45964759863677596,-16.495139854198893,0.7317418924768149,-17.037887509533668,1.1206144756578467,-13.795579713473915,2.459983034414854,-16.77260079037284,VI,25,2,77,26.30510679787745,0.7502703858891404,1.0266035520328785,1.19747403210576,1.029811501473816,0.9806766542637643,0.962005956690571,0.9585476128162742,1.1429174928726669,-1.9539082064013098
0.27955,8.81772,1.64324,0.010984058306146379,0.011877489153603815,-0.36140752796578657,-19.87023719998142,0.4587548575056048,-16.42877974396687,0.7305886482729314,-16.998822957329207,1.1226020859159112,-13.688585700095233,2.5201528926394166,-4.39538148091763,VI,25,2,78,26.27104516896609,0.749298885120727,1.02579627183326,1.2122580264400378,1.071831559880667,0.9787719551241689,0.9604898103484508,0.9602477684982347,1.1708726383132853,-1.9592371704207527
0.28108,6.97545,1.7940200000000002,0.012718052730536082,0.009885012309830854,-0.5999247293214713,-30.960585329562118,0.45796765736949047,-16.312036740103334,0.7272030827059689,-17.245704862023246,1.114318409866927,-13.259598090815276,0.8737086915928473,7.841710493710803,VI,25,2,79,26.31108833359018,0.7504409903706917,1.0314105386760606,1.3234920915958452,0.8920292855220913,0.9770924319459555,0.9560388772043059,0.9531621042715293,0.40592838784917984,-1.8955793787128885
0.28122,6.97545,1.7664,0.012916916304141952,0.010474057492002642,-0.8619380156558537,-40.75930074936884,0.459052292590599,-16.47013913795226,0.726152894516762,-17.09894006667196,1.1185620909971417,-13.236226947846454,1.2315711210369662,22.81334653279346,VI,25,2,80,26.31482652109825,0.7505476104048073,1.0319242624394542,1.3031161473087818,0.9451850668730526,0.9794065448509027,0.9546582164767323,0.9567920506137205,0.5721926363954642,-1.8888411544478878
0.28249,8.81772,1.6446599999999998,0.01097457466649154,0.009630889114754015,0.6966447394355093,34.86279506275711,0.4587159800408779,-16.387526077998295,0.727525917030097,-16.97394044279046,1.1194607831341035,-13.717236962631729,2.4447974073141863,2.1629121308289205,VI,25,2,81,26.34609442481021,0.7514394289541169,1.0365844708645238,1.2133055949008495,0.8690970599432176,0.9786890084882075,0.9564633008242029,0.9575607710088732,1.1358621926487276,-1.959612302391096
0.2791,11.1448,1.5816799999999998,0.009028783293536435,0.011726008772083407,-0.07753073683640684,-4.433315288891135,0.45882321162634526,-16.427876366819223,0.7276403189113905,-17.08878397986724,1.109624504363423,-13.859459746312858,2.051183469315296,-31.55600144872425,VI,25,2,82,26.35588518137999,0.7517186794725123,1.0241450168794952,1.1668437204910291,1.0581618817595908,0.9789177913922832,0.9566137026153161,0.9491470464502142,0.9529876569776158,-2.0443707706727015
0.28025,11.1448,1.52714,0.009351235616721916,0.011647607301643825,1.1854106113417675,49.849370993537676,0.456651704766912,-16.359037924429717,0.7255786985598837,-17.28932239974742,1.1062996526845066,-13.505366423013077,0.9292226182072911,-27.351411835691017,VI,25,2,83,26.22450365409935,0.7479714348812262,1.0283648906502276,1.126608238904627,1.051086887266104,0.9742847940962338,0.9539033329084909,0.9463030454944684,0.4317203697198148,-2.029131000243041
0.28069,8.81772,1.6493,0.010943699733821605,0.010255838730141131,0.7356085512619387,36.33851772422142,0.45834548728260566,-16.40373018857334,0.7271003478012841,-16.857906613573796,1.118175981126244,-13.692083926268976,2.4322934155545055,3.895007596639537,VI,25,2,84,26.26808025957448,0.7492143204112786,1.0299794510494642,1.2167286355051936,0.925492878322387,0.9778985472746845,0.9559038137464351,0.9564617811918334,1.130052790424019,-1.9608358313525165
0.28027,8.81772,1.65748,0.010889690355836555,0.010900732189056017,0.628542495279738,32.15110685751281,0.4582940558631558,-16.37593224686332,0.7242434486241838,-16.786940943509553,1.1165111764808813,-13.652844064029075,2.3455528489466175,7.925569119933977,VI,25,2,85,26.29715184732441,0.7500434959598573,1.028438279759284,1.2227632200188858,0.9836884407924109,0.977788816270977,0.9521479073888912,0.9550377459386024,1.0897527926065855,-1.9629844690654754
0.28061,11.1448,1.54712,0.009230470784244731,0.011065366097584406,0.5164425999899703,27.313757275327976,0.457070021227447,-16.472901122752365,0.7263400441444112,-17.27916865806538,1.1053209827373442,-13.79806839946837,1.4508466568312703,-38.685211296981166,VI,25,2,86,26.33219671761109,0.751043040594116,1.0296858946132394,1.141347969782814,0.9985451008747898,0.9751772891036211,0.9549042582278497,0.9454659139367694,0.6740688859924251,-2.0347761479680724
0.28163,8.81772,1.6637399999999998,0.01084871672917161,0.011321506918537783,0.6283832598264805,32.144566538885734,0.4602713692841443,-16.331197005732864,0.7264909143039046,-16.886747026494803,1.1209636432109662,-13.739399010509636,2.3616443032143084,7.808994092498436,VI,25,2,87,26.36924529221601,0.75209973458814,1.0334287391751065,1.2273813739376769,1.0216593981914304,0.9820074940490767,0.955102604111298,0.9588462826369716,1.0972289435844638,-1.9646216305159294
0.28158,8.81772,1.6207000000000003,0.011136819874740527,0.011458839094856454,-0.9658151951983036,-44.00374783538804,0.46017292316271635,-16.44336930140787,0.7301181865065504,-16.950143304559216,1.12030428752094,-14.001195130162161,2.5322179125698723,-11.949964909818263,VI,25,2,88,26.41738766359457,0.7534728442215411,1.0332452664024658,1.1956297214353164,1.0340523340099226,0.9817974552861777,0.9598713039785042,0.9582822850834861,1.1764780925531986,-1.9532388044963724
0.28073,11.1448,1.60102,0.008919717404979767,0.012193014404664082,-0.5624454782568618,-29.35538046187456,0.46025023358249223,-16.213297347596896,0.7298928985134052,-16.93897333431998,1.1177178476979983,-14.10358224625226,2.3972982227564463,-21.600466159757143,VI,25,2,89,26.26232462253527,0.7490501589784577,1.0301262292675766,1.1811113078375826,1.100304742861689,0.9819624001788093,0.959575122505768,0.9560699044906705,1.1137938904821065,-2.049648904749666
0.2821,11.1448,1.5558999999999998,0.009178382903606086,0.01079025229032854,0.3356422095945871,18.55392621923437,0.46050487510101107,-16.32587316175671,0.728270894308222,-17.233865392463635,1.1094341866414623,-14.019731881112403,1.647600712978611,-38.034412321907,VI,25,2,90,26.10639434624439,0.7446027385796932,1.0351533832379276,1.1478251888574125,0.973718670190465,0.9825056881088634,0.9574427070691148,0.9489842530881573,0.7654815703152404,-2.037233828374365
0.27995,11.1448,1.5832800000000002,0.009019659163079624,0.012455249088398013,-0.1666837138390474,-9.463272538292532,0.458888010636171,-16.282019654588954,0.7280137279590656,-17.0168923998154,1.110625317504194,-14.066532359873783,2.1448477529999486,-30.038362469663515,VI,25,2,91,26.08844853656218,0.7440908908362561,1.0272640540143843,1.1680240793201135,1.1239689539155944,0.9790560426881542,0.95710461577997,0.9500031187817786,0.996504440135448,-2.0448098733660944
0.28213,8.81772,1.6496400000000002,0.010941444176300266,0.011542540766295961,0.6640755845692794,33.58716591524622,0.4591590722096525,-16.283610930642737,0.7248111524860713,-16.785099703958277,1.1166531004331819,-13.768524455127562,2.3804853191419015,7.08746124084682,VI,25,2,92,26.06862324057304,0.7435254366608965,1.035263466901512,1.216979461756374,1.0416056217379441,0.9796343634664411,0.9528942559339,0.9551591443933201,1.1059825513882107,-1.9609253510918085
0.28275,11.1448,1.557,0.00917189849693045,0.01083163922281255,0.1271367395983854,7.24552716031719,0.4577556695796785,-16.271565262313437,0.7255975375166202,-17.019257069842535,1.1050637848679294,-14.063777965390301,1.8676241619552902,-35.27468090120569,VI,25,2,93,26.0632855391502,0.743373195526236,1.0375385292822545,1.148636685552408,0.9774534511554768,0.9766401474630731,0.9539281000959168,0.9452459128488803,0.8677053032270567,-2.037540760142156
0.28107,11.1448,1.5800800000000002,0.009037925902309191,0.011841773055253024,-0.5245575047017068,-27.67959413678087,0.4575173108760748,-16.2790662741155,0.7263457904754212,-16.907370479631346,1.1074455006624724,-14.113288583442186,2.375517725632483,-22.343362891027596,VI,25,2,94,26.07527890710449,0.7437152686024762,1.0313738441215323,1.1656633616619454,1.0686085183006573,0.9761315995740859,0.9549118128105757,0.9472831772594847,1.1036745885120578,-2.043931223565799
0.28185,6.97545,1.78064,0.012813618114630885,0.010739332079863162,-0.8465140407187586,-40.24838292921122,0.45825699354032867,-16.259358649445996,0.7210220209819901,-17.052735040670612,1.1058725823614106,-13.591550300387452,0.9088178208527483,9.912163997373236,VI,25,2,95,26.00189618430204,0.7416222573793082,1.0342360193747249,1.3136213408876298,0.96912360065121,0.9777097423133253,0.9479127629852432,0.9459377394524703,0.42224022310548004,-1.8923282234672996
0.28076,6.97545,1.7933000000000001,0.012723158958142165,0.0115297357416409,0.2730405270905487,15.271822962784373,0.45746317080704624,-16.297273372511395,0.7217506195009108,-17.060346814617525,1.1053727510281695,-13.574287642382806,0.8197040054309999,-2.262168223558262,VI,25,2,96,25.98325064651109,0.7410904520937028,1.0302363129311611,1.3229609301227574,1.040450088832559,0.9760160895574689,0.9488706364136253,0.9455101953311901,0.3808376048445907,-1.8954050468823471
0.28148,11.1448,1.5064600000000001,0.009479605140342729,0.011702573892662271,1.202772151882054,50.25943558183668,0.45770695478193646,-16.186553852872468,0.7221234748787919,-17.071850942826654,1.098560037568995,-13.678288965908322,0.9163892027393593,-26.74847622969489,VI,25,2,97,25.99093970927005,0.7413097584104427,1.0328783208571848,1.1113521010387157,1.056047104550306,0.9765362124811338,0.9493608216800336,0.9396827583625043,0.4257579159848073,-2.023209752212748
0.27993,6.97545,1.71502,0.013303892059355775,0.013435721551926516,-0.3201059349548868,-17.75017728467401,0.45776163774655854,-16.09031154036863,0.7205054364605576,-16.85070812419188,1.110505605944736,-13.685054200062817,1.7057565763504996,22.289716967447287,VI,25,2,98,26.0010202181231,0.741597273200831,1.0271906649053282,1.2652118744098204,1.2124473618024108,0.9766528807873532,0.9472336199815946,0.9499007202923448,0.7925010060718999,-1.876021287406722
0.28213,11.1448,1.5489600000000001,0.009219505965112531,0.0110093209045794,0.24087293672964993,13.543015498255194,0.45766676959515795,-16.207527529864066,0.7241481875651293,-17.085353969488548,1.1027727150062898,-14.142495120745417,1.7740235012612082,-36.91955701674359,VI,25,2,99,25.99529073663753,0.7414338577728629,1.035263466901512,1.1427053824362607,0.9934875499172171,0.9764504757675344,0.9520226696415471,0.9432861848653731,0.8242180795531131,-2.035292350353528
0.28157,11.1448,1.54314,0.009254277615589454,0.011900480683747328,0.29094848285388336,16.222274564002277,0.4584559741298746,-16.236712040691195,0.7241661525069002,-17.046339868983097,1.1011792087496857,-14.171469911767035,1.6965488678163254,-37.737457732093596,VI,25,2,100,25.99972406273651,0.7415603044475947,1.0332085718479378,1.1384118271954673,1.073906328992141,0.9781342754108505,0.9520462877795448,0.9419231365990377,0.7882230695960153,-2.033657476404076
0.2814,11.1448,1.5527,0.009197298872751149,0.012272667805996118,0.15795833074603027,8.976181612738085,0.45730442669110544,-16.284857935541275,0.72431342296286,-16.962169819055525,1.103252793913097,-14.18894574579269,1.8419679857833586,-36.233445816575106,VI,25,2,101,25.96696880807028,0.7406260638931973,1.03258476442096,1.1454644711992445,1.107492712330271,0.975677402596052,0.952239901207086,0.943696833219539,0.8557853460009703,-2.036339700578586
0.28055,8.81772,1.6713399999999998,0.010799384907315072,0.012754051960861934,0.15282329416283358,8.68890297802086,0.45722145033631634,-16.148775957337023,0.7189745955802882,-16.7983305462236,1.1116151856147163,-13.807591356019753,2.0841741377596104,16.71030882629811,VI,25,2,102,25.95307589738295,0.7402298123386,1.0294657272860708,1.232988078375826,1.1509330996831073,0.9755003692029941,0.9452210550858225,0.9508498289885042,0.9683152472654643,-1.9666009796025115
0.28181,11.1448,1.51048,0.009454376065701438,0.011063693409543274,0.7780427422148704,37.88444158164554,0.4572473782944422,-16.142187274550235,0.7212779031991576,-16.97244758177417,1.0946336988183758,-13.97629440585385,1.226547499474213,-37.59870646390516,VI,25,2,103,25.98956909033415,0.7412706658188084,1.0340892411566125,1.1143177525967893,0.9983941565287975,0.9755556875453549,0.9482491660525777,0.9363242593262459,0.5698586426722072,-2.024367126804558
0.28358,11.1448,1.5689800000000003,0.009101866154903635,0.010645804296538774,-0.6332728952093648,-32.34497192955657,0.45780641368389535,-16.25058683747286,0.7225811980123371,-16.748319702285563,1.1048670366563402,-14.257964545778844,2.430907520986731,-20.044539704087743,VI,25,2,104,25.95146609606596,0.7401838978222826,1.0405841773080875,1.1574746222851748,0.9606835988464225,0.9767484120520639,0.9499625808324241,0.9450776189952479,1.1294088985261372,-2.0408695551858305
0.28255,11.1448,1.4979799999999996,0.009533268775097605,0.011979661109186301,1.0841075431674323,47.311010124209936,0.45799651133985514,-16.062892577125396,0.7194256437377222,-16.968111179800804,1.0935783974682451,-13.800745975087082,0.9907335692143949,-31.215205333075172,VI,25,2,105,25.95034584337618,0.7401519461398844,1.0368046381916924,1.10509619924457,1.0810516168398272,0.977153993053211,0.9458140387849479,0.9354215790450763,0.4602985919781545,-2.0207581625745847
0.28345,14.06813,1.4299,0.007911850868880384,0.010739264332250198,-0.07397064039153192,-4.230500780744597,0.45791333129683476,-16.112428572054398,0.718361999548946,-16.661999794837033,1.104047048638964,-13.830055433176703,1.887885671042951,19.869699202184208,VI,25,2,106,25.93839834752952,0.7398111814211491,1.0401071480992221,1.0548719310670442,0.9691174870670388,0.9769765250831125,0.9444156877325862,0.9443762202772521,0.8771188775665214,-2.1017219073856905
0.28301,8.81772,1.5905,0.011348282911657953,0.010925937908594474,-0.8466811454485902,-40.25396004954658,0.45635748498226786,-16.067505866495413,0.7199258894465926,-16.631029956815453,1.102331109583893,-14.11998586595302,2.5415753146768276,-7.455740548801496,VI,25,2,107,25.92518907863195,0.739434428597097,1.0384925876999853,1.173350448536355,0.9859630196483824,0.9736570643422249,0.9464717014890925,0.9429084458367953,1.1808255772334848,-1.9450698458194025
0.28124,8.81772,1.5834000000000001,0.011399168858779823,0.012371688368530809,-0.9938753237709174,-44.824002538712605,0.45639374519891146,-15.969421191855314,0.7197897759025345,-16.57963890862672,1.1002422533907252,-14.212142046107948,2.5298127979391722,-10.88370400246042,VI,25,2,108,25.9155487409664,0.7391594683045573,1.0319976515485103,1.1681126062322946,1.1164283857397992,0.9737344269740462,0.9462927558232553,0.9411216867318836,1.1753606671297971,-1.9431268129797137
0.28279,8.81772,1.57906,0.011430499139356311,0.011266286403297465,-0.7472725762061126,-36.76975392489858,0.456428025468601,-16.153310973283624,0.7182964949779416,-16.517764445660656,1.0976052745631781,-14.106486895696769,2.5349412848148614,-6.7986688481172015,VI,25,2,109,25.93560668094085,0.7397315579174375,1.037685307500367,1.164910882908404,1.016676266637108,0.9738075653093408,0.9443295702256558,0.9388660762475478,1.1777433816770897,-1.941934804711007
0.28348,6.97545,1.76376,0.012936250373994389,0.011343168902299305,-0.2184163815857734,-12.320843990327576,0.457738297753202,-16.052296597859225,0.7180717614678928,-16.96095962196998,1.0966046601580537,-13.683997527152428,0.8418335595200199,2.837184530157524,VI,25,2,110,25.92199754045996,0.7393434000149179,1.0402172317628064,1.3011685552407932,1.0236141882606915,0.9766030839720031,0.9440341177203971,0.9380101739098428,0.39111908001087337,-1.8881915874900361
0.28324,8.81772,1.5948600000000002,0.011317259176976019,0.011774231405289215,-0.360892612166249,-19.844138708107963,0.45709121655743057,-15.940545952177517,0.7202008276736016,-16.529539872543943,1.1033927600326225,-14.162576995899506,2.5510130193487752,-4.473316715742059,VI,25,2,111,25.89044451258552,0.7384434491961956,1.0393365624541318,1.176566926345609,1.0625135203510563,0.9752225101933341,0.9468331570990882,0.9438165569895426,1.1852103707915025,-1.9462587382043206
0.28448,8.81772,1.6269,0.011094378247582502,0.01047771579167417,0.5365780387296816,28.217029892476308,0.4571126912018762,-16.07984521014783,0.7187167398929949,-16.615069855031575,1.104234103962163,-14.123692999899871,2.3246823231313303,9.798015347727299,VI,25,2,112,25.88609772773236,0.7383194708381446,1.0438866872156174,1.200203611898017,0.9455151939725376,0.9752683272116953,0.9448820575380629,0.9445362230591292,1.080056266774481,-1.954897031531138
0.28276,6.97545,1.77022,0.01288904258207248,0.011593539952781895,-0.08218580528706286,-4.698340441582605,0.457873251028217,-16.182392543631703,0.7185950789710684,-16.92899813864169,1.0959799826944052,-13.878068258904761,0.8431828724259727,0.989384843701963,VI,25,2,113,25.87748296576607,0.738073761864809,1.0375752238367828,1.30593425401322,1.0462078181194308,0.9768910122166327,0.9447221124361178,0.9374758393063131,0.39174597592925886,-1.889779341511267
0.28202,11.1448,1.5465200000000001,0.009234051909914328,0.011928772825370193,-0.0741332360717043,-4.239766019273811,0.45848519796499826,-16.0275888483846,0.7201836375500889,-16.866490666846534,1.096985111876224,-14.412403180763796,2.0829654917796687,-32.052714507056734,VI,25,2,114,25.88837142426047,0.7383843208759965,1.0348598268017026,1.1409053352219074,1.0764594283800533,0.978196625639458,0.9468105575986557,0.9383356034792135,0.9677537057369903,-2.034607688359062
0.283,11.1448,1.48218,0.0096348931706815,0.011966883724663091,1.1327191719690684,48.5609259993012,0.4565096663152633,-16.06399033114989,0.7172876711196801,-16.848239968765903,1.0881234554258319,-13.974976728841204,0.9668510350430772,-29.97392923346338,VI,25,2,115,25.9098633071768,0.7389973091984928,1.0384558931454573,1.0934401558073654,1.0798985781960873,0.9739817493420507,0.943003290329866,0.9307555482321718,0.4492026755849664,-2.016153096331905
0.28265,11.1448,1.53598,0.009297416606805237,0.011824833266337098,-0.07644256932462691,-4.3713352413522,0.45668892430577923,-16.01564273979389,0.719234131618,-16.76686201997981,1.0920815639785366,-14.427534463497855,2.0875427842216823,-31.869061626801823,VI,25,2,116,25.9166768389528,0.7391916437493512,1.0371715837369735,1.1331297214353162,1.0670798618529014,0.9743642034806356,0.9455622617555809,0.9341412224197513,0.9698803332497753,-2.0316377083566466
0.28345,11.1448,1.5199600000000002,0.009395409063212653,0.011442186317211611,0.1793557683734732,10.168216365164175,0.4575048369123796,-16.071162543283823,0.7184134777677429,-16.78845584034331,1.0905964880053964,-14.36836261087105,1.8285593997136333,-36.44335964107312,VI,25,2,117,25.88338773748863,0.7382421768951265,1.0401071480992221,1.1213113786591125,1.032549577626937,0.9761049858704176,0.9444833650838922,0.9328709229012049,0.8495556658123737,-2.0270843065662714
0.28317,11.1448,1.53728,0.0092895542514836,0.011709011411267123,-0.16327563493863978,-9.273178208698823,0.457342009113919,-16.04331158333734,0.7183398169942604,-16.74072755984503,1.0920296386624575,-14.427676689908827,2.1812582867039545,-29.79070497557331,VI,25,2,118,25.88193522268466,0.7382007484815923,1.039079700572435,1.1340887629839471,1.056628029989914,0.9757575862079608,0.9443865247859768,0.9340968067095731,1.0134209128561782,-2.0320051246248103
0.28355,6.97545,1.7588400000000002,0.012972436924129735,0.01155405571446777,0.363333901909576,19.967799170843886,0.45664999459107786,-16.012497984393,0.715057846329453,-16.873818604113932,1.0884219200435794,-13.843499114688424,0.813946156702787,-2.890021425755793,VI,25,2,119,25.85596402394614,0.7374600017722451,1.0404740936445034,1.2975389518413598,1.0426447373878365,0.9742811453672504,0.9400717857206192,0.9310108479387761,0.37816248638209515,-1.8869784322976328
0.28347,8.81772,1.5741599999999998,0.011466079668516527,0.011323486640794411,-0.8187559026023861,-39.30910432136716,0.4570173125662045,-15.892220433636876,0.7169666521316945,-16.56614413406169,1.0971537358317005,-14.375690222350624,2.561337200819547,-7.055582293761779,VI,25,2,120,25.79543161778723,0.7357335053897516,1.0401805372082784,1.1612960339943341,1.021838049484394,0.9750648330531352,0.9425812532949116,0.9384798404969361,1.1900070248486487,-1.9405850449896613
0.28309,8.81772,1.5722799999999997,0.011479789840862937,0.01122302142766346,-0.8821492338097866,-41.4171025407203,0.45645390493842214,-16.03179932174608,0.7152446348936811,-16.425657353830168,1.09527240644526,-14.369257644719559,2.5560633432440705,-7.756282944620453,VI,25,2,121,25.80607207933849,0.7360369910686141,1.0387861441362103,1.1599091123701601,1.0127720099611148,0.9738627801999516,0.9403173527891123,0.9368705950057649,1.1875567705202221,-1.9400660624423123
0.28206,8.81772,1.61782,0.011156645344347314,0.012717173739554832,0.46939870541755696,25.14529975953019,0.45601850744593747,-16.038959629156533,0.712888219971963,-16.485585131610907,1.0965991866850942,-14.149259210159407,2.272931911574038,11.386406946566492,VI,25,2,122,25.78009274079559,0.7352960121969639,1.035006605019815,1.193505075542965,1.1476051874486246,0.9729338421233229,0.9372194227478866,0.9380054920281135,1.0560128283422896,-1.952466372374537
0.28254,6.97545,1.6661199999999998,0.013694356324656294,0.012615970614061611,-0.2625703975958384,-14.71207730393915,0.45619649642177146,-15.842311345313647,0.7099009932504663,-16.605853346853237,1.0937858254469752,-13.946473896309696,1.7546189754331,22.13024945405461,VI,25,2,123,25.75764144100105,0.7346556595274236,1.0367679436371644,1.2291371576959393,1.1384725582826964,0.9733135887680011,0.9332921774587887,0.9355990081236417,0.8152026629020306,-1.8634583760583965
0.28117,11.1448,1.5274,0.009349643812832726,0.013162963014867746,-0.017668946768492257,-1.0122507482901901,0.4554939239995422,-16.057180738179323,0.7149338122361487,-16.753714448803798,1.08765495933211,-14.472033932992847,2.0439892638171995,-33.09441305757902,VI,25,2,124,25.76142635478969,0.7347636122816391,1.0317407896668134,1.1268000472143531,1.187833472076587,0.9718146222239503,0.939908720659266,0.9303548075474799,0.9496452016858251,-2.0292049338406155
0.28425,8.81772,1.5525399999999998,0.011625751330717391,0.011331162048240195,-0.7167117352679693,-35.62961326828766,0.45630105478515204,-15.983083200082937,0.717276670860897,-16.59239393991417,1.0922803263831957,-14.497273185509323,2.483403639088731,-18.4667966129443,VI,25,2,125,25.73736089129387,0.7340772206724985,1.0430427124614707,1.145346435316336,1.0225306827361649,0.9735366682451472,0.9429888285167823,0.9343112391673859,1.153798795060914,-1.9345789706323604
0.28424,8.81772,1.56358,0.011543665160076218,0.011571615651737088,-0.7728716997832557,-37.69942138459817,0.45611462307319167,-15.970646369306735,0.7145443652076507,-16.504893465452916,1.0924394934346189,-14.451834804531423,2.565584574399645,-7.021359905025142,VI,25,2,126,25.68430747542784,0.7325640389507745,1.0430060179069427,1.153490911237016,1.044229356385284,0.9731389086830909,0.9393967226923841,0.9344473869688777,1.1919803708008552,-1.9376562790420953
0.28362,8.81772,1.5716200000000002,0.011484610765319843,0.011097474239147143,-0.08616229549585075,-4.92457333678514,0.4554432141635735,-15.879194688814119,0.7140784431495099,-16.3147379682551,1.0926807196385595,-14.37812032245845,2.5530575393079835,-3.147260637312984,VI,25,2,127,25.69928806082027,0.732991313003284,1.0407309555261999,1.1594222143531634,1.0014425583265287,0.9717064307476464,0.9387841845831227,0.9346537262648253,1.1861602625562895,-1.9398837192620162
0.28193,6.97545,1.7254399999999999,0.013223549332133454,0.012979883338544829,-0.9955305977417295,-44.87167450178426,0.4561878351050551,-15.870906480974721,0.709642445198711,-16.623499361142887,1.0856807286638506,-13.934409982295348,0.9571145607663637,14.44599415651881,VI,25,2,128,25.65541858441333,0.7317400742516038,1.0345295758109498,1.2728989612842303,1.171312255132676,0.9732951095001356,0.9329522696737671,0.9286660964560959,0.4446790725299528,-1.8786519602459522
0.28297,5.5173,1.7611600000000003,0.016379276693234728,0.011624344164274047,1.1935226314567535,50.0418424187147,0.45506917782015094,-15.846883237484953,0.7106019840752558,-16.722904925130994,1.078479847505665,-14.079706425443591,0.9281128323767363,-28.00714990484003,VI,25,2,129,25.66741517137827,0.7320822391399922,1.038345809481873,1.2992504721435318,1.048987608159863,0.9709084091525624,0.9342137556217531,0.9225066298471173,0.4312047589935054,-1.7857052805409672
0.28308,11.1448,1.5121799999999999,0.009443747410837802,0.012574846430399855,0.0273254684737485,1.5652445147392824,0.45498586920155926,-15.82950951691501,0.7138462187271167,-16.668272710193502,1.0825134245019665,-14.4998237274106,1.994049603869947,-34.05286755627962,VI,25,2,130,25.71058462690946,0.7333135119992463,1.038749449581682,1.1155718838526911,1.134761487924899,0.9707306668613068,0.9384788839300809,0.9259568579897136,0.9264430453524973,-2.02485563738602
0.28191,11.1448,1.51338,0.00943625920768129,0.012867084023565512,0.0328473281403057,1.881336844394288,0.4562891407154481,-15.90311915475626,0.713392912662784,-16.64473834663973,1.0823453244041064,-14.58161583680295,1.9947580230416795,-33.97739762873544,VI,25,2,131,25.66770876770018,0.7320906130510897,1.0344561867018935,1.1164571529745042,1.1611331790531942,0.973511249097847,0.9378829318073783,0.9258130690676373,0.9267721795994951,-2.025200137845843
0.28282,8.81772,1.5442399999999998,0.01168823756086617,0.012056879939460141,-0.6730962662112397,-33.94434974873048,0.45565298056603226,-15.898411772091551,0.7136692711800152,-16.44279471084809,1.0862666403501222,-14.552608997034426,2.4640596332731053,-19.14480246398946,VI,25,2,132,25.62362401151443,0.7308332341212318,1.0377953911639515,1.1392233238904625,1.088019889193876,0.9721539758111915,0.9382462546436022,0.9291672717134181,1.144811496238275,-1.9322509700439154
0.28324,8.81772,1.6094400000000002,0.011214735542171173,0.012122624109670244,0.2944362258121905,16.40633882118249,0.4542154604517744,-15.873948098652942,0.7098925065800575,-16.388340642816193,1.0890305568485403,-14.227190996771125,2.1748105277599556,14.261892882203398,VI,25,2,133,25.58318010370297,0.7296796989330372,1.0393365624541318,1.1873229461756374,1.0939526815204403,0.9690869687817448,0.9332810202084391,0.9315314617351711,1.010425259478156,-1.9502109631804276
0.28482,11.1448,1.5044,0.009492585721696829,0.011477359914721486,-0.058652183369583055,-3.356677013321363,0.45437216886836845,-15.807253005821364,0.7112880535678364,-16.56118749877576,1.080083516139903,-14.590547215097851,2.0729557391067557,-32.341414578157654,VI,25,2,134,25.56345279695173,0.7291170395923041,1.045134302069573,1.10983238904627,1.0357236636141411,0.9694213124966609,0.9351157170173653,0.92387837077541,0.9631031364976286,-2.022615472324397
0.28519,11.1448,1.5124399999999998,0.009442123958451714,0.010537492873756216,-0.15604563326754933,-8.869228502970108,0.45380526059939214,-15.814297637540067,0.7118348053577293,-16.542940422343744,1.0815959739077292,-14.63765451695195,2.1515110727845843,-30.530135316600997,VI,25,2,135,25.59598002553386,0.7300447764202795,1.046492000587113,1.1157636921624172,0.9509095127805387,0.9682117908845758,0.9358345203059508,0.9251720920455946,0.9996002439015403,-2.024930302345964
0.28417,8.81772,1.6112799999999998,0.011201928883243121,0.011904923219540564,0.23010850405836417,12.958668851141729,0.45450052445409395,-15.80560626465396,0.7087387116274737,-16.32434321973645,1.088314423359918,-14.227943452546718,2.1364144468231148,15.588504726122467,VI,25,2,136,25.57831754472474,0.7295410097412754,1.0427491560252458,1.188680358829084,1.0743072260173885,0.969695164305609,0.9317641498083747,0.9309188977705892,0.9925862939460589,-1.9507071888278855
0.28366,5.5173,1.7437399999999998,0.01654290601870536,0.011265592709886807,1.2291605267336787,50.86946033380595,0.4542578465587732,-15.866295587080185,0.7082533758871895,-16.67623727139867,1.0760737402834442,-14.173415410799764,0.8455881076770839,-19.28552097876081,VI,25,2,137,25.57806166887704,0.7295337116879936,1.0408777337443125,1.286399315391879,1.0166136673384845,0.9691774012472296,0.9311260889320623,0.9204485015754066,0.39286345739336287,-1.7813881975022976
0.28305,6.97545,1.6526399999999999,0.013806056345989658,0.010717452166465302,-0.24443282869123795,-13.73564029573397,0.45417525010263315,-15.809524106556664,0.7065215769485382,-16.422061282696053,1.0855261261810354,-14.174573903520306,1.7780310690513446,22.048747565190776,VI,25,2,138,25.51196181335494,0.7276484213338871,1.038639365918098,1.2191926345609063,0.9671491444842543,0.9690011783832317,0.9288493286264117,0.928533853080647,0.8260800108213949,-1.8599303584790436
0.28454,5.5173,1.76748,0.016320709111875262,0.011142981953917108,1.0537822846406213,46.500058623474565,0.4546046411025986,-15.92165019627531,0.7095066423459383,-16.738076309967266,1.0749534322680943,-14.326609185315048,1.0307870105265668,-32.95656305223067,VI,25,2,139,25.48442196549907,0.726862933845206,1.044106854542786,1.3039128895184136,1.005549201092327,0.9699173013662865,0.9327737324673476,0.9194902161016247,0.47890757345689017,-1.787260975687299
0.28331,6.97545,1.71386,0.013312896595775817,0.011628084902166713,-1.0194891401237758,-45.552917463021274,0.45397058790309,-15.873743836509831,0.706046843899281,-16.520023061021924,1.0783559939727931,-14.015677151234103,0.9508266723336828,14.786465595715084,VI,25,2,140,25.50365238174988,0.7274114209481919,1.0395934243358287,1.2643561142587345,1.0493251745325827,0.9685645233420709,0.9282252068890631,0.9224006884097613,0.44175769560076106,-1.8757274412422444
0.28365,6.97545,1.6372200000000001,0.01393608736738883,0.012388430706302855,-0.12745722504074009,-7.263596813330199,0.45363666104574957,-15.724826792620838,0.7050375991468716,-16.32957550113293,1.0827210136436625,-14.180205783634982,1.8826499848521898,20.59096558836344,VI,25,2,141,25.52118514984852,0.7279114879803521,1.0408410391897844,1.207816926345609,1.1179392240809831,0.9678520769501031,0.9268983736524279,0.9261344249233394,0.874686357808906,-1.8558591396716637
0.28354,11.1448,1.4897599999999998,0.009585870180244274,0.0120276033947323,0.10334540987758094,5.900309670427927,0.45348539797411447,-15.824869631401294,0.7094887380893846,-16.508614236520806,1.0742772495851618,-14.723704989069773,1.9194210123064617,-35.608409436158766,VI,25,2,142,25.50447544855881,0.7274348963386207,1.0404373990899751,1.0990321057601509,1.0853779566946964,0.967529351097853,0.932750194110952,0.9189118251289647,0.8917703172998644,-2.0183684568782727
0.28336,8.81772,1.52976,0.011798873006871649,0.011630734584221813,-0.7484067893552775,-36.81143103697922,0.4542358131904951,-15.84210444395526,0.7099551474790017,-16.405442921361722,1.0800054366648497,-14.691521434517455,2.4885765040145076,-18.12648022145685,VI,25,2,143,25.50205566271759,0.727365879562874,1.039776897108469,1.128541076487252,1.0495642833891414,0.9691303921690809,0.9333633729048424,0.923811583404688,1.1562021278194037,-1.9281594732253402
0.28212,8.81772,1.5926200000000001,0.011333176759673979,0.012845743338101567,0.4835523025257106,25.80619577236656,0.4551380832577275,-15.755020539755915,0.7068153721456976,-16.260433843488038,1.083353760023711,-14.399747756062945,2.2922129265624265,11.184195733558811,VI,25,2,144,25.46225740575744,0.7262307595332675,1.0352267723469837,1.1749144239848914,1.1592073831300045,0.971055421677339,0.9292355751056964,0.9266756614906769,1.0649708613865343,-1.9456483376373475
0.28315,1.07079,2.18402,0.06805487080658754,0.011694978287787539,0.4564101568451366,24.532437679242452,0.4537657281509686,-15.725152222097234,0.7073320448548338,-16.61146396083039,1.0704571257651367,-14.567316769405474,1.5311230841154881,-39.47898180776014,VI,25,2,145,25.45987994245742,0.7261629498748141,1.039006311463379,1.61120455618508,1.0553616727291661,0.9681274468145321,0.9299148340478982,0.9156441798790691,0.7113656200450147,-1.1671407861296927
0.28305,6.97545,1.68064,0.013576043031009823,0.012335914605782039,-0.9275887246537483,-42.84865388429296,0.45305911263717336,-15.756440385723403,0.7040018606112001,-16.368406477612215,1.0769062016218915,-14.107223926402854,1.1933466960381094,22.45068077406539,VI,25,2,146,25.41923632152895,0.7250037184984794,1.038639365918098,1.2398489140698772,1.1132001404908292,0.9666198541718755,0.9255367095859941,0.9211605696827386,0.5544334228663415,-1.8672267941361305
0.28329,1.07079,2.1071999999999997,0.0705358764896561,0.01190287295004716,0.647985950987583,32.94267055863082,0.45337109925408875,-15.745607104211862,0.7064879647432443,-16.625540989800516,1.0697198137024488,-14.626657036047877,1.3542822624163091,-39.37860522105581,VI,25,2,147,25.40959610402552,0.724728761633186,1.0395200352267724,1.5545325779036825,1.0741222085005657,0.9672854901777179,0.9288051393541522,0.9150135002537901,0.6292047003368655,-1.1515899326772163
0.28397,4.36941,1.9049799999999997,0.019120837599824143,0.011706998806076618,-0.5600694262461228,-29.251854437306687,0.45312153766544144,-15.72584969745179,0.7089087523901504,-16.286362185658817,1.0764700978874078,-14.872024297654528,2.426130491334558,-21.748396756728035,VI,25,2,148,25.40132205078209,0.7244927703039161,1.0420152649346837,1.4053499763928232,1.0564464113217877,0.9667530404825313,0.9319876988879846,0.9207875366703066,1.1271894723443063,-1.7184930871114836
0.2844,6.97545,1.6395,0.013916706898222837,0.011597073475001718,-0.3336849187025063,-18.453076832267133,0.4536219139087924,-15.674030177880478,0.7031373532513436,-16.326122694072172,1.0785559756125211,-14.227614472898502,1.6903497902714057,22.782557104523974,VI,25,2,149,25.38832700442249,0.7241221275035741,1.0435931307793924,1.2094989376770537,1.046526685228781,0.9678206133397764,0.924400159610743,0.9225717480627752,0.7853429545437389,-1.856463519404167
0.2837,8.81772,1.5202399999999998,0.01187275954519811,0.01208625237058103,-0.7304435754477723,-36.14602032747232,0.45385784818482705,-15.783939097709125,0.7070307950398825,-16.312209596139844,1.076334347941012,-14.787808440019216,2.4932297624407376,-18.38819429931357,VI,25,2,150,25.34389851157254,0.7228549445671529,1.0410245119624248,1.1215179414542018,1.0906704745371794,0.9683239886149524,0.9295187871365288,0.9206714193169399,1.1583640494179648,-1.9254483277206516
0.28294,8.81772,1.52548,0.011831976801394955,0.01303292057864297,-0.8702547836668256,-41.031576946344785,0.4540064590552121,-15.695772580779218,0.7074759504173116,-16.233091485377525,1.0764427473193432,-14.754726413988225,2.5346630597477624,-14.923445708442122,VI,25,2,151,25.32310268812732,0.7222618091504822,1.0382357258182888,1.1253836166194522,1.17609836666273,0.9686410558890743,0.9301040237194584,0.9207641416291956,1.1776141172505898,-1.9269426905186045
0.28439,11.1448,1.4756200000000002,0.009677725945514906,0.0118363974448637,0.13485135071420928,7.680083072019014,0.45435681768779196,-15.806021861105801,0.7073457575844684,-16.462265361434305,1.0686468704383794,-14.7868395783935,1.879417665380249,-36.410745762728524,VI,25,2,152,25.34165634777451,0.7227909939011891,1.0435564362248642,1.0886006846081209,1.06812342007877,0.9693885601349572,0.9299328618904019,0.9140957294889093,0.8731846098637569,-2.0142266804332034
0.28314,8.81772,1.51444,0.011918229821578918,0.012398509037366945,-0.7837292358952109,-38.08683680117694,0.4532963532721635,-15.721854766054152,0.7052691734966623,-16.26961378066128,1.0726618015111795,-14.78676087994607,2.5024628722159195,-17.22518598225725,VI,25,2,153,25.33253555705939,0.72253085205033,1.0389696169088507,1.1172391406987723,1.1188486985638237,0.967126016616469,0.9272028196684423,0.9175300083413176,1.1626537874072267,-1.92378824424424
0.28422,5.5173,1.75346,0.016451203301505186,0.011571736994335613,1.0156117391118231,45.44377042368354,0.45302196816733015,-15.637833599305788,0.7034077032815861,-16.549062801607832,1.0656209942567016,-14.500221340732226,1.0570761967321267,-34.24741420287075,VI,25,2,154,25.33724920514425,0.7226652940274999,1.0429326287978864,1.2935699952785646,1.0442403064122616,0.9665406049502581,0.9247555832131888,0.9115074652342269,0.49112162955702426,-1.7838023306567834
0.28331,6.97545,1.66188,0.013729295111341579,0.012155716119007731,-0.7987367451088714,-38.61564740744202,0.45287933904052985,-15.646441388078271,0.7021504548318369,-16.409548347575655,1.0735035097060193,-14.20587531278812,1.3132600726700825,23.96825219485023,VI,25,2,155,25.3658116909782,0.7234799490461338,1.0395934243358287,1.2260092067988668,1.0969389237749343,0.9662362999668623,0.9231027046365574,0.9182499859949865,0.6101456346437331,-1.8623517597124954
0.2831,8.81772,1.5278599999999998,0.011813545724733927,0.012230492963976047,-0.8833294054161958,-41.455107129574984,0.45334736612204396,-15.668534200407471,0.7045361585840386,-16.281619702330406,1.0748883319822191,-14.778829923383396,2.574712674578408,-7.603111533917965,VI,25,2,156,25.32220887208051,0.7222363158606998,1.0388228386907383,1.1271394003777147,1.1036868299484395,0.9672348545851511,0.9262391400984505,0.9194345308280764,1.1962213209314256,-1.9276197334134446
0.28384,6.97545,1.6704999999999999,0.013658450140458753,0.011709192423543013,-0.997710453086406,-44.934334168644206,0.4523031244260496,-15.645601711328956,0.7007073203221137,-16.396020488497385,1.0697865525715904,-14.16592079677262,1.143690926690434,21.761882208090515,VI,25,2,157,25.26481313687301,0.7205992831455923,1.0415382357258183,1.232368389990557,1.0566443646434351,0.9650069228920287,0.9212054454951404,0.9150705871334327,0.5313631631874945,-1.8645985783729329
0.28329,6.97545,1.67076,0.013656324642459926,0.012128983123792958,-0.9551171425982312,-43.684914249243086,0.4519958214152088,-15.57286474641487,0.7003191034231184,-16.3658142806334,1.068973082464613,-14.22254811839048,1.1852677620203116,22.345131960201837,VI,25,2,158,25.25717225807401,0.7203813511246693,1.0395200352267724,1.2325601983002832,1.0945265226697194,0.9643512795482794,0.9206950647541153,0.9143747636847104,0.5506799193325654,-1.8646661675851
0.2842,8.81772,1.59302,0.011330331051080321,0.01195759903357696,0.010320249215626362,0.5912857320444254,0.45487298155029465,-15.619510142855809,0.700825170751675,-16.228000601438843,1.0749460548145684,-14.444472045884044,1.985036992835169,18.857556313026777,VI,25,2,159,25.26213675962322,0.7205229479074421,1.0428592396888303,1.1752095136921625,1.079060722248491,0.9704898165131745,0.9213603810214539,0.9194839055991108,0.9222557519183557,-1.9457574006787923
0.2838,8.81772,1.5812999999999997,0.0114143071972377,0.01183813421293739,0.2972927875405961,16.556833968669668,0.45292904358225616,-15.540569803313025,0.7010695024611544,-16.125897203310938,1.0765014689172072,-14.548084784672517,2.2069398738871424,14.075164115912676,VI,25,2,160,25.27105289848073,0.7207772527081283,1.041391457507706,1.1665633852691215,1.0682801470443348,0.9663423466074331,0.921681598874831,0.9208143707210698,1.0253526761349367,-1.9425504433106402
0.28345,8.81772,1.5867,0.011375461001444492,0.012435511788169262,0.2056046141830968,11.618366998330444,0.4526835604158062,-15.617710280212647,0.7022004564791798,-16.115946043178482,1.0753702889631136,-14.474148912264797,2.1455897992428192,15.76127461002344,VI,25,2,161,25.29344302369225,0.7214158605652122,1.0401071480992221,1.1705470963172804,1.122187848412703,0.9658185983901767,0.9231684407698618,0.9198467856432262,0.9968491976478505,-1.9440309941146672
0.28429,6.97545,1.67766,0.01360015793404882,0.011754580215645516,-1.0309499004016172,-45.87306999376365,0.4529464350823966,-15.751925276576008,0.700695511591279,-16.34045973851591,1.0688953501660114,-14.320581547901122,1.1068990729678203,21.002056182369124,VI,25,2,162,25.22455839316224,0.7194511432680464,1.043189490679583,1.2376504957507082,1.0607401855176646,0.9663794520730572,0.9211899208005442,0.914308273280667,0.5142695277328948,-1.8664560482851023
0.28508,6.97545,1.6510600000000002,0.013819268203236916,0.01120755509529442,-0.7352802656034277,-36.32631080263644,0.4521349246755581,-15.610048151314343,0.6995700344257231,-16.261260595639083,1.0686475758162306,-14.26984901462075,1.357770637467738,24.244369316103608,VI,25,2,163,25.19563900865259,0.7186263088378938,1.0460883604873037,1.218027030217186,1.0113763190929221,0.9646480619536725,0.9197102792103665,0.9140963328527513,0.6308254126800817,-1.859514954335978
0.28423,6.97545,1.6361599999999998,0.013945115978655111,0.012012339186204257,-0.4818038792622358,-25.72494756078673,0.45392207652429356,-15.571105425751655,0.6988686732976005,-16.154863733075207,1.0698656694285311,-14.369189786226356,1.5603764619566407,23.754386031427906,VI,25,2,164,25.20426191954335,0.7188722502336542,1.0429693233524144,1.2070349386213408,1.0840005055999933,0.9684610223626403,0.9187882142172562,0.9151382618565436,0.7249568508756857,-1.8555778694452258
0.28242,8.81772,1.58904,0.011358709642924014,0.013437392087105371,0.08106096163673993,4.634318194706422,0.452843182022135,-15.591207416058234,0.6995209707540976,-16.063620597073367,1.0725395278846124,-14.526609405084344,2.039483629122301,17.944656006122578,VI,25,2,165,25.1994440167516,0.7187348347190731,1.036327608982827,1.1722733711048159,1.2125981118728533,0.9661591575126588,0.9196457762143702,0.9174254183191447,0.94755186663544,-1.944671001968944
0.28448,5.5173,1.7489999999999997,0.01649315434022715,0.01118493976944207,0.8989369161061207,41.95354264616827,0.45246493459243065,-15.6200937821602,0.7014158523171686,-16.504178380341774,1.0597989095383782,-14.635102062739195,1.1351313938326186,-37.09762887801761,VI,25,2,166,25.18177614824973,0.718230914373089,1.0438866872156174,1.2902797450424925,1.009335498876456,0.9653521513954801,0.9221369378789392,0.9065273890977956,0.5273863716010669,-1.7826962769481167
0.28286,6.97545,1.6517600000000001,0.013813411730297587,0.01286898356306232,-0.6502168049571255,-33.03259921023023,0.452307587940939,-15.650028332462023,0.6990664409749083,-16.234015641405673,1.0690876111936223,-14.385734750749696,1.4332107400626952,24.326357776926333,VI,25,2,167,25.20203878819955,0.7188088424085497,1.0379421693820639,1.2185434372049104,1.1613045946070701,0.9650164459807188,0.9190482152990134,0.9144727289012726,0.6658751718506342,-1.8596990431702978
0.28539,5.5173,1.73408,0.01663506120885846,0.01088881102632322,1.0420751453496053,46.18036165397054,0.4528528736878696,-15.635745947203446,0.7018025883576466,-16.432633441779814,1.0591363894404835,-14.630284185791428,1.0429125824465946,-34.3900217677361,VI,25,2,168,25.1985586530338,0.7187095825053752,1.047225891677675,1.2792728989612843,0.9826126681032303,0.9661798350716301,0.922645371765849,0.9059606847832659,0.4845411603819243,-1.7789755968017371
0.28349,8.81772,1.5778599999999998,0.0114391923053959,0.012315481587121091,0.16017871659833888,9.100260755870869,0.4525996841249267,-15.544697574502761,0.6988492512036553,-16.065527034291968,1.0693848770174192,-14.565635154145687,2.1005529783067654,16.438086720051576,VI,25,2,169,25.2773532808338,0.7209569512866442,1.0402539263173347,1.164025613786591,1.1113562529501877,0.9656396449472441,0.9187626803913829,0.9147270031873559,0.9759249190040209,-1.9416046389777075
0.28402,6.97545,1.67734,0.013602752548461458,0.012084442701871534,-1.0447773074361126,-46.25448416745043,0.45130092229842045,-15.456198295089957,0.6974773909957142,-16.3857142916455,1.063053850644406,-14.375653981247021,0.9735313868070163,15.475212070089448,VI,25,2,170,25.29547245588136,0.721473743731525,1.0421987377073243,1.2374144239848914,1.0905071689756518,0.9628686843102667,0.9169591241028137,0.9093115901721294,0.4523063924735526,-1.866373202243594
0.28427,4.36941,1.8846599999999998,0.01932699437082179,0.012170945686470147,-0.5474960880630649,-28.700532510276688,0.4532181876257548,-15.588581472323614,0.7020391854322627,-16.206557606296503,1.0654675106737952,-14.98220946309301,2.4260657092861,-22.35136526116425,VI,25,2,171,25.24570657417722,0.7200543285754805,1.043116101570527,1.3903594192634559,1.0983132488396383,0.9669592470633901,0.9229564210544798,0.91137617893979,1.127159374357706,-1.7138356798390235
0.28502,4.36941,1.8973200000000001,0.01919803365321242,0.011264592710074073,-0.6459809334795795,-32.861689272728746,0.4535149398461452,-15.580088331265648,0.7027596321812939,-16.1347057315462,1.0673606110857974,-15.05448854827166,2.481633840904088,-19.856578011883975,VI,25,2,172,25.25712094361833,0.7203798875413141,1.045868193160135,1.3996990084985836,1.0165234267711978,0.9675923798710039,0.9239035775193098,0.9129954930930191,1.1529765400795648,-1.7167432513637275
0.28399,6.97545,1.65252,0.013807058891654166,0.012312523362817018,-0.8241236965513807,-39.49274352584995,0.45162175079025196,-15.540209447629648,0.6985447097792117,-16.266188391453596,1.0665685959365256,-14.383043950544863,1.2984796052241037,23.949411819283288,VI,25,2,173,25.23446910929106,0.7197338152553354,1.04208865404374,1.2191041076487252,1.1110893010608358,0.963553184812162,0.9183623060689806,0.9123180217171447,0.60327857313944,-1.8598988227362347
0.28481,11.1448,1.45568,0.00981029206949378,0.011510241500508223,0.09439546181432641,5.392482869437797,0.4524077043570537,-15.707948408099986,0.7029215053623585,-16.327149207703684,1.0607104982394029,-15.113857769202097,1.9381065680019929,-35.87719577413293,VI,25,2,174,25.1673782683347,0.717820260160474,1.0450976075150449,1.073890462700661,1.038690917124489,0.9652300483845677,0.9241163888480224,0.9073071409145161,0.9004516976873308,-2.008318062723897
0.28391,4.36941,1.8822400000000001,0.019351843128885257,0.011949846205210557,-0.5090251934975075,-26.977240402728057,0.45240508508302035,-15.557940071274658,0.7009082981718175,-16.172974464088906,1.063330825192335,-15.101637303568875,2.422411480631883,-22.587411711766194,VI,25,2,175,24.96707443262438,0.7121072236285111,1.041795097607515,1.3885741265344664,1.0783611024876152,0.9652244600579819,0.9214696669242615,0.9095485077717993,1.1254616057985605,-1.7132776651368564
0.28434,5.5173,1.73406,0.016635253071437716,0.0124346179553258,0.9580202377827917,43.77177226606333,0.4520452154992616,-15.36248860045397,0.6967187569544673,-16.318117587316465,1.0524167009900935,-14.743059307352407,1.099470885813887,-35.9235937087064,VI,25,2,176,25.0117443921034,0.7133812936406002,1.0433729634522237,1.2792581444759206,1.1221071884147447,0.9644566638149067,0.9159617635934167,0.9002128192479674,0.5108183636720899,-1.7789705878403699
0.28584,8.81772,1.5122799999999998,0.011935252711794096,0.011286742755258039,-0.0322582648127802,-1.8476217302178113,0.452371951781525,-15.610473985048218,0.6975015421170004,-15.933173029015988,1.063811433387675,-14.898528379088452,2.5545114626647725,-2.740610187544834,VI,25,2,177,24.86202185581545,0.7091109294888711,1.04887714663144,1.1156456562795087,1.0185222597883388,0.9651537688254995,0.9169908750832851,0.9099596088670913,1.1868357608888078,-1.923168380999433
0.28282,8.81772,1.5643799999999999,0.011537761906309193,0.013105755009633069,0.19950642694408977,11.282737920788303,0.45160451798498813,-15.49859643128663,0.6950845962533687,-15.980510837065154,1.0650457008981846,-14.692217596201168,2.1223697568844955,16.116871101814443,VI,25,2,178,24.86301547476534,0.7091392693423715,1.0377953911639515,1.154081090651558,1.1826709882641107,0.9635164179284453,0.9138133662625967,0.9110153726480127,0.9860610774757596,-1.9378784274027507
0.28468,6.97545,1.67022,0.013660739878361139,0.011894296981510788,-1.0635449992448611,-46.763814249011695,0.45206820783254825,-15.541278413497007,0.6948362066287734,-16.214261825247174,1.0600692222915,-14.490758469949904,1.0110818477493844,17.311385512470977,VI,25,2,179,24.88396288210676,0.7097367282126275,1.0446205783061793,1.2321618271954673,1.0733483080898851,0.9645057188835031,0.9134868135520063,0.906758608352809,0.46975247973352946,-1.8645257782249305
0.2852,4.36941,1.8292,0.019912974639685648,0.011731260578658087,-0.18535885267545016,-10.501097206442441,0.45112683773764506,-15.444768521184608,0.6996140960371787,-16.222142576266098,1.0575947035449462,-15.147529978870969,2.209363913977487,-30.29645203869939,VI,25,2,180,24.88258439862111,0.7096974113094623,1.046528695141641,1.3494452313503305,1.0586358078529203,0.9624972678922837,0.9197682061011425,0.9046419624510273,1.0264788943990146,-1.7008638593545442
0.26972,11.1448,1.73358,0.008237661924872639,0.008051970686746734,-0.5395350510815679,-28.34841700479183,0.47814223844887016,-17.62637388507188,0.7741627674936254,-17.550083480669713,1.1738107558410291,-13.789307527489253,2.252175831207762,-20.543889995454258,VI,25,3,0,36.77170271647176,1.0,1.0,1.0,1.0,1.0,1.0,1.0,1.0,-2.084196035537538
0.27585,11.1448,1.7168200000000002,0.00831807991502936,0.006995424337009171,0.28378256320223133,15.843017395759357,0.4846567345620391,-17.56442082035542,0.7828152946106605,-17.66775172281693,1.1841367583695317,-13.849491511956037,1.7247103772269257,-34.80583890314307,VI,25,3,1,35.63747188938019,0.9691547917746138,1.0227272727272727,0.9903321450408982,0.8687841286510639,1.013624598684907,1.0111766252270795,1.0087969908923726,0.76579739171698,-2.0799769115150197
0.28022,11.1448,1.7572599999999998,0.008126655110638556,0.004358791281407426,-0.6381591358416658,-32.54435521916427,0.4902070097625168,-17.608508320264004,0.7870260661379652,-17.414730928318765,1.1974994745886403,-13.96269614103216,2.5301238147524385,-18.353424205186332,VI,25,3,2,34.56487744051866,0.9399857740347564,1.0389292599733058,1.0136595945961535,0.5413322341798692,1.025232598886862,1.0166157547023156,1.0201810373859101,1.1234130922165269,-2.090088170999581
0.27968,11.1448,1.7126200000000003,0.008338479031963136,0.0062587053538354365,0.5278557983986223,27.827592618640367,0.49071695584733277,-17.541425524840896,0.7882225171442016,-17.602308735490602,1.1916593300065026,-13.866215104213138,1.5385785479396117,-37.7761881229286,VI,25,3,3,33.85037605571448,0.9205550343077075,1.036927183746107,0.9879094128912426,0.7772886411691797,1.0262991143373068,1.0181612320314692,1.015205665884945,0.6831520552791505,-2.0789131589863676
0.28154,6.97545,1.9061199999999998,0.01197009682477302,0.00499868034458778,-0.45334741958398816,-24.387040592467212,0.49112601670358763,-17.43132798636602,0.7866407192632212,-17.37620199756064,1.2061525235306179,-13.540960233990313,1.7174796426883865,23.79512105606188,VI,25,3,4,33.37832429845177,0.9077176696389441,1.0438232240842356,1.0995281440718052,0.6208021041129019,1.0271546356097672,1.0161179951988566,1.0275527954814283,0.7625868366447051,-1.9219023366199417
0.28045,8.81772,1.80642,0.009991831340990453,0.006284854087544922,-0.25437481567754133,-14.271913404625968,0.490696845443677,-17.471448201328805,0.7899566203770024,-17.28694207898015,1.207920972702401,-14.022625726358413,2.7249640954752476,-2.882214786228422,VI,25,3,5,32.96714772444066,0.8965357948919003,1.0397819961441492,1.0420170975668848,0.7805361360653703,1.0262570548787635,1.020401204432125,1.0290593834582238,1.2099251122919412,-2.0003549053280127
0.28157,5.5173,2.03106,0.01420269560774043,0.006392921986333511,0.867222463387923,40.93256370426626,0.4923258735679182,-17.347170452821167,0.7881580367735588,-17.594665876380617,1.1941522733833534,-13.91470514881698,1.2325398913868733,-35.72064158706004,VI,25,3,6,32.73626916562738,0.8902570930163448,1.043934450541302,1.17159865711418,0.7939574341541058,1.0296640496875173,1.0180779415745391,1.017329469372386,0.5472662810371719,-1.8476292206546618
0.28032,1.07079,2.4448600000000003,0.06079415546861714,0.006346888711294685,0.5512836424315626,28.86722938688422,0.49039006542285235,-17.399312567061067,0.788800686058461,-17.581416036496375,1.1910565947757905,-14.071353369542363,1.5518525887465082,-38.57889337291241,VI,25,3,7,32.58205807066349,0.8860633493609876,1.0393000148301943,1.4102954579540605,0.7882404144542459,1.0256154465953793,1.0189080632387246,1.0146921800204538,0.6890459293821232,-1.2161381702294687
0.28089,8.81772,1.83898,0.00981492129930286,0.0077463611281694544,0.36440547018997244,20.022017004559867,0.4883877833562848,-17.42073062555894,0.7853170957121558,-17.237450126453687,1.2037773451697846,-13.876749721539147,2.4038170023631182,13.528780250037691,VI,25,3,8,32.41429666534978,0.8815011073944614,1.0414133175144593,1.060799040136596,0.9620453711933772,1.0214278180916456,1.0144082468014353,1.0255293190828574,1.0673309645961508,-2.0081131784292854
0.28036,4.36941,2.1679,0.016801888099503202,0.006986411195542053,-0.5612814699751308,-29.30469015255785,0.4898518789936419,-17.39908526859378,0.7878176991524232,-17.250395470954007,1.1977078470667715,-14.206001957302455,2.6267779897611376,-20.69956849119661,VI,25,3,9,32.23381829323368,0.8765930297482432,1.0394483167729496,1.2505335779139124,0.8676647577768066,1.0244898685018056,1.0176383213351967,1.0203585553351147,1.1663290020977135,-1.7746419120169434
0.28097,8.81772,1.81346,0.009953042234729176,0.0061179077063575615,0.7136205505674683,35.51243414085152,0.4893506891111642,-17.2883570632659,0.7859223407175686,-17.3147542329124,1.2023629524365995,-14.112265076292516,2.6657535674776622,4.549315638978841,VI,25,3,10,32.13150095737159,0.8738105277615659,1.0417099213999703,1.046078058122498,0.759802530879481,1.0234416660169054,1.0151900526836433,1.0243243610211366,1.1836347458040668,-2.0020441530419295
0.28408,6.97545,1.9195,0.01188665848379075,0.005876622029048817,-0.7544179443085895,-37.03155731862828,0.4891988685026177,-17.313336662066735,0.7837140750499294,-17.409137336659576,1.2007122360619777,-13.744037016007725,1.4840033144247178,24.693022851724344,VI,25,3,11,32.00967843234378,0.8704975855797169,1.0532403974492066,1.1072462764914224,0.7298364906769387,1.023124144166004,1.0123375961197754,1.022918072685127,0.6589198293762435,-1.9249402148522066
0.2813,8.81772,1.8169000000000002,0.009934197793489996,0.005808560944243646,0.6311123581502828,32.25652974001177,0.4883062624437375,-17.44473248263248,0.784843594920129,-17.261768441190785,1.1995071607398158,-14.100518770721981,2.5944048707491465,8.05787101004205,VI,25,3,12,31.87216769521331,0.8667580052238452,1.0429334124277028,1.0480623911212636,0.7213837668093274,1.0212573229837216,1.0137966172941681,1.0218914375855888,1.1519548495278271,-2.0028671972936745
0.28229,8.81772,1.82328,0.009899436165038817,0.006087493619111317,0.4672798344203333,25.045735906477944,0.4885016236697718,-17.360365630919087,0.7819937267071624,-17.1749657306801,1.1996805989179722,-14.037793283380637,2.4853020974286295,11.914558238554344,VI,25,3,13,31.75289530715434,0.8635144135691801,1.0466038855109001,1.0517426366247882,0.7560253080815509,1.0216659068952123,1.0101153911584897,1.022039194093436,1.1035115744474757,-2.0043895404919114
0.28264,11.1448,1.7146400000000002,0.008328655554355845,0.006290365271371723,0.11102419992431825,6.335272782172375,0.4861722179747521,-17.15262975937034,0.7841290412769063,-17.378466544545788,1.1867728863631026,-14.308461997055032,2.0698900508307356,-35.4835933766323,VI,25,3,14,31.7060366543117,0.8622401007312911,1.0479015275100103,0.9890746316870294,0.7812205876165752,1.016794122920267,1.012873615474362,1.011042777089554,0.9190623672223349,-2.079425098527008
0.2824,5.5173,2.01032,0.014349221487652355,0.0062722698774050345,0.874471934154856,41.16878457058234,0.48840744380588225,-17.284312449503087,0.7810432915227755,-17.553555373728322,1.1832615091112442,-14.12755491016225,1.2460896994217847,-36.50937760929361,VI,25,3,15,31.68117195316524,0.8615639095486805,1.0470117158534775,1.1596349750227855,0.7789732627478356,1.0214689365037342,1.0088876969005187,1.008051343219669,0.553282599944051,-1.8431716607967736
0.28089,4.36941,2.13446,0.017065118676814275,0.007282005988039741,-0.2930180904539118,-16.331539056733984,0.4879155213212239,-17.388526270199193,0.7834667977817437,-17.35681591568762,1.1899386209837879,-14.454379801036895,2.490119902998302,-26.85409754286277,VI,25,3,16,31.56552006758919,0.8584187768234492,1.0414133175144593,1.2312440152747492,0.9043756207440834,1.0204401161128518,1.0120181836156243,1.0137397489863715,1.1056507527047472,-1.7678906871388522
0.28119,1.07079,2.39958,0.06194133929229421,0.00732543985971007,0.6591030009822534,33.38899657255034,0.4864390482180186,-17.185060349725067,0.7805659317708955,-17.47024988237965,1.1803760274962225,-14.277955815219523,1.4535990727428327,-39.125775867456056,VI,25,3,17,31.45425408531401,0.8553929179685276,1.0425255820851251,1.3841760980168207,0.9097698122234213,1.0173521791257427,1.0082710827052566,1.005593126168357,0.6454198880037351,-1.2080194085858704
0.28151,8.81772,1.7428400000000002,0.010356340209653193,0.007258169984149743,-0.8370332934109564,-39.93045374104408,0.4862869349274405,-17.36090948401505,0.779766539662239,-17.21915111851725,1.1876497474599055,-14.405607696344982,2.743204532601377,-15.38116718586807,VI,25,3,18,31.36232693129769,0.8528929751531208,1.0437119976271687,1.0053415475490028,0.9014153511632177,1.0170340451514854,1.0072384935105518,1.0117897979295314,1.2180241411836366,-1.9847936912665007
0.281,5.5173,1.9565399999999997,0.014743642829207319,0.007435181338032559,1.205763796388426,50.3293908440056,0.48299693415141176,-17.141540007462485,0.7743780842803174,-17.431925483374826,1.1768579535864823,-14.005565296547806,0.882461675716691,-15.171093250156678,VI,25,3,19,31.29418619052295,0.8510398996700478,1.041821147857037,1.1286124666874329,0.9233989575087017,1.010153245858995,1.0002781285741615,1.00259598724095,0.3918262790536466,-1.8313951986234396
0.28171,8.81772,1.80936,0.009975595774744647,0.007229375525413306,0.23508275223004627,13.229044325090676,0.48592143108781743,-17.16477153513257,0.773173406337219,-17.155037699318864,1.1868556003794086,-14.121918431567071,2.338600951746477,15.68900374874407,VI,25,3,20,31.24852871676632,0.8497982526865325,1.0444535073409462,1.0437130100716439,0.8978392752115465,1.0162696202372405,0.9987220243623837,1.0111132433175167,1.0383740555871113,-2.0010611573998647
0.28141,8.81772,1.75332,0.010294437963972336,0.0067750456553373195,0.1493551091473814,8.494625741838622,0.48417496742763205,-17.016020235660736,0.7731079049334718,-17.10717449047655,1.1807237362934844,-14.384446747150944,2.745126198883766,-1.3286545237942546,VI,25,3,21,31.21282347364128,0.8488272548679016,1.0433412427702802,1.0113868411033815,0.8414145951237516,1.0126170174764992,0.9986374150185899,1.0058893483622087,1.2188773899645535,-1.987397359177905
0.28262,8.81772,1.7998999999999998,0.01002802598532806,0.007104489456639107,0.1603927787669351,9.112218404464876,0.4830905448035361,-17.088491934446413,0.7714879957383334,-17.128698374340996,1.1822464328899802,-14.144763314238839,2.286874121935057,16.81678883869829,VI,25,3,22,31.13388305461208,0.8466804840306121,1.0478273765386326,1.0382560943250383,0.8823292747864633,1.0103490257851275,0.9965449491145748,1.007186573310028,1.01540656384217,-1.9987845493378773
0.28292,6.97545,1.90124,0.012000821021878534,0.006139651905190335,-1.0585989867078602,-46.63051096866265,0.48242264603512464,-17.056356160007798,0.7686621004244104,-17.279501238866892,1.1736333849505782,-13.942762565011368,1.0763087503051878,17.47793256531399,VI,25,3,23,31.04637503844915,0.8443007188933362,1.0489396411092984,1.0967131600503006,0.7625030124980448,1.0089521636911654,0.99289468920467,0.9998488931119703,0.4778973006419315,-1.9207890411962005
0.28042,6.97545,1.8661800000000002,0.012226280937335273,0.007406091224276434,-0.6473885677791309,-32.91855814862721,0.4827388321494334,-17.119045559612168,0.7677684452845565,-17.295791764531636,1.1762662653057676,-14.007632347418175,1.5541008874132969,24.553086642905882,VI,25,3,24,31.02254868234975,0.843652765321996,1.0396707696870828,1.0764891150105564,0.9197861632142557,1.0096134441405449,0.991740338753605,1.0020919125613048,0.6900442078627084,-1.912705629147197
0.28212,8.81772,1.8009,0.010022457643951342,0.007500657415710876,0.07031518705700926,4.022143376621617,0.4820459201805787,-17.057615403484355,0.768662916559267,-17.065127308224213,1.1795266967494915,-14.166424339985229,2.210341420115983,18.176933518231444,VI,25,3,25,31.01906202582761,0.8435579463099686,1.0459736022541894,1.0388329353130517,0.9315306410710982,1.0081642687422312,0.9928957434207739,1.0048695591516938,0.9814248912042783,-1.9990257704515566
0.2821,1.07079,2.43222,0.06111009651224121,0.007010271091726916,0.5052235673945734,26.8039812548102,0.48102816663010073,-17.231824672766788,0.7691852342521932,-17.443116051137487,1.1640779336114333,-14.458913162813813,1.6156295954471183,-39.674201913935164,VI,25,3,26,30.96766676336544,0.8421602611698908,1.045899451282812,1.403004187865573,0.8706279946182095,1.0060357106090287,0.993570430598791,0.9917083548764875,0.7173638812120249,-1.2138870303907823
0.28165,4.36941,2.1224000000000003,0.01716208688791603,0.007448644807100668,-0.6233594412920563,-31.937739951061516,0.48134352753964227,-17.218834046533896,0.7682577691827899,-17.095078955216685,1.1699272635527571,-14.602790261317589,2.6613188787298387,-19.599407378048816,VI,25,3,27,30.89022812859635,0.8400543310919126,1.044231054426813,1.22428731295931,0.9250710288055172,1.0066952652021652,0.9923724072523493,0.9966915516245295,1.1816656771876768,-1.7654299036201728
0.28068,8.81772,1.7147199999999998,0.010526175685238393,0.007024762826561226,-0.9813826028592961,-44.46165526556175,0.48106389593309506,-17.15294767246495,0.7691638501752859,-17.0555498928364,1.1703285852410261,-14.664348858816089,2.767122450585294,-11.272934139167152,VI,25,3,28,30.82419341838496,0.8382585287402906,1.0406347323149931,0.9891207789660702,0.8724277695302273,1.0061104358688389,0.993542808401231,0.9970334480386422,1.2286440571122657,-1.9777293857444629
0.28244,8.81772,1.7467799999999998,0.010332980667852838,0.007225808022781666,0.723202879390953,35.87456225092606,0.480630502397376,-16.93860153946959,0.7661714235822331,-16.94370335552474,1.173380548083729,-14.513005227538073,2.669390101285687,4.40979179972238,VI,25,3,29,30.81132040845278,0.8379084494950775,1.0471600177962332,1.0076143010417749,0.8973962156463257,1.005204024552564,0.989677437036575,0.9996334947902297,1.1852494216023035,-1.9857743831388543
0.28289,8.81772,1.7658600000000002,0.010221333498121014,0.006820034123937002,0.43372515175421006,23.447590562892728,0.48175666508047277,-17.083137862102706,0.7644798069720935,-17.036966483503488,1.17260651782391,-14.395610204114087,2.4701826543067593,12.190893943388748,VI,25,3,30,30.76906348060396,0.8367592797605499,1.0488284146522318,1.0186204270930677,0.8470018569693184,1.007559312566336,0.9874923453721743,0.9989740782224675,1.0967983139140998,-1.990492441471699
0.28123,4.36941,2.10564,0.01729868980970773,0.00721371866749132,-0.5288216680708406,-27.870856199435924,0.4800222198785022,-16.95098295884636,0.766533540281134,-17.164349127838143,1.1636157875581807,-14.794762314390997,2.6106163362355588,-21.78388050830887,VI,25,3,31,30.72573653498971,0.8355810110807358,1.0426738840278806,1.2146194580002079,0.895894799935729,1.0039318455439763,0.990145189703205,0.9913146405993326,1.159152984443305,-1.7619867887765095
0.28144,6.97545,1.86024,0.012265321119660015,0.007638200384520122,-0.9504873453393123,-43.54587262966725,0.4790097870590128,-17.047262982236305,0.7610533678424785,-17.279533625862463,1.162395869271182,-14.14115991331849,1.2894848546748108,23.38786988230486,VI,25,3,32,30.7350419389924,0.8358340699089994,1.0434524692273468,1.0730626795417575,0.9486125424043502,1.0018144153358153,0.9830663521915565,0.9902753603908934,0.5725507026613041,-1.9113210769993203
0.28032,4.36941,2.07756,0.01753249639524875,0.008099270043421536,-0.33768856550558085,-18.65923740714518,0.478690103839441,-16.98349599135743,0.7645620116383747,-17.147262809986913,1.1602851769628715,-14.773992990162075,2.493857867188401,-26.035358014889542,VI,25,3,33,30.63348942289099,0.8330723670614476,1.0393000148301943,1.198421763056796,1.0058742584287663,1.0011458209430486,0.9875985306212368,0.9884772065591897,1.10731046512076,-1.75615624172185
0.28186,6.97545,1.81906,0.012542984266399318,0.007323814612783364,-0.44348176810199286,-23.916413340986963,0.47668579521409465,-16.903074888053954,0.759107269578894,-17.088173060416864,1.1629473191078123,-14.28987156932348,1.7559321522753877,23.751384027441723,VI,25,3,34,30.57564375621374,0.8314992643111271,1.0450096396262791,1.049308367655372,0.9095679676079931,0.9969539540378187,0.9805525419887162,0.9907451548904634,0.7796603302210838,-1.9015991224975417
0.2797,4.36941,2.06298,0.017656406368899837,0.008601921276598923,-0.24795396614794343,-13.925857187515614,0.4776409648011511,-16.870447003592435,0.7627385488100704,-17.187440733894842,1.1569239196199974,-14.851277780325374,2.431043565201501,-28.08342050492399,VI,25,3,35,30.56924487854976,0.8313252479563958,1.0370013347174847,1.1900114214515627,1.0683001231931195,0.9989516223261403,0.9852431308204846,0.9856136637554217,1.0794199686877106,-1.7530976842788957
0.28172,8.81772,1.7218200000000001,0.01048277053988917,0.008238456250983461,0.6955013122912809,34.818663859136656,0.47766115222889816,-16.942862870392457,0.7594112861986138,-16.91697241501495,1.1628962607915423,-14.65990616715853,2.6989125848370703,2.737216144408477,VI,25,3,36,30.54764810860488,0.8307379275891177,1.044490582826635,0.9932163499809644,1.023160238839875,0.9989938428750141,0.9809452457358935,0.9907016569790531,1.1983578490804332,-1.9795239204851056
0.28081,5.5173,1.92196,0.015008911184966016,0.008562777264912835,1.1136719214838204,48.078364823294066,0.4781399596067648,-16.984360081842592,0.7575072446405631,-17.235268458012797,1.1475554135350337,-14.533951907909774,1.0556888466877177,-31.431095920142376,VI,25,3,37,30.52219882908036,0.83004583890014,1.0411167136289485,1.1086653053219349,1.0634387031496364,0.9999952339661253,0.9784857609376061,0.9776323890581633,0.4687417527793952,-1.8236508123211934
0.28059,8.81772,1.69866,0.010625695531178678,0.008714993377321623,-0.3285209463449625,-18.18643507837575,0.4783682972148005,-16.91393382695997,0.7581464963114333,-16.90196205964109,1.156261623979326,-14.712117636379766,2.76227235374094,-3.551334467118482,VI,25,3,38,30.48588799022077,0.8290583720118221,1.0403010529437935,0.9798567126985775,1.0823429091298358,1.0004727856017568,0.9793114938425089,0.9850494368241418,1.22649054104254,-1.9736426325278664
0.28223,6.97545,1.80282,0.012655972842344963,0.007459538326900272,-0.47267399682326855,-25.298883636083712,0.47679631147665436,-16.821076791708794,0.7536511912132751,-17.028062095977884,1.1534058305996322,-14.33350314645464,1.720034049154665,24.218056348681795,VI,25,3,39,30.39265797806002,0.8265229981978978,1.0463814325967669,1.0399404700100372,0.9264239298807203,0.9971850908286578,0.9735048272254719,0.9826165119548791,0.763721031600038,-1.8977044657705753
0.28,6.97545,1.8498,0.012334544793835195,0.008848329259449061,-1.0601717692301131,-46.67297146984774,0.4764014572784394,-16.85819473333938,0.753565416896382,-17.0712290844671,1.150154060287321,-14.332718264543082,1.1817357607312982,21.118491881178443,VI,25,3,40,30.38649457742653,0.826355385599672,1.0381135992881507,1.0670404596268994,1.0989023189084761,0.9963592817566631,0.973394030994376,0.9798462440082532,0.5247084816186732,-1.9088768735089348
0.2811,5.5173,1.8921400000000002,0.015245450622605771,0.008575398441838133,1.0989397522240825,47.69880882505676,0.47527555126415294,-16.876648273974563,0.7556297230733582,-17.17874523002144,1.1448994686008258,-14.4809394523853,0.8783663998702843,-12.873780015131425,VI,25,3,41,30.36580911385219,0.8257928480491585,1.0421919027139255,1.0914639070593801,1.065006167490518,0.9940045305471925,0.9760605324894808,0.9753697202923579,0.39000791487902947,-1.8168597343016308
0.28198,5.5173,1.89734,0.015203667735386008,0.007652225647641564,1.2881141923455692,52.17678475372431,0.4758856281611328,-16.834754022451204,0.755269035529587,-17.194186149196987,1.1437242901857856,-14.561907398552034,0.9297637750043795,-21.55883618321227,VI,25,3,42,30.3500148993882,0.8253633271595284,1.0454545454545454,1.094463480197049,0.950354384701979,0.995280462368148,0.9755946258882904,0.9743685551478127,0.41282912378372344,-1.81805163014136
0.28282,4.36941,2.0344599999999997,0.017903922028898577,0.007204322144099273,-0.17088078892928665,-9.697086168345638,0.4748815618989484,-16.803312969775764,0.7578865904122396,-17.078235871645255,1.147599675289697,-15.03923588959634,2.373148485099158,-29.907262502240364,VI,25,3,43,30.28888845186448,0.8237010041500383,1.0485688862524098,1.173559916473425,0.8947278156336732,0.9931805302110527,0.978975768708071,0.9776700968014628,1.0537136808836647,-1.747051822152456
0.27981,8.81772,1.70022,0.010615946154610565,0.009386301447771361,0.511330220562491,27.08203313049308,0.4763749584743597,-16.822799928082564,0.7555239165409089,-16.837832064484704,1.15295599786049,-14.881653174673422,2.7291063172977306,0.9526985502714465,VI,25,3,44,30.30049282674327,0.8240165830876868,1.0374091650600623,0.9807565846398782,1.1657148060934808,0.9963038614194728,0.9759238602844975,0.9822332877111891,1.2117643211872173,-1.9740412929332605
0.28085,5.5173,1.9023599999999998,0.015163547877929145,0.008388700141083116,1.2447300830176207,51.22205641798383,0.47619896658652855,-16.66642026007256,0.7538963207938664,-17.186026280527376,1.1386127448895833,-14.651558281829907,0.973915328681823,-26.205991944060703,VI,25,3,45,30.2308513661558,0.8221226957927622,1.0412650155717038,1.0973592219568753,1.0418195082218353,0.9959357870815895,0.9738214655228483,0.9700138963829594,0.4324330787972033,-1.8191991731408663
0.28163,5.5173,1.9375199999999997,0.014888376347628561,0.008528515301564898,0.7733931007897532,37.71811916706337,0.4753078659326164,-16.853548602977742,0.7551649748377791,-17.207954809182436,1.1392047850686158,-14.876272042317677,1.3411294505348867,-38.36905208512101,VI,25,3,46,30.24341072783832,0.8224642454288876,1.0441569034554352,1.1176409510954208,1.05918360030825,0.9940721143452027,0.9754602088171299,0.9705182708539604,0.595481681292924,-1.827152661664463
0.28051,4.36941,2.10606,0.017295240026833514,0.009392835357953377,-0.7384070324472218,-36.44242079334299,0.47613209723577765,-16.711351830373964,0.7561567377550727,-16.897871504092414,1.1485587222986957,-15.093196995644897,2.7201292568730704,-17.655593848761654,VI,25,3,47,30.1988817891744,0.8212532887591011,1.0400044490582825,1.2148617312151733,1.1665262733027157,0.995795934658244,0.9767412868525727,0.9784871339637363,1.2077783711116203,-1.762073406381279
0.28374,8.81772,1.67806,0.010756137427143233,0.0073677881863337125,-0.3281891645295191,-18.16927547808088,0.4750189126793017,-16.84052261750423,0.7535872605661802,-16.80998789419815,1.1505096664184045,-14.9945318539524,2.7879562629668104,-3.7693293610360423,VI,25,3,48,30.21162789698068,0.8215999169232782,1.051979830935785,0.9679737883455048,0.9150291863904618,0.9934677894600971,0.9734222468563568,0.9801491941467775,1.237894583688756,-1.968343657595195
0.2836,6.97545,1.7965199999999997,0.012700354551931707,0.006816339635879021,-0.5848143216465597,-30.31970739526379,0.4752611709180807,-16.829941058493965,0.7504206713000886,-16.92440162885455,1.1462037895710437,-14.553682660801154,1.6226809563821074,24.50660090692722,VI,25,3,49,30.16230312884091,0.8202585385128172,1.0514607741361413,1.0363063717855534,0.84654302667774,0.9939744550907365,0.9693319064278917,0.9764809053481495,0.7204947917019078,-1.8961841548079672
0.28241,6.97545,1.7987799999999998,0.012684397736041289,0.00842153951971053,-0.6310586017604776,-32.254327006120455,0.4743204036083135,-16.717317821018558,0.7487019062086443,-16.929960832719992,1.1466416055685842,-14.537653631451098,1.60897672144569,24.863243698857357,VI,25,3,50,30.15889500792821,0.8201658552629012,1.0470487913391664,1.0376100324184634,1.0458979357155502,0.9920069081264291,0.9671117465808754,0.9768538922162301,0.7144099049241874,-1.8967301485544572
0.28256,6.97545,1.84876,0.012341483458986752,0.007889739178935262,-0.7842214335748657,-38.10430276631291,0.47422914707963154,-16.717982062473023,0.7486980576376668,-17.07783805618227,1.139682548429509,-14.585065636177136,0.963304817061983,10.933305365166278,VI,25,3,51,30.10592472248883,0.818725337649458,1.0476049236244993,1.0664405449993655,0.9798519500228062,0.9918160516796571,0.9671067753123787,0.9709252899228484,0.4277218517816155,-1.908632634522365
0.2829,4.36941,2.07602,0.017545502071710767,0.006993860336887925,-0.6150337646310456,-31.592919348274094,0.4744172859050147,-16.712417905266292,0.7537327724008475,-16.918104117715828,1.142118052770022,-15.241648719153927,2.6692539560269104,-20.42890617104255,VI,25,3,52,30.0653167131568,0.8176210099645221,1.0488654901379206,1.1975334279352556,0.8685898904723507,0.9922095304611876,0.9736102071158489,0.9730001595970218,1.1851889710562626,-1.7558341997567126
0.28295,6.97545,1.81082,0.012600060171434125,0.007542466026817962,-0.8095298040641822,-38.9912015305024,0.47366988194000353,-16.73905051320652,0.7515695451245594,-16.932391918243244,1.144679979100808,-14.643580840142784,1.4511899266789063,24.25200762477639,VI,25,3,53,30.02150806607352,0.8164296414978218,1.049050867566365,1.0445551979141432,0.9367229862414428,0.9906463889837984,0.970815927453845,0.9751827314622372,0.644350190855518,-1.899627380909468
0.28395,8.81772,1.7283600000000003,0.010443104429049487,0.0070732328226820185,0.06420180221129053,3.6734506757953023,0.4741122925607683,-16.62395674863782,0.7487527035292612,-16.830429237174144,1.1464816631215833,-14.820289237917798,2.220741665894653,18.137955755413934,VI,25,3,54,30.00903740588378,0.8160905040832209,1.0527584161352512,0.9969888900425711,0.8784474134169806,0.9915716588829816,0.9671773623954687,0.9767176330737704,0.986042757018553,-1.9811703791124735
0.28231,3.45686,2.0814,0.02211988119642726,0.009094569718127332,-0.8477735087364567,-40.29039503725992,0.4746088287680823,-16.856941932667578,0.751944402979315,-16.74521627261788,1.1429929566786095,-15.190276039198269,2.765462416213008,-15.120854285102114,VI,25,3,55,29.99050821093626,0.8155866058794746,1.0466780364822779,1.2006368324507666,1.1294837092609737,0.9926101285419784,0.9713001381011346,0.973745513057308,1.2279069768411415,-1.6552172099114002
0.28297,1.07079,2.5745,0.057732840916295707,0.00784754661235676,0.17047336057991605,9.674403018950976,0.4740261759969759,-16.692232545488892,0.7506698618821187,-17.01207864385025,1.131400174312921,-15.276562228758971,2.005974173653335,-36.95621606170111,VI,25,3,56,29.96409596452332,0.814868329475018,1.0491250185377428,1.4850771236400975,0.9746119201940899,0.9913915523019947,0.9696537903940204,0.9638693193795782,0.8906827548085365,-1.2385770712227613
0.28372,4.36941,2.0432,0.017827336144730317,0.007586864152532957,-0.41131946389033514,-22.358319412126757,0.474617320381379,-16.64771831690565,0.7503751582237356,-16.901126772109485,1.1365902794809881,-15.315078422677907,2.5673141535117012,-24.963305261970184,VI,25,3,57,29.91042051849619,0.8134086351431836,1.0519056799644075,1.1786015067086608,0.9422369315154951,0.9926278881386295,0.9692731163668553,0.96829090534839,1.139926162929713,-1.7489135465652401
0.28292,8.81772,1.6970199999999998,0.010635964202538555,0.008056002443959931,0.4841590711359936,25.834365953392783,0.4730894624632932,-16.596093693064955,0.7466798972337321,-16.729334793540872,1.1414425802127732,-14.98231275357868,2.520325464860829,11.045637889952657,VI,25,3,58,29.85402317802939,0.8118749193698986,1.0489396411092984,0.9789106934782357,1.000500716826979,0.9894324835179411,0.9644998811440261,0.9724247069068095,1.1190624772441804,-1.973223133042815
0.28304,3.45686,2.0613,0.02233557498774739,0.008816041088047677,-0.7731802075800395,-37.71048581647082,0.47451675584487674,-16.578497729261183,0.7500678449430125,-16.761123840644533,1.1375037295687696,-15.308478196360866,2.74523209172812,-17.057910670001128,VI,25,3,59,29.85046995038137,0.8117782899677897,1.0493845469375649,1.1890423285917004,1.0948923476036216,0.9924175646649525,0.9688761542632424,0.9690690973041513,1.2189244079828125,-1.6510028629462676
0.28373,6.97545,1.7599199999999997,0.012964476203257165,0.0073377021251006536,-0.3193843222788095,-17.71266687472013,0.47296007548582364,-16.467937813637633,0.7452466923252259,-16.754314049215097,1.1373741939792523,-14.819598441286587,1.8909072403528335,22.766957024349388,VI,25,3,60,29.83163142035924,0.8112659794509941,1.0519427554500962,1.0151939916242687,0.9112927021925524,0.9891618799881435,0.9626485845321441,0.9689587425566992,0.8395913028419308,-1.8872450251059993
0.28114,8.81772,1.69318,0.01066008573866451,0.01017500944417532,0.46562927552350875,24.968065391930047,0.47359447527007414,-16.543550224594533,0.744151958421969,-16.622154542646648,1.1383407140023718,-15.053791270616669,2.5039028452214986,11.455434120137031,VI,25,3,61,29.80071071698846,0.810425096351041,1.042340204656681,0.9766956240842649,1.263666975455218,0.9904886813732472,0.961234497018221,0.9697821461746249,1.1117705867035899,-1.9722393022813847
0.28314,6.97545,1.74024,0.013111088677214836,0.00838365118857154,-0.20621556542332145,-11.651948120195598,0.47177108345351404,-16.453762189980463,0.7408011917591083,-16.70826680420662,1.133735791898533,-14.848584038518585,1.9635946351093188,22.16133806395299,VI,25,3,62,29.80630100382738,0.810577123220235,1.0497553017944534,1.0038417609801682,1.04119246265647,0.9866751889228096,0.9569062513268027,0.9658590929218546,0.871865601211213,-1.8823612452377017
0.28231,1.07079,2.3017,0.0645754003297577,0.00888465147244799,0.7734349048428559,37.71961787932728,0.4721190607201831,-16.515323675421243,0.7424422074584373,-17.0178564650183,1.1195321485947152,-15.086257558224897,1.3400286694436454,-38.969249998530096,VI,25,3,63,29.75601808142043,0.8092096879726846,1.0466780364822779,1.3277149021100842,1.1034132907453102,0.9874029582740343,0.9590259808826967,0.9537586387105274,0.5949929179042098,-1.1899328927742225
0.28053,6.97545,1.7534,0.01301268447566804,0.010102889242320945,-0.454769951440728,-24.454614082103557,0.4713773390750118,-16.476549943589013,0.7409426790226871,-16.748508439715422,1.1281037569159937,-14.850467071785676,1.764645156747324,23.759525443855193,VI,25,3,64,29.70372626816096,0.8077876212910662,1.0400786000296602,1.0114329883824227,1.2547101368550622,0.9858517009586849,0.9570890129752825,0.9610610154170154,0.783529035475444,-1.8856331006171014
0.28304,3.45686,2.13842,0.021530064590793062,0.008690265895062665,-0.039873284454266085,-2.283361337894662,0.47209836475544426,-16.504178298606067,0.7439673583235292,-16.594562557382645,1.1310298808839676,-15.229584009150233,2.7773309269176454,-2.236992361169924,VI,25,3,65,29.66263124204469,0.8066700492701802,1.0493845469375649,1.2335283055872819,1.079271923998251,0.9873596741567264,0.9609960457439012,0.9635538567489023,1.2331767744032052,-1.666954667279024
0.29035,6.97545,1.7334600000000002,0.013162369457406769,0.007721519342713312,-0.03502670739317236,-2.0060623793620893,0.4776247840634194,-16.14738740896482,0.748903085152514,-16.589748534706846,1.1399050896089806,-14.935737269798611,2.1414484186236544,19.527219613777213,VI,25,3,66,29.62051833389286,0.805524796126029,1.0764867269761234,0.9999307790814386,0.9589601903820473,0.9989177814804033,0.9673716130486482,0.9711148785582943,0.9508353606100425,-1.8806659230588054
0.28959,8.81772,1.6762000000000001,0.010768073005006547,0.007925664489811135,0.5389574645293342,28.32277893761717,0.47662976583165295,-16.322551844872244,0.7490766069215953,-16.465679697164042,1.1391158352952089,-15.072911750144598,2.559759229099158,10.016911858290136,VI,25,3,67,29.68504847377018,0.8072796819515476,1.07366899006377,0.9669008641078002,0.9843136293151818,0.9968367726262298,0.9675957542452638,0.9704424922218731,1.1365716626691842,-1.9678620086955054
0.28935,8.81772,1.6763400000000002,0.010767173706403219,0.008767231606609527,0.4955306134924014,26.359823569484103,0.4779325892558924,-16.08750314658596,0.746378035231479,-16.39490416583138,1.1367038459926175,-15.04705625366179,2.5247286835724307,11.114926849333774,VI,25,3,68,29.667550134162,0.8068038176777852,1.0727791784072371,0.966981621846122,1.088830541949201,0.9995615338363373,0.9641099605550648,0.9683876556218599,1.121017572690365,-1.967898280434248
0.28895,3.45686,2.06622,0.022282390414497828,0.008288903157145977,-0.9376928647031959,-43.158270426658085,0.47878597044336973,-16.294749076965743,0.7480939070147595,-16.44637599387914,1.1300238433721528,-15.358358808146471,2.7850253031272425,-13.31765404769492,VI,25,3,69,29.67855828091813,0.8071031822963074,1.0712961589796826,1.1918803862527256,1.0294254015093753,1.0013463190296426,0.9663263830637779,0.9626967871516025,1.2365931933625858,-1.6520382206734083
0.28898,4.36941,2.03264,0.01791995297293815,0.00935365661900256,-0.48502342417249966,-25.874471744029034,0.4774251305339752,-16.101739623692747,0.7487994891145163,-16.464158562546963,1.129410277400547,-15.413173347788916,2.6289666746324833,-22.92007254760155,VI,25,3,70,29.62392872895562,0.8056175412210564,1.0714073854367492,1.1725100658752408,1.1616605403691243,0.9985002205259645,0.9672377961791891,0.9621740742964402,1.1673008111549896,-1.7466631343848456
0.28937,6.97545,1.74968,0.013040350783935546,0.008887755726726954,-0.4964719464533052,-26.403109008951468,0.4759773235821567,-16.208112774450342,0.744313455740031,-16.483907039288873,1.131051743375845,-14.847641497349324,1.728928589222949,24.172273610087885,VI,25,3,71,29.60210990142653,0.8050241820367586,1.0728533293786149,1.0092871399070131,1.1037988180155565,0.9954722367265929,0.9614431060147307,0.9635724819759829,0.7676703413941646,-1.884710725975378
0.28987,5.5173,1.8458999999999999,0.015627350853815097,0.008995004002726126,1.2886540464716305,52.188413375936314,0.4762610111465225,-16.2484648691811,0.7459905632479623,-16.772652673787046,1.1214932175979926,-14.994771311923769,0.9409055711422127,-22.981639272361303,VI,25,3,72,29.58326026601537,0.8045115695108579,1.074707103663058,1.0647907797736476,1.1171183245278813,0.9960655488031124,0.963609456010302,0.9554293245459731,0.4177762491295533,-1.8061146372771313
0.28997,1.07079,2.5539,0.058198519495283034,0.0076155302591813245,0.21438018594024702,12.099932167610428,0.47727959843543205,-16.224305545573518,0.7484685037827198,-16.77147153689843,1.121644228839217,-15.445150106845267,1.9747054519395097,-37.390683567776016,VI,25,3,73,29.58806453337733,0.8046422207183639,1.0750778585199465,1.4731941992870246,0.9457970670107163,0.9981958506401012,0.9668102564605482,0.9555579749612747,0.87679897127772,-1.2350880631715415
0.29005,1.07079,2.49684,0.05952852362946896,0.009232700722848153,0.327994339038022,18.159197622385737,0.47715344021699463,-16.24293822566184,0.746918934334107,-16.630873695775772,1.1208264294908046,-15.44586244729292,1.8367190276631618,-39.07842564347141,VI,25,3,74,29.55809881810338,0.8038273083520534,1.0753744624054573,1.440279652510989,1.1466386406553688,0.9979319998269066,0.9648086496748983,0.9548612703652886,0.8155309200162203,-1.2252748882785134
0.29012,6.97545,1.7129000000000003,0.013320357849049178,0.007822642684322534,-0.05930888323188275,-3.394172706118541,0.47627358998446023,-16.172156499054644,0.7426778357900428,-16.402014738682414,1.1297656616917158,-15.02878464123407,2.129931527121813,19.799011494650994,VI,25,3,75,29.51864854300226,0.8027544650462837,1.0756339908052794,0.9880709283678863,0.971519021697177,0.9960918565352603,0.9593303462455111,0.962476835443755,0.9457216872714623,-1.875484107764829
0.28944,2.73547,2.2239600000000004,0.026161413406045966,0.008557192933020985,0.2490257599228666,13.983695112463161,0.4744916457190036,-16.145998696408427,0.7432853017600484,-16.343604526954334,1.1290315086496991,-15.122397486454101,2.37249580252422,15.166560524632008,VI,25,3,76,29.50513328969872,0.8023869201053341,1.0731128577784368,1.282871283701935,1.0627451671062127,0.9923650486480563,0.9601150209877133,0.9618513913179763,1.0534238799871745,-1.5823387963621232
0.29051,6.97545,1.7169599999999998,0.013288859938284143,0.008248764826811583,-0.1397399830185179,-7.954998382522966,0.47703384759562373,-16.01839388538365,0.7429694729859547,-16.426792660092957,1.129585137485128,-15.064478024224144,2.054264188406026,21.16043879593,VI,25,3,77,29.51701229106223,0.802709967462023,1.0770799347471451,0.9904129027792198,1.0244404938518672,0.9976818804863545,0.9597070592678334,0.9623230421634588,0.912124248888861,-1.8765122759233397
0.28941,3.45686,2.05856,0.022365304252605557,0.008940027120383442,-0.9047467144767106,-42.13711619221542,0.47690333585981526,-16.191202124722658,0.7466921980999413,-16.37578351770001,1.126251551679493,-15.536835510455807,2.796089471256742,-14.104446471807618,VI,25,3,78,29.55075498054422,0.803627593978863,1.0730016313213702,1.187461784284544,1.1102905696239578,0.9974089246056278,0.9645157703946149,0.9594830734640354,1.2415058507031835,-1.650425189405971
0.28944,5.5173,1.8434600000000003,0.015648035184412615,0.008365820056547346,1.2204011225715472,50.66871593087756,0.47539176613243317,-16.18115426904366,0.7439284568484387,-16.72574976214843,1.1153687236996719,-15.173372837777633,1.0116927504812432,-27.89126152931041,VI,25,3,79,29.51203269830703,0.8025745483112268,1.0731128577784368,1.0633832877628955,1.0389779573238136,0.994247585560816,0.9609457960073806,0.9502117084457249,0.4492068232251246,-1.8055401860496314
0.28863,4.36941,2.00326,0.01818276869248774,0.010079712763901572,-0.315834931990888,-17.527936729332676,0.4753111308898203,-16.12183024501631,0.7455064011568798,-16.40592324725931,1.1224177004607265,-15.6588105975747,2.542383291650276,-26.652469805860942,VI,25,3,80,29.44575160417977,0.8007720455922659,1.070109743437639,1.1555624776474118,1.2518317758523922,0.9940789427676706,0.9629840551108891,0.9562169156104897,1.1288564846586095,-1.7403399860030533
0.29061,1.07079,2.34992,0.06325032296376187,0.008035089730926204,0.6786759719816035,34.16379572514592,0.47398558525286727,-16.202787899140922,0.7439087713876407,-16.64106394658804,1.1117696635863155,-15.441153380199099,1.4416942601860687,-39.48243446667034,VI,25,3,81,29.4255890718138,0.8002237290641618,1.0774506896040337,1.3555301745520831,0.9979035000899449,0.9913066596887834,0.9609203679428643,0.9471455752590531,0.640133971872409,-1.1989372525865865
0.29031,6.97545,1.7781799999999999,0.012831344948000959,0.008314090724138246,-1.0822980464755387,-47.26330608481869,0.4754595320541155,-16.000317306540214,0.7388547543912471,-16.572419631426357,1.116707722746699,-14.919193348925809,1.0702746908397451,17.128399404224027,VI,25,3,82,29.38392699279574,0.7990907361391593,1.0763384250333679,1.0257271080653907,1.0325535260359247,0.9943893130975888,0.9543920030968565,0.951352436659676,0.4752180873310388,-1.891727819628026
0.29053,2.73547,2.14746,0.02709337401325752,0.0083674017002347,0.702530036096053,35.08919345697203,0.4750385517217698,-16.062139121255477,0.7427823415481072,-16.261202904079884,1.12512562037866,-15.435150376449897,2.6719051279433317,6.278006147303453,VI,25,3,83,29.37071419593768,0.7987314164481475,1.077154085718523,1.2387429481189216,1.0391743867134482,0.9935088631007188,0.9594653382167767,0.9585238632206207,1.1863661313293126,-1.5671369076986175
0.29022,5.5173,1.83136,0.01575142350005312,0.008557175231208913,1.1847271991889718,49.83308550724428,0.4752653042370162,-16.018537987125356,0.7412850075016287,-16.587996215893018,1.108395452026934,-15.256510501134267,1.0301879743667481,-29.479179424034612,VI,25,3,84,29.33960589169908,0.7978854315755279,1.076004745662168,1.0564035118079351,1.0627429686615388,0.9939830996291251,0.9575312048415355,0.944270996420351,0.4574189812765617,-1.8026801916977353
0.28943,3.45686,2.0751399999999998,0.022186609444299517,0.009275373230401618,-0.9759422239461599,-44.30243864907354,0.47415946418974275,-16.00622564346086,0.7411473371212418,-16.26943338292843,1.1180564365484946,-15.569730732390218,2.8206047435581967,-8.486217426798278,VI,25,3,85,29.3930053895128,0.799337621544142,1.0730757822927481,1.1970258078658036,1.1519382758892256,0.9916703149421648,0.9573533735298688,0.9525014411266092,1.25239100094845,-1.6539090615417278
0.29015,4.36941,2.0229600000000003,0.018005701156183503,0.00878306748270119,-0.7034949326671209,-35.12619219856035,0.47508952549910966,-15.983590659387817,0.7407130507588672,-16.36387082857528,1.1147385515581953,-15.635521223344256,2.724484031800635,-18.875290259709857,VI,25,3,86,29.34808425395623,0.7981159991487111,1.075745217262346,1.166926245111273,1.0907972500642378,0.993615471078933,0.95679239800817,0.9496748483613027,1.2097119567878458,-1.7445899621942524
0.29006,3.45686,2.12748,0.021640777221051996,0.00830148692623972,0.5761141490356424,29.946853217269034,0.4738846147791806,-16.07855272993931,0.737409425841675,-16.135620240612887,1.1149610381641757,-15.495654437712506,2.7468160906729673,1.2232316553734375,VI,25,3,87,29.30225251457469,0.7968696130421191,1.0754115378911462,1.2272176651784168,1.0309882200519782,0.9910954872267683,0.9525250461592975,0.9498643905041678,1.2196277273786156,-1.6647271457488018
0.29179,2.73547,2.1641,0.02688505011714339,0.007916640092800686,0.4321512136980552,23.371645381594625,0.47399488192858447,-16.086548672374384,0.7346407415620438,-16.151269990729737,1.117868994296372,-15.350011079365997,2.501674545527636,11.942349118023106,VI,25,3,88,29.11516886835142,0.7917819061261305,1.0818255969153194,1.248341582159462,0.9831928605789888,0.9913261030154122,0.9489486867735382,0.9523417541828749,1.1107811880682854,-1.5704891496061093
0.28864,3.45686,2.06554,0.022289726038829408,0.00980591662493746,-0.9866430544438044,-44.61478481263799,0.47486335785694833,-16.088815279730706,0.743127752740996,-16.298966803050604,1.119473818581919,-15.712150612183827,2.8296282943429993,-12.646349574865845,VI,25,3,89,29.09339824838808,0.7911898579381202,1.0701468189233279,1.1914881343808765,1.2178281574071874,0.9931424577703932,0.959911512080197,0.9537089458511752,1.2563975934443672,-1.6518952693643485
0.29069,2.73547,2.2177,0.026235260386215452,0.008392873878037499,0.268248023722564,15.015973636785757,0.4743112786292601,-15.864121900638942,0.7386560023543752,-16.197785265374968,1.1199215883364768,-15.347260132454513,2.4048869378229227,15.083107431826441,VI,25,3,90,29.08581055460442,0.7909835119377143,1.0777472934895447,1.2792602591169717,1.0423378579671037,0.9919878238909869,0.9541352715085945,0.9540904125844877,1.0678060320597913,-1.5811146210507252
0.29043,3.45686,2.0968,0.021957421176194057,0.008207841648163239,-0.7968105428542338,-38.54820644822195,0.4755320791048869,-15.957468807818424,0.7413546886791613,-16.174246334467647,1.1178677935549657,-15.678277794349563,2.8435012093789935,-6.381242922575939,VI,25,3,91,29.10206738609655,0.7914256136162109,1.0767833308616344,1.2095201836661706,1.0193581133713094,0.9945410400209552,0.9576212132744626,0.9523407312399513,1.2625573767276086,-1.658418667624241
0.28873,1.07079,2.54774,0.058339233571323326,0.009869166635557203,0.2596614071322029,14.556043154299681,0.47369975901154393,-16.191175445159868,0.7406115618107487,-16.486715338982993,1.1072518977287475,-15.834911150443883,1.9474140886552398,-38.10733756129746,VI,25,3,92,29.11889941616696,0.7918833577190661,1.0704804982945275,1.4696408588008631,1.225683378579794,0.9907088747236847,0.9566613029046853,0.9432967726858215,0.8646811948119125,-1.234039280698199
0.29073,3.45686,2.04768,0.02248413849929857,0.00885938619954596,-0.9769322931943798,-44.33147823571908,0.4751060709705522,-15.9879942542989,0.7402228665159425,-16.203273972448503,1.1142585203293698,-15.7403769618304,2.8309387980147105,-12.86463253034745,VI,25,3,93,29.14332827748026,0.792547696313927,1.0778955954323,1.1811857543349602,1.1002755156732256,0.9936500747389155,0.9561592181866814,0.9492658972365691,1.256979476818459,-1.648123748174694
0.29094,3.45686,2.08964,0.022032656688350003,0.008024592249597895,-0.763876278090225,-37.37535120381172,0.4742318882550045,-15.88291445278185,0.7398697441576211,-16.156112856991975,1.1148306331467444,-15.753311038916694,2.8417265830589913,-5.9842754087161785,VI,25,3,94,29.02919429773797,0.7894438427713721,1.0786741806317661,1.2053900021919959,0.9965997842995251,0.9918217846502096,0.9557030836718885,0.9497532950683981,1.2617694159052733,-1.6569331326483114
0.29061,3.45686,2.11758,0.021741951058398597,0.009009525480564717,-0.2659548340828423,-14.893333149757414,0.47457734185299777,-15.854358454442789,0.7393965361846481,-16.20770307512361,1.1177150215453842,-15.707545946202352,2.8438186668966026,-3.236232480747843,VI,25,3,95,28.99254481210452,0.7884471664434894,1.0774506896040337,1.2215069393970857,1.1189217933187567,0.9925442759304487,0.9550918324042706,0.9522105807801593,1.2626983326481944,-1.6627014861983616
0.29106,6.97545,1.68556,0.013536415766651051,0.008525169100835284,-0.09270582927034138,-5.296513971021201,0.47495153807416984,-15.95375068727403,0.736846857465163,-16.15779483068012,1.1172599279727464,-15.38673744313587,2.1407250127606714,20.251316640385433,VI,25,3,96,28.99988830692422,0.7886468714959403,1.0791190864600324,0.972300095755604,1.058768024934246,0.9933268803336613,0.9517983664478288,0.9518228746951937,0.9505141575081536,-1.8684963148850398
0.29008,1.07079,2.49718,0.059520418607790906,0.009555492741204208,0.34806420146236594,19.191177655736585,0.4740692684102558,-15.987994251340327,0.7399826137494089,-16.537463602191856,1.1040546730428293,-15.818622933842018,1.8292508923233077,-39.59267040526611,VI,25,3,97,28.97437720190602,0.7879531014735156,1.0754856888625242,1.4404757784469135,1.1867272141132132,0.991481676975815,0.9558488793579213,0.9405729735810608,0.8122149554115166,-1.225334023053334
0.29023,4.36941,1.9945,0.018262628834752062,0.009463915612941076,-0.39693501590380775,-21.649861175385656,0.47429819750989355,-16.03836746365593,0.7391986984727893,-16.338737377232402,1.1091610496414626,-15.9420791362899,2.6106593477300915,-25.169481622639697,VI,25,3,98,29.03468518579778,0.7895931665082181,1.0760418211478568,1.1505093505924158,1.17535395757443,0.9919604656734636,0.9548362818661076,0.9449232289976374,1.1591720821948823,-1.7384367072917584
0.29183,6.97545,1.6889599999999998,0.013509165971743764,0.00801431451528567,-0.2337123713622159,-13.15461652272621,0.4729864440462118,-15.943400085071268,0.7347428309607845,-16.219343806520953,1.1122934085183638,-15.379230880989134,1.9926872598385148,21.87499086449348,VI,25,3,99,28.98304191255823,0.7881887367585885,1.081973898858075,0.974261355114849,0.9953233595940625,0.9892170279300483,0.9490805574899137,0.9475917672277687,0.8847831648961029,-1.8693714626027196
0.29088,4.36941,2.01504,0.01807647153947961,0.008652376991393429,-0.5894296240742257,-30.516357174284263,0.4748395640494763,-15.959039664374819,0.7383137713554264,-16.263783917754576,1.1094335858283544,-15.951031412636592,2.7255259554564564,-20.927272932956026,VI,25,3,100,28.91846614522045,0.7864326101022927,1.078451727717633,1.1623576644862077,1.0745663798348077,0.9930926947384778,0.9536932055590052,0.9451554096839496,1.2101745865884963,-1.7428863382678688
0.29226,2.73547,2.1327000000000003,0.02728088196113377,0.007605318583212117,0.7349967650301291,36.315766084120426,0.4744147914064378,-15.880152305132418,0.7370259933689919,-16.09191259434957,1.1133066719566054,-15.743014305252082,2.7145753626721114,5.638993033831498,VI,25,3,101,28.87473892064627,0.7852434559064334,1.0835681447426961,1.2302287751358463,0.9445288463022113,0.9922043133973595,0.952029759523485,0.948454992780269,1.2053123584122563,-1.56414159352208
0.29119,3.45686,2.02302,0.022758213325742554,0.008893516941059942,-0.7425759597385796,-36.5966917779595,0.4737558354732433,-15.97196975862608,0.7386851604243904,-16.238443491194023,1.1109897643628488,-15.926930214288165,2.780998333114177,-17.915675858150713,VI,25,3,102,28.93277010869131,0.7868216038777822,1.0796010677739878,1.1669608555705533,1.1045143216552396,0.9908261545981449,0.9541729355131675,0.9464811587680764,1.2348051580070576,-1.6428618360040559
0.29092,2.16054,2.20076,0.03347226772435266,0.00834854722628331,-0.12491192558214667,-7.120047637895808,0.4733965031276327,-15.985733133311337,0.7337805361499752,-16.158267977996005,1.1134362695781554,-15.471299282982566,2.1173717883057006,20.436343876173027,VI,25,3,103,28.91105482319724,0.7862310605009496,1.0786000296603886,1.2694885727800274,1.0368327892729081,0.9900746369184346,0.9478375439387392,0.9485654003744277,0.9401449740139647,-1.4753148634769924
0.29121,1.07079,2.40784,0.06172885197480036,0.008736122803589985,0.5430961818653309,28.50621606347592,0.4714342042596176,-15.692275203476363,0.7361468701560793,-16.373198378310516,1.0967041782983,-15.82337520118222,1.6171158304701518,-40.51862836568061,VI,25,3,104,28.9184097195295,0.7864310756155329,1.0796752187453655,1.3889408045778102,1.084967040176803,0.9859706303902078,0.9508941802243683,0.934310895381528,0.718023791953646,-1.2095117999103493
0.29042,6.97545,1.68806,0.01351636847009961,0.00832497451335229,-0.42176756808953225,-22.86843960136966,0.4720741254567701,-15.80867377239472,0.7328415192374632,-16.191129464995498,1.1068373875831872,-15.46227914888812,1.8012099558159076,23.667013035618556,VI,25,3,105,28.96362178158653,0.7876606097060709,1.0767462553759455,0.9737421982256371,1.0339052186385764,0.9873089794120982,0.9466245988683478,0.942943640680941,0.7997643571416814,-1.8691399774217217
0.29155,1.35352,2.28906,0.051368664843167315,0.008774026966537007,1.1867525238359886,49.881316425113205,0.47199233279704145,-15.889696144586269,0.7333254488096104,-16.459019130087427,1.094825651532488,-15.493200353709684,0.8889320994875042,-13.702383132212919,VI,25,3,106,28.91334982847764,0.7862934727666555,1.0809357852587866,1.320423632021597,1.089674479438773,0.9871379159645476,0.9472496994188612,0.9327105294311698,0.3946992446903231,-1.2893017221631553
0.29095,2.73547,2.15902,0.02694830847259868,0.00955376334227559,0.5210634932135586,27.522374907945693,0.4713325614504715,-15.683454189558674,0.7318464379572268,-16.098403657566738,1.1058823899599979,-15.735238860507852,2.5640367357126057,10.690767067767272,VI,25,3,107,28.92132699160848,0.7865104103175856,1.078711256117455,1.2454112299403546,1.1865124345274571,0.9857580517870795,0.945339234443683,0.9421300532960606,1.138470940049829,-1.5694684899975295
0.2907,6.97545,1.74246,0.01309438435294718,0.009582882865749653,-1.0817962008513773,-47.25006060275473,0.4727522133088836,-15.682169978720973,0.7315397250906153,-16.285712689685766,1.1000861620269309,-15.445481716915147,1.0847191928884237,16.369796818165042,VI,25,3,108,28.92249197400585,0.7865420918093662,1.0777843689752336,1.0051223479735576,1.1901288813088635,0.988727151239614,0.9449430479057995,0.937192095533939,0.4816316638593565,-1.8829149155971407
0.29134,1.07079,2.3107200000000003,0.06432332733477153,0.008397778316076465,0.7903007400942742,38.31934366892734,0.4714554091782233,-15.720325261276473,0.7327666322453651,-16.422033843871166,1.0926137228126003,-15.874892128328241,1.3493078149652917,-38.79072330959574,VI,25,3,109,28.98838505366474,0.7883340425429767,1.0801572000593207,1.332918007821964,1.0429469558177749,0.9860149789478139,0.9465278659909188,0.9308261296598431,0.5991129983140374,-1.1916314983741063
0.29094,1.07079,2.44132,0.0608823091356329,0.009046516610083655,0.48370732557716073,25.81339423450269,0.4712972780946062,-15.84039378925922,0.7340182900430772,-16.360950441874195,1.0926845784648525,-16.000214233474022,1.6972216486966714,-40.14554458023374,VI,25,3,110,28.87151659940715,0.785155825446023,1.0786741806317661,1.4082534408564937,1.123515840038254,0.9856842591935204,0.9481446549276489,0.9308864934381605,0.7535919821084802,-1.215508884065256
0.29055,1.70952,2.3701,0.03928070513656432,0.010263996157001687,-0.39465838900471484,-21.537086763675568,0.4723998297553883,-15.778793653538786,0.7292147103456937,-16.344201884176016,1.092363017391644,-15.41542099813339,0.9218439920079562,5.539682470914794,VI,25,3,111,28.75882762361994,0.7820912685323522,1.0772282366899004,1.3671708256901902,1.2747185200134756,0.9879901664573482,0.9419397844545633,0.9306125471724545,0.4093126208150471,-1.4058207246994925
0.29067,2.16054,2.2392600000000003,0.032896773004048814,0.0097057609078951,-0.3532976104389604,-19.45819281119812,0.47101278436341687,-15.816468762487023,0.7294083242370349,-16.139240182684823,1.1012434370175683,-15.550582367284576,1.8887485344282413,22.869956279977536,VI,25,3,112,28.69937831115891,0.7804745549164663,1.077673142518167,1.2916969508185376,1.2053894984827065,0.9850892610772439,0.9421898790076352,0.9381780082842514,0.8386328048886718,-1.4828467019062759
0.29111,4.36941,1.9199199999999998,0.018972047382658126,0.009002315727905441,-0.034400689976211984,-1.9702373952032302,0.4715641743953836,-15.932045769502308,0.7341460304154758,-16.283621422865068,1.0948558378351763,-16.17857681003169,2.293212676088105,-33.45735288338614,VI,25,3,113,28.64556250707036,0.7790110435717919,1.0793044638884768,1.107488549706388,1.1180263910700696,0.9862424535535151,0.9483096594690222,0.9327362459297946,1.018220977381831,-1.7218857993690346
0.2907,3.45686,1.9951600000000003,0.023076004291507295,0.009311168154266747,-0.713373015169498,-35.503035861369725,0.4719343721279943,-15.725582334376895,0.7329046775460658,-16.07129622366895,1.0971140907520396,-16.079888912938998,2.7684307305478444,-18.671626359083234,VI,25,3,114,28.62263720963373,0.7783875941326024,1.0777843689752336,1.1508900656445047,1.156383762001594,0.9870166954063404,0.9467061815939122,0.9346601104928224,1.229224953125988,-1.6368393889469615
0.29109,2.73547,2.15834,0.026956798724255684,0.009169171106710616,0.4959861156410376,26.38077303643548,0.4717116954142488,-15.625974013003564,0.7291006264002152,-15.878907742704724,1.1010194190140095,-15.835199985836066,2.5642373550940594,10.970602786481418,VI,25,3,115,28.66045347001435,0.7794160006949039,1.0792303129170993,1.2450189780685057,1.1387486943789742,0.9865509831227575,0.9417924201659811,0.9379871615038448,1.138560018077696,-1.5693316840558724
0.28979,6.97545,1.69226,0.013482822355687861,0.009497684289677566,-0.7517984290241703,-36.93578786872225,0.47109850424453414,-15.679916058059415,0.7274747696143453,-16.12313918255113,1.0953202834371025,-15.475266950262787,1.5203271531197535,24.555776144514304,VI,25,3,116,28.74053458039261,0.7815937924331795,1.074410499777547,0.9761649303752928,1.1795477975733848,0.9852685380250311,0.9396922716518209,0.9331319192524449,0.6750481610063527,-1.8702191875335612
0.29105,4.36941,1.93282,0.01884542441143665,0.008673392659985513,-0.18698674586068928,-10.591244079540477,0.47189914857736437,-15.700188053850896,0.7314534790068755,-16.12889116921449,1.0905601435610641,-16.227838297399554,2.4466191464376625,-30.06491319473386,VI,25,3,117,28.65482312340207,0.7792628844072059,1.0790820109743435,1.1149297984517588,1.0771763829520167,0.986943027891117,0.9448316422849649,0.9290766319309143,1.0863357614159403,-1.7247940775049317
0.28997,1.07079,2.56772,0.0578852830289141,0.009980785301572703,0.20000821235610614,11.310384909214077,0.4705892260100938,-15.805573511897759,0.7294612411892784,-16.22009210706087,1.086760740836327,-16.18424351167058,2.016034372615104,-37.599269115240595,VI,25,3,118,28.61655620703928,0.7782222223345832,1.0750778585199465,1.4811661417413677,1.2395456578102961,0.9842034193354703,0.9422582327886039,0.9258398216479697,0.8951496347130128,-1.2374318388936942
0.28995,3.45686,2.03938,0.02257564589347924,0.00939077487932699,-1.0082332829993765,-45.23489787190135,0.47006607420906493,-15.713283201667625,0.7291333004208305,-15.892297890055826,1.0937297782577826,-16.08676458671151,2.857255069531549,-9.581752442984799,VI,25,3,119,28.57191405641768,0.7770081868854821,1.0750037075485688,1.1763979741344501,1.1662703758700814,0.9831092850821862,0.9418346257873145,0.931776926404232,1.2686642978489402,-1.6463598155898187
0.29056,5.5173,1.75474,0.016439202925252337,0.009182850344535254,1.0268771438100366,45.759718791931974,0.470168671070029,-15.678128432379287,0.7264080971416189,-16.2675226898504,1.0849410134114785,-15.638160842450377,0.8855439318718457,-9.764673758364916,VI,25,3,120,28.55212883711582,0.7764701313199183,1.0772653121755893,1.0122059553063603,1.140447562687965,0.9833238590158694,0.938314431593483,0.9242895483898715,0.39319484722334486,-1.784119243581647
0.28939,2.73547,2.18198,0.026664743470842998,0.009767729665859204,0.3007097450199706,16.736544643439355,0.4703512807635261,-15.679338972246574,0.7255816282862286,-15.944561097243941,1.0951285740951444,-15.818083831800275,2.431472043829617,14.219145760470388,VI,25,3,121,28.61814397943797,0.7782654015262277,1.0729274803499924,1.2586554990251386,1.213085596788939,0.983705774016915,0.937246866877001,0.9329685970635792,1.079610219653989,-1.574062590107234
0.29067,2.16054,2.19744,0.033522839266167156,0.009894444862045881,-0.21807564356536704,-12.30220876061332,0.4699538080660789,-15.651689143792929,0.7231297073151763,-15.97763966448017,1.0921720010538067,-15.67186297983006,2.0047048948103376,22.109057765060403,VI,25,3,122,28.62661603589206,0.7784957976142036,1.077673142518167,1.2675734606998235,1.2288227623992467,0.9828744885426663,0.9340796763661599,0.9304498153718751,0.8901191758794808,-1.474659205274192
0.29172,6.97545,1.6767600000000003,0.013607457811276712,0.00916345474658603,-0.7956233114139868,-38.50657550532676,0.4716026869752702,-15.725799255533314,0.7231142249261089,-16.054160875378148,1.0888821597278333,-15.594472247500043,1.4944195324594913,24.512037308029896,VI,25,3,123,28.58611999804437,0.7773945149741276,1.0815660685154975,0.9672238950610876,1.1380387613269334,0.9863229998361684,0.9340596774851525,0.9276471137356849,0.6635447871128637,-1.8662230035005543
0.29106,2.73547,2.20012,0.02644489253245732,0.008724153313540872,0.1449200468838881,8.245900533557263,0.4688121345080468,-15.64871032254972,0.7243252243756463,-15.895181961918066,1.0937035144142389,-15.880585710190758,2.337668232576723,16.439222711231377,VI,25,3,124,28.50506234624735,0.7751901663634032,1.0791190864600324,1.269119394547699,1.0834805109139962,0.9804867606528741,0.9356239473007341,0.9317545515508641,1.0379599142235332,-1.5776581935402738
0.29276,6.97545,1.66896,0.013671053206569564,0.008639519516061511,-0.7406824013975789,-36.52669697722327,0.47035623779607805,-15.66472509144187,0.724248139641002,-16.028139942406074,1.0909248471250326,-15.625841883005698,1.5423317897136855,24.44545614044269,VI,25,3,125,28.50339679880522,0.775144872093106,1.0854219190271392,0.9627245353545842,1.0729695688388263,0.9837161412929122,0.9355243755596468,0.9293873324098063,0.6848185511726177,-1.8641980264576286
0.29145,1.07079,2.59238,0.057334649603454475,0.009248545147121368,0.16811879287372494,9.543255131442553,0.4703260183911224,-15.678992558967819,0.728095418384577,-16.0887214729132,1.083391835380575,-16.34867239095567,2.0621154150598002,-37.33413623769607,VI,25,3,126,28.48674044747546,0.7746919055427619,1.080565030401898,1.4953910405057742,1.1486064103964204,0.9836529395873828,0.9404939748546771,0.9229697632173514,0.9156103118085416,-1.2415828373070834
0.2914,1.35352,2.3635,0.04975077467565075,0.009241470716484679,1.2922177133797108,52.26502349828794,0.46922785353989077,-15.66899147176486,0.7257102658990846,-16.158745666623545,1.0785575697179113,-15.886321578868817,0.9757667183632679,-25.98879967099744,VI,25,3,127,28.51953582528899,0.7755837700850813,1.080379652973454,1.363363675169303,1.14772781422265,0.9813562070192787,0.9374130304000446,0.9188513262047344,0.4332551237085245,-1.3032001524108987
0.29197,4.36941,1.88272,0.019346909370970188,0.008746710559518533,0.04693427818440087,2.6871640934435526,0.47100274925507346,-15.7209660156731,0.7265132284972853,-16.074785200832533,1.0813302913015512,-16.355203084709746,2.2116324089114503,-35.2364181562195,VI,25,3,128,28.58240261441382,0.7772934213788917,1.0824929556577192,1.0860300649522954,1.0862819674586393,0.9850682733720456,0.9384502316604466,0.9212134800441353,0.9819981096793097,-1.7133884027555526
0.2915,3.45686,2.0292399999999997,0.022688455146874544,0.008629599185018988,-1.0280165002062254,-45.791475371428184,0.46929527951202454,-15.516566942803022,0.7265178809713545,-15.822466977491924,1.0875866721496856,-16.272510379437612,2.8633351853230744,-10.319954152830089,VI,25,3,129,28.58159285867018,0.7772714002135983,1.0807504078303425,1.1705488065159957,1.0717375311888566,0.9814972235760936,0.9384562413450563,0.9265434540770038,1.2713639608624916,-1.6441950741471782
0.29343,2.16054,2.25222,0.03270747436620151,0.008275348724700371,-0.516541882074646,-27.318247806616448,0.4687923329181687,-15.57627228016648,0.72128152937537,-15.90721780614104,1.0875410095894082,-15.72981360535167,1.7368358514033022,24.492224725848512,VI,25,3,130,28.51329929146615,0.7754141686426099,1.087905976568293,1.299172810023189,1.0277420331796923,0.98044534705607,0.9316923516104243,0.9265045529508639,0.7711812849318691,-1.4853529903039508
0.29167,4.36941,1.9379000000000002,0.01879602312343928,0.008664277551543642,-0.3238994407970295,-17.947109908507375,0.46949312174728297,-15.633492837729118,0.7258726566078364,-15.907002849908379,1.0825767032394789,-16.41179085737935,2.5719512629890553,-26.974642581350647,VI,25,3,131,28.50286171673626,0.7751303206301757,1.0813806910870531,1.1178601506708663,1.0760443484729452,0.9819109963394039,0.9376227934054104,0.9222753308848481,1.1419851093996551,-1.7259340293664776
0.29171,2.16054,2.2390600000000003,0.032899711449021624,0.009314354921586443,-0.3996639144060374,-21.78480731613598,0.47045027691705343,-15.617787698947684,0.7214103259832872,-15.97214986099404,1.0897522113467957,-15.841909830845964,1.866538622979763,23.2318029768067,VI,25,3,132,28.50801343445927,0.7752704206892547,1.0815289930298086,1.291581582620935,1.15677953683035,0.9839128173307382,0.9318587205102542,0.9283883334038748,0.828771269594348,-1.482807911066658
0.29255,2.16054,2.16298,0.034056915883201117,0.008186074536096266,-0.029085228944349055,-1.6659911885625862,0.469637630302311,-15.68929897029439,0.7216681471495485,-15.87065907264492,1.088616967868026,-15.857384570303651,2.20283544592199,19.461289254187573,VI,25,3,133,28.48180012459017,0.7745575543291838,1.084643333827673,1.2476955202528872,1.0166547860848851,0.9822132255578407,0.9321917527575889,0.9274211898731817,0.9780921255782624,-1.4677946833127204
0.29136,1.07079,2.5328,0.05868335397149531,0.009430563519525037,0.2760265448747058,15.430918292132171,0.4689341128067562,-15.541211593174044,0.7254042062088537,-16.113711999599605,1.076175404894749,-16.423964536256175,1.935001578948612,-38.9255289568984,VI,25,3,134,28.48440397876357,0.7746283656863157,1.0802313510306985,1.461022854439945,1.1712118543908039,0.980741869465484,0.9370176875818648,0.9168218978566737,0.8591698534971576,-1.2314850725777886
0.29134,2.73547,2.1858400000000002,0.026617655893619842,0.009634350119373913,0.22095069797863362,12.459364447058302,0.46906798259597005,-15.557149658882299,0.720204831912447,-15.757402329240477,1.0867806529288409,-15.963825089997773,2.389092542131138,15.840077255617016,VI,25,3,135,28.47225630726921,0.7742980118925838,1.0801572000593207,1.2608821052388701,1.196520764194003,0.9810218484726685,0.9303015620915627,0.9258567852789595,1.060793082416639,-1.574830193688223
0.29121,3.45686,2.04062,0.02256192761133562,0.009061935632603046,-0.9527853152649012,-43.614965407183774,0.46827596101784313,-15.588401278571062,0.7229573937774336,-15.726997198608702,1.0850750181846265,-16.36527883840824,2.8723535387682837,-8.031884981653839,VI,25,3,136,28.42863812746555,0.773111823150116,1.0796752187453655,1.1771132569595866,1.125430777774524,0.9793653924760256,0.933857095863741,0.9244037105514304,1.2753682456613267,-1.6466237985183192
0.29346,1.70952,2.2936199999999998,0.04059050725236574,0.008717731167484588,-1.093341363657422,-47.55310772469551,0.46894233339789065,-15.51367664507137,0.7209236662642731,-15.950868061554457,1.0790594409434253,-15.692738673798729,1.0965416091969418,17.69322469457303,VI,25,3,137,28.41686349241258,0.7727916140169203,1.0880172030253596,1.3230540269269373,1.0826829240490992,0.9807590622388336,0.9312300933798257,0.9192788833923106,0.48688099481509195,-1.391575521347734
0.29053,2.16054,2.20372,0.03342730833184177,0.010218539635359458,-0.22305186557146667,-12.574097861026585,0.4694799879433485,-15.730190909179107,0.7201291293018502,-15.810720212389503,1.0849052978309963,-15.910921950758286,2.022711056224172,21.636346078311288,VI,25,3,138,28.40304809964075,0.7724159068358208,1.077154085718523,1.2711960221045469,1.2690731291631279,0.9818835279359074,0.9302037756650186,0.9242591213552712,0.8981141828253543,-1.4758985927072144
0.29057,2.73547,2.22392,0.026161883951990175,0.010042952646870607,0.032164513773671514,1.8422557589459632,0.46830990787851084,-15.554357952030738,0.7202704298705377,-15.795713289472207,1.0854391729999888,-16.012515437873205,2.2477583567884167,18.37248646110385,VI,25,3,139,28.37068817525225,0.7715358843729502,1.0773023876612784,1.2828482100624143,1.247266419312847,0.9794363898862896,0.9303862961563422,0.9247139435370717,0.9980385748048027,-1.5823309850995546
0.29159,2.16054,2.22084,0.033169624068841684,0.009590350540179704,-0.34578055997165974,-19.074390588915147,0.4691832497439621,-15.481964917882383,0.7188906947148704,-15.86347043208552,1.0819247009891657,-15.872590525044473,1.8988213764215922,23.39639105755336,VI,25,3,140,28.41210591801327,0.7726622326163364,1.0810840872015424,1.2810715398193335,1.191056315687424,0.981262921397675,0.9286040673879216,0.9217198731613023,0.8431052984896484,-1.4792594505713472
0.29111,4.36941,1.9611999999999998,0.01857271732149347,0.00951810331842623,-0.5523597575224801,-28.91449386592886,0.4679744714433887,-15.656275293817243,0.7225712502924568,-15.844441697095972,1.0774857015543904,-16.51928927030439,2.7360092404243597,-21.706636718747276,VI,25,3,141,28.36727823264656,0.7714431515824133,1.0793044638884768,1.1313005456915746,1.1820837020796287,0.9787348487795882,0.9333583073644866,0.917938173758152,1.2148293230538465,-1.7311245512200406
0.29013,4.36941,1.89052,0.019267086944815708,0.010092458891303058,-0.06141849296042244,-3.514605565743306,0.469488191059066,-15.79149343965573,0.7238261279936233,-15.899855198503106,1.0729227896277453,-16.50837794957724,2.340928659569672,-33.08501884123548,VI,25,3,142,28.34879905269243,0.7709406135276321,1.0756710662909683,1.0905294246587987,1.2534147581926616,0.9819006841606829,0.9349792555085432,0.914050910071106,1.0394075929295072,-1.7151839428134803
0.29198,1.07079,2.4969400000000004,0.05952613957043553,0.008801037797149358,0.35241641273178026,19.413294149073476,0.46794139020342956,-15.388631060186295,0.722191493755906,-16.039798357101887,1.0687591012472992,-16.53195420360098,1.869067237067578,-39.65303824790563,VI,25,3,143,28.32843664706041,0.7703868614811461,1.082530031143408,1.4403373366097905,1.0930290409074095,0.9786656617525928,0.9328677690016299,0.9105037553362161,0.829894012345059,-1.225292281695202
0.29246,4.36941,1.89386,0.019233107627233792,0.00880992581525436,-0.13220994218957666,-7.531392803924861,0.4694825264599563,-15.429099150675254,0.7229376708872011,-15.878283118152359,1.0738532997347439,-16.569575146621798,2.4165809009916632,-31.647246578964808,VI,25,3,144,28.32330778417251,0.7702473829552957,1.0843096544564732,1.092456073558763,1.0941328723110224,0.9818888370602719,0.9338316194509494,0.9148436359022232,1.0729983278862099,-1.7159505381058058
0.292,3.45686,1.9821999999999997,0.02322687958946812,0.009531537420769842,-0.8247680957571878,-39.514724303793585,0.469523577016877,-15.477425267158182,0.7221267858055819,-15.764484532431148,1.0783554725916964,-16.523593053480127,2.841264597252336,-16.46679610641087,VI,25,3,145,28.31350753205959,0.7699808668195463,1.0826041821147856,1.1434142064398527,1.183752126228977,0.9819746913388101,0.9327841845759237,0.9186791543915105,1.2615642872469093,-1.634009131486966
0.29252,3.45686,1.9682600000000001,0.023391381586906047,0.009045128616755826,-0.6779860533984429,-34.13672324318008,0.4684210121031218,-15.523239969922557,0.7223606440854723,-15.754198115406053,1.0771356679212396,-16.58233906534378,2.7929195798722035,-19.240476910410997,VI,25,3,146,28.33865507391063,0.7706647498054646,1.0845321073706065,1.1353730430669482,1.1233434607063082,0.9796687563573452,0.9330862635310349,0.9176399709759668,1.2400983711713396,-1.6309441262947555
0.29252,2.73547,2.1069199999999997,0.027614687296389995,0.009569450902505217,0.6660521713504266,33.66568585145811,0.4692399216404075,-15.489000820929249,0.7195016064859472,-15.575032760839044,1.0811672847212157,-16.303744035909375,2.6987281848501796,7.690074486544331,VI,25,3,147,28.30912800657825,0.769861766392919,1.0845321073706065,1.2153578144648645,1.1884607228210855,0.9813814465809537,0.9293931931334732,0.9210746104865645,1.1982759727081111,-1.558859870282825
0.29138,3.45686,2.08394,0.0220929204882308,0.009650101024420932,0.46348856945824773,24.867183750968028,0.4682663557483819,-15.483804856369854,0.7191480165899292,-15.623756567839306,1.0768964845341316,-16.421105306685387,2.839717545288377,0.36358309948595885,VI,25,3,148,28.25136556242537,0.7682909268645389,1.080305502002076,1.2021020085603205,1.1984769194831602,0.9793453037478421,0.928936454691811,0.9174362044097483,1.2608773728672584,-1.6557468704532836
0.29187,4.36941,1.8510999999999997,0.01967738815348333,0.009602598708072285,0.13597609048954257,7.743365505879954,0.46821736838202027,-15.471715824545928,0.7207180408623399,-15.909943229487626,1.0674878736587252,-16.612613939987394,2.1250154393690646,-37.067969033833485,VI,25,3,149,28.23495024006057,0.7678445150545836,1.0821222008008304,1.0677903529113164,1.1925774548431767,0.9792428502048952,0.9309644833420311,0.9094207633954383,0.9435388702442004,-1.706032547459905
0.29254,1.70952,2.23608,0.041635003776327804,0.009534846096076577,-1.0222430998422305,-45.630183558599505,0.46754305009533836,-15.442104572479348,0.7158147637075596,-15.860865224843858,1.0733139287464244,-15.885683146273331,1.288566848764698,22.549304969619236,VI,25,3,150,28.24336399959396,0.7680733257680352,1.0846062583419842,1.2898625964766552,1.1841630412006596,0.9778325621515548,0.9246308318663151,0.9143841316885878,0.5721430942066745,-1.3805413916148284
0.29124,1.07079,2.6024000000000003,0.05711389445857796,0.009660428500013252,0.1537158172281228,8.738867046030974,0.46824755130972895,-15.51771069088219,0.7208404629660567,-15.92766029958948,1.0672844793417815,-16.65227608426543,2.128602344777907,-37.167178700890354,VI,25,3,151,28.23469319485475,0.7678375247553363,1.0797864452024322,1.501170987205667,1.1997595217173336,0.979305975620894,0.9311226181798936,0.9092474864715973,0.945131510285506,-1.243258225333305
0.29154,4.36941,1.9381199999999998,0.018793889548073903,0.008873933557557778,-0.4187874703396509,-22.72332472471203,0.4676359816176704,-15.584518415704592,0.7215083848486692,-15.760896896064933,1.0715905470646723,-16.68346287116283,2.679847039628024,-24.532945149228052,VI,25,3,152,28.22612643853801,0.7676045533212204,1.080898709773098,1.117987055688229,1.1020821986056117,0.978026921726717,0.9319853849140455,0.912915937882068,1.189892459768968,-1.725983329827322
0.29154,2.16054,2.1951400000000003,0.0335579634633993,0.009454803475336448,-0.200181538673966,-11.319933470767788,0.4681436642542472,-15.35312540699151,0.7148132953665929,-15.695300281012338,1.076814229869201,-16.116382351011673,2.0373052934409492,21.73485904765752,VI,25,3,153,28.19257871661167,0.7666922289128293,1.080898709773098,1.2662467264273933,1.1742222920531402,0.9790887033384478,0.9233372171601868,0.9173661295152039,0.9045942440241953,-1.4742044031307302
0.29176,6.97545,1.65184,0.013812742735153736,0.009315917548608499,-0.9149312097107598,-42.45636808973561,0.46688884550046394,-15.43781349746904,0.7142489368230066,-15.839939268513268,1.0699076692488096,-15.972985604078522,1.3884442194324589,23.78746835937647,VI,25,3,154,28.17204480821144,0.7661338128786696,1.081714370458253,0.9528490176397975,1.1569736044794818,0.9764643404336896,0.9226082250576431,0.9114822503753823,0.6164901515206677,-1.859720076926539
0.29098,3.45686,1.9587599999999998,0.023504829954789613,0.009725471291267718,-0.7084920764979896,-35.31726951852486,0.4676906786576956,-15.398990202837098,0.7187419896644412,-15.752114110092368,1.0693932401947785,-16.706340001282207,2.806246396279339,-18.53518787033874,VI,25,3,155,28.11110231369145,0.7644764924388225,1.0788224825745216,1.1298930536808223,1.2078373940525526,0.9781413166402528,0.9284119823940764,0.9110439948461403,1.2460156784359278,-1.6288428863588886
0.29241,2.16054,2.25968,0.0325994954670778,0.00923062799562635,-0.5485837336886861,-28.748456232131975,0.4673415937248411,-15.332865763048089,0.7141726656805374,-15.734066915709263,1.0716285054550987,-16.02987155221665,1.7208491626018156,24.36083200298595,VI,25,3,156,28.11517986747487,0.7645873807981367,1.084124277028029,1.3034760437937678,1.1463812220304832,0.9774112306851049,0.9225097042482322,0.9129482756249602,0.76408295425095,-1.4867891213295958
0.29214,1.35352,2.46154,0.047769264747231636,0.009547340420192063,0.9781199329439729,44.366274837729925,0.46775306101256364,-15.376427429686105,0.7156442760696986,-16.0084017458418,1.0592142901285586,-16.383417367723737,1.1994063843266005,-36.68166044084699,VI,25,3,157,28.13131527624596,0.7650261804070507,1.0831232389144299,1.4199171656341212,1.1857147512852544,0.9782717848353875,0.9244106099116828,0.9023722817820299,0.532554504717956,-1.3208514432190015
0.29208,1.07079,2.5719000000000003,0.05779120453322574,0.009797599678255664,0.21149465827939826,11.941774922176892,0.46756590017879496,-15.379164148401664,0.7190218001276572,-15.838651335206062,1.0620948071411167,-16.704500957040743,2.0386879606114086,-38.448427119319305,VI,25,3,158,28.19675594798107,0.7668058279865956,1.0829007860002966,1.4835773370712633,1.2167952491906329,0.9778803514527693,0.9287734186126145,0.9048262693590088,0.9052081690789358,-1.2381382535059047
0.29164,3.45686,2.0122,0.022880588769627126,0.009632957781102292,-1.0259888164276207,-45.73493388377772,0.4675131063617395,-15.344923997341633,0.7185175650070021,-15.517845572204735,1.070743888071435,-16.68078611433353,2.907835205312982,-10.269583383322873,VI,25,3,159,28.1843737095002,0.7664690951848446,1.0812694646299865,1.1607194360802502,1.1963478452495868,0.9777699369927819,0.9281220890191139,0.9121946470018949,1.2911226401686466,-1.6405328043497178
0.29283,2.16054,2.3011600000000003,0.03201186702230455,0.009476497763503455,-0.8182959216772455,-39.2933227598193,0.4673337265948471,-15.339697250189415,0.7124789500435706,-15.732139601258432,1.067888469011484,-16.040505178303942,1.4851348662925903,24.711671474353242,VI,25,3,160,28.11749240999308,0.7646502699859462,1.0856814474269612,1.3274034079765575,1.1769165751064448,0.9773947771502333,0.9203219012330469,0.9097620410253846,0.6594222554533697,-1.4946889958390344
0.29358,1.70952,2.36668,0.03933746820194157,0.008720312657544915,0.12225652604577472,6.970193269190825,0.4661880849300381,-15.432727776448704,0.7113966833670012,-15.867917715245149,1.0576985886602106,-16.075446373138252,0.9013112373307866,1.8073018348743135,VI,25,3,161,28.13266097149278,0.7650627763530474,1.088462108853626,1.3651980295111852,1.08300352755857,0.9749987502513641,0.9189239178605408,0.901081016166337,0.4001957683949771,-1.4051935951362866
0.29192,4.36941,1.9242400000000002,0.018929454335692528,0.00955563818224725,-0.5287797929687912,-27.86898123072195,0.46686302818716924,-15.27754708234688,0.7162163400636097,-15.57095255226295,1.0615427476877768,-16.740375147658025,2.7231481345937163,-22.564082071038847,VI,25,3,162,28.02904832670507,0.762245048667533,1.0823075782292748,1.1099805027746052,1.1867452769016535,0.9764103453853156,0.9251495552832913,0.9043559555110628,1.2091187983015468,-1.722861904916989
0.29262,3.45686,2.02862,0.022695389339671156,0.009001822461520537,-0.8504493668114895,-40.37948061554413,0.4671629187487105,-15.461494156339455,0.7159036876515256,-15.509074011896175,1.068679219850087,-16.661662465820413,2.90878074813051,-6.644724094377473,VI,25,3,163,28.02666619276389,0.7621802669531929,1.084902862227495,1.1701911651034278,1.1179651307396368,0.9770375448615931,0.9247456965274689,0.9104357022903441,1.2915424754250355,-1.644062362530279
0.29201,2.16054,2.2664600000000004,0.03250197573177834,0.009788814619744901,-0.6127307708845838,-31.497083427107935,0.46707612574532686,-15.279148389971072,0.7119554378906916,-15.605805554564071,1.0672217133904693,-16.09679148120975,1.6603627763419844,24.87311777496701,VI,25,3,164,28.0314845203942,0.7623113005272284,1.0826412576004745,1.307387025692498,1.2157042046684239,0.9768560235559974,0.9196456711495802,0.9091940145205184,0.7372260874727489,-1.4880902383033117
0.29212,4.36941,1.932,0.018853422987015006,0.0092738771785571,-0.5127673163279478,-27.147268366954314,0.46587528685334667,-15.436130527587702,0.7163276477706263,-15.603700965101227,1.0656631619319048,-16.847654446955023,2.734569093621026,-23.088943566994384,VI,25,3,165,28.06430858220461,0.7632039451258072,1.0830490879430519,1.114456788841588,1.151752476424384,0.9743445556382586,0.9252933334546144,0.9078662438804821,1.2141898761761305,-1.7246097887253744
0.2917,4.36941,1.94232,0.01875325034541836,0.01036266574650574,-0.6822504484948215,-34.303780846810696,0.4665656180979489,-15.27319206301638,0.7158318771776851,-15.558710041937454,1.0631092141370888,-16.798602288980934,2.8075860806612107,-19.47148776628893,VI,25,3,166,27.99706906914982,0.7613753783723654,1.0814919175441198,1.1204097878378847,1.2869726120044536,0.9757883336379637,0.9246529376441233,0.9056904691381676,1.246610518484963,-1.7269234487500582
0.29308,4.36941,1.8506200000000002,0.0196824919275232,0.009064395832639904,0.0143689673645231,0.8232245327730026,0.46765742460428517,-15.368221272705046,0.7160310595543159,-15.689919102143975,1.0584967696086451,-16.889964786187935,2.2947159166144475,-34.70397121983209,VI,25,3,167,27.95771642688117,0.760305190174335,1.0866083345691828,1.0675134692370702,1.125736317887941,0.9780717681863904,0.924910225110008,0.9017610073356653,1.0188884388231236,-1.705919918005229
0.29242,1.70952,2.2634800000000004,0.04113100148628266,0.009695299668477042,-1.1187896945768567,-48.20892177073676,0.46650765106936304,-15.200503686476555,0.7096319761125953,-15.625176756876426,1.0582512668192097,-16.07925959038657,1.1624324386494511,19.871343347173955,VI,25,3,168,27.9222258072052,0.7593400290027238,1.084161352513718,1.3056680395482185,1.2040902836910683,0.9756670997792402,0.9166444136935822,0.901551857105772,0.5161375157933739,-1.3858307158574403
0.29092,2.73547,2.08372,0.027922147389529303,0.01013787944192207,0.7170216262120485,35.641341565134056,0.46677392871184353,-15.22619265635546,0.710661346408973,-15.495432102184127,1.0654410821741767,-16.636379548924776,2.738916024272574,5.822520796215621,VI,25,3,169,27.916379161015,0.7591810304859763,1.0786000296603886,1.2019751035429573,1.2590556816865552,0.976224000260035,0.9179740698584096,0.907677048342255,1.2161199788756238,-1.5540511847752103
0.2926,1.07079,2.34872,0.0632826386027297,0.00904063955236628,0.6856095935715769,34.434909119595545,0.4650828786590171,-15.247287871912546,0.7132526251689475,-15.792119359629512,1.0514481525954413,-16.69019876851279,1.4939082209884793,-40.70589442265843,VI,25,3,170,27.9522585141008,0.7601567631944246,1.0848287112561175,1.3548379653664673,1.12278594943805,0.972687291061717,0.9213212713369356,0.895756106649478,0.6633177571163923,-1.1987154209971842
0.29251,4.36941,1.91004,0.01907018345736895,0.008782204028216778,-0.42726546804387106,-23.13534554277652,0.46625728264105815,-15.265489939604134,0.7142707756462682,-15.531300865091927,1.0578977369592946,-16.893050125384924,2.680583103922759,-24.71565379978709,VI,25,3,171,27.94183404445098,0.7598732715723423,1.0844950318849176,1.101789360744817,1.0906900148893963,0.9751434722722516,0.922636434659265,0.9012506757968123,1.1902192834052647,-1.7196451289707873
0.29318,1.07079,2.49892,0.05947897449258211,0.00910183122290159,0.3256256598999545,18.036578633559962,0.4655788635298354,-15.200155291639625,0.7110186517010236,-15.745782387613332,1.049250381710469,-16.890122603534284,1.8960612838776214,-39.9037211823158,VI,25,3,172,27.87028859536318,0.7579276056444018,1.0869790894260714,1.4414794817660566,1.1303855387703896,0.973724607640205,0.9184356075440921,0.8938837683070017,0.8418797758169845,-1.2256365279788017
0.29109,5.5173,1.74322,0.016547840743599364,0.010833576909308973,0.8957897682517187,41.853657722368034,0.46421846435494435,-15.267543426412269,0.7096229690142667,-15.766598112460473,1.0487274917612923,-16.63439738890596,1.2770333822800917,-38.08044585328192,VI,25,3,173,27.82689051002841,0.7567474023323769,1.0792303129170993,1.0055607471244477,1.3454565758840462,0.9708794309009479,0.9166327790623304,0.8934383047204953,0.5670220613260306,-1.7812586674060167
0.29169,2.16054,2.18406,0.03372820706255613,0.010619040958133819,-0.14528756317374747,-8.266523447839486,0.46697801017117857,-15.122530858985098,0.7092855107296179,-15.51068286390849,1.0687831053599823,-16.444710656562325,2.1273476136497558,20.806677311167896,VI,25,3,174,27.78528172213831,0.7556158586502438,1.081454842058431,1.2598553282802065,1.31881266974958,0.9766508219104232,0.9161968781138241,0.9105242050659222,0.9445743907610157,-1.472006744595979
0.29206,2.16054,2.21294,0.03328803669193306,0.010491744836818695,-0.2918375086235056,-16.269225396866815,0.46801775985576705,-15.17117943616268,0.7090868337043107,-15.591916466804724,1.0684859684377142,-16.402555249716464,2.0039017043974567,22.32787540393413,VI,25,3,175,27.75411166252054,0.754768194350929,1.0828266350289188,1.2765144960140289,1.303003357189035,0.978825383371384,0.9159402434193522,0.9102710663714695,0.8897625472354151,-1.4777118185112135
0.29391,2.16054,2.3156800000000004,0.031811143127308754,0.008936266875168186,-0.8328897103779074,-39.79056719569554,0.4664584795067384,-15.235273127189513,0.7081981102373024,-15.715720161575886,1.0618691289112931,-16.241603551011284,1.475011595297109,24.21892083690449,VI,25,3,176,27.89998966783437,0.7587353210961499,1.0896855998813584,1.3357791391225098,1.1098235727406425,0.9755642610030966,0.9147922632989887,0.9046340081885428,0.6549273706156915,-1.4974207243235638
0.29324,1.35352,2.2789800000000002,0.051595870058491325,0.010085669561429644,0.9328913242727331,43.01152813025451,0.46799794063012035,-15.227365733624774,0.7111151777169619,-15.831411267451065,1.0592749236005743,-16.4594710765939,0.8953278940037093,-8.515657900346508,VI,25,3,177,27.86395784282346,0.7577554419404652,1.0872015423402046,1.3146090748624237,1.2525715695947959,0.9787839328906421,0.9185602919386294,0.9024239370183735,0.3975390738136004,-1.2873850596632888
0.29116,1.07079,2.5129599999999996,0.05914666327319311,0.010951904528262557,0.38448224656080815,21.030865502116917,0.46682521242403807,-15.214104348516283,0.7135493481513169,-15.805652889398678,1.054848812797156,-16.988542385691563,1.8464331081381082,-40.45283266133929,VI,25,3,178,27.78066352831392,0.7554902676799262,1.0794898413169212,1.4495783292377622,1.360152061443668,0.97633125644464,0.9217045537612893,0.8986532177764571,0.819844118097978,-1.2280697508317364
0.29107,1.70952,2.34778,0.03965414103713767,0.011385030041808408,-0.7151236788326722,-35.56945681202468,0.4674906182657869,-15.280706026371702,0.7082258206690023,-15.697305412913064,1.0568361089951614,-16.32636826237253,0.9766827020715683,9.212069866737849,VI,25,3,179,27.77488194970451,0.7553330386646155,1.0791561619457215,1.354295734837735,1.4139433046555638,0.9777229047623195,0.9148280573630583,0.9003462472431888,0.4336618342750832,-1.4017114530961632
0.29215,1.07079,2.3784799999999997,0.06249083403644485,0.011580830549519305,0.6679984355991216,33.74286141844881,0.4676592297959872,-15.37986916486792,0.7117379150516239,-15.798581828986716,1.0539199086580202,-16.858756857198713,1.517089050120893,-40.66242165693822,VI,25,3,180,27.73808568953583,0.7543323708290138,1.0831603144001187,1.3720047531697412,1.4382603961264977,0.9780755436146142,0.9193646929778038,0.8978618601112512,0.6736103944900838,-1.2041836789650366
0.29133,1.07079,2.3935199999999996,0.06209816460234438,0.011281736573126033,0.6552140149670592,33.2333787431576,0.4669722903907931,-15.19970147820776,0.7120023782535073,-15.822187136830653,1.0548819277957873,-16.98471942799067,1.5208801982746853,-40.864491822917664,VI,25,3,181,27.72747613547215,0.7540438458687887,1.0801201245736318,1.3806804416294602,1.4011149583164009,0.9766388594023543,0.9197063048622653,0.8986814293075462,0.6752937213872379,-1.2069212358113999
0.29198,3.45686,2.01936,0.022799461573094298,0.01074445207371022,-1.0234036287402664,-45.66268011975601,0.46706398163381757,-15.165493705524149,0.7128863405697107,-15.349432016690406,1.06642108277204,-17.00231336544185,2.953676099293962,-9.250964380800811,VI,25,3,182,27.80459320314533,0.7561410309860457,1.082530031143408,1.164849617554425,1.334387877416794,0.9768306250228148,0.9208481349183208,0.9085119364134255,1.3114766877282447,-1.6420754090782803
0.29286,1.07079,2.3753599999999997,0.06257291481670287,0.009375599483315122,0.6835982652326271,34.35644380854327,0.46744138642817606,-15.25031782947438,0.7129334759488094,-15.781833914846667,1.05109293047948,-16.93207769869419,1.4972045473856659,-41.05465432109977,VI,25,3,183,27.79958310385429,0.7560047822153626,1.0857926738840278,1.3702050092871398,1.164385694889207,0.9776199399253902,0.9209090205370536,0.8954534836634527,0.664781375698703,-1.2036136139320985
0.29163,4.36941,1.8559799999999997,0.01962564963572506,0.01120366423225877,0.006516038831271978,0.3733362404368663,0.46674019864979055,-15.212101197018999,0.712907342336296,-15.67230607210044,1.055802072768093,-17.150321497185008,2.3219322438169936,-34.801362652807605,VI,25,3,184,27.72833135365596,0.7540671033771615,1.0812323891442976,1.070605336932821,1.3914189045297463,0.9761534562684345,0.9208752632787474,0.8994653248100598,1.0309728981381634,-1.7071759586060937
0.29337,3.45686,1.9835200000000002,0.02321142248237663,0.010123231682374334,-1.0005787105293895,-45.01657403919898,0.4661538971490015,-15.201456213503997,0.7107572915448688,-15.442910162866019,1.0602115083506647,-17.051509973892045,2.9298147004955215,-12.560941940225641,VI,25,3,185,27.67733768745419,0.752680339576884,1.08768352365416,1.1441756365440305,1.257236529566212,0.9749272489735278,0.9180980039197264,0.9032218379963888,1.3008818671694766,-1.6342982435459532
0.29304,2.73547,2.07892,0.027986616588666226,0.010412498495515787,0.7364738586601236,36.37067485001525,0.4671423146029185,-15.14859961238296,0.7085645334815707,-15.34888597688789,1.0628233746453755,-16.845875431556163,2.799109756061739,4.831856956704204,VI,25,3,186,27.66823668495476,0.7524328394116182,1.0864600326264273,1.199206266800494,1.2931615005323356,0.976994452776989,0.9152655788078895,0.9054469550194811,1.2428469026597608,-1.553049601915733
0.29193,3.45686,1.97654,0.023293391847492944,0.01061655597856942,-0.9136537690746522,-42.41650168342684,0.46635577477840645,-15.14354704029185,0.7120203206153503,-15.431659307338949,1.062461765626862,-17.102382111910963,2.923429613777003,-14.461734049932485,VI,25,3,187,27.70282779149328,0.7533735384813686,1.0823446537149637,1.1401492864476979,1.3185040521873612,0.9753494614725946,0.9197294813344444,0.9051388908645788,1.2980467924696943,-1.6327672674380458
0.29393,2.73547,2.1191,0.02745596572059365,0.009254614533323269,0.5508281827050223,28.84721199920319,0.4673271269285928,-15.16326901930528,0.7078477840713037,-15.344034474240859,1.0631419445174837,-16.809788019584868,2.6787940744449563,9.822897467598224,VI,25,3,188,27.82278383743833,0.7566357220922274,1.0897597508527361,1.222383737698866,1.1493601868864283,0.977380974424342,0.9143397406762166,0.9057183530029491,1.1894249273638702,-1.5613632760577258
0.29232,3.45686,2.01926,0.022800590672941424,0.011462382850353114,-0.9662578274841603,-44.01686629901046,0.4669024581730812,-15.128671678758444,0.7104607915331866,-15.241726974400631,1.06164696613718,-17.02175853564958,2.952249442779367,-7.773692908414285,VI,25,3,189,27.85994039086622,0.7576461880397629,1.0837905976568294,1.1647919334556238,1.4235499974211034,0.976492810356492,0.9177150095106281,0.9044447419264918,1.310843230741971,-1.6420539020049736
0.29271,4.36941,1.8485,0.019705065302089795,0.010100389060748005,-0.022245580632185714,-1.2743676970879068,0.4655831495003367,-15.079476229959102,0.7108915762059619,-15.625969793986009,1.0510930976179547,-17.189318385102467,2.3580192006872127,-34.33105533574603,VI,25,3,190,27.80011813641232,0.7560193323318518,1.0852365415986949,1.0662905663424822,1.2543996313067678,0.9737335714383316,0.9182714618367583,0.8954536260530788,1.046996050669228,-1.7054221215550256
0.29405,3.45686,1.9378000000000002,0.023759067355890028,0.010590732695777982,-0.8973227552644121,-41.90235106640258,0.4657713318469333,-15.016311227924703,0.7075505417037495,-15.231960718438165,1.0482825990413125,-17.025942927696633,2.8801933343037334,-15.039772988943259,VI,25,3,191,27.75260235787836,0.7547271490761476,1.0902046566810024,1.117802466572065,1.315296976081888,0.9741271412413406,0.9139557873526585,0.8930592890079829,1.2788492329922516,-1.6241706112556693
0.29368,3.45686,2.04726,0.02248875117095225,0.00937317664686066,0.5396021299847077,28.351393719260386,0.4652649330693363,-15.078580249120074,0.7067128836390185,-15.160032652528866,1.0509009022079279,-16.94934457676561,2.8522034257950577,1.0027095176103258,VI,25,3,192,27.7520589996151,0.7547123725435663,1.0888328637105145,1.1809434811199946,1.164084795078624,0.9730680447280524,0.9128737693328007,0.895289889770147,1.2664212919226303,-1.6480346608215024
0.29395,3.45686,1.9651,0.023428996347383692,0.009339817951255158,-1.0162858096195975,-45.4627755953449,0.4653952368249863,-15.166591731613131,0.7075503772519111,-15.182852211604706,1.0491871215955932,-17.06080303382376,2.9151802837942626,-11.606271751795505,VI,25,3,193,27.7155718407585,0.753720110663883,1.0898339018241139,1.1335502255448264,1.1599418719479662,0.9733405656332808,0.9139555749272547,0.8938298753650935,1.2943839656741876,-1.6302463153351336
0.29383,1.07079,2.40366,0.061836199353903346,0.009237810494438725,0.5329217573015425,28.05412444492212,0.4633317624568415,-15.100956199492078,0.705129302805244,-15.545683429749651,1.0364836852157773,-17.091370330306983,1.65977859424978,-41.31373903890003,VI,25,3,194,27.79909324607004,0.7559914606189159,1.0893889959958474,1.3865296092479147,1.1472732395367313,0.9690249578450233,0.9108282294279285,0.8830074865629786,0.7369667018226103,-1.2087572113657974
0.29197,1.70952,2.3318,0.0399258938348791,0.01128222348910135,-0.6748925200463937,-34.01511919229776,0.4648913524353927,-14.99208846925793,0.7000553158612046,-15.472536747129135,1.0401663103808838,-16.52058266559732,0.9672048910394797,8.594885875133114,VI,25,3,195,27.78767769422701,0.7556810166905765,1.0824929556577192,1.345077815849283,1.4011754299691503,0.9722867277811215,0.9042740690406155,0.8861448109969058,0.4294535433855544,-1.3987453523789486
0.29203,3.45686,2.002,0.022997163197923925,0.011354462921853381,-0.7697929139225519,-37.5888216236762,0.463178710728448,-15.021402108183457,0.7034140565328452,-15.195358580656912,1.0471267086523768,-17.082732094026458,2.9133770974920092,-6.40123125478911,VI,25,3,196,27.55868549024623,0.7494536139035359,1.0827154085718522,1.154835658002515,1.4101470762359374,0.968704861195771,0.9086126149028952,0.8920745558359755,1.2935833237894523,-1.6383257328289966
0.29432,4.36941,1.8021399999999999,0.020211977543871728,0.009202418527144651,0.07934209995276338,4.536464123452006,0.46383753708468606,-15.108078602058953,0.7058472938516378,-15.459432898330535,1.0384283202170301,-17.22710710738618,2.2183090443265163,-36.31152273120588,VI,25,3,197,27.50134457015653,0.7478942376480542,1.0912056947946018,1.039548218138188,1.1428777978900884,0.9700827489941285,0.9117556714033652,0.8846641718434431,0.9849626363927881,-1.6943911929480566
0.29323,3.45686,1.929,0.02386745501412322,0.010664460345415794,-0.9034161038877058,-42.095166197792445,0.4637376870606328,-14.895633431910124,0.7028001674307236,-15.256344055921153,1.0410900135682315,-17.133075530508858,2.883277345600429,-14.639785351397622,VI,25,3,198,27.38703986777587,0.7447857413333199,1.0871644668545157,1.1127262658775483,1.3244534487649249,0.9698739198716958,0.9078196432851707,0.8869317378356242,1.2802185804712367,-1.6221938873295814
0.29384,1.35352,2.3694800000000003,0.04962521563630018,0.009676450452984542,1.2484660656839421,51.30586832573936,0.4638774750267134,-15.064125199528034,0.7014996242349733,-15.489036760217404,1.032432970645585,-16.716071848533222,1.014005773488191,-29.149232968422663,VI,25,3,199,27.29571738707691,0.7423022425026266,1.0894260714815363,1.3668131842776223,1.201749339315361,0.970166276318878,0.9061397081987019,0.879556577163797,0.45023384028786767,-1.304297593086223
0.29086,2.73547,2.16972,0.026815412568677064,0.011235198726972706,0.05687569422386466,3.2552302040372347,0.46385387906762315,-14.911354802356971,0.6998042891521347,-15.193394199798869,1.0451408606779975,-16.70226969828726,2.30882823486161,18.01311674268807,VI,25,3,200,27.46615036786396,0.7469371374951477,1.0783775767462553,1.2515834285120964,1.395335274315573,0.9701169270725809,0.9039498133160956,0.8903827601487257,1.0251545207389368,-1.5716155168093788
0.29249,2.16054,2.2676800000000004,0.0324844898385338,0.010269305909058002,-0.7476694721907966,-36.78434318276901,0.46279310322334527,-14.978794086265857,0.6994395198307924,-15.321028798563514,1.042861386959346,-16.503456271393834,1.5606249655318136,24.898146610855687,VI,25,3,201,27.49224010614612,0.747646643347605,1.08442088091354,1.308090771697874,1.27537795510867,0.9678983909153923,0.9034786342092481,0.8884408170311417,0.6929409968381136,-1.4883239493403368
0.34899,28.40909,0.8458999999999999,0.0066228326942982035,0.010901488268022563,-0.35417464764921863,-19.502854816989455,0.4700566265398291,-10.709156751347507,0.6477735294924437,-12.463541305985116,0.9023479377013199,-8.4617525845193,1.711885885878042,-6.881392447061367,VI,25,5,0,37.2108309725774,1.0,1.0,1.0,1.0,1.0,1.0,1.0,1.0,-2.1789562159422164
0.36515,22.48202,0.9030200000000002,0.007839483180612459,0.009889203741987873,-0.06217997200408621,-3.558069105498242,0.48562434895578144,-10.332953762418397,0.6661638228992719,-12.498957316753309,0.920612205854534,-8.550198954897022,1.3846241318243238,-33.19653691179067,VI,25,5,1,36.27649850941464,0.9748908465964837,1.0463050517206796,1.0675257122591326,0.9071425386014464,1.0331188234288902,1.0283900044838783,1.020240826614777,0.8088296908377963,-2.105712567316391
0.37184,1.07079,1.4106800000000002,0.10536280300210062,0.011696772445509429,0.19367006037242643,10.960782131694833,0.4952100355638281,-10.427620378303924,0.6750663911489377,-12.431418085765436,0.9327718657120859,-8.49256375076147,1.246185858220944,-37.07298352539653,VI,25,5,2,35.50829943284563,0.9542463445391357,1.0654746554342531,1.667667572999173,1.0729518904147868,1.0535114443746016,1.042133338912257,1.0337164044373717,0.7279608229153451,-0.9773126842103537
0.37589,28.40909,0.8596,0.006517280335163854,0.010958807652953984,-0.9059945179487721,-42.17640510561456,0.49927843020486296,-10.251707551020793,0.6802637118112164,-12.15922160196215,0.9453265423658606,-8.683695195825079,1.8008117864551298,-15.976188286164827,VI,25,5,3,34.88361578481848,0.9374586611765278,1.0770795724805868,1.0161957678212556,1.0052579412573928,1.0621665603996284,1.0501566995863971,1.0476297477600782,1.0519461614297247,-2.185933597801966
0.37593,22.48202,0.9293199999999999,0.007617623748285483,0.01140963267124645,-0.28156457718201466,-15.725339191821709,0.5002584688516286,-10.102446911569118,0.6813206703073108,-12.275069932167796,0.9455660647532537,-8.672472425623102,1.6035912657252043,-28.947833636768394,VI,25,5,4,34.38402750885735,0.9240327778274217,1.0771941889452419,1.0986168577846083,1.0466123882107392,1.0642514978123394,1.0517883786346636,1.0478951912518684,0.9367395799882465,-2.1181804819348264
0.37937,28.40909,0.8634999999999999,0.006487845021548176,0.00981424191980701,-0.8437396474620555,-40.15565313570528,0.5032906364174409,-10.182793302995137,0.6835230192165216,-12.280363442588687,0.9553723583586665,-8.791084277342028,1.8294709748724844,-17.02618884504839,VI,25,5,5,34.05901097849488,0.9152983174064224,1.0870512049055845,1.0208062418725619,0.9002662460863455,1.0707021409787438,1.0551882534503827,1.0587627216087214,1.0686874574785878,-2.187899532886038
0.3779,22.48202,0.93848,0.007543272207992353,0.010967017028448878,-0.8381402236101572,-39.967727034383756,0.5038923763890781,-10.28128326262056,0.6838006627920479,-12.202665176523887,0.9561043646957339,-8.868679002559839,1.8358781257785322,-17.41162337566425,VI,25,5,6,33.65405508343294,0.9044155748156865,1.082839049829508,1.1094455609410097,1.0060109921521936,1.07198228455648,1.055616865554591,1.059573945646017,1.0724302016409777,-2.122440219965886
0.37883,28.40909,0.8565,0.0065408688571008166,0.010819362392419762,-0.6264878913515965,-32.06664551283839,0.5022023556792664,-10.132707105910361,0.6826589734031406,-12.263971725108041,0.9551099250515024,-8.882651054500352,1.7755584856777782,-21.99528754328535,VI,25,5,7,33.45664592242688,0.8991104215620132,1.0855038826327401,1.0125310320368839,0.9924665446053177,1.068386928987828,1.053854383241055,1.0584718877782229,1.037194418345869,-2.1843645582840896
0.37855,28.40909,0.85926,0.006519859153349218,0.011927383904424937,-0.8187987604191485,-39.31057437490621,0.5031796208088214,-10.175034683453214,0.6821497290780546,-12.17246673115711,0.9559323365364141,-8.891904520264038,1.8407744474154049,-17.69724227493248,VI,25,5,8,33.26008890968071,0.8938281688520153,1.084701567380154,1.0157938290578084,1.0941060166446854,1.0704659660109817,1.0530682376177767,1.0593833006053046,1.075290393244439,-2.1857617861061063
0.38063,14.06813,1.05144,0.010759677734737183,0.011457130510242053,-0.4380685453772414,-23.65671387108124,0.5028677876123167,-9.799916882438799,0.6776132233392759,-12.14014950463932,0.9506662152424726,-8.159582935456505,1.1252978083660778,25.278339987425397,VI,25,5,9,33.32568072968201,0.8955908765983067,1.0906616235422217,1.2429838042321788,1.0509693932203148,1.0698025710519525,1.0460650095878612,1.0535472798488805,0.6573439372618592,-1.9682007361158458
0.3818,17.79613,0.97928,0.0091324578643029,0.01135818037818026,0.9621389937207393,43.89457030914527,0.5052607157465617,-10.109432253771384,0.6820509344312881,-12.363147498490509,0.9488884120562214,-8.444669847919338,0.7553171675236376,-33.71602820916638,VI,25,5,10,33.26056430189428,0.8938409444929011,1.0940141551333848,1.1576782125546756,1.041892638778259,1.0748932941672926,1.0529157234407247,1.0515770828639124,0.4412193439729358,-2.0394123228765664
0.38347,14.06813,1.05382,0.010735377538300717,0.011819204154065677,0.25362959446014743,14.231803172160387,0.5083725924384769,-10.099001051330244,0.6876689503796092,-12.085689915339564,0.9684086370169797,-8.544528947587288,1.6184013550298555,15.640637184890915,VI,25,5,11,33.12156491629028,0.8901054894662065,1.0987993925327373,1.2457973755763094,1.084182623828992,1.0815135107884735,1.061588532211906,1.0732097858880751,0.9453909097449931,-1.9691826778306594
0.38567,14.06813,1.04216,0.010855488175915464,0.011027728223817812,0.46198446540174837,24.796203576404476,0.5092846785876359,-9.992869314681245,0.6877176847399386,-12.107789517999464,0.9708723855585883,-8.631571791671753,1.7262695475330778,11.895392256258795,VI,25,5,12,32.8075834713368,0.881667584782356,1.1051032980887705,1.2320132403357373,1.0115800661975254,1.0834538858362055,1.0616637658516128,1.075940161210797,1.0084022315819599,-1.9643506413630318
0.38643,22.48202,0.9346599999999999,0.0075741019212940165,0.010660208116812897,-0.6173213624216677,-31.687919781543112,0.5116182215068562,-10.067171035728423,0.691014654212211,-12.19758203809243,0.9673640405981385,-9.005268927234832,1.8231598999922407,-22.02768235566415,VI,25,5,13,32.68987691575881,0.8785043510543928,1.1072810109172182,1.1049296607163968,0.9778672282831863,1.0884182726514664,1.0667534605090276,1.072052143281275,1.0650008362310466,-2.120668855069727
0.38595,28.40909,0.85446,0.006556485003519006,0.010939568296904345,-0.8588394014968426,-40.65728341844355,0.5104389104868223,-9.967809129237565,0.6864941764993413,-12.084427042205785,0.9614187817132481,-8.858820773518472,1.8706348344654689,-16.709720976961766,VI,25,5,14,32.5988336667222,0.8760576642522706,1.1059056133413565,1.0101193994562006,1.0034931036887396,1.0859094025421032,1.0597749757345545,1.065463488687532,1.0927333707795617,-2.1833289278042263
0.38647,17.79613,0.9638200000000001,0.009278945588755725,0.011771726754073064,0.1269172892432547,7.233153244996926,0.5095978208044605,-9.925750632176086,0.6826327293097455,-12.226029582988131,0.9562318744222443,-8.327783729047257,0.5906504925472413,-3.500230203759017,VI,25,5,15,32.74854635851202,0.8800810275547497,1.1073956273818732,1.1394018205461642,1.0798274937013124,1.0841200656093313,1.053813868937521,1.0597152544706765,0.3450291268943381,-2.032501371949475
0.38735,14.06813,1.03844,0.010894375753449466,0.010975158214482306,0.12179967400853674,6.944401635550788,0.5099849339243003,-9.745732440481769,0.6826039396697224,-11.900323240391849,0.9646461770221451,-8.471332948392908,1.5353090742412863,18.144376416238504,VI,25,5,16,32.66772292428123,0.8779089869924103,1.1099171896042868,1.2276155573944914,1.0067577879871539,1.0849436113227264,1.0537694249478977,1.0690401526040236,0.8968524636522791,-1.962797649731566
0.39299,28.40909,0.8719800000000001,0.006424750769635599,0.00982906702605385,0.7690026118869016,37.560378318262295,0.5171747770343014,-9.80141542973287,0.6937276420069762,-11.975998648442252,0.9797271084168689,-8.870230783883217,1.8862144338081466,3.655856260335823,VI,25,5,17,32.46556489218695,0.8724762130712027,1.1260781111206624,1.030831067502069,0.9016261618962196,1.1002393069986427,1.0709416337999167,1.085753141867502,1.1018342106610044,-2.192143714918283
0.39236,28.40909,0.86766,0.006456739017710681,0.009373092541711148,0.6280880946107106,32.132440660309705,0.5154852851519449,-9.93129340322436,0.6928079558054253,-11.973596930859053,0.9782045863717295,-8.895486185107998,1.934977386891095,-0.2684261519222376,VI,25,5,18,32.27708291046739,0.867410967904857,1.1242729018023438,1.025724080860622,0.8597993513606144,1.0966450764592435,1.0695218687745205,1.0840658525398197,1.1303191426796697,-2.1899867674827727
0.39561,28.40909,0.8715999999999999,0.006427551831237782,0.008824437364780835,0.7283915232727849,36.06927743891442,0.5202995199090586,-9.799432483773021,0.696565188303127,-12.002379612728465,0.982297418164634,-8.836135012631688,1.8743069079772783,5.563811797803495,VI,25,5,19,32.18729483595617,0.8649980125323369,1.1335854895555746,1.030381841825275,0.8094708857932397,1.1068868951791542,1.0753220942030672,1.0886016104463883,1.0948784165107648,-2.1919544125567785
0.39721,28.40909,0.85306,0.006567245183348005,0.00964568975035085,-0.9357235353159722,-43.098169786470024,0.5197742342777834,-9.739455200736112,0.6948345613548927,-11.865190219494929,0.9738299882313877,-8.922737532091613,1.931179127696787,-12.751843053703489,VI,25,5,20,32.21024502388772,0.8656147734949841,1.1381701481417805,1.008464357489065,0.884804855374164,1.1057694008143966,1.0726504398834007,1.0792178355415365,1.128100385444949,-2.182616769339426
0.39696,28.40909,0.86016,0.006513037314112316,0.011004049599936117,0.5257288509872647,27.732199948075163,0.5220464370331325,-9.592812740433505,0.6963903482711304,-11.7773032400414,0.978523896915322,-8.866012010671808,1.9299125552278897,-1.5889499423239077,VI,25,5,21,32.26934106442092,0.8672029143396954,1.1374537952376857,1.01685778460811,1.0094080119513955,1.1106032923650277,1.0750521850078991,1.0844197188592861,1.1273605157612594,-2.186216433684254
0.39793,28.40909,0.8602799999999999,0.006512128813998756,0.010411980402994903,0.6957707582553371,34.8290675371462,0.5205272806741605,-9.465562444947574,0.6959012129196273,-11.746885066187753,0.9795672827107658,-8.72615167798388,1.8430281799253632,6.4884622973632595,VI,25,5,22,32.2382917045085,0.866368497071903,1.1402332445055732,1.01699964534815,0.955097152517832,1.1073714341734844,1.074297082600602,1.085576019829067,1.0766069135385488,-2.1862770174162214
0.40038,28.40909,0.8605200000000001,0.006510312573916759,0.009759950430330289,-0.7979022556189896,-38.586445479136295,0.5233949362660544,-9.672948293999058,0.7013803074831435,-11.917848595507305,0.9852320039947758,-9.132316838877763,1.918977967746622,-17.84664350356681,VI,25,5,23,31.97039387592019,0.8591690386995346,1.147253502965701,1.0172833668282306,0.8952860554791626,1.1134720940301557,1.082755431566805,1.0918537770525618,1.120973064604923,-2.1863981595319033
0.39906,22.48202,0.93304,0.007587252531249104,0.010577250796644677,-0.4655973903705626,-24.966564002190523,0.5238557701841169,-9.75844212512671,0.701350030165245,-12.054942946144722,0.9844967009896731,-9.194894784527731,1.8027562374022583,-25.21883227662599,VI,25,5,24,31.92924616364792,0.8580632393610949,1.1434711596320812,1.1030145407258543,0.970257503984206,1.114452473610069,1.0827086909753485,1.0910388995819311,1.053082014562909,-2.11991546080178
0.39851,28.40909,0.8661,0.006468368751999596,0.010458811066619944,-0.9220769585792973,-42.67843957360638,0.5228702965894628,-9.71119865640344,0.7012239096265603,-11.945919457819995,0.9852054981049606,-9.149027766226977,1.968499490701697,-11.841321698938582,VI,25,5,25,31.86358379900871,0.856298635805544,1.1418951832430728,1.0238798912400995,0.9593929571340155,1.1123559738714983,1.0825139924689375,1.0918244026962765,1.1499011160384887,-2.189205229582943
0.398,22.48202,0.9197599999999999,0.007696801450113796,0.011558962670462691,-0.6406623669631163,-32.646158096026134,0.5217391371768606,-9.631705757350186,0.6967872990971853,-11.926350248060977,0.97422687732244,-9.045929238466266,1.8525944302203075,-21.463833394614458,VI,25,5,26,32.04487921814223,0.86117075003667,1.1404338233187197,1.0873152854947394,1.0603105178188104,1.1099495416487917,1.075664977608989,1.079657675956159,1.0821950490409558,-2.1136897165368116
0.40135,28.40909,0.85592,0.006545301168458326,0.009195120914483712,0.77315623049516,37.70962601227451,0.5218341414831068,-9.468750058493374,0.6957509926462438,-11.693129865726348,0.9788961834735501,-8.855286971186764,1.897841291878428,3.4000355703224314,VI,25,5,27,31.99113765113488,0.8597265047563926,1.1500329522335881,1.0118453717933564,0.8434739081869992,1.1101516541196776,1.0740651801431162,1.0848322942558415,1.1086260524339844,-2.1840703654936107
0.40101,17.79613,0.9608000000000001,0.009308111300327377,0.009445137855887797,0.09869471055797734,5.636536502888236,0.5225557129314009,-9.519257208857917,0.6945622532485404,-12.066843736823158,0.9726962847106038,-8.552741904239168,0.6095242765323454,-2.8872598773095453,VI,25,5,28,31.95421955263862,0.8587343716185041,1.1490587122840195,1.135831658588486,0.8664081108625606,1.1116867275715843,1.0722300644065488,1.077961442665334,0.35605426831340153,-2.031138432343943
0.40157,22.48202,0.93086,0.007605021272540086,0.011387470019601942,-0.29795602317411296,-16.591742373888465,0.5274193210758523,-9.509239192054217,0.7040512032357277,-11.9800913129785,0.9852252667557195,-9.188357670841047,1.7337960088480702,-28.57231717859317,VI,25,5,29,31.66753182935969,0.8510299555711923,1.1506633427891915,1.1004374039484575,1.044579394999205,1.1220335833967074,1.0868786252926694,1.09184631070973,1.0127988221357351,-2.118899566813632
0.40513,28.40909,0.86768,0.006456590190054916,0.009787700962502865,0.6604356358106003,33.44219422427316,0.528053504122202,-9.567956918661375,0.7033927176048587,-11.834164537331318,0.9933192188134088,-8.963837185675278,1.8705447897950584,7.434899729053031,VI,25,5,30,31.60337135445789,0.8493057136441824,1.1608642081434997,1.0257477243172954,0.8978316282936541,1.123382746477373,1.0858620884925552,1.1008161899763778,1.0926807710875184,-2.18999677807394
0.40646,17.79613,0.9837600000000001,0.009090869050738538,0.009532851596990688,1.0774810261553445,47.13589396447288,0.5270079930577105,-9.641748759387887,0.7035905474153002,-12.114352442809135,0.9867532032708309,-8.871974480188642,0.7117582299584759,-27.62321519825103,VI,25,5,31,31.57315437944958,0.8484936658016985,1.1646752055932834,1.1629743468495097,0.874454144481675,1.121158522829708,1.086167488144493,1.0935396004611355,0.4157743432725416,-2.0413945979772015
0.40536,1.07079,1.5085800000000003,0.09852523494876193,0.011298777189622355,0.15266634504762963,8.68011547714422,0.5289270058813303,-9.480176129679588,0.7062353136718814,-12.073607425653458,0.9880957143612917,-9.161993008121431,1.4170577549312668,-37.1920195307049,VI,25,5,32,31.57947703229735,0.8486635801164966,1.1615232528152668,1.783402293415298,1.0364435489753416,1.1252410369679429,1.090250344476479,1.0950273980549114,0.8277758270110657,-1.006452520818318
0.40788,28.40909,0.86758,0.006457334396951117,0.009658139761844431,0.7405692195246376,36.52250922631478,0.5286735782612695,-9.558332834996833,0.7042111237906089,-11.76344346504801,0.9971847748533518,-9.124991354671108,1.9180902560133366,4.994987743541893,VI,25,5,33,31.47552191242597,0.845869901040961,1.1687440900885413,1.0256295070339285,0.8859469023302756,1.1247018942226816,1.0871255025539346,1.105100076355938,1.120454506831529,-2.189946722810477
0.40735,28.40909,0.86622,0.006467472669883921,0.009756190850445823,0.2826854975594914,15.78482819461285,0.5277535513530869,-9.492244355151794,0.7051316263429489,-11.713322616288677,0.9971962453023487,-9.206604381736431,1.9907015510669652,-2.7696404381531745,VI,25,5,34,31.43626839550061,0.8448150061111948,1.1672254219318605,1.0240217519801396,0.8949411869812077,1.1227446259783107,1.088546527820375,1.1051127881365246,1.1628704737208089,-2.189265397840438
0.40764,17.79613,0.97652,0.009158269505339925,0.010515123350436584,1.0248536367265912,45.703229585484614,0.5285566117147003,-9.374634214569761,0.7032510410080559,-12.084613799381462,0.988078352909943,-8.921226186450575,0.6487166009722662,-19.19938798908406,VI,25,5,35,31.33143965843115,0.8419978495379725,1.1680563913006103,1.1544154155337514,0.9645585164074059,1.1244530592101212,1.0856433753306978,1.0950081577479043,0.37894850721287043,-2.0381865804021424
0.40747,22.48202,0.9276599999999999,0.007631255095354617,0.009612911569839733,-0.47168219682403384,-25.252417424950306,0.5291017491745023,-9.433564099904238,0.7060752839939375,-11.913893898322794,0.9930930465704882,-9.412985077954115,1.837383231450954,-25.08135590160237,VI,25,5,36,31.28588613723413,0.8407736489488862,1.1675692713258259,1.0966544508807188,0.8817980933885308,1.1256127864196168,1.0900032987565509,1.1005655413812285,1.0733094107546446,-2.117404028734478
0.40832,22.48202,0.9333,0.007585138863984425,0.00943542294711791,-0.8797355165384959,-41.33923586828272,0.5287883540908167,-9.485608106371373,0.7061292578172875,-11.789182138450823,0.9962563219086754,-9.423081724008089,1.9844998064315522,-15.21073849431752,VI,25,5,37,31.25797488146845,0.8400235647654329,1.1700048711997477,1.103321905662608,0.8655169565053722,1.1249460686967065,1.0900866208141722,1.10407114626602,1.1592477178545602,-2.120036464012369
0.40889,14.06813,1.0489600000000001,0.010785116265074035,0.00945159101442844,0.16197149641441683,9.20038178958837,0.5293060070560559,-9.395104757772218,0.7027551034230678,-11.80463506791101,0.9975575292206552,-8.966191097923849,1.6406566589123572,16.861627493588543,VI,25,5,38,31.24714509634099,0.8397325262466898,1.1716381558210835,1.2400520156046817,0.8670000629320384,1.1260473253028516,1.084877771979513,1.1055131701878504,0.9583913696857483,-1.9671751687804506
0.40799,22.48202,0.92016,0.007693455596588271,0.010600924874853535,-0.35588160387561346,-19.58970869808481,0.5294655878283984,-9.358212420450586,0.7061779141946729,-11.912113258314667,0.9908559379928358,-9.303008595819367,1.789698224908033,-27.222957198892388,VI,25,5,39,31.2404735538949,0.8395532359091264,1.1690592853663428,1.0877881546282069,0.9724291412530641,1.126386817958273,1.0901617340677556,1.0980863329914456,1.0454541623783997,-2.1138785484376528
0.40859,22.48202,0.9217,0.007680601173653753,0.010298977789213237,-0.3242648593973316,-17.966056867252096,0.5296007959244056,-9.475867027013217,0.7059972031963335,-11.862706297980324,0.9917702367227902,-9.407586289502929,1.777708175478021,-27.857709559027963,VI,25,5,40,31.17305360719895,0.8377413992762482,1.1707785323361701,1.0896087007920559,0.9447313555731032,1.1266744601025875,1.0898827615717956,1.0990995770980188,1.038450161978068,-2.1146047856739063
0.41029,28.40909,0.86146,0.006503208710917338,0.008901870252740696,0.7549163739098435,37.04975260561747,0.5295119207339537,-9.38328784264695,0.7041747847533945,-11.681474306109445,0.9988009586534166,-9.312060990040324,1.9523050198723286,3.248002267562165,VI,25,5,41,31.14077984168959,0.8368740774598357,1.1756497320840138,1.0183946092918785,0.8165738506413509,1.1264853867326277,1.0870694041868976,1.1068911635103917,1.1404410983101094,-2.186872307725888
0.4102,22.48202,0.92408,0.0076608195196916536,0.010055792315366685,-0.5196917071569174,-27.46052568507042,0.5323902328012132,-9.438672330020209,0.7095314344240121,-11.766306572487812,0.9947865948289373,-9.460698559098718,1.8776425395808336,-23.866397870007397,VI,25,5,42,31.06018427864669,0.8347081606840911,1.1753918450385397,1.0924222721361865,0.9224238074780517,1.132608717209739,1.095338728922681,1.1024423653730506,1.0968269293357562,-2.1157247690302885
0.41102,22.48202,0.9107599999999999,0.007772860140713981,0.009425128183426834,-0.45957055166986593,-24.682118583421964,0.5291933170218237,-9.31875633590036,0.7042741914182401,-11.778612606937637,0.9885100741220652,-9.364953059960909,1.823749767205419,-25.347000813044474,VI,25,5,43,31.08086020148169,0.835263803283157,1.1777414825639703,1.076675729991725,0.8645726117115266,1.125807588156581,1.0872228631664942,1.095486599814522,1.0653454078044466,-2.109419146608499
0.41,1.07079,1.45988,0.10181192902088068,0.011382057185492511,0.21281777989326356,12.014318971077435,0.5318229775708586,-9.208411476417032,0.7032527379585974,-11.769752108832197,0.9816810499712267,-9.147646024656645,1.3635852641113797,-38.08175281004781,VI,25,5,44,31.33579587926866,0.8421149181635218,1.174818762715264,1.7258304764156522,1.0440828725082982,1.131401936583051,1.0856459949970847,1.0879185389086203,0.7965398134070043,-0.99220133394006
0.41137,22.48202,0.90866,0.0077908239624905505,0.010932967801227877,-0.34851511439708033,-19.21421812381967,0.5328918153667666,-9.304883571856866,0.7042529200245201,-11.732589065890453,0.9861535345128967,-9.298469053757325,1.7735080272498662,-27.444042954935757,VI,25,5,45,31.26064729223292,0.8400953828542695,1.1787443766297028,1.0741931670410216,1.0028876362961976,1.133675785595192,1.0871900254651194,1.0928750355711643,1.0359966408276202,-2.10841660863816
0.41666,22.48202,0.9258800000000001,0.007645926147834128,0.00791404001820395,0.24236477427124933,13.623776670728928,0.5330057122219606,-9.141662456245854,0.7087353671216876,-11.767395106657242,1.0033053088546502,-9.401838115579341,2.0192852656960985,-2.7825574317843325,VI,25,5,46,31.26022742490641,0.8400840993834215,1.193902404080346,1.0945501832367897,0.7259595959405173,1.1339180901363117,1.094109800499273,1.1118829743330643,1.179567681674289,-2.1165699011565167
0.41317,22.48202,0.9199,0.0076956300703953295,0.011193252696825085,-0.5563002381404415,-29.087197948967667,0.5354225240108325,-9.374660503353397,0.70958748146002,-11.732259715729588,0.9981218571351322,-9.495904038385655,1.9028010856338988,-23.10708666877224,VI,25,5,47,30.92619938022659,0.8311074644642501,1.1839021175391844,1.0874807896914531,1.0267637245144186,1.1390596234163817,1.0954252515011071,1.10613856964952,1.1115233213444802,-2.1137558170418873
0.41529,22.48202,0.91308,0.007753110463219722,0.009445329113794199,-0.21423475753495178,-12.091965618972917,0.5353117203007592,-9.212712952161695,0.7113725545138943,-11.811463977371622,0.9964055863505866,-9.541156174304184,1.7336668461177522,-30.21067007210227,VI,25,5,48,30.84471085930386,0.8289175504313498,1.1899767901659073,1.0794183709658354,0.8664256550640219,1.1388238992422777,1.098180956963899,1.1042365641006209,1.0127233715864996,-2.110524028332179
0.41254,28.40909,0.84876,0.006600516254426282,0.01127772215289663,0.7603683110680098,37.24820804708001,0.5328654471321569,-9.102601273176253,0.704868348152686,-11.536578905830673,0.997111891209572,-9.247043238468756,1.9454562580938488,3.3595340152461866,VI,25,5,49,30.80649801930575,0.8278906225450505,1.1820969082208659,1.0033810143042914,1.0345121579388088,1.1336196897269053,1.0881400922711033,1.105019305246774,1.1364403866768296,-2.180422095112632
0.41399,22.48202,0.89962,0.007869111515702923,0.011060097134037827,-0.0880772595584113,-5.0334661822382865,0.5344728021195294,-9.266058103636198,0.7056390918909374,-11.810470058347304,0.9890692802851193,-9.376543800949344,1.6274899055317973,-32.92957221309072,VI,25,5,50,31.06062043453514,0.834719881892058,1.186251755064615,1.0635063246246603,1.0145492855760359,1.1370391819680945,1.0893299274575694,1.0961063232490087,0.9506999963943524,-2.104074300119993
0.41298,22.48202,0.9171400000000001,0.00771878895452893,0.012163262742620695,-0.7323772686608389,-36.21819965581532,0.5363297350919706,-9.183346774401898,0.7076293388070048,-11.546132923385864,0.9931572111963477,-9.428751646922294,1.9516258018735029,-18.89518416772707,VI,25,5,51,31.00495702918669,0.8332239893281572,1.1833576893320725,1.0842179926705287,1.115743322707534,1.14098962722851,1.0924023699478127,1.1006366499006572,1.1400443323782041,-2.112450833294181
0.41663,14.06813,1.05158,0.010758245266562754,0.010112051396867161,-0.029007246723891596,-1.6615269029016513,0.5361619993910527,-9.314229746242145,0.7075724776124201,-11.65227669669575,1.0068079029171546,-9.151656011252186,1.527895614126678,20.478827670528336,VI,25,5,52,30.95471100771035,0.8318736829747901,1.1938164417318546,1.2431493084288925,0.9275844864713505,1.1406327857514467,1.0923145905125689,1.115764619002666,0.892521882872471,-1.9682585588921924
0.41583,22.48202,0.9259800000000001,0.007645100436031731,0.01194228069056763,-0.7298049995136422,-36.12215485989355,0.537584913760526,-9.225621298945285,0.7135784833198394,-11.678451818740033,1.0047946516640198,-9.682578844985628,1.9764616816330332,-19.085989751023273,VI,25,5,53,30.71987672344245,0.8255627708524308,1.1915241124387517,1.0946684005201563,1.0954725076940213,1.1436598984207171,1.1015863582430676,1.1135334937692405,1.1545522385210203,-2.1166168047542318
0.41945,14.06813,1.02678,0.011018091078334269,0.009693290218588335,0.6906463462515869,34.63075632154584,0.5390166218198631,-9.082139460130533,0.7109062029748366,-11.588774087131089,1.007819529093494,-9.35695075700221,1.9357165638865386,6.508272707155684,VI,25,5,54,30.60542601386982,0.8224870343912651,1.2018969024900426,1.213831422153919,0.8891712746251127,1.1467057188144774,1.0974610270534826,1.1168857233284721,1.1307509337245876,-1.9578936419595654
0.4204,22.48202,0.9047400000000001,0.007824579549656988,0.010007585977587274,-0.49989840987705014,-26.560394439628638,0.5377041099570504,-8.949489202270097,0.7106973138231375,-11.63882983164238,0.9951523537944221,-9.508663550938856,1.8781718536775924,-23.960521238367,VI,25,5,55,30.55493431645714,0.8211301257683459,1.2046190435256023,1.069559049533042,0.9180018114538195,1.1439134767978627,1.097138554550071,1.102847706761004,1.097136128740416,-2.106538989777647
0.42029,1.07079,1.28098,0.1160308505511431,0.010255744609725503,0.8001853247979851,38.66628225950684,0.5366654958311141,-9.078834850939943,0.709068492918357,-11.779188238449233,0.9920306234740309,-9.170941485900256,0.9232624902479043,-37.62325259258993,VI,25,5,56,30.82024996933957,0.828260191019454,1.2043038482478008,1.5143397564723966,0.9407655503156183,1.1417039257197688,1.094624063249297,1.0993881428943835,0.5393247866953202,-0.93542652419729
0.42003,1.07079,1.4729400000000001,0.10090920128382914,0.01021906421067531,0.2472154731339454,13.8859885325308,0.5381734978344711,-9.098409680141572,0.7092275299600979,-11.709249301426778,0.99343006397714,-9.474472871536936,1.3642331463320738,-38.58206495729305,VI,25,5,57,30.70761017195592,0.8252331208240408,1.2035588412275422,1.74126965362336,0.937400835503441,1.144912054098806,1.0948695765876784,1.1009390307998559,0.7969182745100712,-0.9960692313389109
0.42153,22.48202,0.9109999999999999,0.0077708124058799835,0.00948898773830309,-0.3858047161052954,-21.096849631934234,0.5410166696565655,-8.988943111411029,0.7142628583888297,-11.67347266587996,1.0046155806741104,-9.735374061035435,1.8549343396270386,-26.3898678888885,VI,25,5,58,30.69863088512716,0.8249918124040438,1.2078569586521104,1.0769594514718053,0.8704304866462339,1.1509606271037724,1.1026428618478483,1.1133350437230582,1.0835619096629363,-2.1095335751570015
0.42088,22.48202,0.91904,0.0077028313259016636,0.010789222736481197,-0.6096657861905921,-31.369232973132167,0.5426027335148339,-9.093397884169246,0.715784458823084,-11.690570610659757,1.0069425381710069,-9.714778684997295,1.9536733096012109,-22.068167744171483,VI,25,5,59,30.400956194934,0.8169921337510052,1.205994441101464,1.0864641210544983,0.9897018160473854,1.1543348245274823,1.1049918316111642,1.1159138244789872,1.141240386241723,-2.1133496120741717
0.42032,22.48202,0.9085999999999999,0.0077913384346870625,0.011646176358181937,-0.14922484027281785,-8.487324609104258,0.5407538994848123,-9.114741294287292,0.7163376063123698,-11.69984760711223,1.0047698035597183,-9.77353108295196,1.7135268370600236,-31.719168106595976,VI,25,5,60,30.36144683247463,0.8159303632549771,1.2043898105962922,1.0741222366710013,1.0683106812437504,1.1504016089835782,1.1058457527180043,1.1135059566039596,1.0009585634156566,-2.10838793066261
0.41961,14.06813,1.03892,0.010889342353032053,0.011701017878740005,0.013530052724340446,0.7751676186737669,0.5379061430843316,-8.963115208526505,0.7080743261904765,-11.515889560972267,1.0035967498968692,-9.215590223783842,1.5577389790853058,19.37987136060749,VI,25,5,61,30.31845889825905,0.8147751099834966,1.2023553683486632,1.228183000354652,1.0733413265290308,1.1443432827316038,1.0930893189557789,1.1122059551146921,0.9099549169343886,-1.962998348074678
0.42193,14.06813,1.05674,0.010705713380218465,0.010233992587352303,-0.7707152775230723,-37.62199041098454,0.5388145110305549,-8.917984309304686,0.7077339860602784,-11.767374235213916,1.0006785268496656,-8.999699469837559,0.9779589735399555,23.371836033520996,VI,25,5,62,30.55810022977188,0.8212152061933725,1.2090031232986618,1.2492493202506207,0.9387702243712694,1.1462757476622867,1.0925639190826708,1.1089719220712548,0.5712757968317214,-1.9703843879893705
0.42109,22.48202,0.8998,0.007867537343583756,0.010051576357881786,-0.2848733904626075,-15.900842472080335,0.5398457097677404,-8.993551866206197,0.7107461084769003,-11.565301754577352,0.9977754994908662,-9.688572131038166,1.7810741842109337,-28.939306358856033,VI,25,5,63,30.50467814474021,0.8197795466384693,1.2065961775409038,1.0637191157347206,0.9220370751914827,1.1484695232181732,1.0972138812677297,1.1057547291930898,1.0404164196361747,-2.1041611870135513
0.42154,22.48202,0.9150799999999999,0.007736165255230871,0.011460311433955206,-0.8379943385643323,-39.962817019289126,0.5411413313027845,-8.931855457889924,0.7134385739700935,-11.499395473925775,1.0068805281270963,-9.72211621496314,2.0256036451017083,-16.563811360685676,VI,25,5,64,30.47638558824752,0.8190192154189504,1.2078856127682742,1.0817827166331717,1.0512611812436512,1.1512258326964193,1.1013703732678009,1.1158451037102908,1.1832585698682583,-2.111474261692852
0.42239,28.40909,0.8460599999999999,0.006621580237934486,0.011164862761461836,-0.07316527231075722,-4.184604990414073,0.5420574512087926,-9.01642525212455,0.7142744053347305,-11.480387072315333,1.0113337021230662,-9.74918662694833,2.0713312702046416,-4.259444485060772,VI,25,5,65,30.13900078815501,0.8099523714040681,1.2103212126421958,1.000189147653387,1.0241594988651073,1.1531747891716246,1.1026606874386993,1.1207802000405533,1.2099704117498677,-2.1790383539564857
0.42426,1.07079,1.4841199999999999,0.10014904383675398,0.008751156335494115,0.3132647524756729,17.393934712139956,0.5415704992283666,-9.140305594185504,0.7157884583292111,-11.746612446072694,1.003747712448095,-9.705581751632323,1.3394439997147705,-39.57658555237518,VI,25,5,66,30.0779753615562,0.8083123804389702,1.2156795323648242,1.7544863459037712,0.802748773409587,1.1521388459406774,1.104998005846364,1.1123732548279381,0.782437667583057,-0.9993531927348968
0.42365,22.48202,0.88864,0.007966341940219508,0.009380752788249402,-0.03982024039145938,-2.280326954853915,0.5404514821330253,-8.897181859951733,0.7115140385318158,-11.642166628733158,0.9981541224348672,-9.703289193536287,1.630998835063668,-33.90088212611449,VI,25,5,67,30.04046327413138,0.8073042845044166,1.2139316312788333,1.0505260669109826,0.8605020303297534,1.1497582453233035,1.0983993728322232,1.1061743266988653,0.9527497413924373,-2.0987410562541666
0.42356,22.48202,0.9079400000000001,0.007797002116611961,0.009592142197860698,-0.7359230741895524,-36.35020930678724,0.5400669625962154,-8.981974339118118,0.7121749735613899,-11.480674543104426,1.0034975118851688,-9.819221998794042,1.994018774982641,-19.09256373559645,VI,25,5,68,30.22727837954921,0.8123247342104579,1.213673744233359,1.0733420026007805,0.879892906549046,1.1489402172069032,1.0994196908901284,1.112095977568832,1.1648082336749277,-2.1080723478836254
0.42232,22.48202,0.9016800000000001,0.00785113355265356,0.010707456574286345,-0.6658849206160165,-33.65904735642881,0.5406810347369523,-8.94397625089496,0.7108085144289304,-11.385420582436755,1.0009513078764207,-9.79160134524406,1.974000077430328,-20.253634731693385,VI,25,5,69,30.19987917671122,0.8115884108841076,1.2101206338290493,1.065941600662017,0.9822013573774717,1.1502465962813928,1.0973102204189744,1.109274223451197,1.153114289751764,-2.105067634958994
0.4224,28.40909,0.84626,0.00662001533347535,0.01169077223858589,0.0417439918177222,2.3903667426164135,0.5428719745242911,-9.05009132202807,0.7152679153161918,-11.48994372228352,1.0149654865817541,-9.839852519289561,2.0855578507508707,-3.934579547253224,VI,25,5,70,30.21615806579972,0.812025888055754,1.2103498667583596,1.0004255822201207,1.0724014878664356,1.1549076087289074,1.104194417880324,1.1248050160865009,1.2182808842314679,-2.1791410046334088
0.42312,22.48202,0.91712,0.007718957281224555,0.010834412593894005,-0.8453142282765856,-40.20831218689934,0.5419963066155215,-8.847507559329104,0.7150379565390743,-11.541864718952814,1.011109729488683,-9.974090404632655,2.047848875089677,-16.85441199360077,VI,25,5,71,29.95909737602955,0.805117665824447,1.2124129631221523,1.0841943492138553,0.9938471085342254,1.1530447099645276,1.103839419155233,1.1205319890955008,1.1962531451325777,-2.1124413625652347
0.42396,22.48202,0.9043000000000001,0.007828386709893468,0.010949267374828375,-0.3946088327820079,-21.53463000609527,0.5430557895448648,-9.051481286110857,0.7159077372392063,-11.622253739676571,1.0073352825330208,-9.963770555046473,1.8920097644678022,-26.61930460457132,VI,25,5,72,29.88578439347456,0.803147460359027,1.2148199088799105,1.069038893486228,1.004382805873026,1.1552986574030357,1.1051821425925639,1.1163490716221396,1.105219559361793,-2.106327729025198
0.42517,1.07079,1.29378,0.11488290044598257,0.009174938048270631,0.9023193272379889,42.06054648063634,0.541176159558409,-9.03784394549571,0.714464855089317,-11.773614587330819,1.0044460210218407,-9.646239701387797,0.8920892040955116,-36.51305702223492,VI,25,5,73,29.92007461958227,0.8040689723277594,1.2182870569357287,1.5294715687433504,0.8416225218701159,1.1512999264409982,1.1029546941338104,1.1131471343311425,0.5211148777232607,-0.9397446083404238
0.4235,22.48202,0.91136,0.007767742825839035,0.01083180673989792,-0.8103754987870515,-39.02046122719143,0.5421882752168252,-8.8307716871752,0.7135232182046162,-11.443074568481792,1.0090996959288163,-9.947290309226265,2.040283162359225,-17.515296800555873,VI,25,5,74,29.80474803498928,0.800969697692426,1.2135018195363763,1.077385033691926,0.993608071997927,1.1534531045928873,1.1015010427543865,1.1183044297739966,1.1918336258218198,-2.1097051614687277
0.42199,22.48202,0.90164,0.007851481857234222,0.013526926134809325,-0.2782742557661857,-15.550516021794135,0.5423979509021579,-8.975599074697714,0.7144676006869295,-11.647251628128439,1.0071267587361912,-10.025869053865451,1.8286494978313421,-29.02124302421724,VI,25,5,75,29.78156973779259,0.8003468065451208,1.2091750479956445,1.0658943137486703,1.2408329764008446,1.153899169329547,1.1029589326484879,1.116117981387301,1.0682075907725654,-2.1050483685178976
0.42431,17.79613,0.95582,0.009356608291681012,0.010999065877611514,0.800433963024962,38.674966172891274,0.5416189011036784,-8.984249092931874,0.7129233925932231,-11.790062362065271,1.006499404319243,-9.60237647647559,0.6593744129416307,-14.0985401838173,VI,25,5,76,29.71578246423557,0.7985788462003087,1.215822802945643,1.1299444378768178,1.008950852139627,1.152241816248038,1.1005750623243695,1.1154227346972643,0.38517427965324424,-2.0288815515985723
0.42638,22.48202,0.8981399999999999,0.007882078631122835,0.00935519885328251,-0.1531837036662778,-8.70908056258538,0.5426937297301425,-8.836657172094368,0.7148334730644191,-11.688584813743814,1.0082889504970594,-10.074049125122778,1.758243090203621,-31.868762631454743,VI,25,5,77,29.636666874741,0.7964527020797199,1.2217542049915469,1.061756708830831,0.8581579526828644,1.1545284101726383,1.103523747913132,1.1174059454999345,1.0270796112684824,-2.10335923695425
0.42493,22.48202,0.8952000000000001,0.007907964814294753,0.010360913423033247,-0.18655215638042494,-10.567183246717981,0.5432931195262198,-8.863584319633627,0.714924569777355,-11.560805948730314,1.007351576015854,-10.053011302318179,1.7717291098379218,-31.31844919766921,VI,25,5,78,29.59578536276505,0.795354056580347,1.2175993581477977,1.0582811206998466,0.9504127480855078,1.155803553979225,1.1036643784094216,1.116367128385116,1.0349574842888465,-2.101935271704297
0.42223,22.48202,0.9037,0.007833584266633468,0.013612650105990942,-0.34259059673116543,-18.91097773197498,0.5423465446149155,-8.87158207583122,0.7165021838079451,-11.56180420066779,1.0098234300608464,-10.14262000801769,1.8812102050331647,-27.631025704985767,VI,25,5,79,29.55892238215174,0.7943634046747102,1.2098627467835754,1.0683295897860268,1.2486964872421187,1.1537898074264485,1.10609981912869,1.1191064863885145,1.0989109849855878,-2.10603948046468
0.42586,22.48202,0.9050400000000001,0.007821985881018147,0.010030449531532093,-0.8978405011475067,-41.91877983642403,0.5427402816014573,-8.863759025465262,0.7132211423821329,-11.41252225751657,1.0114007037224149,-10.035691923066885,2.1063564756571087,-10.440660800794403,VI,25,5,80,29.58812442931707,0.7951481774519387,1.2202641909510301,1.0699137013831423,0.9200990988500628,1.1546274447754636,1.101034713383503,1.1208544525506432,1.2304304235657268,-2.1066829723012295
0.42418,14.06813,1.03278,0.010954080789143924,0.011460356159936569,0.3800117197784225,20.807377775405445,0.5430442855896712,-8.927480535006199,0.7116043465363718,-11.444735501066743,1.0150145171453893,-9.756878432807321,1.834839203065863,12.951824105595286,VI,25,5,81,29.57313748166528,0.7947454197800439,1.2154502994355139,1.2209244591559287,1.0512652839845122,1.1552741838512464,1.0985387857604216,1.12485935273602,1.0718233138097035,-1.960424060362682
0.42691,14.06813,1.05324,0.010741289314317783,0.009569079464027574,-0.43018652212683167,-23.276723467519993,0.5426675273969196,-9.008931523914791,0.7115755575102618,-11.523771806169023,1.0149762560105247,-9.539525845644423,1.2786303747119474,24.316030814926652,VI,25,5,82,29.59452438346522,0.7953201691538404,1.2232728731482276,1.2451117153327818,0.8777773482632315,1.1544726672435028,1.0984943427185263,1.1248169509824768,0.7469133224707476,-1.96894358563028
0.42552,22.48202,0.8952199999999999,0.007907788143424707,0.011059264211734088,-0.14868519895068968,-8.4570765708743,0.5444128646846785,-8.8991750196769,0.7167746987630935,-11.685525990802159,1.0094826251616142,-10.223385301086163,1.7689758522486307,-31.80889404432925,VI,25,5,83,29.39243088851976,0.7898891295972555,1.2192899510014612,1.0583047641565198,1.014472881117923,1.1581857034804488,1.1065205139282475,1.118728799594992,1.033349165876969,-2.1019449743323264
0.42677,1.07079,1.5301000000000002,0.09713953267041585,0.010183252325450753,0.26646474244641905,14.92061532295538,0.54373746682114,-8.904965710634125,0.7153878883314634,-11.749919281525443,1.0074681654852478,-10.096741373912126,1.4191497400331141,-39.15900361722105,VI,25,5,84,29.36163946614288,0.7890616441159566,1.2228717155219346,1.8088426527958392,0.9341157899808398,1.1567488598633078,1.1043796261511307,1.116496335162815,0.8289978623810075,-1.0126039902097794
0.4253,22.48202,0.8966799999999999,0.007894912456792462,0.011314236479710138,-0.7023674410660908,-35.08295547956276,0.5430396528785955,-8.852501705034312,0.7124897293107881,-11.3489206781446,1.0058359840808209,-10.080421701901061,2.013795538380626,-20.186265209798115,VI,25,5,85,29.39707065159309,0.7900138181073496,1.218659560445858,1.0600307364936754,1.0378616388459816,1.1552643282065982,1.099905594890628,1.1146875191438137,1.1763608514990074,-2.1026526813292463
0.42813,22.48202,0.8750199999999999,0.008090340908501137,0.009926764438425495,0.09251090145706355,5.285440400411534,0.5440756982708802,-8.898739255714304,0.7123784851856076,-11.520510568581846,1.00189938210858,-10.075005236083818,1.5554716462940585,-36.69726499790027,VI,25,5,86,29.51934559629989,0.7932998222494476,1.2267686753202096,1.0344248729164205,0.9105880036163287,1.157468414552346,1.099733861838696,1.110324898243644,0.9086304520211889,-2.0920331778238848
0.42824,1.07079,1.42904,0.10400912426454353,0.009059719673791933,0.45048227025387394,24.250720006225915,0.5442754493016094,-8.768780391992605,0.7121536086243122,-11.631707173764557,1.0013501415276322,-9.960183746626093,1.2412420444725334,-40.528894751331016,VI,25,5,87,29.5145689667333,0.7931714556034539,1.2270838705980114,1.6893722662253225,0.8310534718793298,1.1578933655464414,1.0993867087812508,1.109716218866211,0.7250728887433341,-0.9829285602788537
0.42791,1.07079,1.5379999999999998,0.0966405714817967,0.010700220238169078,0.24781269713972556,13.91823163065922,0.5458273087329344,-8.865629298359346,0.7167126815157355,-11.659496035744862,1.0086826845296735,-10.170617672609241,1.434172069686768,-39.06980069273994,VI,25,5,88,29.52368952685628,0.793416560587261,1.2261382847646063,1.8181818181818181,0.9815375639632741,1.1611947963607423,1.1064247748396085,1.1178422894158049,0.8377731725681984,-1.01484051052492
0.42901,22.48202,0.90628,0.0078112836008260855,0.010092506437220317,-0.7702770362715943,-37.60623466254749,0.5457852746071933,-8.956753294548964,0.7165572705894206,-11.413649822498895,1.0181660686943819,-10.3052926042078,2.1394536130489317,-8.797100393169016,VI,25,5,89,29.18570013445963,0.7843334688217013,1.229290237542623,1.071379595696891,0.9257916157030375,1.1611053728245815,1.1061848593147543,1.1283519650835596,1.2497641523293397,-2.1072775941700184
0.42775,22.48202,0.89606,0.007900375088450175,0.010838124236830116,-0.46139212578191885,-24.768228148916563,0.5463973704336433,-8.739631706983575,0.7183523550842139,-11.460521154846122,1.01418189645504,-10.375839490005342,1.9703936757736562,-24.99491561599805,VI,25,5,90,29.14278481985768,0.7831801671221618,1.2256798189059859,1.0592977893368012,0.994187579747408,1.1624075474816131,1.1089560199334967,1.123936625863645,1.1510076063060846,-2.102352289092207
0.42869,14.06813,1.0471,0.010804274240676212,0.01090389759797189,-0.6256331694492707,-32.03146329003218,0.5453710910569153,-8.802576752298455,0.7087756370025854,-11.381526542586586,1.0096043995999153,-9.682062742398525,1.1092608040433192,24.21253715321434,VI,25,5,91,29.1427026756736,0.7831779595879054,1.2283733058253818,1.2378531741340586,1.0002210092686514,1.1602242373892044,1.0941719671039032,1.1188637524587524,0.6479759037643851,-1.9664044008173496
0.42735,1.07079,1.4831999999999999,0.10021116433320072,0.012233290622449267,0.3289316732931771,18.207673007301977,0.5448900413786962,-8.601275651925537,0.71176240808412,-11.549996779077114,1.0011748892963899,-10.058795047300546,1.3459471292232783,-39.83623981377681,VI,25,5,92,29.41297980159209,0.790441358949174,1.2245336542594343,1.7533987468967964,1.122167021757322,1.1592008507352174,1.0987827931805334,1.1095220008446254,0.7862364777503436,-0.9990838918599297
0.42899,22.48202,0.8930400000000001,0.007927091845557493,0.010772495366075108,-0.9394847226858428,-43.21285240459333,0.5461606961490316,-8.643061326261515,0.7125797433622296,-11.279106931717537,1.009257083247869,-10.160035329753594,2.097949377672637,-13.458276696228458,VI,25,5,93,29.51520588578286,0.7931885720997243,1.2292329293102953,1.055727627379123,0.9881674044152456,1.1619040458368137,1.1000445540288812,1.1184788495432194,1.2255194081447665,-2.1008861099171434
0.43068,22.48202,0.89136,0.007942032514087084,0.008962365469595446,-0.481582626710833,-25.71465815715391,0.5457438758977426,-8.687074866107686,0.7161951131519999,-11.458938024940437,1.0121455225862557,-10.301964828999427,1.9810741899197526,-24.41388199369113,VI,25,5,94,29.32738570971426,0.7881411122295855,1.2340754749419753,1.0537415770185603,0.8221231128491727,1.1610173010751086,1.105625778986627,1.121679875685912,1.1572466402476598,-2.1000683392993706
0.42893,22.48202,0.8947200000000001,0.007912207284688689,0.010960221677657978,-0.592777250162665,-30.658497670592887,0.5467447076020462,-8.82345845349912,0.7159548655428458,-11.3316876052308,1.014471013663829,-10.375109038838474,2.0291328056334645,-22.165296486058736,VI,25,5,95,29.11450756926857,0.7824202472319033,1.2290610046133126,1.0577136777396858,1.005387650584159,1.1631464737062251,1.105254896883213,1.1242570313266702,1.185320132826905,-2.101702343577553
0.43092,22.48202,0.8904599999999999,0.007950059634073024,0.010219428617596782,-0.4163827918171071,-22.606004760694017,0.5475899726944452,-8.858733734459552,0.7170256198936258,-11.390657680071708,1.0139822483882333,-10.479378122750905,1.9507052404348497,-26.224360814307584,VI,25,5,96,29.07472505562126,0.7813511360992702,1.2347631737299063,1.0526776214682587,0.9374342627669955,1.1649446934199246,1.1069078732739261,1.1237153718900221,1.1395065854137323,-2.0996296136514903
0.4305,22.48202,0.89506,0.007909201731455616,0.011447942930970456,-0.64312047198125,-32.74590072947243,0.5477753292273458,-8.754247720399846,0.7174861804047652,-11.350904291790632,1.0149370010009087,-10.380948139062411,2.040544696483563,-21.301675036301656,VI,25,5,97,29.03977887562179,0.7804119960938984,1.233559700851027,1.058115616503133,1.0501266111115135,1.1653390215124038,1.107618863288446,1.1247734477970914,1.1919864012646784,-2.101867347237917
0.43057,22.48202,0.87652,0.008076495803583106,0.011633284335242466,-0.2724019883615662,-15.237770132794827,0.545782794575293,-8.565365695491947,0.7133462989831879,-11.363402492654732,1.0059769431928867,-10.265663132103612,1.8553610573734718,-28.855798587437345,VI,25,5,98,29.38839966272482,0.7897807948546665,1.2337602796641738,1.036198132166923,1.067128088314922,1.16110009679663,1.1012279238117728,1.1148437328460634,1.0838111772980943,-2.0927770282436424
0.43289,1.07079,1.4365199999999998,0.10346754583229145,0.010016768386268804,0.44348076428085703,23.916365278911613,0.5460640041313157,-8.684283639069545,0.7131341422710036,-11.50904789658251,1.0038302648319155,-10.081961682386638,1.2685918605730038,-40.79282649021461,VI,25,5,99,29.28475522977321,0.7869954651470878,1.2404080346141722,1.6982149190211608,0.9188441192613199,1.1616983429230443,1.10090040701381,1.1124647410278523,0.7410493135308089,-0.9851958519096968
0.43256,1.07079,1.4830999999999999,0.10021792120491088,0.010485515002941814,0.33714689454253616,18.631374194435523,0.548602110063283,-8.577252883278888,0.7144493212327417,-11.560748245716626,1.0048378986451205,-10.21900416155394,1.3656874066636,-39.87413302271891,VI,25,5,100,29.21793091505262,0.7851996354659437,1.2394624487807673,1.7532805296134295,0.9618425250888976,1.1670979177586351,1.1029307137519824,1.1135814209371253,0.7977677822626165,-0.9990546099611286
0.43217,22.48202,0.8950600000000001,0.007909201731455616,0.010857751628581158,-0.6078866223047998,-31.294858280589715,0.5490493865252208,-8.691816601651844,0.7205087738376135,-11.337863298044493,1.0180483403301939,-10.553117374425154,2.0413784907986257,-22.12385120170662,VI,25,5,101,29.01554180450823,0.7797606515665102,1.2383449382503795,1.058115616503133,0.9959880120616468,1.1680494551621825,1.1122849900985623,1.1282214961599115,1.1924734631196425,-2.101867347237917
0.43297,22.48202,0.8989599999999999,0.00787488887353905,0.01031176728469091,-0.9370858482720364,-43.139757890220174,0.5497238352964929,-8.654765684953347,0.7187300879235512,-11.359878839315645,1.019669506211097,-10.470814703106914,2.147225103880515,-13.436110611171083,VI,25,5,102,28.99601845460169,0.7792359830924057,1.2406372675434827,1.0627260905544391,0.9459045435969061,1.169484279677341,1.1095391447790477,1.1300181045558182,1.2543038771414274,-2.103755566039861
0.43366,22.48202,0.89826,0.007881025651544837,0.011107548045164839,-0.9533421424099489,-43.63168360468734,0.5502305046858084,-8.600024376196888,0.719672728188813,-11.268712168362928,1.0237708419717684,-10.474228534170363,2.157453405234437,-12.23421834652258,VI,25,5,103,28.91826524951723,0.7771464515487065,1.2426144015587839,1.0618985695708714,1.0189019858643258,1.170562169788252,1.1109943451266142,1.134563286729248,1.2602787504891773,-2.1034172589292064
0.43341,22.48202,0.87472,0.00809311562757987,0.010898885815894266,-0.3943556757701006,-21.522078410079875,0.5492876086271513,-8.536831567539899,0.7150937596202035,-11.338435852204288,1.0090287190895946,-10.373090511324754,1.9241220478957783,-26.60141103247714,VI,25,5,104,29.02633118563546,0.780050604272355,1.2418980486546891,1.0340702210663202,0.9997612755190564,1.1685562496385928,1.1039255651284607,1.1182257718237134,1.1239779846124958,-2.091884254731485
0.43227,17.79613,0.9440000000000001,0.009473764128553542,0.01251520931009581,1.0498519035570755,46.39314491374242,0.5499412553674585,-8.582848950798061,0.7145187723928426,-11.501970619624034,1.0079310638491945,-10.040352054732365,0.7993522856334566,-31.420962716756186,VI,25,5,105,29.04869841198901,0.7806516987862085,1.2386314794120175,1.1159711549828588,1.1480275905819932,1.169946819845248,1.1030379289389864,1.1170093283715388,0.4669425060558061,-2.0234774322471627
0.43326,17.79613,0.93512,0.00956372801068798,0.011840783566203106,1.0853560001511806,47.343873262764674,0.5492703297577973,-8.567912165516217,0.7139932261640303,-11.458545746613215,1.0072953011586017,-9.898891674626304,0.7246528911013902,-25.639631623919087,VI,25,5,106,28.99350245156267,0.7791683682885097,1.2414682369122323,1.1054734602198844,1.086162116133793,1.1685194905155885,1.1022266172615487,1.1163047634647774,0.42330677358772023,-2.0193727835743545
0.43632,22.48202,0.8924,0.007932776895738082,0.01019569675090326,-0.8643075714581205,-40.837104218815604,0.5518089839272861,-8.657815624054777,0.7197447414681308,-11.205124506080818,1.0246520151318645,-10.539419463920826,2.1722251875518226,-9.151913721734953,VI,25,5,107,28.6843974537222,0.7708615127370101,1.2502363964583512,1.0549710367655754,0.9352573245260826,1.1739202316734703,1.1111055155836322,1.13553982041795,1.2689077031776965,-2.100574759795803
0.43607,22.48202,0.89054,0.00794934545529304,0.012376032542001036,-0.4078457708030036,-22.187883505124645,0.5549698396900308,-8.59154727564381,0.7238487452389666,-11.319152967073016,1.0225313942894727,-10.581419376608665,1.992202530831238,-26.057423885516197,VI,25,5,108,28.61641887577314,0.769034663505958,1.2495200435542566,1.0527721952949523,1.1352608229010133,1.1806446465296383,1.117441068958361,1.1331897060620688,1.1637472726807483,-2.0996686294387734
0.4383,14.06813,1.04962,0.01077833459481723,0.010444824709761769,-0.7132470649321421,-35.49825301182032,0.5525008052783491,-8.529053718828308,0.7185158668346573,-11.41230055615346,1.024375750847336,-10.034534768917373,1.0823371631055239,23.555563582168546,VI,25,5,109,28.53944099574027,0.7669659679670275,1.255909911458781,1.2408322496749027,0.9581099803042187,1.1753920146715224,1.1092084411007703,1.1352336588221998,0.6322484296611764,-1.9674483386071968
0.43651,22.48202,0.8810600000000001,0.008034878557370284,0.011660304563050616,-0.6280810277674674,-32.13215030309697,0.5538477709837106,-8.49911374801034,0.7206164403652746,-11.248341876379286,1.0172836122588427,-10.494568836944651,2.0481137945030015,-21.378432777919215,VI,25,5,110,28.91622680096602,0.7770916704944293,1.250780824665463,1.041565196831777,1.0696066698758826,1.178257553905118,1.1124512002364564,1.127374009243391,1.1964078980956754,-2.095020682965669
0.43828,22.48202,0.8835599999999999,0.008012144168768012,0.010226615142070183,-0.7768645063732171,-37.84236572332929,0.5534465425883642,-8.53491717020139,0.7195365654363521,-11.12894428977899,1.0174135535462827,-10.523166852051746,2.099816300647134,-18.403256212425244,VI,25,5,111,28.77837604545167,0.773387083633256,1.2558526032264534,1.0445206289159477,0.9380934869294872,1.177403979308585,1.1107841439586728,1.127518012772419,1.226609973228513,-2.0962512447083297
0.44012,14.06813,0.9858399999999999,0.011475650772348517,0.010525939164837517,0.4888398338297371,26.05122680827159,0.5525039303357808,-8.361452132425297,0.7186040248387371,-11.047725291793443,1.0216599991833162,-10.414165010068418,2.1237689562002946,-0.8441915619939475,VI,25,5,112,28.75939730705853,0.7728770509922993,1.2611249606005903,1.1654332663435396,0.9655506574926427,1.1753986629288924,1.1093445349670152,1.1322240086079622,1.2406019429916582,-1.9402226766991066
0.43849,1.07079,1.61834,0.09184299896128337,0.01175626749470604,0.1034031988091961,5.903585723598467,0.5544313398219888,-8.57687334171019,0.7226531797718732,-11.42336831402626,1.022098469748305,-10.68225293583223,1.6170690943118022,-36.79818973558396,VI,25,5,113,28.60893669515316,0.7688335881624514,1.256454339665893,1.9131575836387282,1.0784094066487058,1.179499040154496,1.1155954154812417,1.1327099304421782,0.9446126681991964,-1.0369539436408717
0.43946,22.48202,0.87892,0.008054441930729376,0.010773012897669798,-0.283643604952467,-15.835648796063555,0.5556429625243514,-8.580290215570022,0.7251470845792427,-11.393729142610887,1.0252546653582952,-10.749034504194434,1.9212436123667112,-29.12543177262454,VI,25,5,114,28.42169947649599,0.7638017946291343,1.2592337889337804,1.039035346967727,0.9882148778961105,1.182076650242203,1.1194453795409396,1.1362076894308344,1.1222965433711065,-2.0939645452262647
0.44121,1.07079,1.5068,0.09864162393084903,0.010576244192239515,0.3687016160363362,20.23901207143238,0.5563113895901335,-8.566003396606167,0.723241672580583,-11.435767402206837,1.021245384406439,-10.561488616400702,1.379069369644058,-40.4033647151453,VI,25,5,115,28.33683582841958,0.7615211777802671,1.2642482592624429,1.781298025771368,0.970165167563672,1.1834986641614673,1.1165039009038724,1.131764524234414,0.8055848704755928,-1.0059397865907378
0.43931,14.06813,1.0074800000000002,0.011229161429916285,0.012554304406102723,0.6778273785285763,34.13049436883653,0.5562309589745402,-8.361100533172008,0.7220725550380273,-11.133349765157122,1.0324258467946863,-10.575249936476729,2.142593463112651,1.1943511408190053,VI,25,5,116,28.29700638200379,0.760450805381297,1.2588039771913233,1.1910154864641214,1.1516138069816009,1.1833275558075966,1.114699076394492,1.1441549358717795,1.2515982991551422,-1.94965267472323
0.44253,17.79613,0.9255599999999999,0.00966251062854331,0.009929166170409842,-0.7279825190984874,-36.05396352549111,0.5547020530799777,-8.58489445861963,0.7201083312840506,-11.388593620209027,1.0245027971706757,-10.15159873276487,0.7387970510722995,8.634507960587069,VI,25,5,117,28.28391928477052,0.7600991040918816,1.2680306025960628,1.0941718879300155,0.9108083159191354,1.180074956422248,1.1116668071452134,1.1353744540942137,0.431569100000707,-2.0149100153592414
0.44073,22.48202,0.8816799999999999,0.008029228406855849,0.011552767273714848,-0.3389280084758777,-18.72295914183274,0.5574185800754552,-8.566237792939175,0.7255648425505772,-11.23376329810712,1.0264271588299694,-10.885263051998248,1.9673272984991979,-27.800812050349847,VI,25,5,118,28.23220141816456,0.7587092435256375,1.2628728616865812,1.0422981439886512,1.0597422103918313,1.1858541048101228,1.1200902931601513,1.1375070701050576,1.1492163786899485,-2.0953261875663283
0.44101,22.48202,0.8786,0.008057375485723496,0.01167627331316623,-0.32866598389821294,-18.193935292437,0.5576700321252355,-8.428441359075261,0.7243644902929636,-11.225202357164072,1.026213377341762,-10.793770568783993,1.9622356101819385,-28.00726266716936,VI,25,5,119,28.29959349837536,0.760520331277493,1.2636751769391672,1.038657051660953,1.0710714928177605,1.1863890447207273,1.1182372500780202,1.1372701531916638,1.146242063427896,-2.0938063971133047
0.44175,11.1448,1.12856,0.012653865066740544,0.011660559774353985,-0.05893192204493938,-3.3726496491800555,0.5575138182745014,-8.482096532487134,0.7244311119352199,-11.404137907807387,1.0263537902404274,-10.829567006167503,1.7767956139889567,-33.88503634740639,VI,25,5,120,28.11954195581307,0.7556816448559245,1.2657955815352875,1.3341529731646768,1.0696300805604693,1.1860567148653138,1.1183400971985387,1.137425761569318,1.0379170881928395,-1.897776800909148
0.44263,22.48202,0.89102,0.00794506307575213,0.010328819452927906,-0.7638651956742297,-37.37495020838149,0.5577787470187053,-8.45963242601115,0.7240234675539137,-11.063637381022941,1.0306121343789658,-10.732090024916268,2.2156411106870766,-8.497167667236559,VI,25,5,121,28.18831241219117,0.7575297749454886,1.2683171437577008,1.053339638255113,0.9474687491271745,1.1866203251395784,1.117710796427904,1.1421449435617834,1.2942691618434916,-2.099902650584688
0.44086,22.48202,0.88786,0.007973340506112071,0.012082268897979809,-0.7394121818235626,-36.47967259633877,0.5586868007803919,-8.450901155690874,0.7235324242030814,-11.188748357879929,1.0305592672128767,-10.830694372254156,2.152635493412724,-18.59295679779387,VI,25,5,122,28.02385184532841,0.7531100787827245,1.2632453651967104,1.0496039721007213,1.1083137091860054,1.1885521216730532,1.11695274854778,1.1420863551128269,1.2574643620644244,-2.098359688713888
0.4417,22.48202,0.887,0.007981071140650128,0.010692674789444023,-0.9640602510943734,-43.951678728445025,0.5582473717250801,-8.391820616674655,0.723950313575486,-11.173585950812281,1.0299000817983228,-10.810918105408698,2.208293738086698,-12.125384367652233,VI,25,5,123,28.01476982387081,0.7528660094830012,1.2656523109544684,1.0485873034637665,0.9808454154657897,1.1876172788679502,1.1175978650173153,1.1413558326757356,1.2899771861569171,-2.0979388180157295
0.4416,14.06813,1.02946,0.01098940760924374,0.010854789201517778,-0.14551016426817348,-8.279013500933978,0.5572995689469871,-8.409875389349637,0.7195591973532852,-11.151275598512251,1.030868162514572,-10.309601751489515,1.542438175762562,21.3198789064812,VI,25,5,124,28.03848517717151,0.7535033334201682,1.2653657697928307,1.2169996453481502,0.995716266865895,1.1856009201473636,1.1108190819669468,1.1424286790532818,0.9010169360508696,-1.9590257178559136
0.44173,14.06813,1.01144,0.01118519690482091,0.011494285115495051,0.4124887410078566,22.41559618946954,0.5581764966675496,-8.4209964052853,0.7205354200253049,-11.097670432876605,1.0331728385602041,-10.560271505914505,1.933059845971032,12.62554905090108,VI,25,5,125,27.93562439327622,0.7507390634157952,1.2657382733029598,1.1956968908854475,1.0543776072494013,1.1874664990394597,1.1123261251349263,1.1449827670600692,1.1291990090680302,-1.9513563661561335
0.43934,17.79613,0.943,0.009483810538021787,0.012415570541619458,1.0286745552490835,45.80980046386183,0.5568900748896567,-8.525221296090693,0.7214359788078725,-11.47139206954669,1.021340598279243,-10.480843154197206,0.8436537971007406,-33.452452241760035,VI,25,5,126,27.94926431046972,0.7511056211313042,1.2588899395398148,1.1147889821491903,1.1388876671122206,1.1847297611545744,1.1137163622186697,1.131870042149207,0.492821282107845,-2.023017130686422
0.44095,22.48202,0.88542,0.007995313073746544,0.01143611893053198,-0.8299447650617298,-39.6907992595255,0.5576819742684852,-8.417658601403446,0.7240636691939799,-11.211544412964448,1.0305977276307956,-10.974036317079825,2.1787642527431976,-17.301078936644544,VI,25,5,127,27.94677990825142,0.7510388555645763,1.2635032522421845,1.0467194703865708,1.049041988521664,1.186414450475216,1.117772857685791,1.1421289777158297,1.27272750521317,-2.0971645258466403
0.4421,22.48202,0.87024,0.00813477902849405,0.011545055708877427,-0.56281346954432,-29.37139528610081,0.5554526585324979,-8.444636005600877,0.7205362837977488,-11.055041117876792,1.022469330540983,-10.838004906576492,2.074503913540735,-22.64399015730615,VI,25,5,128,28.12963292974007,0.7559528286393352,1.26679847560102,1.028774086771486,1.0590348239646,1.1816717969094155,1.1123274585831218,1.1331209257768855,1.2118237148013538,-2.089654239655099
0.442,22.48202,0.8730600000000001,0.008108503541287728,0.011250413182250452,-0.9519466815847389,-43.58976868631649,0.5553051333661962,-8.256634473228035,0.7201382083772573,-10.987441074565403,1.0230061635270147,-10.793840778926677,2.17976868497162,-12.825456752646366,VI,25,5,129,28.20452883775621,0.7579655734789046,1.266511934439382,1.0321078141624307,1.032007089825652,1.1813579513895947,1.1117129298900408,1.1337158548099138,1.2733142453906012,-2.091059289281901
0.44045,14.06813,1.0006599999999999,0.01130569379950439,0.012084135517887118,0.46144667697449787,24.77080505784332,0.5555807491536858,-8.359305796167304,0.7160540694158818,-11.057549967282453,1.0257713613149293,-10.463860107887111,1.93336981359173,11.435352896312137,VI,25,5,130,28.19522882291409,0.7577156458476465,1.2620705464339952,1.1829530677385034,1.1084849353398494,1.181944297314592,1.1054080428030744,1.136780302205847,1.1293800769904048,-1.946702781036381
0.4423,22.48202,0.8796999999999999,0.008047300331654728,0.010960108152786974,-0.6942135979995426,-34.768907143054626,0.5591251524056069,-8.56778441036017,0.7223641203454563,-11.213455117903992,1.0297201576183517,-11.021374138713412,2.1419021467525847,-20.048077923961426,VI,25,5,131,28.22224759811992,0.7584417456013913,1.267371557924296,1.039957441777988,1.0053772368802487,1.1894846723498553,1.1151491801640263,1.1411564371072929,1.2511944659523748,-2.094349790154785
0.44277,17.79613,0.9325000000000001,0.00959059875319522,0.010668645918862907,0.9533076137609077,43.63064718572896,0.5572538323368946,-8.340825832471428,0.720407742419481,-11.348226423639643,1.021070796480457,-10.62310301961364,0.9110785257924544,-36.07045883086615,VI,25,5,132,27.89438062009006,0.7496306825463501,1.2687183013839938,1.1023761673956736,0.9786412328816924,1.185503619933921,1.1121290229070475,1.1315710424091807,0.5322075106222129,-2.0181542784298188
0.44249,22.48202,0.87136,0.00812432301431861,0.011534888200782245,-0.44186597660769394,-23.839004384818505,0.5574832487936787,-8.391726230791678,0.7228753156732036,-11.238935987020781,1.028204994024502,-11.092936377674464,2.0477782100359883,-25.47047372120981,VI,25,5,133,27.85048423381004,0.7484510156286086,1.2679159861314078,1.0300981203451947,1.058102152402222,1.1859916812521347,1.1159383376465,1.139477302562242,1.1962118660646963,-2.0902128178438737
0.44487,17.79613,0.9222600000000001,0.009697084702095442,0.010125260434915961,1.0610428342068396,46.69645899110396,0.5568740263534331,-8.227787343231048,0.7174487181032606,-11.325301717218824,1.0175912141683898,-10.488596263421345,0.8231138570295399,-31.958247204930824,VI,25,5,134,27.77057135476517,0.7463034452315981,1.274735665778389,1.0902707175789104,0.9287961593846302,1.1846956194462832,1.1075610308828305,1.1277148998208446,0.4808228538010039,-2.0133588108978384
0.44199,22.48202,0.8766799999999999,0.008075021788744656,0.011704602762634131,-0.9400077949574335,-43.22876736785776,0.5572160902715079,-8.28031392036361,0.7187947738423519,-10.930033028514401,1.0216809389714994,-10.728208890944586,2.1875690287241336,-11.444000674678518,VI,25,5,135,28.15231470375273,0.756562376274253,1.2664832803232184,1.0363872798203098,1.0736701700599312,1.185423327340953,1.1096390036276353,1.132247214499291,1.277870824667796,-2.0928562971431375
0.44423,22.48202,0.86304,0.00820264425954378,0.010470285680694136,-0.4976182008065466,-26.45577356537836,0.5568331132330809,-8.190143637776506,0.7206386523303973,-11.058114614431423,1.0202001541195393,-10.90155118533079,2.03838675207525,-24.436478424410414,VI,25,5,136,28.08959203300099,0.7548767737463771,1.2729018023439067,1.0202624423690745,0.9604455303049513,1.184608580740642,1.1124854899443735,1.1306061791623763,1.1907258356942074,-2.0860461229568004
0.44446,14.06813,1.00936,0.011208246371375982,0.01029838143075712,0.22648300628866905,12.761233430872243,0.5594530955550181,-8.282090325636648,0.7193303879549051,-11.088867677613674,1.032188489204916,-10.621614415575939,1.8370893439092382,15.583682201063574,VI,25,5,137,28.05009767235313,0.7538154064074707,1.2735608470156738,1.1932379713914176,0.9446766512573753,1.1901823396752267,1.1104658575945965,1.1438918914519354,1.0731377360278769,-1.9504623312775007
0.44415,14.06813,1.00076,0.011304564088704644,0.011639449401598834,0.5466364036261451,28.662622103160164,0.5586543015357142,-8.222154859228702,0.7203676743356295,-11.000033934068874,1.0333308774295797,-10.785092181637587,2.0144800508788685,9.669356852471179,VI,25,5,138,27.78466178480272,0.746682109982405,1.2726725694145964,1.1830712850218705,1.0676936135170587,1.1884829826739565,1.1120671678264875,1.145157908890368,1.1767607102184987,-1.9467461796715766
0.4435,17.79613,0.9251199999999999,0.009667106253626065,0.011732022166907052,1.020994111842607,45.595167858857565,0.558192816821329,-8.429968691799099,0.7196831608181378,-11.302013890608233,1.0250310612969307,-10.644650683835067,0.7167159285814995,-20.787306774155134,VI,25,5,139,27.67057809919696,0.7436162368851384,1.2708100518639502,1.0936517318832015,1.0761853683153246,1.1875012185878246,1.1110104504919152,1.1359598869457594,0.41867038830914205,-2.0147035079396574
0.44519,22.48202,0.8711800000000001,0.008126001631989559,0.010695362110664408,-0.8946544649749225,-41.817548434144165,0.5593741934833559,-8.250581046969563,0.7224570140106614,-10.986120288018547,1.0292331018757481,-11.040931032614484,2.199100071064389,-15.41535877359368,VI,25,5,140,27.64154503215491,0.7428360052621615,1.27565259749563,1.0298853292351344,0.9810919250390071,1.1900144831506991,1.1152925847043105,1.1406166722092377,1.2846066955779887,-2.090123094787851
0.44467,17.79613,0.92334,0.009685742345565603,0.010794795481974706,0.8697385046434948,41.01474007021543,0.5575550568548128,-8.145820414479092,0.7179412090677831,-11.30722638460779,1.0168622141393096,-10.648522812233724,0.9583742651921844,-37.66521486231375,VI,25,5,141,27.9722580416188,0.751723552269849,1.2741625834551134,1.091547464239272,0.9902130073046246,1.1861444459555337,1.1083213135157262,1.1269070074340817,0.5598353681738695,-2.01386708798279
0.44455,1.07079,1.3952,0.10653182263403334,0.011255269506399712,0.6613927943525701,33.480362971028754,0.5576391100014186,-8.29305433793888,0.7185913917768327,-11.220622579377233,1.0142038394591675,-10.657475433991209,1.1202947438865825,-40.83093345669964,VI,25,5,142,28.04920439648905,0.7537914006048393,1.2738187340611478,1.6493675375339878,1.032452563327055,1.1863232608936924,1.1093250326852313,1.1239609435389126,0.654421391710916,-0.9725206426479999
0.44564,11.1448,1.10296,0.012947564698375923,0.010476164173634506,-0.02287734601382041,-1.310546770038928,0.5578335375766681,-8.215346827778045,0.7192370225950543,-11.110182697033695,1.0187734544189915,-11.029122080123482,1.7356367875845016,-34.94092523216388,VI,25,5,143,27.85635354363254,0.748608746850113,1.2769420327230006,1.3038893486227687,0.9609847679572646,1.1867368867512422,1.1103217248759842,1.1290250820700705,1.0138741150344128,-1.8878119101554092
0.44575,1.07079,1.54756,0.09604357759247029,0.01101057079730039,0.3631249635987887,19.95722323070561,0.5600757258639802,-8.226941474302226,0.7226418646006613,-11.282326298751116,1.025253635220471,-11.056695164768932,1.4267429064336414,-40.521547269016885,VI,25,5,144,27.63243216200719,0.7425911069379496,1.277257228000802,1.8294833904716874,1.0100062052626153,1.1915069254247044,1.1155779476924286,1.1362065478115309,0.8334334187829652,-1.0175316709835023
0.44467,11.1448,1.1259,0.012683760511342667,0.011908611842610883,-0.18889187562963508,-10.69667596800161,0.5603712160497005,-8.307899562672283,0.7242148980815616,-11.171989953176123,1.0272205656503415,-11.208976475502622,1.9043796290071402,-31.450267551989686,VI,25,5,145,27.42306252968976,0.7369645292226675,1.2741625834551134,1.331008393427119,1.092384044254079,1.1921355522093013,1.118006317190844,1.1383863393838163,1.1124454291708623,-1.8967519667067805
0.44715,8.81772,1.1407600000000002,0.015822297390329226,0.011229952851105396,-0.9373187141224663,-43.146861062596734,0.5619544007988708,-8.140758891458555,0.7223634678277157,-11.092675634966817,1.035568894383484,-11.18082490999895,2.2529191389341516,-10.421561753077329,VI,25,5,146,27.44066646154448,0.737437615455751,1.2812688042637324,1.34857548173543,1.0301302514855994,1.195503624606928,1.115148172840153,1.147638123960849,1.3160451625422502,-1.8007304569000822
0.44527,11.1448,1.1107999999999998,0.012856181094455086,0.011922392841665408,-0.15004105535862572,-8.53306613279123,0.5595155226237396,-8.082977200107411,0.7210844406556381,-11.121901410562037,1.0203560529002675,-11.052838664443625,1.8532531431078685,-32.15866959965235,VI,25,5,147,27.60449850284829,0.741840420688038,1.2758818304249404,1.313157583638728,1.0936481834904572,1.1903151472247788,1.1131736754057184,1.1307789493037093,1.0825798368898392,-1.8908880186522556
0.44588,11.1448,1.1149,0.01280890300450328,0.011746959245668709,-0.27954110367420376,-15.617862226618737,0.5592988016899348,-8.025676962591005,0.7205396122160134,-11.033212495980154,1.0223049976298826,-11.056430774891272,1.9557017242806607,-29.18453663536083,VI,25,5,148,27.67110951900485,0.7436305182057648,1.2776297315109315,1.3180044922567682,1.077555555430553,1.1898540944035474,1.1123325968268336,1.1329388087638859,1.1424252868803597,-1.8924880630337169
0.44645,1.07079,1.4601199999999999,0.10179519418883608,0.012014961882389597,0.4514159670698449,24.29517644764918,0.5590279310438292,-8.1124097463552,0.7160267960696739,-11.093964950357101,1.0132510063157363,-10.776464177842309,1.2919850694084027,-41.09449873232645,VI,25,5,149,27.54287047994361,0.7401842356125126,1.2792630161322673,1.7261141978957324,1.1021395966304157,1.1892778433078026,1.1053659395911244,1.1229049948259822,0.7547144818860001,-0.9922727248139582
0.44868,14.06813,1.0122399999999998,0.011176356948364085,0.010500185450975585,0.049099348745493925,2.8109280989711376,0.5614606681086761,-8.210760689751845,0.7214860789899702,-10.913721773952334,1.0377147303957108,-10.740721967831139,1.7372668658390327,18.76765335442071,VI,25,5,150,27.13516539826414,0.7292276116666531,1.2856528840367918,1.196642629152382,0.963188254008939,1.1944532560719088,1.1137937043449169,1.1500161822713644,1.0148263270176872,-1.9516997362577517
0.44835,14.06813,1.0003199999999999,0.011309536505730229,0.011326085417793286,0.282103906101417,15.753966573782069,0.5610301648353258,-8.20378890779514,0.7189763276358407,-10.932943201868827,1.0362001723489989,-10.815380625741913,1.8749905234939863,14.650191660543072,VI,25,5,151,27.09878786272557,0.7282500055614474,1.284707298203387,1.182551128975056,1.0389485489808026,1.1935374020044545,1.109919277188105,1.1483377188057413,1.0952777512575183,-1.9465551932291385
0.44892,11.1448,1.13258,0.01260895120849804,0.011130918821563807,-0.4552100290364575,-24.4755041043238,0.5625332587527334,-8.319709740582027,0.7252829936028066,-11.031676129383566,1.034190060387244,-11.350142646129251,2.1008687400795525,-25.21796749526976,VI,25,5,152,27.02657182190368,0.7263092791940328,1.2863405828247227,1.3389053079560234,1.0210458010778432,1.1967350889054396,1.1196551890150477,1.1461100725976994,1.2272247568663128,-1.8993210358142822
0.44796,22.48202,0.8555200000000001,0.008274745303156751,0.011036543018753842,-0.5958714227126707,-30.789505819442123,0.5617759751632782,-8.13153715792088,0.721057219218581,-10.947313607630008,1.0241281915264728,-11.102975619201985,2.1126743509800185,-22.420181441193957,VI,25,5,153,27.2691163783099,0.7328273963676311,1.2835897876729991,1.0113725026598892,1.0123886525775967,1.1951240413279811,1.1131316523284889,1.1349593086402803,1.2341210172992394,-2.0822453649402686
0.44943,22.48202,0.8487800000000001,0.008340453476468182,0.010828190490606793,-0.49867245670257365,-26.504168767915843,0.5612800294235086,-8.110232157502562,0.7213356710231876,-10.909465785451049,1.0239733397782178,-11.114682103689486,2.079714447396416,-24.353524533917486,VI,25,5,154,27.52997684079831,0.7398377332956253,1.287801942749076,1.003404657760965,0.9932763513005123,1.1940689647440805,1.1135615121358584,1.1347876988412382,1.2148674538137871,-2.078810335816247
0.44836,22.48202,0.8570800000000001,0.008259684162221337,0.012205349253043951,-0.758069564491631,-37.16465858321894,0.563254353357239,-8.158634291224164,0.7210303585683454,-10.957083933076545,1.0262840087075114,-11.113033492220218,2.166826339210068,-19.314168701353353,VI,25,5,155,27.33276067108241,0.7345377664698042,1.2847359523195505,1.0132166922804116,1.1196039433300145,1.1982691479183156,1.1130901862157,1.1373484282813473,1.2657539600536416,-2.083036559123557
0.44724,14.06813,0.9875599999999999,0.011455664017793413,0.01262756783491592,0.6839409063475921,34.369821214602204,0.5631737245825583,-8.082432222324277,0.719196542129457,-10.871546532141027,1.034001203409273,-11.000124280135772,2.0970721149419744,6.447114773940865,VI,25,5,156,26.95369891297149,0.7243509002213651,1.2815266913092065,1.1674666036174488,1.1583343048633536,1.1980976180001564,1.11025923318135,1.145900777524169,1.2250069541676063,-1.9409797322357731
0.44932,22.48202,0.8691399999999999,0.00814507455847926,0.011227936952462492,-0.8898753701696362,-41.665097794334415,0.5631989843783202,-8.233569324404394,0.7240363191357886,-10.88421574278985,1.0351540893295073,-11.289425259140302,2.2553167039596493,-15.422580891887664,VI,25,5,157,27.26613578542958,0.7327472962246776,1.2874867474712741,1.0274736966544509,1.02994533190459,1.198151355772024,1.1177306360497623,1.1471784287184204,1.3174457027565694,-2.0891049358873417
0.45014,14.06813,1.0107,0.011193386323747959,0.010706870409396607,-0.07161840995135278,-4.096438367071267,0.5620609515994035,-8.087142277661657,0.7198195273419946,-10.87123796154067,1.0338924441201722,-10.768178205915296,1.6239965784013317,20.894341992333658,VI,25,5,158,26.89124129143987,0.7226724205986539,1.2898363849967047,1.194822082988533,0.9821475881236482,1.195730301127408,1.1112209662318278,1.1457802483086008,0.9486593655559985,-1.951038506926847
0.44797,14.06813,1.00696,0.011234960234182153,0.011801094509044707,0.022154071550243258,1.2691271955974268,0.5622346823056219,-8.060400830452252,0.7178361581803386,-10.893393196334793,1.0333962153147795,-10.728009000575048,1.7154314436396125,19.04733641745795,VI,25,5,159,26.85744481208678,0.7217641775288338,1.283618441789163,1.1904007565906138,1.0825214153246367,1.1960998963982956,1.1081591412708571,1.145230317639222,1.0020711414182564,-1.94942846041493
0.44843,22.48202,0.8424,0.008403620728581035,0.011913973855347981,-0.6059958765283181,-31.21569025811996,0.5593489993788907,-7.924607217594255,0.7157957186826098,-10.829646027426667,1.016265887037908,-10.99705047500779,2.101258506820069,-21.91217271047532,VI,25,5,160,27.38782729213123,0.7360176211145284,1.284936531132697,0.9958623950821612,1.0928759048702874,1.1899608851307102,1.105009214012595,1.1262461458345963,1.2274524395312216,-2.0755335563614334
0.44948,14.06813,0.9652799999999999,0.011720076617574241,0.01167450439857498,0.7238014406500947,35.89707359896473,0.5610913265292118,-8.01730433888942,0.7154585996645066,-10.72613072759786,1.024561234656732,-10.815055315068635,2.0982351415634146,5.173400012904074,VI,25,5,161,27.38479855686142,0.7359362271980087,1.2879452133298948,1.1411277928833197,1.0709092292306468,1.1936675175914557,1.1044887867293633,1.13543921568297,1.2256863374320133,-1.9310695491983934
0.45095,8.81772,1.1266600000000002,0.016020311337042206,0.01116961221132623,-0.9531206493424901,-43.62503460285054,0.5631439052797903,-8.082888977844974,0.7224193545633336,-10.830887056719765,1.0340629410204532,-11.326556538342656,2.2602226650958928,-13.912259930093303,VI,25,5,162,26.93488756284329,0.7238453659552245,1.2921573684059715,1.3319068447807074,1.0245951687248205,1.1980341803182168,1.1152344479549479,1.1459691963774747,1.3203115252840605,-1.795329048136576
0.44929,11.1448,1.11064,0.012858033169812636,0.012678651707340671,-0.012772627903007837,-0.7317778797775879,0.5635070263420751,-8.048107720647746,0.7227978719520642,-11.107790072427562,1.0278528944580843,-11.351844019323678,1.7983085746870355,-35.46116410432985,VI,25,5,163,26.75692135474013,0.7190627205949445,1.2874007851227829,1.3129684359853413,1.1630202588513605,1.1988066852501391,1.115818783948157,1.1390870987930455,1.0504839075559447,-1.8908254582254833
0.45061,14.06813,1.03038,0.010979595447710612,0.011950159650627734,-0.7585042573985435,-37.180471970048615,0.5643518195139423,-8.013887681584317,0.7194054358318828,-10.982001049018436,1.0346517078994164,-10.795580651174939,1.075483045087618,22.76417150060363,VI,25,5,164,26.72319119976761,0.7181562599196272,1.2911831284564028,1.218087244355125,1.0961952493845495,1.2006039009985605,1.1105817127099429,1.1466216795875135,0.628244589174817,-1.959413661531072
0.45054,8.81772,1.1493600000000002,0.01570390823675086,0.01191018214628109,0.5114273519335113,27.086444689085532,0.5634656231751689,-8.041583611440211,0.7203610306350179,-10.885610119376494,1.035692587336669,-11.267138219811388,2.2363653453777053,-0.7158861805285011,VI,25,5,165,26.65502949189036,0.7163244892739385,1.290982549643256,1.3587421681049774,1.092528089143327,1.1987186040178608,1.1120569116176287,1.147775202961107,1.3063752460524862,-1.8039922511302342
0.44949,11.1448,1.10412,0.012933961851719659,0.012899099826621852,-0.03452213445694746,-1.9771873976400582,0.5624027643707984,-8.039907849456323,0.7214896290597044,-11.06456395670399,1.0254316688721992,-11.360676084713559,1.809463703874805,-35.075072389892014,VI,25,5,166,26.6836403958876,0.7170933757311726,1.2879738674460586,1.305260669109824,1.1832420958942735,1.196457474731812,1.1137991847629527,1.1364038482588301,1.0570001883897269,-1.8882684243238084
0.44518,22.48202,0.87252,0.008113521869706899,0.01563670386799859,-0.8067463160645337,-38.89472618535982,0.564048143300405,-8.105616316712021,0.721661362962514,-10.87779841088495,1.0331607456257859,-11.491973202774945,2.248198760602019,-17.617281229045496,VI,25,5,167,26.63756436121662,0.7158551331693513,1.2756239433794665,1.0314694408322498,1.434364142175512,1.1999578592316935,1.1140642988730403,1.1449693654287105,1.3132877484113945,-2.0907905888754934
0.45223,11.1448,1.114,0.012819251310341747,0.010546992846657555,-0.30597137609810837,-17.01261108488507,0.5634179544401523,-8.120484562494191,0.7225929812243475,-11.000540614078995,1.0297495041133509,-11.498416736080587,2.0383419696193377,-28.603000162993713,VI,25,5,168,26.57121316772971,0.7140720180990159,1.2958250952749362,1.3169405367064668,0.9674819242428712,1.1986171933955545,1.1155024840093848,1.1411889594789557,1.1906996759739352,-1.892137338411746
0.4524,11.1448,1.10774,0.012891694765667674,0.011305704134128569,-0.087583023895363,-5.0053653388807025,0.5640910939132924,-8.147410153679125,0.7232552958810009,-10.973745281769935,1.0286649696405257,-11.458474789962315,1.8791828416653664,-33.87699552695,VI,25,5,169,26.4327198458129,0.710350162975198,1.2963122152497206,1.3095401347677031,1.0370789617131173,1.2000492325055978,1.1165249318657713,1.1399870567233645,1.0977266984717946,-1.8896899857501097
0.45182,11.1448,1.1231799999999998,0.012714476717641615,0.01137971660371806,-0.5303168100322352,-27.937759047811866,0.564522796552243,-8.157866048401438,0.7226212106628782,-10.930986622357828,1.0321100921754431,-11.47536781248307,2.1616944725117526,-23.928695915245633,VI,25,5,170,26.25967547635738,0.7056997865946478,1.294650276512221,1.3277928833195414,1.0438681695506005,1.200967638107341,1.1155460631882883,1.1438050102986714,1.262756174546646,-1.895701509127064
0.4533,1.07079,1.53994,0.09651882471979643,0.011199303420705853,0.32799455189546667,18.159208633625827,0.5645266520526319,-7.92343449979932,0.7205068759965007,-10.945201275244447,1.0219895592304344,-11.2475552963676,1.458071618014437,-40.93965572399138,VI,25,5,171,26.08447539654543,0.7009914778782672,1.2988910857044613,1.820475233479135,1.0273187610132897,1.2009758403114397,1.1122820603074757,1.132589233631868,0.8517341196878779,-1.0153879750021109
0.45487,1.07079,1.5242000000000002,0.09751554844443203,0.010943756074844768,0.429237584173695,23.23082803337726,0.5676306619671214,-7.9768075247105115,0.7246040903125006,-10.978536812609004,1.028361152757183,-11.324752456653977,1.4011021038541505,-42.08575191891668,VI,25,5,172,26.32024865250228,0.7073276238281011,1.3033897819421758,1.8018678330771964,1.0038772510489407,1.2075793211246744,1.118607132465349,1.139650360787519,0.8184553161004142,-1.0109261323501477
0.45323,8.81772,1.1189,0.016131418331389733,0.011447338575480193,-0.9330569433101206,-43.016601411479186,0.5662438441889788,-8.004217135902314,0.7227041266142646,-10.74460211286706,1.0330565575209807,-11.43123249291258,2.27261593004726,-14.769691154236016,VI,25,5,173,26.32852004081643,0.7075499082570688,1.2986905068913148,1.3227331835914413,1.050071173223089,1.2046290004614997,1.115674064638813,1.1448539020908426,1.3275510644692388,-1.79232744622443
0.45571,1.07079,1.5983799999999997,0.0929899016122595,0.009703698138152972,0.24265247757261846,13.639345260075116,0.5674275644250695,-7.982010067276706,0.7235717995321648,-10.943067524227304,1.0278987085271976,-11.440766555993996,1.570914394329382,-40.24904507513052,VI,25,5,174,26.22535300642776,0.7047774081088001,1.305796727699934,1.889561413878709,0.8901259992745137,1.207147250751479,1.1170135341885798,1.139137870859118,0.9176513500627675,-1.0315642117922783
0.45552,11.1448,1.1066000000000003,0.01290497556454067,0.010037840495525863,0.09725849806442113,5.555030016587553,0.5683002128284675,-8.025264311823191,0.7262855390205307,-11.06905135479402,1.0369197259502276,-11.690046696047787,1.7543288506353767,-37.84383868770225,VI,25,5,175,25.82686737536196,0.6940685467195056,1.305252299492822,1.3081924577373216,0.9207770763713018,1.209003725810286,1.1212028679060169,1.1491351424725607,1.0247931039723277,-1.8892428134521695
0.45374,8.81772,1.17136,0.01540896391458815,0.01177415001551696,0.7179370964523846,35.675968836729716,0.5686214206513768,-7.860814483125359,0.7258792694296325,-10.683052587253353,1.0458510436132264,-11.448091241948372,2.264872073393997,2.5859976250053363,VI,25,5,176,25.74944544623185,0.6919879178513363,1.300151866815668,1.3847499704456794,1.080049780914243,1.2096870643800954,1.1205756894672554,1.159033007021075,1.323027482192438,-1.8122265618853755
0.45604,11.1448,1.13116,0.012624779836380978,0.009793850051436459,-0.48519100686117683,-25.882244394630092,0.5692185575188136,-8.010570751548727,0.7271252539296821,-10.866759309131226,1.0426446975779384,-11.803335815569326,2.1887018137431733,-25.41947194572899,VI,25,5,177,25.65620729160223,0.6894822453846737,1.306742313533339,1.3372266225322142,0.8983956878773012,1.2109574152989464,1.1224991772964443,1.1554796703298469,1.2785325422673066,-1.898776186807604
0.45467,11.1448,1.1184,0.01276881791820521,0.011989444818509998,-0.49523634565347957,-26.346285557340167,0.5682633741536511,-8.031344678602492,0.7246150488623009,-10.749128249586864,1.0334001158425254,-11.603001038405917,2.173209449685436,-24.836989681227042,VI,25,5,178,25.85603476698429,0.6948523881672772,1.3028166996189001,1.3221420971746072,1.099798901190285,1.2089253550933627,1.1186240497200706,1.1452346402819444,1.2694826609723329,-1.893849305975642
0.45349,8.81772,1.1480000000000001,0.015722512169853632,0.012493686281255967,0.6275535320104818,32.110471730276245,0.5684130986955404,-7.95776919587209,0.7220117225643702,-10.706771258514976,1.0370382436184884,-11.387879186613795,2.266755242624705,0.729230039052585,VI,25,5,179,25.83796669468394,0.6943668286721488,1.2994355139115734,1.3571344130511884,1.146053270350601,1.2092438795719802,1.1146051662995478,1.1492664861187407,1.3241275375443997,-1.8034780604379752
0.45584,11.1448,1.1065399999999999,0.012905675311982133,0.010618775308379569,-0.14776554372240552,-8.405517013700786,0.5671221299831622,-7.943651867911197,0.7237582744959421,-10.823593580122411,1.0319303978682508,-11.66591982163926,1.9714440616997948,-32.57955990611403,VI,25,5,180,25.77716836976115,0.6927329408138638,1.3061692312100632,1.308121527367301,0.9740665721328822,1.206497468523845,1.1173014048027488,1.1436058694798314,1.1516211903859603,-1.889219265308879
0.45533,11.1448,1.1077,0.012892160295856919,0.010016964838132913,0.028791744144004185,1.6491898183441072,0.5689516572298016,-8.009637340690992,0.7268626361231794,-10.958351578494838,1.0369254957063767,-11.858402646604146,1.8222901559150928,-37.187804834344405,VI,25,5,181,25.43643554910868,0.683576122442794,1.30470787128571,1.3094928478543564,0.9188621399076097,1.2103896107538288,1.1220937612142088,1.1491415366315187,1.064492774283505,-1.8896743032858787
0.45629,11.1448,1.1235800000000002,0.012709950301465588,0.009627143432114293,-0.2320283217181905,-13.063090908576777,0.5697848078094089,-7.992853283905067,0.7266641728871505,-10.855325232398693,1.0410600907552892,-11.986871775608295,2.075263210250159,-30.679743522757303,VI,25,5,182,25.30941016915557,0.68016245559814,1.3074586664374335,1.328265752453009,0.883103590576131,1.2121620580135137,1.1217873837118981,1.1537235774122014,1.212267258799051,-1.8958561476239189
0.45624,11.1448,1.11396,0.012819711623146888,0.01078387181118734,-0.0942747915235027,-5.3856299559419885,0.5696310426695704,-7.990799617122899,0.7271782623178171,-10.911689080546033,1.0391721749228613,-11.909362929711847,1.952614047233308,-34.65917426098854,VI,25,5,183,25.17930620987281,0.6766660553328883,1.3073153958566146,1.31689324979312,0.9892109724889372,1.2118349375536441,1.1225810089640282,1.151631351394334,1.1406216169787475,-1.8921217440749731
0.45696,11.1448,1.11226,0.012839305521839053,0.009845231720112924,-0.29803113648054896,-16.59569505092424,0.5683954368198425,-7.940055280125616,0.724008036171146,-10.973738305285405,1.0352380572496434,-11.881178678403602,2.091031814681402,-29.73484978166911,VI,25,5,184,25.11671122849356,0.6749838843159234,1.3093784922204073,1.3148835559758838,0.9031089588925242,1.209206305640031,1.1176869742399553,1.1472714836439406,1.221478506208311,-1.891458466624638
0.45654,14.06813,1.01288,0.011169295037331236,0.010634623541522392,-0.687475076285652,-34.507553283939025,0.5672892663611518,-7.827282163601048,0.7163069524754851,-10.807992149820702,1.0360143563008768,-11.202802417639136,1.1631190721916935,23.89411793037345,VI,25,5,185,25.38899533084655,0.6823012189530792,1.3081750193415282,1.19739921976593,0.9755203399811961,1.2068530349993565,1.1057984308755873,1.148131793751382,0.6794372696139843,-1.9519742370060247
0.45956,1.35352,1.51904,0.0774080708512617,0.009159009325869216,1.1141966368035634,48.09178115160673,0.5694318256014068,-7.923394320400133,0.7230908943126555,-10.875566919859827,1.032108365866628,-11.441159419398565,0.8461794100075861,-33.65531589175936,VI,25,5,186,25.20886915431802,0.6774605268260672,1.316828562422992,1.7957678212554677,0.8401613706942587,1.211411122513252,1.116271137042642,1.1438030971687765,0.4942966216311626,-1.111213755810232
0.4578,11.1448,1.1331000000000002,0.012603164733669318,0.00989121405428739,-0.7406781841661759,-36.526540946988085,0.5724268107889091,-7.879169435894689,0.7280918060527353,-10.781430685291435,1.0463751554253422,-12.050294785151335,2.3344291982258314,-19.824878613435846,VI,25,5,187,25.18296738557686,0.6767644453878362,1.3117854379781655,1.339520037829531,0.9073269457438559,1.2177826637668003,1.123991291560222,1.1596138381951904,1.363659352228657,-1.8995203871212234
0.45793,8.81772,1.1552800000000003,0.015623436717498761,0.010350662084254336,0.3544539967537553,19.51707514145996,0.5704588037829486,-7.945741013894643,0.7254946550309374,-10.608881159164733,1.048251809330628,-11.92627099225422,2.3735257730134793,-1.5974707143999283,VI,25,5,188,24.71486435394371,0.664184693218955,1.3121579414882947,1.3657406312802938,0.9494723866846722,1.2135959192452999,1.1199819412185479,1.161693583520554,1.38649765886473,-1.8062234273553726
0.45806,8.81772,1.1700000000000002,0.015426875188882028,0.009760011409107983,0.7003083257991746,35.0038747007207,0.5719221768839712,-7.874958796873873,0.7258477454332499,-10.678725703939614,1.0508346135465172,-11.971647808753005,2.32970631336817,2.202795493559926,VI,25,5,189,24.56511272951632,0.6601602836448246,1.312530444998424,1.3831422153918906,0.8952916490986936,1.216709103951991,1.1205270243166319,1.1645558987184683,1.3609004739081907,-1.811722034122182
0.45807,11.1448,1.1150600000000002,0.012807065054544783,0.010003200131123158,-0.20964978069230752,-11.840559217653112,0.572325033500878,-7.958745205162579,0.7252687535135025,-10.831133780331296,1.040266182892606,-12.204757370577777,2.077215894699128,-31.997661811455806,VI,25,5,190,24.39872800833552,0.655688877959114,1.3125590991145877,1.3181936399101553,0.917599495150184,1.217566142432381,1.1196332058856733,1.1528437528683504,1.21340792154128,-1.8925503844360951
0.45972,8.81772,1.1438599999999999,0.01577941703616874,0.008830728876869254,0.6289206024691928,32.16663319163947,0.5707624965980816,-7.787369792641824,0.7212827817084331,-10.603479126514097,1.040994743236869,-11.869337249829373,2.3156653131531924,0.7807586979646962,VI,25,5,191,24.66453463728969,0.662832137650091,1.3172870282816127,1.3522402175198014,0.8100480099375525,1.2142419963304558,1.1134798642877346,1.1536511579876205,1.3526984083787024,-1.801909045654595
0.45662,11.1448,1.11402,0.012819021166335171,0.011587279282242513,-0.37840813738913803,-20.72705037481098,0.5697036975369546,-7.851003233394836,0.7233854243842094,-10.742497559889435,1.0367537482022773,-12.180332303688102,2.1916458183042766,-27.72188951650776,VI,25,5,192,24.59218619443597,0.6608878531242486,1.3084042522708388,1.31696418016314,1.0629080174522214,1.2119895037554207,1.1167258176650265,1.148951202618525,1.2802522857299927,-1.8921451353701557
0.45833,8.81772,1.1460199999999998,0.015749676245608257,0.009587999971571948,-0.0832450777474514,-4.758619855074574,0.5701785260078766,-7.8518797094340345,0.7250193850595812,-10.606302257959554,1.0459401499897671,-12.130030103561479,2.41040369222331,-3.5286930366090887,VI,25,5,193,24.39159277002167,0.655497126307045,1.3133041061348463,1.3547937108405248,0.8795129376689343,1.2129996553927187,1.119248243483587,1.1591317564865724,1.4080399354347102,-1.8027283692515852
0.45935,1.07079,1.6104600000000002,0.09229238785129917,0.009020613664365129,0.3702589563160629,20.317523101657006,0.5718474938061091,-7.7960958423833,0.7252310968700207,-10.87991246284216,1.0376426774154988,-12.28988282175682,1.5472085473693622,-43.46177897769717,VI,25,5,194,23.96306405127635,0.6439808901052487,1.3162268259835523,1.9038420617094225,0.8274662543852273,1.2165502229286305,1.1195750734647465,1.1499363317201505,0.9038035538074343,-1.0348341175061146
0.45986,14.06813,0.99938,0.011320174065332566,0.0089113527709479,-0.2320310661847919,-13.063240121630653,0.5711652667430539,-7.894848851803566,0.7222476342454194,-10.662866688845144,1.0480153397708123,-11.959444930767068,1.6250030187259323,22.384152649631098,VI,25,5,195,23.80932810923849,0.6398494063941981,1.3176881859079055,1.1814398865114082,0.8174436876740632,1.21509885085017,1.1149693548165345,1.161431523233235,0.949247278764994,-1.9461468951413674
0.45726,11.1448,1.1278199999999998,0.012662167686085288,0.010898149939107205,-0.4978751322110947,-26.467571653549474,0.5721676574364322,-7.871437932475493,0.72621143356861,-10.73063389535788,1.0454251103365946,-12.648249339366892,2.3260360337991384,-25.446897839120478,VI,25,5,196,23.62583824726995,0.634918318934642,1.310238115705321,1.333278165267762,0.9996937731038843,1.2172313400797274,1.1210884676587904,1.158560979260124,1.3587564761106101,-1.897491939380389
0.45848,1.07079,1.7142,0.0867070347328219,0.010394261306014452,0.20988957621660265,11.853719397509765,0.5709751290790254,-7.904091409948029,0.7225668496156528,-10.863107385473565,1.0343838823171536,-12.727106347018811,1.7419742408603025,-41.4936305581859,VI,25,5,197,23.308001600577,0.6263768099603549,1.313733917877303,2.02648067147417,0.9534717692174228,1.2146943513637398,1.1154621433540401,1.1463248699300934,1.0175761452503758,-1.0619456658258946
0.45976,11.1448,1.09362,0.013058142645270485,0.009636403428119833,-0.19484134796332167,-11.025451639053914,0.570680119983217,-7.799242044985334,0.7233176736389085,-10.757195472993232,1.0342935392852883,-12.930612681980897,2.157338353078151,-32.740689700651714,VI,25,5,198,22.94588243081793,0.6166452570685118,1.3174016447462678,1.2928478543563071,0.8839530155149903,1.21406674805139,1.1166212274923561,1.1462247499784755,1.2602115426470921,-1.8841185915352412
0.4591,11.1448,1.1046,0.012928341444614074,0.011515128803734453,-0.41837789621174243,-22.703356515110364,0.5725513943622201,-7.860564265964739,0.7255665264967551,-10.635278593402015,1.039211666381704,-13.27970795949857,2.3449730249016714,-27.325781145944283,VI,25,5,199,22.53367100904592,0.6055675302078622,1.3155104730794578,1.3058281120699848,1.0562896111636324,1.218047703266888,1.1200928927510596,1.151675116617473,1.3698185400359868,-1.8884571864616941
0.46024,8.81772,1.1193400000000002,0.016125077251766193,0.01079251190970737,-0.8556768187001513,-40.55283728421976,0.5725178911268902,-7.653377061888628,0.7284826631123713,-10.560804458338213,1.04860896976203,-13.673750269252233,2.5773141393626493,-17.717289860291235,VI,25,5,200,21.69172994317628,0.5829412936024473,1.3187770423221294,1.3232533396382555,0.990003533862908,1.2179764283748042,1.1245946769130353,1.1620893958413665,1.5055408544598878,-1.7924981960765451
0.45906,6.97545,1.23434,0.01848472945836345,0.01073986393931231,-0.169354541462275,-9.612098198192063,0.5713284158581038,-7.748689345763985,0.7211797935657813,-10.654830938066825,1.0514013566784297,-13.415964266176847,1.8064242827208596,21.432157222877958,VI,25,5,201,21.09760483904563,0.5669748373690863,1.3153958566148027,1.4592032155101078,0.9851741042381941,1.2154459348095026,1.1133208764039098,1.16518397477232,1.0552247072206733,-1.7331869013581018
0.45871,4.36941,1.4652000000000003,0.02485995987640799,0.011715096792259738,-0.26825979459416266,-15.01660278448088,0.5730688380109533,-7.755077788285395,0.7276141138321456,-10.707142081745031,1.0451362407807308,-14.321999768366702,2.4121358464864584,-31.32386110235054,VI,25,5,202,20.52327395298216,0.5515403288925966,1.31439296254907,1.7321196358907678,1.0746327936364193,1.2191485145724155,1.1232538544794508,1.158240848251015,1.409051775229312,-1.6044995766384074
0.4601,4.36941,1.5085200000000003,0.024146059191070043,0.010457526349247737,-0.5598643971033092,-29.242911352676433,0.5715693514330561,-7.777969131075144,0.7260465716496729,-10.664307328160465,1.0459534085525766,-14.57753416651826,2.6175201341371523,-24.915404755366065,VI,25,5,203,20.03493546937435,0.5384167712927223,1.3183758846958364,1.7833313630452778,0.9592751092456702,1.2159585019372672,1.1208339621697097,1.159146449890586,1.5290272299865375,-1.6171537390833632
0.4576,1.07079,1.55282,0.09571824096740338,0.01200250456021923,0.9688795386542595,44.094448092171724,0.570148064004535,-7.802608579257249,0.722646021101196,-11.009994827401922,1.0350185797230158,-14.374540009730623,1.1122645375548592,-44.06027850300189,VI,25,5,204,19.68663391252642,0.5290565514926159,1.3112123556548898,1.8357016195767826,1.100996879061576,1.2129348504274833,1.1155843642876515,1.1470282542670478,0.6497305379583573,-1.0190052910988183
0.45872,4.36941,1.43832,0.02532455448781425,0.010569047306547674,-0.022272812193334515,-1.2759271779323693,0.5714802323581666,-7.819390339479468,0.7241544235737902,-10.840683566005566,1.0385822803596891,-14.998320535171468,2.2777361283631,-38.45207961091113,VI,25,5,205,19.35742171387776,0.5202093371186269,1.3144216166652338,1.700342830121764,0.9695049929604528,1.2157689097267594,1.1179129597055224,1.1509776184621405,1.3305420338779348,-1.5964581860539908
0.45819,1.07079,1.5754400000000002,0.09434392864152448,0.011485733886906047,0.9647723810882141,43.97281860133159,0.5701508998493382,-7.886113901716558,0.7229694410005951,-10.86744330407411,1.0343258925194105,-14.740286735287933,1.1297803115312015,-45.449364609807354,VI,25,5,206,18.91711335048335,0.5083765359721303,1.312902948508553,1.8624423690743592,1.0535931979670388,1.2129408834129645,1.11608364356455,1.1462606044784642,0.659962396355483,-1.0252860429534643
0.46115,3.45686,1.5006400000000002,0.030680456819919297,0.00856725378440526,-0.7215800815729491,-35.813465884993306,0.5723753666444349,-7.765778515109714,0.726077951863579,-10.554683586346663,1.044579700909702,-15.366881924599584,2.8515471422495233,-21.313700192057645,VI,25,5,207,18.56122039230049,0.4988123056423874,1.3213845668930342,1.7740158411159717,0.7858792830640992,1.2176732213261034,1.1208824053562207,1.1576240796545836,1.6657343610184265,-1.5131381782011153
0.45946,8.81772,1.1414,0.015813425592248093,0.010484831456996913,0.606657814440018,31.243421579090946,0.5713380677660432,-7.774712659478622,0.721118683447323,-10.492624520230777,1.0479031707133113,-15.255999513580157,2.8076285395106764,1.7247037338455187,VI,25,5,208,18.22558691142948,0.4897925263980497,1.3165420212613541,1.3493320723489777,0.9617798230129886,1.2154664683099246,1.113226537694969,1.1613072152442494,1.64007926151609,-1.8009740405889598
0.46064,3.45686,1.51376,0.03041454439425252,0.008815646995077364,-0.7499711089873534,-36.86883821797441,0.5719997052301311,-7.813020597279076,0.7259553239574003,-10.678808226643934,1.0443685318124971,-15.692426678532149,2.933785114681807,-21.20534976040542,VI,25,5,209,17.9000016767968,0.48104278267766304,1.319923206968681,1.7895259486936992,0.8086645399542725,1.216874038008406,1.1206930985991588,1.1573900578450553,1.71377376195671,-1.5169186848247322
0.45867,4.36941,1.5598599999999998,0.02335133487038131,0.010501839743571717,-0.6105496437323799,-31.406137321887908,0.5723154802591407,-7.7277005043601905,0.7259664066674507,-10.591343676305371,1.0420204738112824,-15.832832343258914,2.9152258186081212,-24.42355656750421,VI,25,5,210,17.60985011008156,0.47324527966223534,1.314278346084415,1.8440241163258069,0.9633400032522955,1.217545818834759,1.1207102075261923,1.1547878930889677,1.702932328992756,-1.6316882881055603
0.45794,8.81772,1.12644,0.01602344019299028,0.010560240840540525,0.14684188399842685,8.35371914326942,0.5710891344884306,-7.721779393195472,0.7250714155257646,-10.456008013098177,1.045164338640542,-15.692351737483053,2.9662050758895964,-1.4984307235201233,VI,25,5,211,17.37013461491099,0.46680319038593765,1.3121865956044585,1.3316467667573002,0.9686971705979794,1.2149368868434423,1.119328565484741,1.1582719868602336,1.7327119175167465,-1.795244236289501
0.4593,1.07079,2.01574,0.07373629482919589,0.010483605616624925,0.25468424209810464,14.288563548258388,0.5708537154805716,-7.817691866466442,0.7251815962450419,-10.859457857113894,1.0300388991012073,-15.874482658256817,2.1162527128924506,-46.694084649565944,VI,25,5,212,17.1293220696178,0.4603316190987858,1.3160835554027335,2.382953067738504,0.9616673759468771,1.2144360556784997,1.1194986569044438,1.1415096727822893,1.2362113212978594,-1.1323186890198769
0.45972,3.45686,1.5519199999999997,0.029666684315070177,0.00901045703570691,-0.817166756956576,-39.25455187552437,0.5700490618582609,-7.637597492539737,0.7253989282620918,-10.572220326745965,1.040154802605186,-16.1018197154555,3.104787679718629,-19.33020473514914,VI,25,5,213,16.82030570263461,0.4520271454037232,1.3172870282816127,1.8346376640264805,0.8265345808000699,1.2127242329386865,1.1198341630762076,1.152720319010116,1.8136650960973109,-1.5277309897173796
0.45883,2.16054,1.7345199999999998,0.042469633049515926,0.009827804477667457,-0.316142169545686,-17.5439420345077,0.5708414280400166,-7.698963266673438,0.7203199385862585,-10.517121805729257,1.0409502702541504,-15.489564694897776,1.966910205397012,23.96139991949439,VI,25,5,214,16.56618941946367,0.4451980508490165,1.3147368119430356,2.050502423454309,0.901510347582123,1.2144099153373975,1.1119934757918524,1.1536018721402657,1.1489727333011837,-1.3719214914288835
0.45813,3.45686,1.56902,0.029343361284268968,0.010258051475717456,-0.8970158333442142,-41.892608029904544,0.5710675184366484,-7.684269377242107,0.7238694117541494,-10.430715069773614,1.040913047950162,-16.380897180014554,3.183378054039413,-17.86854174291285,VI,25,5,215,16.32555421598561,0.43873124542735314,1.3127310238115704,1.8548528194822087,0.9409771605045426,1.214890900784398,1.1174729728788546,1.1535606216398397,1.859573748636072,-1.5324901391772092
0.45739,6.97545,1.24478,0.018329697584823296,0.010505242803075243,-0.7792857166002387,-37.92877725492174,0.5703017849280058,-7.646471770145375,0.7157108008519505,-10.54311570862074,1.0321235583877288,-15.490168459052907,1.456308396311783,26.27247666361301,VI,25,5,216,16.13715643941878,0.4336682631815208,1.3106106192154503,1.4715450998936046,0.9636521679237475,1.2132618768213081,1.1048781221621364,1.1438199338239803,0.8507041318147379,-1.7368447002492358
0.45652,3.45686,1.64804,0.027936409748697665,0.010518940395139731,-0.4007639407008363,-21.83913280038765,0.5682373494068192,-7.634777033807446,0.7170411667453283,-10.286575351322362,1.0332752391940183,-16.25216475870829,3.118585087085905,-4.452570876262467,VI,25,5,217,16.18821669205942,0.43504045109848155,1.3081177111092006,1.9482681167986762,0.9649086561873425,1.2088699899620945,1.106931873716974,1.1450962494868977,1.821724866600179,-1.5538294080470711
0.45741,2.73547,1.59244,0.036536344828382854,0.009143045659926796,0.40655674513115464,22.124532233965162,0.5677480276559197,-7.585156189572048,0.7153804705456008,-10.26645200617117,1.0303386826814687,-16.176680537080916,3.0565605351001,0.3840533664594525,VI,25,5,218,16.15259863827684,0.4340832552269669,1.3106679274477777,1.8825393072467198,0.8386970141266102,1.2078290052737144,1.1043681749486272,1.141841898931135,1.7854931571752297,-1.4372749025298828
0.4568,1.07079,2.0636599999999996,0.07202407321894272,0.009892719211356149,0.24458770758825218,13.744013602442916,0.5683282887254281,-7.61146695830704,0.7178043731034033,-10.670992117139585,1.01691501603819,-16.48666663696247,2.2087926381978282,-47.85750474900977,VI,25,5,219,15.9368262306989,0.42828460999550316,1.3089200263617868,2.4396027899278874,0.9074650146966221,1.209063454565026,1.108110073077286,1.1269655235526144,1.2902686191988306,-1.142522321363949
0.45969,2.16054,1.7004800000000002,0.04331978495309933,0.007121940941786309,-0.005171643516887894,-0.2963107049842125,0.5685513723308471,-7.621191233463454,0.7156160890359519,-10.435244432757786,1.035920007082617,-16.12626369524124,2.3620841956043477,19.9532858658651,VI,25,5,220,15.45012341984728,0.41520500929509696,1.3172010659331213,2.0102612601962413,0.6532998767404231,1.2095380433545961,1.1047319108526485,1.1480272340640176,1.3798140489912463,-1.3633137079542454
0.45415,2.73547,1.73374,0.03355862872086356,0.012105596674213737,0.5144926233840496,27.225486105414223,0.5691581937270624,-7.791291451528185,0.7185921912751684,-10.288112115249776,1.0365206749142375,-16.355655021700574,2.876260939763592,10.742511707728168,VI,25,5,221,15.23322724081039,0.40937616394636683,1.3013266855783832,2.049580328644048,1.110453579968819,1.2108289971715487,1.1093262669103103,1.1486929061473947,1.6801709526849282,-1.4741957937053591
0.45464,2.73547,1.7554000000000003,0.03314454651846302,0.01083624349708201,0.4218889998378486,22.874346126306087,0.5693688123952773,-7.741025699531669,0.7173127340391027,-10.379535824108698,1.036249349826448,-16.343589114903438,2.8329240122310635,12.490070983811847,VI,25,5,222,15.01319377243762,0.4034630074104399,1.3027307372704087,2.0751861922213033,0.9940150583721732,1.2112770680130667,1.1073511055648502,1.1483922182680821,1.6548556393862848,-1.479587918594752
0.45605,1.07079,2.09448,0.07096424837620952,0.010550151695772503,0.31932423240920527,17.709542613329887,0.57128985588817,-7.676258716328879,0.7199683105175197,-10.834982919714031,1.0171226123532962,-16.943364681959554,2.2091127475396637,-49.84703626951508,VI,25,5,223,14.80613382219228,0.397898499850855,1.3067709676495027,2.476037356661544,0.9677716873501906,1.2153639022037341,1.1114506501703512,1.12719558593369,1.2904556114186254,-1.1489603927378356
0.45582,1.70952,1.7600200000000001,0.05289667119928812,0.010034457261275498,-0.9077112694786293,-42.230379858759,0.5681892989362329,-7.733621600221799,0.7110589833150541,-10.57041715753649,1.0219318924126155,-16.056147273831094,1.3779049549566251,25.790469342819286,VI,25,5,224,14.90162790028383,0.40046479776991856,1.3061119229777356,2.080647830712851,0.9204667302821088,1.2087677672342925,1.0976968816126171,1.132525326113039,0.8049046763709282,-1.2765716573649668
0.45621,1.07079,2.05596,0.07229381842983489,0.010708872477810272,0.36904904059286453,20.25653385977368,0.5687604849602039,-7.599652819684925,0.7146249600303475,-10.786211591831774,1.009622426726051,-16.95103888814718,2.118575614160137,-50.94226998950442,VI,25,5,225,14.75071971855334,0.39640930699515725,1.3072294335081234,2.430500059108642,0.9823312390495073,1.209982910244137,1.1032018560410835,1.1188837304798487,1.2375682465969395,-1.1408988359915666
0.45551,2.73547,1.6761599999999999,0.034711445779943444,0.010830181332930566,0.6803108638618135,34.227879794371376,0.5688669764138259,-7.470939918564109,0.7145523567030302,-10.165879965131698,1.0253530837876763,-16.705064861485152,3.1194537176270254,5.3953150119053195,VI,25,5,226,14.61464831594256,0.39275253827878387,1.3052236453766584,1.9815108168814282,0.9934589724504715,1.210209460509806,1.103089774697818,1.1363167586992053,1.8222322780744402,-1.4595272969832993
0.45819,3.45686,1.7128599999999998,0.026879208296208507,0.009015928347159308,0.10832586381842389,6.18250715839035,0.5690639573398156,-7.641154647948958,0.7198164262626554,-10.26068637157549,1.0301443194639286,-16.954827501533543,3.366692583304825,-1.142283727439764,VI,25,5,227,14.30987769451097,0.38456216430793133,1.312902948508553,2.024896559877054,0.8270364674524132,1.2106285183740462,1.1112161789424464,1.1416265017329819,1.9666571300563165,-1.5705835271975108
0.45603,4.36941,1.5131000000000001,0.024072971522644232,0.010427669133804607,-0.2157003987143196,-12.172231490045974,0.5697970179681016,-7.727666631963883,0.723288048540319,-10.567232888757916,1.020191385981979,-17.353336297419933,3.1294565506142584,-35.88896627732051,VI,25,5,228,14.00858378126824,0.37646522303121627,1.306713659417175,1.7887457146234784,0.9565362891223014,1.2121880339449298,1.116575493764069,1.1305964621372755,1.8280754438308437,-1.6184702979163066
0.45658,4.36941,1.53754,0.0236903190882273,0.009394037423821111,-0.3475584354016429,-19.165326660395472,0.5687710150943122,-7.742836988352141,0.7233108207615463,-10.637098951995371,1.0210218238625015,-17.439089712564478,3.2801932951169146,-32.235021313529636,VI,25,5,229,13.83352899021869,0.37176081878992007,1.3082896358061835,1.817638018678331,0.861720637848754,1.2100053120857743,1.1166106483670135,1.1315167699762207,1.9161284768899614,-1.62542908966461
0.45682,1.35352,1.9426999999999999,0.060527078779997204,0.009930539995413545,1.3460409241720095,53.390624332767956,0.5695355635571225,-7.73729732897747,0.7183851472142183,-10.808669956883948,1.0104273262752161,-16.716778582027615,0.9547205371629708,-40.67667265476623,VI,25,5,230,13.65589235178375,0.36698703025061413,1.3089773345941145,2.2966071639673724,0.9109343377034942,1.2116318149784966,1.1090066427646428,1.119775736230109,0.5577010389762551,-1.2180502859477167
0.45629,3.45686,1.55936,0.029525138981533257,0.009835517651293868,-0.8223290609208685,-39.431454287530286,0.5683877092408343,-7.65883896769086,0.7179281814742993,-10.300439059168443,1.0172156253549924,-17.290903324444184,3.503332953167441,-19.625410396771123,VI,25,5,231,13.75781653897858,0.36972613025270606,1.3074586664374335,1.843433029908973,0.9022178815845249,1.2091898659632518,1.1083012021760514,1.127298664799181,2.0464757505553877,-1.5298080493868975
0.45791,4.36941,1.54236,0.023616284921103372,0.009345585534367318,-0.48465452341741466,-25.85735815832669,0.5687284405696543,-7.4746199275832,0.7195395740304168,-10.395709886313181,1.0148670650855858,-17.466042983751663,3.3989330269532494,-28.18602512257238,VI,25,5,232,13.64349158834287,0.36665377342412675,1.312100633255967,1.8233360917366122,0.8572761172234447,1.2099147389031957,1.1107887884739664,1.1246959434194552,1.9854904202390251,-1.6267884202349092
0.45832,1.07079,2.16416,0.06867939474854139,0.00836360383395951,0.33979430035720415,18.76746809144086,0.568838076102727,-7.649401817442193,0.7185436120854806,-10.744447370803293,1.0072983165617375,-17.4630320215982,2.342473880689883,-50.98457157199525,VI,25,5,233,13.47369104247326,0.3620905712211244,1.3132754520186825,2.55841115971155,0.7671983520353406,1.2101479778937396,1.109251272815189,1.1163081051947352,1.368358662229642,-1.1631735408047565
0.45756,4.36941,1.5315600000000003,0.023782818310032244,0.00901687589652167,-0.3383046247771681,-18.69091598788205,0.5710109016683299,-7.724479567561175,0.7218503354080308,-10.45343705622395,1.017819324104164,-17.648848082139214,3.3799032712706154,-32.932493901626465,VI,25,5,234,13.29729724611364,0.35735018269044067,1.3110977391902348,1.810568625132995,0.8271233867187616,1.214770454086869,1.1143560249731557,1.1279676958059004,1.9743741677834046,-1.6237366819305048
0.45831,3.45686,1.53906,0.02991457170106668,0.0083246879488314,-0.6690706715025264,-33.785319750312006,0.570086728453861,-7.716397641643176,0.7209508040650354,-10.406623353801487,1.0208886911272446,-17.600350576432252,3.614948811668017,-24.39758920930212,VI,25,5,235,12.90380110704804,0.3467754083900336,1.3132467979025186,1.819434921385507,0.7636285747561903,1.2128043649769844,1.1129673739986397,1.1313692296210045,2.111676275556111,-1.5241172107458831
0.45709,4.36941,1.53932,0.023662924675124725,0.009854928716734712,0.004783840395904766,0.2740917736871023,0.5706864311970538,-7.615410403116899,0.720683719276586,-10.515524266218002,1.0179830031969235,-17.730593119108015,3.4926226977460906,-31.19462061901242,VI,25,5,236,12.7458694942292,0.34253117065894867,1.3097509957305367,1.8197422863222605,0.9039984701577184,1.214080174548285,1.1125550620156868,1.128149088244361,2.0402193432155626,-1.625931578737254
0.45647,4.36941,1.5137200000000002,0.024063111546992165,0.010068419146551877,0.11478079781682668,6.547800661979362,0.5706895574829217,-7.70432114773584,0.7215995328565403,-10.608985021075693,1.0167902289408048,-17.83780494439518,3.3669010149831924,-35.67328633657783,VI,25,5,237,12.60100033221013,0.33863797187158934,1.3079744405283817,1.7894786617803529,0.923582074209598,1.2140868254190342,1.113968848683802,1.126827231999909,1.9667788856476716,-1.61864821571951
0.45648,1.07079,2.45874,0.06045096225668566,0.01019321425682923,8.973390798856483e-05,0.005141374193160281,0.5698091692123799,-7.473563315131871,0.7177815112707999,-10.59200582618233,1.007896908877961,-17.717390685908992,3.00374375327569,-43.13759597241758,VI,25,5,238,12.52997938063049,0.33672936220812927,1.3080030946445456,2.906655633053553,0.9350296038687745,1.2122138845416288,1.1080747801368331,1.1169714771505115,1.7546401766932276,-1.2185967816610643
0.45674,2.73547,1.64554,0.03535735196866074,0.009772013598794482,-0.8898070185508429,-41.66291215901962,0.5698815817427495,-7.622899384297522,0.715668120753544,-10.163426133825809,1.018090971303846,-17.405207897568644,3.5763014605764947,-1.306306479453611,VI,25,5,239,12.52557402607772,0.3366109731682281,1.308748101664804,1.9453126847145055,0.8963926170942017,1.2123679351948504,1.1048122347856641,1.1282687406560432,2.089100383430159,-1.4515202682195447
0.45832,3.45686,1.67454,0.027494309316136785,0.008858503507341187,-0.7384416702581907,-36.44370509945705,0.5705884757909065,-7.474828811054462,0.715610329286746,-10.06830190003974,1.017789369279517,-17.46828139806185,3.6905237660814008,-6.194193388677092,VI,25,5,240,12.44155797473316,0.3343531345457454,1.3132754520186825,1.9795956968908857,0.812595793303371,1.2138717838978472,1.1047230192432456,1.1279344992711764,2.155823467280062,-1.5607571857459919
0.45649,3.45686,1.6803399999999997,0.02739940769263584,0.011103837848514597,-0.7616842871888362,-37.29595484398425,0.5699153823540302,-7.638857352177138,0.7179904901359295,-10.102384019526651,1.01765105245972,-17.538444938051548,3.711784742411229,-6.00688967966294,VI,25,5,241,12.26471491907287,0.32960067266735804,1.3080317487607094,1.9864522993261615,1.0185616473198056,1.2124398427255014,1.1083973911352993,1.1277812138099725,2.168243089700702,-1.5622588254496932
0.4557,1.07079,2.54874,0.05831634413043437,0.010635768103929688,0.33165716716585475,18.348471881193703,0.5733918849763797,-7.627874318117575,0.7220251514992274,-10.602710118688035,1.0089784837477513,-17.99069973308039,3.164521684097707,-42.65282249195982,VI,25,5,242,11.91056540335677,0.32008329542907243,1.3057680735837702,3.0130511880836983,0.9756253313712849,1.219835765740013,1.1146258972097283,1.1181701000149307,1.8485587796493776,-1.2342097098914762
0.4577,1.07079,2.0267,0.0733375432668887,0.010049503779606617,0.9400524756715615,43.2301264352537,0.570397380630159,-7.658677720049675,0.7191342238878176,-10.749814620822946,1.0007467111886275,-17.584661373638504,1.9277620215417788,-56.77631903661085,VI,25,5,243,11.78797730224948,0.3167888755544496,1.3114988968165275,2.395909681995508,0.9218469563541081,1.213465247429775,1.1101630294329683,1.1090474853169974,1.1261042791722136,-1.1346736425551862
0.4578,3.45686,1.5097200000000002,0.030495933499088367,0.00972726874229285,-0.053282843960522054,-3.049997884226275,0.5706084767030597,-7.668720634534861,0.7218293593583391,-10.416016090128837,1.013853948179597,-17.915228560888792,3.7367559311365337,-29.065267409513552,VI,25,5,244,11.64827771279781,0.3130346033224045,1.3117854379781655,1.7847499704456797,0.8922881448055067,1.2139143339035783,1.1143236432089485,1.1235731870372887,2.182830036722873,-1.5157580680843454
0.45976,4.36941,1.49744,0.024324723001197368,0.008344238701336049,0.12372409051082266,7.053025533373993,0.5732245060680161,-7.663116720883789,0.7229454013079062,-10.499126094422719,1.010041044709256,-17.97052411356341,3.5228059759029167,-36.170015114999906,VI,25,5,245,11.52142908150142,0.30962568640276167,1.3174016447462678,1.770232888048233,0.7654219769067937,1.2194796833045929,1.1160465323032922,1.1193476512865737,2.0578509379414838,-1.613952096578066
0.4576,4.36941,1.52198,0.023932517648663575,0.009223287341111441,0.004885339628752901,0.27990711542462615,0.5723162298747437,-7.5711331508551805,0.7196825259113819,-10.364646813646264,1.006958054191357,-17.943011019806114,3.6498041695315195,-31.412603404826836,VI,25,5,246,11.60901892944504,0.31197956686321604,1.3112123556548898,1.7992434093864527,0.8460576312471202,1.217547413569437,1.1110094703549893,1.1159310196425176,2.132037070718357,-1.6210116121509484
0.45713,3.45686,1.5322200000000001,0.03004811366660381,0.011472598361631614,-0.1907117722416108,-10.797322572125562,0.572379240845811,-7.449677651721821,0.718607127446638,-10.226780058593965,1.0085130322602986,-17.97116746019414,3.8109307907983125,-24.449897373754442,VI,25,5,247,11.52184718212424,0.30963692239539853,1.3098656121951917,1.8113488592032159,1.0523882684242567,1.2176814633147437,1.1093493246161128,1.1176542773837643,2.226159361576634,-1.5221827865530457
0.45854,2.73547,1.7897600000000002,0.03250823404172068,0.00936888004009967,0.0008258508064618724,0.047317754960373506,0.5726085839267567,-7.5718259311530804,0.7148447582595133,-10.10553055121428,1.014811096928469,-17.214321039975744,3.2602816813902957,12.52397690208555,VI,25,5,248,11.4473719781935,0.3076354835136486,1.3139058425742858,2.1158056507861454,0.8594129360833688,1.2181693685329593,1.103541169426331,1.1246339183903302,1.904497086099911,-1.4880066222223343
0.45902,1.07079,2.19448,0.06773048692127671,0.01022455533381128,0.8736673335178593,41.14265062433167,0.573118208288171,-7.688304360933426,0.7242362077410968,-10.763934955805047,1.0004071190916966,-17.890715008857978,2.2714075094037565,-55.78323680212639,VI,25,5,249,11.30270814366784,0.30374780267598417,1.3152812401501475,2.5942546400283724,0.9379045394932969,1.2192535450611484,1.1180392139650481,1.1086711425751987,1.3268451642375279,-1.1692158021957433
0.46434,3.45686,1.6431200000000001,0.02802005983874805,0.009255356561777173,-0.5011290506055546,-26.616779669026805,0.5822976419745535,-7.605688628937152,0.7353099154769348,-10.387098330045278,1.034870151420774,-18.063163365025872,3.9914413429068727,-16.66446565880829,VI,25,5,250,10.91858635390684,0.29342495366344584,1.330525229949282,1.9424518264570285,0.848999359924644,1.2387819022166553,1.1351342436809349,1.146863763059122,2.33160479669451,-1.5525309415837798
0.46353,1.07079,2.80226,0.05304047409555263,0.009490598812120277,0.22758239585006768,12.821136189294368,0.5838986076403703,-7.6793754177840645,0.7367654053056754,-10.640399054862462,1.0252596459040804,-18.20469308637375,3.5166782948973125,-37.249305052682274,VI,25,5,251,10.67373208064229,0.2868447653993086,1.3282042465400155,3.3127556448752813,0.8705782714053033,1.2421878017943335,1.1373811552363993,1.1362132089711103,2.0542714464250498,-1.2753926026997726
0.46287,4.36941,1.52456,0.023892016851362354,0.008935176418086221,0.17664737807590974,10.017802897055198,0.5830666304895872,-7.6970086169538305,0.736876033978702,-10.666398870142196,1.027117233447976,-18.269435777834556,3.631196637395164,-35.76175711287689,VI,25,5,252,10.44677783060073,0.2807456204968791,1.3263130748732055,1.8022934152973167,0.819629044989743,1.2404178508909554,1.1375519381844357,1.1382718245741201,2.1211674606059914,-1.6217471876110905
0.46443,2.73547,1.72216,0.03378428076282692,0.00877527861678351,-1.102784224950859,-47.79839402098158,0.5814718841943137,-7.579084398346611,0.7353362677979193,-10.176554512387296,1.0373968388157335,-17.822773667817085,3.9336075995256476,-1.8440278212665226,VI,25,5,253,10.23937437096954,0.275171881501799,1.3307831169947562,2.0358907672301694,0.8049615246134894,1.2370251824224503,1.1351749250607452,1.149663888475706,2.297821152668751,-1.4712853223823499
0.46556,4.36941,1.5417399999999999,0.02362578204555437,0.007858596776176174,0.06056976040730827,3.466157017713044,0.5827137326624573,-7.605583682960578,0.7390456654288556,-10.571271661551599,1.0252895439500687,-18.242567958127225,3.851186044524346,-32.55859722769432,VI,25,5,254,10.03651552201377,0.2697202739011715,1.334021032121264,1.8226031445797377,0.7208737543870839,1.239667094902836,1.1409013054422388,1.1362463425825913,2.2496745117733346,-1.6266138068420832
0.46537,2.73547,1.7638599999999998,0.03298557536227932,0.007321762099707307,-1.0459511304907831,-46.28662080238962,0.5821932652995978,-7.553727169701999,0.7317800735862433,-10.186603392411454,1.0329084376748137,-17.742511529721334,3.836014234084871,2.0668112487502213,VI,25,5,255,9.976598261161827,0.26811006366705714,1.3334766039141521,2.0851873743941365,0.6716295903545849,1.238559850938017,1.1296850523664066,1.1446897527200972,2.2408118822227125,-1.481675936186114
0.46464,3.45686,1.71156,0.026899624157051872,0.008732830548297377,-0.828753973166603,-39.65037591007022,0.5827113414807175,-7.5085186567492945,0.7350718429119585,-10.271003789190212,1.027936927220097,-18.01731544983845,4.170388778033948,-8.27711714290232,VI,25,5,256,9.802147884025157,0.26342190238237007,1.3313848534341957,2.0233597351932855,0.801067738054947,1.2396620078950058,1.1347667193006736,1.139180225577628,2.436137135329507,-1.5702537879402958
0.46326,3.45686,1.6384599999999998,0.028099752647146533,0.01001262575427564,-0.46733161442992766,-25.048170934190402,0.5829317067481828,-7.544088344317509,0.7369489876280007,-10.367947911481755,1.0269272777734852,-18.19412655789992,4.279623247368753,-16.560490445290945,VI,25,5,257,9.615831868097516,0.25841486515536094,1.3274305854035933,1.936942901052134,0.9184641131657012,1.24013081368355,1.137664560337051,1.1380613119031713,2.499946569261943,-1.5512975030291605
0.46332,3.45686,1.5469,0.029762958641310813,0.009219930153016254,-0.14098760263367932,-8.025100559819,0.5836599043890901,-7.6689346848920215,0.7403246398732085,-10.455319264532445,1.0251694798943842,-18.379588255248883,4.2292697028501,-26.181660054728802,VI,25,5,258,9.384034823294334,0.2521855754903705,1.327602510100576,1.8287031564014662,0.8457496743872266,1.2416799837192276,1.14287572147828,1.1361132851989946,2.470532491528119,-1.5263238991433594
0.46453,1.07079,2.60076,0.0571499096183436,0.00913496264899083,0.6093135547953317,31.354517915800418,0.5828481214185766,-7.823676465609175,0.7385407208468084,-10.785972434265117,1.0149035995566438,-18.382358490586736,3.151363014656424,-47.87431241598076,VI,25,5,259,9.206987673194464,0.24742762879924862,1.331069658156394,3.0745478188911224,0.8379555547279265,1.2399529939808014,1.1401217975447135,1.1247364316496948,1.8408721285998926,-1.2429844520978452
0.4659,3.45686,1.6254,0.02832553262104325,0.007457450784547737,-0.47057892633329584,-25.200686980327728,0.5831569995066153,-7.615134825015066,0.7370509579984381,-10.349178286779662,1.0296708192713917,-18.236773586143308,4.433555110173557,-16.763604715496697,VI,25,5,260,9.050319065337284,0.24321733293209538,1.334995272070833,1.9215037238444264,0.6840763940849018,1.2406101022324443,1.1378219770356266,1.1411017593661483,2.5898660341483835,-1.5478219151025088
0.46534,1.07079,2.8284000000000002,0.052550275399166776,0.008436135837573577,0.36160796024954794,19.880393782038144,0.5839509182478394,-7.618675790156149,0.7397687851839823,-10.74587833147061,1.018420222490583,-18.374699539886812,3.6706623192912398,-42.72417506587757,VI,25,5,261,8.881945510706576,0.23869247954317777,1.3333906415656607,3.3436576427473703,0.7738517558487288,1.242299087551231,1.1420176211331459,1.128633623394708,2.144221381560444,-1.2794250036314565
0.4653,2.16054,1.9700199999999999,0.03739273099615555,0.007967900101725434,0.19111960496647254,10.819867915040588,0.5825364726187365,-7.522890131431916,0.7306797491629082,-10.479720235542898,1.0316048109627698,-17.282189739011347,2.7597384881955143,20.14998817207876,VI,25,5,262,8.711952528386004,0.23412410582301416,1.3332760251010056,2.3289041257831897,0.730900213422946,1.2392899913078381,1.1279864271938138,1.1432450475708122,1.612104236013383,-1.4272128147803271
0.46526,3.45686,1.4935399999999999,0.030826305771685856,0.008451696113126406,0.008001758471538872,0.45845720454880623,0.5835133828079633,-7.607434978166085,0.7389115220739861,-10.46433998830309,1.022700642132618,-18.502356454163518,4.283717645570219,-32.043733748333686,VI,25,5,263,8.566232084306934,0.23020802977014507,1.3331614086363506,1.7656224139969265,0.7752791091761153,1.2413682732297802,1.1406942217181253,1.1333772699008873,2.5023383164194155,-1.5110785180598236
0.46404,3.45686,1.58866,0.028980600457142305,0.009883840682025857,-0.3680839750319599,-20.207852602057724,0.5822311754726128,-7.577228378255499,0.7365413316918377,-10.366165699856674,1.0239259534283038,-18.418353839825976,4.544844951563668,-20.024335494916205,VI,25,5,264,8.455296099994227,0.2272267476699291,1.3296656064643686,1.8780706939354537,0.9066505819226737,1.2386405011637016,1.1370352417286131,1.1347351843421918,2.654876115899849,-1.5378926205031476
0.46402,3.45686,1.50404,0.030611101248799028,0.008983165237230084,-0.04741466506600426,-2.714627116712323,0.5838098454252358,-7.613434833608645,0.7399313778501211,-10.400643348384545,1.0215696213258714,-18.470161878467163,4.425444555253817,-30.14158440158275,VI,25,5,265,8.319265180312277,0.22357106688757306,1.329608298232041,1.7780352287504437,0.8240310879002168,1.2419989687684323,1.142268623464572,1.1321238500619417,2.5851282446808455,-1.5141210461728847
0.46637,1.07079,3.0933200000000003,0.048049732629990856,0.006860928225618901,0.08597062176076414,4.913671991761516,0.5845562180708865,-7.635463361429293,0.7400283538721876,-10.48928056363388,1.0191932399616832,-18.517694114929014,4.309642154377723,-35.14039595519447,VI,25,5,266,8.11986687233777,0.21821245750522808,1.336342015530531,3.656838869842772,0.6293570251085923,1.243586804368464,1.1424183301408275,1.1294902967895288,2.517482146403274,-1.3183090245956994
0.46433,1.07079,2.9222799999999998,0.050862066242455664,0.008311052156235565,0.3647254103913042,20.038197686312255,0.5828799763095877,-7.7226553178702355,0.7400945567981002,-10.652022395125535,1.012777239998317,-18.569094476751154,3.8970203792805815,-43.765457549976674,VI,25,5,267,7.915623033944022,0.2127236298425439,1.3304965758331184,3.454640028372148,0.7623777553945962,1.2400207621798067,1.1425205308682398,1.1223799575342406,2.276448688214848,-1.2936060008361023
0.46464,2.16054,2.09524,0.03515799045314444,0.00919006486620999,-0.15177760614923225,-8.630347687968689,0.5828610757573256,-7.746141390097829,0.7297562831913346,-10.492737063571397,1.0223218662288374,-17.14426716040666,2.2921699577851986,24.7125189885032,VI,25,5,268,7.741581440574651,0.20804645417028783,1.3313848534341957,2.4769358080151322,0.8430101138729189,1.239980553083296,1.1265608271506982,1.1329575028820305,1.3389735710155257,-1.453975956125335
0.46345,2.73547,1.70026,0.03421943523844,0.009528793347242548,-1.0475455288350692,-46.33021152999333,0.5838300537436267,-7.589715417437616,0.7357743528087141,-10.136088919949948,1.0285103190247527,-18.11056635151648,4.616758705573288,-1.7242445117816851,VI,25,5,269,7.560249045956506,0.20317334626383507,1.327975013610705,2.010001182172834,0.8740818788195596,1.2420419600108696,1.1358512185350063,1.1398156698233546,2.6968846134304743,-1.4657271623826769
0.46612,2.73547,1.6363999999999999,0.03555483803379981,0.0074062268564837885,-0.8702389635033733,-41.031061147495095,0.5845502314688974,-7.759082787352709,0.7381087413772085,-10.230671655353959,1.026621849141686,-18.318718941533128,4.81606916839375,-7.052981457051735,VI,25,5,270,7.37759524560589,0.19826472703721196,1.3356256626264362,1.9345076250147772,0.6793775927098452,1.243574068451872,1.1394549294960323,1.1377228297955075,2.813312036814618,-1.4491012954005162
0.46647,3.45686,1.63232,0.028205450354246528,0.00652528652400064,-0.6111074489551447,-31.42941284234199,0.5839818473969188,-7.593762268711301,0.7357755975744092,-10.228251122421904,1.0187854020909866,-18.403242823271174,4.894628248338173,-13.31881110597223,VI,25,5,271,7.282401848998173,0.19570650960106092,1.3366285566921687,1.9296843598534108,0.5985684122727832,1.2423648863238321,1.1358531401413063,1.1290383227187115,2.8592024087094297,-1.5496669615367897
0.46398,2.73547,1.75374,0.03317591943988847,0.008639797544537253,-0.838622705391614,-39.98396077574001,0.5829870792557508,-7.500919089956304,0.7322710857672273,-10.071065427130472,1.0223300937602002,-17.840334025473712,4.456200960703412,4.665792381756582,VI,25,5,272,7.176978121959681,0.19287336332931587,1.329493681767386,2.073223785317414,0.7925337653098662,1.2402486133367014,1.1304430521280961,1.1329666207965499,2.6030946323374735,-1.4791770322273028
0.46794,2.73547,1.7461600000000002,0.03331993457558872,0.007084736086582388,-1.222625541491995,-50.719857582626325,0.5859977011508083,-7.527788356176589,0.734460921697824,-10.177307405649819,1.0232899762431513,-17.938518983688564,4.497403565266589,4.481795400368097,VI,25,5,273,7.062962617378662,0.18980932252181434,1.3408407117682455,2.064262915238208,0.6498870532534636,1.246653420172889,1.1338236100405388,1.1340303817282769,2.627163178554878,-1.4772958600110093
0.46773,1.07079,3.21938,0.046168268094789466,0.007830098830879317,0.18836226425530736,10.667374039696119,0.5861991092382132,-7.599347915818059,0.7406074168530855,-10.38189409002164,1.009187935560443,-18.671613072769862,4.604511602761312,-37.187426225331784,VI,25,5,274,6.862189511004122,0.18441376695030615,1.3402389753288058,3.8058635772549954,0.7182596209223486,1.2470818963947592,1.1433122582723947,1.1184022186954756,2.68973045501781,-1.335656416784872
0.29149,14.06813,1.4994,0.007545121753642831,0.00749007865924084,0.5593536757341125,29.220627603343125,0.47973491144436864,-16.180137161948075,0.7509699888783576,-16.701544923652662,1.1386491458105494,-11.23460468785262,2.1036136194091966,9.510574076246108,VI,25,6,0,35.9921836166526,1.0,1.0,1.0,1.0,1.0,1.0,1.0,1.0,-2.122333747736158
0.29449,28.40909,1.2870599999999999,0.004352752922246709,0.007691423641083606,-0.12235112130428022,-6.9755333008645835,0.483980568469402,-16.1521602696159,0.7584518839170956,-16.623136999008935,1.1491874241338869,-11.525447244349964,2.3416178497887237,-3.194288900269994,VI,25,6,1,33.79594589209153,0.9389801478022874,1.0102919482658066,0.8583833533413364,1.0268815577249457,1.0088500063759185,1.0099629747520442,1.009255070679244,1.1131406586188441,-2.3612359842440007
0.29575,14.06813,1.51246,0.007479970086754071,0.006795850254514291,0.7192349539597542,35.72500829433677,0.4855108050990509,-16.108792308262537,0.7594008199242885,-16.694759465917276,1.152881049761591,-11.473115536497696,2.304287587066979,4.554603055728512,VI,25,6,2,32.58458088429388,0.9053238122851174,1.0146145665374455,1.0087101507269574,0.907313602925912,1.012039760953174,1.0112265885065834,1.0124989370109354,1.0953948794618196,-2.1261001389247927
0.29597,22.48202,1.37494,0.005148741109980554,0.007593815178828844,-0.6973701409665717,-34.890767807864364,0.48631617218821593,-16.17213825434066,0.7630801776286881,-16.732638776710452,1.15092726758248,-11.735970838499988,2.3380258617290104,-18.22811147338069,VI,25,6,3,31.87169725053832,0.88551718867627,1.0153693094102714,0.9169934640522875,1.0138498571653878,1.013718536189148,1.0161260621991275,1.0107830597485676,1.1114331263864174,-2.288298944904858
0.29588,22.48202,1.3641,0.005189656258160444,0.007496589221046124,-0.2436773328793128,-13.694786920560515,0.4857274032366535,-16.229757124246944,0.7623657354901919,-16.847681757229967,1.1470360781232376,-11.748349546706626,2.118658018674725,-27.965633100619456,VI,25,6,4,31.4496047782249,0.8737898515185953,1.015060550962297,0.9097639055622249,1.0008692247573732,1.0124912564195983,1.0151747030914708,1.007365686211197,1.0071516932228997,-2.284861407108774
0.2963,22.48202,1.3754,0.005147019122987251,0.007443074572153263,-0.7906229619411921,-38.33070605924119,0.4876456449040523,-16.037065052674222,0.7619931819443063,-16.703399442779876,1.151303528796358,-11.834060291846848,2.3892889100296766,-16.218948686041934,VI,25,6,5,31.16233153546778,0.8658083062526336,1.01650142371951,0.9173002534347071,0.993724486854409,1.0164898014944677,1.0146786066410094,1.011113505009307,1.1358021682236077,-2.2884442181900067
0.29759,17.79613,1.44868,0.006173367021947252,0.007394844352423602,0.4270700763657775,23.12587799039318,0.4869161771494533,-16.056598578337365,0.761674956556321,-16.920528615939666,1.1418368968879526,-11.706381648858343,1.4991894688868255,-39.19368471649037,VI,25,6,6,30.91441493758014,0.8589202385397057,1.020926961473807,0.966173135921035,0.9872852728055475,1.0149692372470112,1.0142548541706071,1.0027995902768925,0.7126733992661045,-2.2094779023835946
0.29824,22.48202,1.36654,0.0051803899642576595,0.006580545709180652,-0.6873853562711422,-34.504062372115534,0.48703187532513026,-15.985245530941647,0.7615909532874912,-16.66144887289253,1.1498449527546641,-11.85442072959338,2.380060801701703,-18.32347575660301,VI,25,6,7,30.73335496723433,0.8538897026801909,1.0231568835980651,0.911391223155929,0.8785683046281421,1.0152104083040199,1.0141429944823719,1.009832534442508,1.131415379583893,-2.2856375466349506
0.29774,22.48202,1.36406,0.005189808440799278,0.007247256717343942,-0.6034733039168975,-31.109860022491628,0.4856759938264725,-16.073731966675595,0.7617977245086752,-16.676786467212594,1.1485388984040243,-11.91049163650144,2.342774427990684,-20.44699548768609,VI,25,6,8,30.53984098030514,0.8485131467871038,1.0214415588870973,0.9097372282246232,0.9675808555632032,1.0123840942995301,1.0144183333431072,1.0086855135577648,1.1136904640542573,-2.284848671947143
0.29787,22.48202,1.35006,0.005243626284577473,0.007364551186312851,-0.13060120225034433,-7.4407834042474486,0.48584568917086507,-16.06656629644028,0.7599035080237935,-16.801138372020258,1.1442994728327327,-11.949080144733577,2.072903031456888,-30.871304550669937,VI,25,6,9,30.36009826535755,0.8435192093016207,1.021887543311949,0.9004001600640256,0.9832408338231375,1.012737821619232,1.0118959735778241,1.0049623073472391,0.9854010319818457,-2.2803682682270625
0.29906,22.48202,1.36294,0.005194073181326151,0.006738061894612457,-0.9612160111397688,-43.86709609917687,0.484973719313084,-15.91594666610096,0.7606146843699748,-16.629405182922472,1.1495210498657287,-12.000972852150756,2.464234460542982,-11.732268010856352,VI,25,6,10,30.2599422102805,0.8407364924722169,1.0259700161240521,0.9089902627717754,0.8995982820953974,1.0109202139426179,1.0128429839200663,1.0095480720248027,1.1714292196088112,-2.284491935718994
0.29805,22.48202,1.3504800000000001,0.005241995514007363,0.007508192091476573,-0.2379128359558297,-13.382607143730581,0.48601373065549197,-15.986208178580553,0.7598690067454532,-16.678710023774347,1.143312829216867,-12.050809203031948,2.1573748938021797,-28.524432390842083,VI,25,6,11,30.23077814825945,0.8399262037069763,1.022505060207897,0.9006802721088436,1.002418323366122,1.0130881014938422,1.0118500312913796,1.0040958037192376,1.0255566297427197,-2.2805033550496017
0.30069,14.06813,1.4955,0.007564798099239092,0.005837870861804706,0.5621327958102207,29.34176869658162,0.4847009540905799,-15.870867038203135,0.7557388545588634,-16.535318913096184,1.1494708617572802,-11.76615663093281,2.269241955319453,9.933576447241947,VI,25,6,12,30.13329025922862,0.8372176186967096,1.0315619746818072,0.9973989595838335,0.7794138255947777,1.010351639056786,1.0063502746462991,1.0095039951389304,1.0787351509716758,-2.1212026585934014
0.29799,14.06813,1.5203000000000002,0.007441396801560259,0.006890556681152071,-0.16434848618455644,-9.333041652913698,0.4850681297908648,-15.907019577455886,0.7525253616783767,-16.617728410291885,1.1464301408532331,-11.598740565475575,1.7669450488888288,22.251346283004086,VI,25,6,13,30.08567729108045,0.8358947490243583,1.022299221242581,1.0139389088968922,0.9199578528659226,1.011117011122745,1.002071151741153,1.0068335317084394,0.8399570304099278,-2.1283455367292974
0.29867,17.79613,1.39896,0.006392772729280713,0.007563572584308342,-0.8176528128229439,-39.27124629974566,0.483995660674713,-15.86102750046489,0.7528605757071747,-16.85073823186607,1.1388842807044957,-11.548012209312928,0.8451293417951419,11.653534311164952,VI,25,6,14,29.9763255451211,0.8328565408643857,1.0246320628494974,0.9330132052821128,1.009812169993279,1.0088814658443686,1.0025175264748474,1.0002065033771037,0.40175122180112993,-2.1943107349801445
0.2992,22.48202,1.32938,0.005325196784784383,0.006435022102071086,-0.012105496229045479,-0.6935599653646516,0.48384994228002487,-15.9075775711369,0.7559919900106338,-16.680748893974854,1.1373990062775141,-12.080649436378184,1.9878015430031752,-33.51373779604012,VI,25,6,15,29.90694791594863,0.830928965980033,1.0264503070431232,0.8866079765239429,0.8591394556493631,1.0085777181053321,1.0066873526327955,0.9989020853898367,0.944946127303289,-2.273664338881358
0.29885,14.06813,1.4845799999999998,0.007620441847129869,0.007024378714842128,0.5445242343387718,28.569363021260976,0.4830607666256723,-15.893990749722974,0.75129242309698,-16.49045836254959,1.1433610937084864,-11.827579492367857,2.2546813435583926,10.73140513611593,VI,25,6,16,29.89288661741382,0.8305382895297077,1.0252495797454457,0.9901160464185672,0.9378244254051782,1.0069326936646956,1.0004293569961482,1.004138191220073,1.0718134370092278,-2.1180198467434543
0.30234,22.48202,1.3315199999999998,0.005316638204275313,0.005746161028321817,-0.2172742431424616,-12.258369126831735,0.4866393932699239,-15.80912189935821,0.7582394968311474,-16.666462442647887,1.1410764410693521,-12.194341910879407,2.1694013243402392,-29.400795799621488,VI,25,6,17,29.90104923111765,0.8307650780399789,1.037222546228001,0.8880352140856341,0.7671696506461284,1.0143922855327903,1.0096801577432508,1.0021317323845835,1.0312736637203934,-2.2743628922968564
0.29978,14.06813,1.51858,0.007449825203421657,0.00812040747726489,-0.5879864585669845,-30.454951637637386,0.48532906043360974,-15.724555016399082,0.7501066230744592,-16.574735374591686,1.1417924902283723,-11.619712132825043,1.4113912527740307,25.45392074620201,VI,25,6,18,29.74391260083981,0.8263992237214002,1.0284400837078458,1.0127917833800186,1.0841551666812452,1.0116609170101847,0.9988503324810782,1.0027605908539854,0.6709365445021326,-2.127853917061104
0.30209,11.1448,1.5819200000000002,0.009027413497345444,0.00612883175284068,0.40310145619876575,21.95443542317351,0.4831593499294683,-15.78510329186562,0.7532401255657072,-16.73222370481441,1.132094141810402,-12.100850020333047,1.555734366646743,-40.0300056526957,VI,25,6,19,29.7100260842285,0.8254577271739212,1.036364883872517,1.0550353474723224,0.818259998548783,1.0071381890360855,1.0030229392931402,0.9942431748846734,0.7395532869214231,-2.0444366643861023
0.30148,8.81772,1.6576400000000002,0.010888639252788285,0.006670571790625246,0.4424944239644773,23.869122894393175,0.48359601453714723,-15.797629211462729,0.7532253397065823,-16.377135690353025,1.1429911764370644,-12.097074779480637,2.4632792685395333,0.08699645909549199,VI,25,6,20,29.69270119173136,0.8249763756482215,1.0342721877251364,1.1055355475523543,0.8905876819324812,1.0080484096543103,1.0030032502784743,1.0038133174230979,1.1709751476277994,-1.9630263903939091
0.29949,11.1448,1.5871,0.008997949694235214,0.007511641651994194,0.31389349103636355,17.426733601418682,0.4830316919526263,-15.763661097172188,0.7526677299286786,-16.68472806851988,1.1312963133939977,-12.21372450059132,1.637294764468098,-39.31002293851751,VI,25,6,21,29.60516563124846,0.8225443042458518,1.0274451953754844,1.0584900626917433,1.0028788740057826,1.0068720879586017,1.0022607308886693,0.993542495119234,0.7783248546032588,-2.045856439218588
0.29988,22.48202,1.3231600000000001,0.005350229829919785,0.007198717740696747,-0.44661909188491,-24.066450807297773,0.48301390009840883,-15.715068024928309,0.7507385581990915,-16.495212783058008,1.13374792856232,-12.293327007089825,2.309899017475101,-24.30496805371704,VI,25,6,22,29.57063580494391,0.8215849341039254,1.0287831486500394,0.8824596505268775,0.9611004193948447,1.0068350011137774,0.9996918243302748,0.9956955860668208,1.0980623989893354,-2.2716275615821258
0.30081,22.48202,1.3221,0.005354519402281722,0.00658344018675594,-0.6017964985241473,-31.03938168448224,0.48314757856268703,-15.760300512020514,0.7508591410173231,-16.474628383853894,1.1325367335029486,-12.315360496110305,2.3858835291029927,-20.96152422468083,VI,25,6,23,29.56548419878174,0.8214418028558454,1.0319736526124395,0.8817527010804321,0.8789547461739484,1.0071136518041675,0.9998523937538435,0.9946318738040684,1.1341833438847349,-2.2712795034135844
0.30052,22.48202,1.32702,0.005334667225630859,0.007387519355595562,-0.872627853497296,-41.10885678123734,0.48400302396843714,-15.748225890786353,0.751297435855178,-16.467910066962475,1.1351471453359052,-12.336359590515551,2.4745498761388562,-14.8188345070661,VI,25,6,24,29.49633075222017,0.8195204566186148,1.030978764280078,0.8850340136054422,0.9863073128719756,1.008896814516205,1.000436032040787,0.9969244253266871,1.176332884188988,-2.272892666507507
0.30067,22.48202,1.32234,0.005353547576082296,0.007934929213699204,-0.6435881246395332,-32.76485145695034,0.48188526089389777,-15.557903550293906,0.7506696155928645,-16.471128462959083,1.132798208835744,-12.381308648621143,2.402080550828414,-20.066332904400845,VI,25,6,25,29.449879035692,0.8182298509409233,1.0314933616933684,0.8819127651060424,1.0593919736623236,1.004482370155332,0.9996000195880773,0.9948615102410318,1.1418829620921749,-2.271358333469054
0.29953,11.1448,1.59388,0.008959674479710335,0.007982569137166662,-0.04639642532613012,-2.6564143577178614,0.48152704027358995,-15.689461983527845,0.7493353999705129,-16.598468181653658,1.1275897486132636,-12.401110641550186,2.021376082139123,-33.22868143572213,VI,25,6,26,29.42496734525685,0.8175377092609274,1.0275824213523619,1.0630118714152328,1.065752377288884,1.0037356648150237,0.997823363207515,0.9902872651878967,0.9609065388665957,-2.0477077687121668
0.29928,22.48202,1.32068,0.005360276601263488,0.007976217411249042,-0.8678221716978056,-40.95216934965321,0.4810673215415615,-15.667719017022273,0.7482239363570292,-16.430903367053226,1.1302352654857872,-12.3887619619035,2.4772140903526094,-15.090596786317072,VI,25,6,27,29.43357622459497,0.8177768967309017,1.026724758996878,0.8808056555955716,1.0649043587023526,1.0027773882313074,0.9963433258825297,0.9926106471376899,1.1775993782776226,-2.2708127992432408
0.30025,14.06813,1.44844,0.007810579352553134,0.006896694448819185,0.7018815439353402,35.06430829252176,0.4820115999692403,-15.491120378923464,0.7429056195097112,-16.27114461962663,1.1309127546203999,-12.138597024671455,2.352528510768886,7.344901728622285,VI,25,6,28,29.45458956618459,0.8183607274262947,1.0300524889361555,0.9660130718954247,0.9207773058979066,1.0047457220030478,0.9892613959438096,0.9932056408959562,1.118327286466988,-2.107316750977366
0.3018,14.06813,1.4873399999999997,0.00760630088440576,0.007052353106616227,-0.6889175371305925,-34.56363778946366,0.4818851790849827,-15.640300557614236,0.740937176143865,-16.444127942730372,1.1266450597187694,-11.864183904715503,1.3178685021086751,25.812073187319477,VI,25,6,29,29.48302475042766,0.8191507651896582,1.0353699955401556,0.991956782713085,0.9415592849502894,1.0044821996259143,0.986640194837243,0.9894576076081496,0.6264784036142534,-2.1188264990858148
0.29981,11.1448,1.55908,0.009159662082587621,0.008001899026964021,0.35214607898585126,19.3995151667346,0.4806007407642828,-15.683930849942637,0.7449618358009404,-16.60011787748232,1.1184910983202832,-12.381647133551377,1.6151281941371638,-40.07468427258485,VI,25,6,30,29.431823440603,0.8177281977130639,1.0285430031905038,1.0398025877017474,1.0683331098388034,1.0018048078204427,0.9919994764552563,0.9822965242942182,0.7677874773366296,-2.03812054798876
0.29905,22.48202,1.29128,0.005482319947460399,0.008494362551731138,-0.1125029712895168,-6.418954844831302,0.4799289834665935,-15.532753781420679,0.7432056980877093,-16.408005815844337,1.1173680867569156,-12.450293334469123,2.073180477630704,-32.31239776099088,VI,25,6,31,29.33407413984891,0.8150123496890816,1.0259357096298327,0.8611978124583166,1.1340818886129145,1.0004045401274646,0.9896609839199499,0.9813102577453875,0.9855329222544967,-2.261035622688918
0.30093,22.48202,1.3039800000000001,0.005428925368300636,0.007166031805510176,-0.756778911841591,-37.117667826927175,0.47958753607481963,-15.612825765913941,0.744095201558551,-16.358062124089674,1.1248333902699041,-12.533569036821824,2.4534723228863755,-17.87659178586251,VI,25,6,32,29.26259917644459,0.8130265028684056,1.0323853305430717,0.8696678671468588,0.9567365219414788,0.9996927983225042,0.9908454566472427,0.9878665385281516,1.1663131956596846,-2.2652861285705117
0.30046,14.06813,1.4523200000000003,0.007789712706161218,0.0071944453671256015,0.18024491222175618,10.217565195216146,0.48018849047773104,-15.377568595706961,0.7385358968289409,-16.33490488721028,1.1264607470511587,-12.114452617779925,2.047198350100649,17.61051632945922,VI,25,6,33,29.21789857182902,0.811784549751816,1.030772925314762,0.9686007736427906,0.9605300150285468,1.0009454784768463,0.9834426245608188,0.9892957380205872,0.9731817341416569,-2.1084785593273936
0.30074,14.06813,1.4827599999999999,0.007629795487747218,0.00800998415383164,-1.047479207591743,-46.3283996958944,0.4796647848470707,-15.475412343519888,0.7384552894667803,-16.49428808486261,1.1191209635234418,-12.005083680957652,0.9202709947160642,17.67098272872654,VI,25,6,34,29.24972140564384,0.8126687093280661,1.031733507152904,0.9889022275576896,1.0694125546931834,0.9998538221929966,0.9833352868997213,0.9828496931131437,0.43747149487201165,-2.1174871029013738
0.30033,14.06813,1.4828200000000002,0.00762948675996551,0.008051579675355525,-0.9579878747704361,-43.770805381448795,0.4790495299171453,-15.426306589642525,0.73740665774713,-16.459896859397354,1.1170384905936457,-12.012562963692421,0.8620336778870219,13.731302191983335,VI,25,6,35,29.2542614607688,0.8127948493581715,1.0303269408899103,0.9889422435640924,1.074965970540501,0.9985713328113649,0.9819389172242612,0.9810207953025599,0.4097870777852853,-2.1175046763061838
0.30069,8.81772,1.6300000000000001,0.011073278509811027,0.008405452673253433,0.7220999585198093,35.83304886783466,0.4797477189529647,-15.234300357719333,0.7390848015726793,-16.19078312799505,1.1231739947580104,-12.384498330162172,2.3736118401269044,6.382879023760968,VI,25,6,36,29.20186526366213,0.8113390833600665,1.0315619746818072,1.0871015072695744,1.1222115355068076,1.0000266970534988,0.9841735522301898,0.986409201544236,1.128349720797842,-1.9557237767799782
0.30071,1.07079,2.02414,0.07343029579920525,0.006943502071855734,0.5874250669334277,30.43104393913193,0.4781331840945308,-15.606609792953158,0.7383205459526515,-16.56031289507461,1.1102770828624366,-12.458110671859496,1.357512274947145,-41.50455942104881,VI,25,6,37,29.12913186012017,0.8093182722773985,1.0316305876702458,1.349966653327998,0.9270265891385839,0.9966612241226819,0.9831558609358022,0.9750826994842945,0.6453239617874336,-1.1341247223205273
0.30003,8.81772,1.6009799999999998,0.011273997158610336,0.008639779466789177,-0.718820589199735,-35.70935810491286,0.47805434716709977,-15.415627191323129,0.7394072706603004,-16.172040262657216,1.1203817377715444,-12.614192188755107,2.5173953540018696,-6.409381305712828,VI,25,6,38,29.08274623192424,0.8080295027853893,1.0292977460633297,1.0677470988395357,1.1534964931416176,0.9964968897672902,0.9846029556582852,0.9839569474879802,1.1967004447845724,-1.9479220789712155
0.30011,11.1448,1.54268,0.009257037078150173,0.007698901242862599,0.20277360568629826,11.462654402305127,0.47826392301147674,-15.487428592040343,0.7388461346602669,-16.451813604967576,1.109995442388863,-12.671848629136418,1.7740911396857344,-38.26494764113803,VI,25,6,39,29.09305065436596,0.8083157989032207,1.0295721980170844,1.0288648792850474,1.027879891937333,0.9969337473721412,0.9838557407118242,0.9748353533420611,0.8433540852354773,-2.0335279967434636
0.30202,1.07079,1.9968400000000002,0.0744342055142141,0.007463887565543781,0.6466085496313293,32.88705418463387,0.47848394136533184,-15.502382093615537,0.7359495113283193,-16.428129247207472,1.1054163018687502,-12.505395710031037,1.3131576181475941,-41.18883423473227,VI,25,6,40,29.1802645982005,0.8107389345696598,1.0361247384129815,1.3317593704148327,0.9965032284854919,0.9973923722264231,0.9799985648261753,0.9708137980306986,0.6242389790746823,-1.1282274427840344
0.30226,14.06813,1.4512,0.007795724612329149,0.00664314317537501,-0.44807716972218836,-24.136061911018782,0.4782612693185581,-15.57081710052577,0.7321804075468573,-16.277471186990578,1.1156704256215497,-12.200486913950892,1.5269660880029565,25.23274056022717,VI,25,6,41,29.14786863888931,0.8098388513833705,1.036948094274246,0.9678538081899426,0.8869256889817936,0.9969282157903128,0.9749795842580017,0.9798193146031455,0.7258776392747484,-2.1081435109420843
0.30307,22.48202,1.2737599999999998,0.005557726810197105,0.007410666427077828,-0.39407443454039603,-21.508131847328322,0.4791738345587619,-15.429251415509384,0.7389747779462066,-16.223750341667735,1.1119065580772716,-12.752906485219414,2.2934721139004406,-25.734474454486104,VI,25,6,42,29.14900888987264,0.8098705319003259,1.0397269203060138,0.8495131385887686,0.9893976771438792,0.9988304439134573,0.9840270435439544,0.9765137594563942,1.0902535012796533,-2.2551028047590522
0.30242,22.48202,1.27036,0.00557260154740126,0.0073619009393649515,-0.4934046713166455,-26.261946769476104,0.4782434120552659,-15.402937785304482,0.7357854814273471,-16.23064496405348,1.1089055280245037,-12.719852680413196,2.341331307571011,-23.392453524473876,VI,25,6,43,29.08521277533939,0.8080980327596032,1.037496998181756,0.8472455648926236,0.9828869994952923,0.9968909926012843,0.979780140783402,0.9738781538672541,1.1130044443373484,-2.253942008792239
0.3022,22.48202,1.2792999999999999,0.005533659111824174,0.007622521513937441,-0.8470432642642629,-40.266042611155996,0.4783131554091472,-15.25301563436913,0.7348925380527211,-16.137178804157006,1.1128666711256128,-12.71375182106316,2.4787285403073276,-15.879284758292346,VI,25,6,44,29.07401061849849,0.8077867941595724,1.03674225530893,0.8532079498466052,1.0176824384258236,0.9970363715433157,0.9785910874419235,0.9773569630471348,1.1783193060917159,-2.2569875980706766
0.30099,22.48202,1.27198,0.005565504254592574,0.00839982862709493,-0.5562413808654582,-29.084622588029877,0.47822902415342955,-15.206513054248783,0.7348853035363463,-16.248116283364254,1.1093669055951942,-12.83828099079356,2.388068117788115,-22.085691178789375,VI,25,6,45,29.09927052281316,0.8084886105479224,1.0325911695083878,0.8483259970654929,1.1214606694058802,0.9968610012425295,0.978581453879355,0.9742833511770559,1.1352218372016472,-2.254495480913125
0.30048,8.81772,1.57796,0.011438467369890222,0.008444315251532664,-0.8522343039525215,-40.43877467183967,0.4767417450386475,-15.266807278956934,0.7327927438651607,-16.060778754848247,1.1097538363066695,-12.744293441476149,2.514047352615854,-7.404550928537494,VI,25,6,46,29.12213086558658,0.809123757973733,1.0308415383032008,1.0523942910497532,1.1274000762481367,0.9937607909403353,0.9757949781184381,0.9746231667496569,1.1951088970996149,-1.9416321623777777
0.30217,11.1448,1.5483799999999999,0.009222959454217123,0.0075930770539636705,-0.3277604773176808,-18.147098980363737,0.4768475292815909,-15.263555864584566,0.7326678604647979,-16.15670528561228,1.1064725929774748,-12.865345857150343,2.248953691878374,-27.316431085732827,VI,25,6,47,29.12699477637863,0.8092588959482404,1.0366393358262718,1.0326663998932906,1.0137513101542341,0.9939812965579584,0.9756286819918122,0.9717414684308486,1.0690906690887447,-2.035129700594413
0.30299,1.07079,2.02424,0.07342666825030793,0.00794104563665593,0.5431896923653272,28.51035331398232,0.47678942949016195,-15.32748841457363,0.7317609491354545,-16.33921832574817,1.0989111611260003,-12.659136868181394,1.419078854691127,-41.469694332882085,VI,25,6,48,29.02562846454707,0.8064425535748184,1.039452468352259,1.350033346672002,1.0602085769631688,0.9938601884416989,0.9744210287662846,0.9651007645061187,0.6745910188058574,-1.1341461775437025
0.30299,11.1448,1.5163,0.00941808742314892,0.007964542657189266,0.24382649915074597,13.702854200913318,0.4769769824869423,-15.444095315096869,0.7317017705227761,-16.378861883796517,1.1000671403707674,-12.801171084534902,1.7331997431753472,-39.191023937319315,VI,25,6,49,28.90118009748584,0.802984903758772,1.039452468352259,1.0112711751367214,1.0633456629141083,0.9942511397614927,0.9743422258666283,0.9661159843822502,0.8239154411170428,-2.0260372825474744
0.30294,11.1448,1.5407199999999999,0.009268813255958713,0.007679258563146885,-0.36078043786505776,-19.838452018161583,0.4768262206163083,-15.303519751587467,0.7323320513794235,-16.135783284602233,1.103068968827078,-12.934459302545164,2.287190591495328,-26.50739391112101,VI,25,6,50,28.90060040140664,0.8029687975929062,1.039280935881162,1.0275576897425636,1.0252573988221934,0.9939368789748844,0.9751815148741542,0.9687522911562512,1.0872674384650967,-2.032975867730569
0.30238,11.1448,1.53942,0.009276640526770281,0.0080058747252309,-0.2784838651186463,-15.56166199677646,0.47662827392023205,-15.314559203861768,0.7319847216277806,-16.210559667185677,1.1030167844114778,-13.005781511249037,2.223425836552256,-28.507754318476515,VI,25,6,51,28.87586727485107,0.8022816170978577,1.0373597722048782,1.0266906762705081,1.0688639051011433,0.9935242621497292,0.9747190067089988,0.9687064610462544,1.0569554294750712,-2.032609272147253
0.30246,8.81772,1.57422,0.01146564264905285,0.00742145096132002,0.31431567107982794,17.44875051048477,0.4755648025252361,-15.1515117537965,0.7271037350642282,-15.983220507327855,1.1043025128279969,-12.74516275960932,2.4813423147680966,-0.4921849647233819,VI,25,6,52,28.91718614183723,0.8034296126578448,1.0376342241586332,1.0498999599839935,0.9908375197320323,0.991307472481881,0.9682194306462554,0.9698356310116029,1.1795618225104407,-1.9406015980543596
0.30238,8.81772,1.60584,0.011239876931071573,0.008310356607030833,0.48936839152558903,26.075664806236496,0.47519048216940474,-15.15478463689224,0.7258392852005566,-15.91470434700157,1.1063759066308536,-12.661570431150162,2.2563367156901255,11.443182642523443,VI,25,6,53,28.93852120026059,0.8040223818726998,1.0373597722048782,1.0709883953581432,1.1095152648067295,0.9905272074919841,0.9665356751268636,0.9716565552273593,1.07260035534654,-1.9492384439670571
0.30306,11.1448,1.46886,0.009722264858271523,0.00772919895907076,1.0040114587166153,45.11468963721518,0.47563468933784214,-15.24553086515818,0.7266153565209804,-16.315698779802762,1.0906082524961422,-12.622997544028793,1.0055566877261128,-37.2614370441767,VI,25,6,54,28.89528026226298,0.8028209838564482,1.0396926138117946,0.9796318527410964,1.0319249384030043,0.9914531504614044,0.9675691003394782,0.9578088707209197,0.47801396532530777,-2.0122325518565196
0.30214,14.06813,1.4254599999999997,0.007936494575373609,0.0083114114579253,-0.6887453047601294,-34.556945172727715,0.4755486510938261,-15.177836254408035,0.723264301820865,-16.05671599881651,1.098115594852973,-12.325291298581469,1.3360258053360428,26.41284196136167,VI,25,6,55,28.81188971861098,0.8005040768151812,1.0365364163436137,0.9506869414432437,1.1096560978930636,0.9912738050730169,0.9631067985834246,0.9644020714311233,0.6351098856791334,-2.1003712762542093
0.30261,8.81772,1.5375199999999998,0.011739323046849458,0.007815715929077927,-0.8423213225596077,-40.10814976444151,0.4743249938361766,-15.200471711585164,0.726459245324416,-15.981344981227245,1.0976671668300375,-12.955716357657332,2.478207502040643,-15.846599433189446,VI,25,6,56,28.81505556263095,0.8005920360247053,1.0381488215719235,1.025423502734427,1.043475814427574,0.9887231104530124,0.967361220931677,0.9640082468499647,1.1780716188444587,-1.9303569461458454
0.30182,1.07079,2.10474,0.07061831814808636,0.008331205613498871,0.3205253243377344,17.771970496706402,0.47459685318794725,-15.171128955241088,0.7255260201202388,-16.213791517951268,1.0890908755848574,-12.88024990137994,1.6460993686765988,-40.432388387429064,VI,25,6,57,28.81482014661451,0.8005854952707754,1.0354386085285943,1.403721488595438,1.1122988145418602,0.989289797065317,0.9661185278573892,0.9564762592515591,0.7825103210440844,-1.1510826298443357
0.30301,11.1448,1.5233599999999998,0.009374439370681066,0.007388557266181595,-0.5111558341589068,-27.07411189452144,0.475063245342334,-15.00938660751264,0.7256414709546942,-16.03893514630115,1.0938620573622668,-13.035359600479717,2.355997161385062,-23.367883703856524,VI,25,6,58,28.86440525114908,0.8019631584062686,1.0395210813406977,1.0159797252234226,0.9864458842586394,0.9902619842946819,0.9662722634742117,0.9606664716580445,1.1199761874743652,-2.028054695386905
0.3019,14.06813,1.4200399999999997,0.00796678653940175,0.008272557754893328,-0.7207662548095913,-35.78279084814344,0.47277314179547486,-15.148355735862562,0.7221233785862157,-16.083459521424153,1.0962435210035961,-12.513177728823328,1.301213618024786,25.86047954166731,VI,25,6,59,28.82202084311506,0.8007855580559967,1.0357130604823492,0.9470721621982124,1.10446874208552,0.9854882988858711,0.9615875324988326,0.9627579531737436,0.6185611302470242,-2.098716819084197
0.30172,8.81772,1.54726,0.011665424021167726,0.008892871219093657,-0.9550880137587229,-43.68404146329269,0.47474696768094454,-15.128379076773909,0.7249397548734497,-15.975366049148624,1.0975653388339852,-13.04933748123998,2.5263662099210586,-8.55328488534155,VI,25,6,60,28.79121394200345,0.7999296249611968,1.0350955435864009,1.0319194344404428,1.1872867594150203,0.9896027084032585,0.965337850526109,0.9639188180769076,1.200964942711577,-1.9330994706116327
0.30227,8.81772,1.5610999999999997,0.01156200369674715,0.008447432076815031,0.26698565807993874,14.94847928268887,0.47387381592150435,-15.160415538899624,0.7241385074596783,-15.891629227195965,1.0979483888395942,-12.966783705208607,2.495158314655343,-1.0968105753122752,VI,25,6,61,28.73982977196889,0.7985019769312288,1.0369824007684654,1.0411497932506333,1.1278162034243877,0.9877826370709234,0.9642709005472315,0.9642552254830155,1.1861295684880158,-1.9369668961028657
0.30159,1.07079,2.05808,0.07221934955832782,0.008299690479458444,0.4570433422633975,24.56245494889659,0.47343475175460403,-15.171213067900084,0.7233384057600385,-16.253727848922924,1.0868228914930969,-12.965085085474445,1.5155535946709575,-41.57166567633124,VI,25,6,62,28.70858701348493,0.7976339340579005,1.0346495591615492,1.3726023742830464,1.10809123068671,0.9868674146086298,0.9632054762140503,0.9544844392953371,0.720452454142507,-1.141346427353406
0.30228,1.07079,1.98018,0.07506044851427815,0.007928808834170242,0.6891095577265808,34.57109806870549,0.47392823558509695,-15.141120423920219,0.7225899211158463,-16.30328171643644,1.086256194493444,-12.989545680159758,1.285536156050793,-41.60631375894069,VI,25,6,63,28.6470001696146,0.7959228168740619,1.0370167072626848,1.3206482593037214,1.0585748421197316,0.9878960740176503,0.9622087857267112,0.9539867469185958,0.611108496441394,-1.1245888448430792
0.30233,11.1448,1.5134400000000001,0.009435885109235057,0.00824337777280909,-0.6312509872096955,-32.26220974222659,0.4740690336397543,-14.944769966140298,0.7219802420886042,-15.932533710691054,1.0899620465284692,-13.190658838889814,2.40255090412728,-20.95391632762381,VI,25,6,64,28.77484175887385,0.7994747433317859,1.0371882397337815,1.0093637454981994,1.1005729242427744,0.9881895653840248,0.9613969303446437,0.9572413508926648,1.142106555101141,-2.025217355697528
0.30359,17.79613,1.2833999999999999,0.006968391255535721,0.007760439986854828,1.2576604163135088,51.51083534593422,0.47337698361695824,-15.02474746696209,0.7192724645688655,-16.23937232901626,1.084488476905826,-12.690219507464258,0.7996503582657083,-24.70163477619305,VI,25,6,65,28.75971727203291,0.7990545274593056,1.0415108580054204,0.8559423769507802,1.036095926346572,0.9867469978195496,0.957791223645521,0.9524342778423032,0.3801317651148748,-2.156867472904265
0.30454,11.1448,1.4899999999999998,0.009584326147463563,0.00772562501989249,0.0881981373362733,5.04033858219094,0.4742755698497983,-15.010923788469823,0.7230866757042493,-16.092994435358932,1.0852788764084693,-13.108323721247972,1.9100345641269043,-36.5006970767351,VI,25,6,66,28.7379875468708,0.7984507928986703,1.0447699749562591,0.9937308256635986,1.0314477819750327,0.9886200869181407,0.9628702696684929,0.9531284332856647,0.9079778465511841,-2.0184384159863096
0.30496,11.1448,1.5086000000000002,0.009466158000610306,0.007934590051284385,-0.3767206965711892,-20.64243017150898,0.4750015184848785,-14.946256936391586,0.7241522902543678,-15.969838887979506,1.0903390615378,-13.253539233068802,2.2934613515879936,-26.21718038661301,VI,25,6,67,28.66684302763327,0.7964741270760216,1.0462108477134722,1.0061357876483927,1.059346692106515,0.9901333156154114,0.9642892538701253,0.957572458161939,1.0902483851726137,-2.023826250953961
0.30298,11.1448,1.50176,0.009509273092718349,0.009274538322860293,-0.23978203004182588,-13.483924112624756,0.4735258542923725,-15.001458734656334,0.7214730691776167,-15.95041258273186,1.0853483309430774,-13.239512635615892,2.2053921326575203,-29.299042497236712,VI,25,6,68,28.64139574876615,0.7957671047086612,1.0394181618580398,1.0015739629185008,1.238243113964883,0.9870573164389848,0.9607215732484898,0.9531894305953834,1.0483827031301063,-2.0218526801064365
0.30291,6.97545,1.66168,0.013730947570913981,0.008657977370982173,-0.8876498206857155,-41.59385655752903,0.4728553498479565,-14.964929071423681,0.7164087587173149,-16.011790426719532,1.0881264928334038,-12.586554632999729,1.1560714891361439,25.18574792578415,VI,25,6,69,28.64158730702466,0.7957724269269669,1.0391780163985043,1.1082299586501267,1.1559260943542222,0.9856596602992694,0.9539778810433382,0.9556293058638524,0.5495645580868737,-1.8622994911231
0.3041,11.1448,1.49742,0.009536833994283974,0.008463447202339602,-0.21804552982444061,-12.30056168928552,0.473204948306237,-14.90147026425342,0.7208123919944118,-16.0049678920629,1.0851495298738505,-13.281585945278332,2.1849594360469107,-29.97225058174484,VI,25,6,70,28.68963075528378,0.7971072569770362,1.0432604892106074,0.9986794717887154,1.1299543819740632,0.9863883928762419,0.9598418081540263,0.9530148368059284,1.0386695616947756,-2.020595776974866
0.3044,11.1448,1.50448,0.009492080958019187,0.008544871372914875,-0.5436812906418883,-28.532098102940576,0.47342870880516486,-14.835556370897253,0.7199209218015525,-15.873275774054212,1.0864398029828253,-13.26188939625369,2.3761506813277897,-22.739637019185988,VI,25,6,71,28.69034551159452,0.797127115630747,1.0442896840371882,1.0033880218754168,1.140825318619677,0.986854818174026,0.9586547165177935,0.9541479980731388,1.1295566160078083,-2.022638566338489
0.3048,8.81772,1.5794200000000003,0.011427893765427797,0.008255005232624457,0.3184396600079458,17.66353832773801,0.4735625695516364,-14.650533569395044,0.7160572453031582,-15.788846941782694,1.0916655973460934,-12.968927313274635,2.1409260550010525,15.182130698971909,VI,25,6,72,28.64600568667727,0.7958951863488367,1.0456619438059624,1.0533680138722157,1.1021253057789846,0.9871338488288276,0.9535098018665901,0.9587374665520776,1.017737304630275,-1.9420338055051627
0.30293,8.81772,1.57558,0.01145574580217569,0.009169032089744067,0.3641177468505444,20.007462816194135,0.4726542297625302,-14.896601201495368,0.7160753846881646,-15.857471167029034,1.0907969789481604,-12.957293868858345,2.1947432183020417,13.893932275312538,VI,25,6,73,28.59395193235908,0.7944489347161876,1.0392466293869427,1.0508069894624517,1.2241569824412764,0.9852404285931158,0.953533956473665,0.9579746166424905,1.043320502421181,-1.9409766317276675
0.30498,11.1448,1.48794,0.009597595306074645,0.007713713688567936,-0.1700679179141124,-9.651827380592698,0.47287970425484643,-14.965830820331757,0.7194276520573324,-15.975585231778348,1.0827881457921278,-13.406202057646976,2.151326096142679,-31.043722896107326,VI,25,6,74,28.51215189959802,0.792176218127711,1.0462794607019106,0.9923569427771108,1.0298575007688588,0.9857104266835974,0.9579978730333331,0.9509409898352342,1.022681197865073,-2.0178375665565538
0.3048,8.81772,1.51824,0.011888399706892174,0.008034895600767922,-0.9005017092191065,-42.00309020336845,0.47204635021834646,-14.818809172616556,0.7166952458153688,-15.752614665536663,1.086355101519399,-13.241197232863255,2.5354979040466934,-7.748232008182882,VI,25,6,75,28.49033506962416,0.7915700634635142,1.0456619438059624,1.0125650260104042,1.072738480637305,0.9839733130889438,0.9543593704534301,0.9540736103974111,1.205305898693883,-1.9248766016673304
0.3037,1.07079,2.0606199999999997,0.0721303291917012,0.008881963451201513,0.4134712462855894,22.46368750134528,0.4719690914923348,-14.837179005273631,0.7165642623862469,-16.050124995798292,1.0777110184816991,-13.22904355839367,1.54664371098871,-41.37078981176579,VI,25,6,76,28.49499474433392,0.7916995269814655,1.0418882294418332,1.3742963852207546,1.1858304639088728,0.9838122684699915,0.9541849514605786,0.9464820857653466,0.7352318394967834,-1.1418820857523562
0.30526,11.1448,1.41942,0.010060902312015266,0.008781572995729903,0.6957014675549651,34.826392379257285,0.47175886595207833,-14.81046453664422,0.7148748849932063,-16.079639344884683,1.0782119736013056,-12.815719094034709,0.7269573735146345,-9.177376769084832,VI,25,6,77,28.47653282640289,0.7911865845568641,1.0472400425400528,0.9466586634653861,1.1724273395841698,0.9833740565841325,0.9519353577110815,0.946922041410551,0.3455755214775619,-1.9973630678331462
0.30401,6.97545,1.6802599999999999,0.013579113327482857,0.008886689507260626,-0.5852215489063419,-30.33709050056697,0.47116871447397934,-14.724005694737189,0.7137663368791999,-15.972342915640043,1.0797686286955248,-12.820761783202363,0.7825709597690905,7.33216460037185,VI,25,6,78,28.43586937892317,0.7900567990480762,1.0429517307626333,1.1206215819661196,1.1864614393998019,0.9821438949594089,0.9504592026976673,0.9482891483020344,0.3720126892831569,-1.867128587165482
0.30613,11.1448,1.41886,0.01006487317967996,0.007879066982688088,1.0644801666081032,46.78894467100145,0.47277108578865407,-14.701331328507216,0.7140461947034317,-16.040151921739383,1.0774762866447023,-12.90195932021278,0.7444734074664268,-15.06609877874718,VI,25,6,79,28.41113152664612,0.7893694872544789,1.0502247075371367,0.9462851807389622,1.0519338101966842,0.9854840131714656,0.950831864492914,0.9462759363664203,0.35390216178364226,-1.9971916929772324
0.30473,6.97545,1.6770800000000001,0.013604861401743709,0.008883093339106474,-0.7467407322656494,-36.750195489159154,0.47246970812738287,-14.864958104905135,0.7137919327698368,-16.018272961165138,1.0774106486048047,-12.809148167713477,0.8005688027650708,10.382780999720309,VI,25,6,80,28.38273002618072,0.7885803853548026,1.045421798346427,1.118500733626784,1.1859813151824528,0.9848557960997419,0.9504932864706754,0.9462182908307967,0.38056836834414104,-1.8663058781962052
0.30609,8.81772,1.5055,0.011989002969772152,0.007754848450595875,-1.002830637707966,-45.08097713454054,0.4717585090911245,-14.769053680215457,0.7169318124497949,-15.673237856582233,1.084535560642668,-13.364800535724571,2.5342559424860167,-11.700936356470672,VI,25,6,81,28.35478053472853,0.7878038419877794,1.0500874815602592,1.0040682939842605,1.0353494006405897,0.9833733127129959,0.9546743852182403,0.952475628364556,1.2047155043604285,-1.9212169322247985
0.30467,11.1448,1.4825599999999999,0.00963242361841727,0.008452264424644473,-0.24892935599393523,-13.978493990826754,0.47283613443850053,-14.855009111829368,0.7162222860755509,-15.770399649893616,1.0781151243312121,-13.45413093108271,2.221252654376615,-29.41250022846081,VI,25,6,82,28.33245477752347,0.7871835473859612,1.0452159593811108,0.9887688408696811,1.1284613699238717,0.9856196060755772,0.953729571997004,0.9468369851221853,1.055922358498733,-2.0162644260970968
0.30537,11.1448,1.4755600000000002,0.009678119466318351,0.009059410128016532,-0.07641784841659363,-4.369927063634558,0.4714611225223809,-14.826961847959163,0.7168253324394627,-15.945563215796815,1.0779018457318277,-13.497708956820098,2.0889841704921808,-33.138147975297464,VI,25,6,83,28.31368834895745,0.7866621444956586,1.0476174139764656,0.9841003067893825,1.2095213602115564,0.9827534150118922,0.9545325952507195,0.9466496766785183,0.9930455627487692,-2.014209021280649
0.30547,8.81772,1.52056,0.011870260937412516,0.008734850665903404,-0.11768091004790393,-6.711749854273049,0.47258943337442555,-14.660665387484155,0.7144593319501862,-15.613108011918763,1.0846196306060185,-13.400022013844227,2.519380051222089,-2.5791579874296295,VI,25,6,84,28.27920937185455,0.7857041871383021,1.0479604789186592,1.014112311591303,1.1661894438353908,0.9851053615247017,0.9513820026513929,0.9525494614356647,1.1976439152022895,-1.9255397340839258
0.30535,6.97545,1.6350799999999999,0.013954326980720423,0.00920249467228157,-0.8339345040182276,-39.82589301010414,0.4711444440180296,-14.767385225194134,0.7109726401338646,-15.908421667370556,1.0801838254261187,-12.920592812830938,1.2353625660991423,25.72184870871706,VI,25,6,85,28.24692963199444,0.7848073329711887,1.047548800988027,1.0904895291449912,1.2286245700408027,0.9820933035695167,0.946739085000943,0.9486537880438911,0.5872573531094061,-1.8552911047581364
0.30554,8.81772,1.4990200000000002,0.012040829322485338,0.008771345066120761,-0.9724276919426404,-44.199121974974254,0.4714323373399631,-14.773851368484637,0.7135976681175948,-15.705494827564223,1.0805005250602702,-13.456898131751219,2.5188825399375303,-13.36860057055368,VI,25,6,86,28.20394462268704,0.7836130456291027,1.0482006243781947,0.9997465652927839,1.1710618092507168,0.9826934127445334,0.9502346014964169,0.9489319243208266,1.1974074120346125,-1.9193435996417074
0.30601,8.81772,1.49766,0.01205176339822922,0.00824742743133905,-1.008838160365834,-45.25207905260367,0.4706994235503852,-14.779735736911071,0.7127961443810445,-15.629760502516877,1.0803621449763086,-13.419404403545402,2.538569515242725,-10.468965907549881,VI,25,6,87,28.17967800340699,0.7829388264836763,1.0498130296065045,0.9988395358143257,1.1011135939358707,0.9811656652904835,0.9491672835630499,0.948810394274042,1.2067660580918307,-1.9189494030401757
0.30724,6.97545,1.6699200000000003,0.01366319402105271,0.007580820232964414,0.2367401434288358,13.318999448117076,0.46984722859966144,-14.715627015418018,0.7106253294248057,-15.977190668856464,1.0735122630878686,-12.925822088178586,0.7352260980680191,-2.5042283381358756,VI,25,6,88,28.15868126291699,0.7823554570300851,1.0540327283954851,1.1137254901960785,1.0121149026401242,0.9793892781016547,0.9462766021931045,0.9427945974733832,0.34950624548366854,-1.864447764521959
0.30503,11.1448,1.4841399999999998,0.009622169040468358,0.009816891390333649,-0.5813498772975826,-30.171572840730025,0.4719393728467433,-14.731882070548654,0.7142807850855505,-15.753755765059692,1.0777854449758237,-13.548531550000797,2.423074129806379,-21.784572393426384,VI,25,6,89,28.09446560047913,0.780571301249991,1.0464509931730077,0.9898225957049485,1.3106526429094463,0.9837503204130906,0.9511442476581443,0.9465474496172395,1.1518627315632723,-2.0167270177621006
0.30585,6.97545,1.6093800000000003,0.01417716198762029,0.00887091192966799,-0.48263666071546957,-25.76366030177531,0.47190683108394016,-14.513614112075889,0.710518275130211,-15.687186098497186,1.0803786450179653,-12.987028277694332,1.527301465590526,25.95036220322161,VI,25,6,90,28.05423320765769,0.7794534920820352,1.0492641256989947,1.0733493397358944,1.1843549758617764,0.9836824876120439,0.9461340475022645,0.9488248851659181,0.7260370685465857,-1.8484106983823818
0.30553,8.81772,1.5339999999999998,0.011766260737282904,0.00886360374909212,0.7426406997104303,36.5990826292242,0.4717642341454783,-14.633246044871559,0.7115412180141537,-15.568441651397412,1.0815042850256744,-13.293691180853726,2.426151846968885,5.82898093150408,VI,25,6,91,27.97590095903868,0.7772771237501409,1.0481663178839755,1.0230758970254767,1.1833792610651293,0.983385246500213,0.947496209638025,0.9498134601030273,1.1533257935695787,-1.9293615319889825
0.30582,8.81772,1.5093999999999999,0.011958025686360127,0.009236232633185348,-0.11720167169249604,-6.684665085125988,0.4709933389113651,-14.562200485629644,0.7103611112166381,-15.636586754676237,1.0796433595565824,-13.430451108505762,2.5366507724674348,-2.782785747348591,VI,25,6,92,27.93474413794497,0.776133630442481,1.0491612062163367,1.0066693344004267,1.2331289233912386,0.9817783273127137,0.9459247662847718,0.9481791327284019,1.2058539406014386,-1.9223405180313995
0.30678,1.07079,1.99322,0.07456938970058663,0.008123176798168374,0.5781494948418727,30.0343323069055,0.4709423298091579,-14.743322626502243,0.7126899365647221,-15.953739682983672,1.0687116027007364,-13.442088548401038,1.3741076430677548,-42.49665875862209,VI,25,6,93,27.9131998450402,0.7755350478964972,1.0524546296613948,1.329345071361878,1.0845248985665128,0.9816719996284232,0.9490258560521037,0.9385784959597648,0.653212942904256,-1.1274394112978714
0.30555,6.97545,1.6398000000000001,0.013914160848662241,0.009495763710957505,-1.0613428652669008,-46.7045443440198,0.47114918385473203,-14.69128367382761,0.7077464353136387,-15.91852578708125,1.0722110331159578,-12.960137202156229,1.006970547588469,22.729092119933153,VI,25,6,94,27.83993616263109,0.7734995036464059,1.048234930872414,1.093637454981993,1.2677789036624019,0.9821031836857839,0.9424430347352798,0.9416518135203996,0.47868607537884184,-1.8565429804750873
0.30665,11.1448,1.4486,0.009858239651885066,0.008954207635980427,0.13231100646516952,7.537083808576992,0.4725169269516538,-14.47306172543247,0.7124080264122433,-15.930345628874033,1.0709290489026189,-13.653372218434187,1.8681944500349592,-38.28519189336826,VI,25,6,95,27.80511580263821,0.7725320613716123,1.0520086452365431,0.9661197812458316,1.195475781143263,0.984954223008321,0.9486504613537085,0.9405259318402914,0.888088208213657,-2.006200628438733
0.30612,8.81772,1.48562,0.012149435233095932,0.00924618169412883,-0.8592804613292823,-40.6718237522867,0.4718971666235134,-14.664114422128195,0.7131985439363266,-15.660388646061778,1.0767739846179054,-13.604441419748225,2.5282073889945957,-16.104334268737215,VI,25,6,96,27.70535835578961,0.769760419397591,1.0501904010429173,0.9908096571962117,1.2344572219840988,0.9836623421938219,0.9497031232919892,0.9456591510911835,1.2018401885535648,-1.9154439097900082
0.30673,11.1448,1.3999200000000003,0.010201044316618595,0.008943285897707876,1.2753761848822731,51.900630642334214,0.47115098581693826,-14.639462023267097,0.7089658167250841,-15.97148374496044,1.0684736485795574,-13.201898431589335,0.7862547108385206,-25.52986547545868,VI,25,6,97,27.63182859428237,0.7677174824563263,1.0522830971902981,0.933653461384554,1.1940176204523767,0.9821069398481211,0.9440667766018045,0.9383695166424267,0.3737638431240722,-1.9913553657156573
0.30624,1.07079,2.0558,0.07229944495525016,0.009463290584296402,0.433287484280542,23.426481114597532,0.471363967555925,-14.782969259849931,0.7118057760282981,-15.951822524738747,1.0680433361742139,-13.564326854783483,1.5515586437800513,-42.47040657896968,VI,25,6,98,27.56594944746014,0.7658871087417471,1.0506020789735497,1.3710817660397492,1.2634434182638554,0.982550896987587,0.9478484980357805,0.9379916018063011,0.7375682632325841,-1.1408650367828874
0.30773,8.81772,1.55098,0.011637444693672372,0.007968207594779342,0.24401282789658796,13.712930541581265,0.47046888268307646,-14.386535946602557,0.7084914345879997,-15.601191265952755,1.0790425668512997,-13.275616113101504,2.1412237984387774,16.239257765505183,VI,25,6,99,27.51287486187193,0.7644124945267969,1.0557137466122337,1.0344004268374016,1.0638349685351587,0.9806851064197217,0.9434350840653385,0.9476514963555182,1.0178788436633832,-1.9341423699667752
0.30813,1.07079,2.02842,0.07327535665148406,0.007819411626637074,0.5011733279917672,26.61880732539029,0.47083107307655,-14.684325072963848,0.7102759426967975,-15.999719088136036,1.0667925407942378,-13.5965827501068,1.4676159568853957,-42.82676165278451,VI,25,6,100,27.43621024416477,0.7622824593357204,1.057086006381008,1.3528211284513805,1.043969226810445,0.9814400866907699,0.9458113549353145,0.9368931112092826,0.697664220912193,-1.1350420590526857
0.30745,8.81772,1.49418,0.012079832397028454,0.008347412522802855,-0.6628448312696481,-33.53820189816552,0.4715140165777159,-14.445936399070252,0.7097499260284934,-15.54010489156326,1.0768182850989216,-13.657747843325586,2.5714229031101477,-6.064002845119856,VI,25,6,101,27.38854094374978,0.7609580245383569,1.0547531647740915,0.9965186074429772,1.1144625981336371,0.9828636718518118,0.9451109052820736,0.9456980572645023,1.2223836541961237,-1.9179390913399408
0.30657,11.1448,1.4024999999999999,0.01018227875915915,0.00944749729145311,1.1387969255343624,48.71299515828967,0.4703488691682223,-14.59809872571372,0.7085203173318668,-15.838128353539506,1.0672480635097432,-13.365636278554947,0.9185909167336276,-34.94096112748714,VI,25,6,102,27.33026824154324,0.7593389868376386,1.0517341932827884,0.9353741496598638,1.2613348565835578,0.9804349401049693,0.9434735446487106,0.9372931665882214,0.4366728320534526,-1.9921550175022347
0.30704,6.97545,1.6182400000000001,0.014099540834262125,0.009280227763126314,-0.818857366975798,-39.31258452142606,0.47040709312206613,-14.62738112626286,0.7066656947200344,-15.718680302863518,1.0746637587984404,-13.112176158424273,1.2377055149383043,26.760722276893244,VI,25,6,103,27.22461967453851,0.7564036670990537,1.053346598511098,1.0792583700146725,1.2390027108295971,0.9805563070358614,0.9410039085256978,0.9438058797588955,0.5883711264837295,-1.8507950303512335
0.30697,14.06813,1.3358400000000001,0.008468945051362484,0.008316438958987316,0.0010380766074895296,0.05947738705607697,0.4697961097753698,-14.480376667821556,0.7065036855588324,-15.634408088594935,1.0771530719837754,-13.31645260653798,1.966732130291969,20.41449200550909,VI,25,6,104,27.15035145914547,0.7543402130951494,1.0531064530515626,0.8909163665466187,1.1103273192901597,0.9792827217033768,0.9407881753225056,0.9459920783737137,0.9349303085631899,-2.0721706849356947
0.30726,1.07079,1.88784,0.07873188349595481,0.009339377901042556,0.8962410800351563,41.868000763576724,0.4695958767992302,-14.464966931419264,0.7085406524384658,-15.900354143019092,1.06467249632675,-13.475598815918161,1.116695452783272,-41.36302056484789,VI,25,6,105,27.11758740829844,0.7534299029234746,1.0541013413839238,1.25906362545018,1.2468998425697646,0.9788653391628052,0.9435006231031097,0.9350312168098637,0.5308462744678835,-1.1038493588448417
0.3081,6.97545,1.6592799999999999,0.013750808157536007,0.008965507656589156,-0.13863065456903573,-7.892646465987728,0.4708090664937737,-14.536733773583727,0.7068198755397856,-15.817618801214758,1.068165387620402,-13.148254770076482,0.7363797255802685,3.086276625081126,VI,25,6,106,27.09419106637152,0.7527798633988901,1.0569830868983496,1.1066293183940241,1.19698444628856,0.981394214309479,0.9412092174222378,0.9380987914938684,0.35005464824242866,-1.8616717768850344
0.30836,14.06813,1.33304,0.008486733749483933,0.009131700600392534,-0.1221652446620571,-6.9650401949026595,0.4719424991975031,-14.438249173950346,0.7071500970943382,-15.555273300273853,1.077743826535802,-13.283636443245854,1.8606677302113175,22.58591809234536,VI,25,6,107,26.98523765989174,0.749752722627432,1.0578750557480532,0.8890489529144991,1.219172857300551,0.9837568372428755,0.9416489441216307,0.9465108989025834,0.8845102128279095,-2.0712594225368774
0.30966,8.81772,1.48358,0.01216614134120976,0.007646412992057261,-1.0083096122893471,-45.237066532834326,0.4725034016094655,-14.377267315624934,0.7106133198125828,-15.551362901836612,1.0751274493041538,-13.737197219205667,2.5909508074049294,-10.046543969013698,VI,25,6,108,26.90589032993235,0.7475481514681906,1.0623348999965692,0.9894491129785247,1.0208721883879743,0.9849260296418062,0.9462606100597293,0.944213108366074,1.2316666822743818,-1.9148471423897075
0.30862,8.81772,1.51564,0.011908793625789747,0.008709688194989518,0.7546368395326305,37.03954921305264,0.47319510735490894,-14.354381801109707,0.7091174698887035,-15.461851704482497,1.0778831092491046,-13.548935284627778,2.4856682130528136,4.793479303176266,VI,25,6,109,26.81804641069624,0.7451075126847336,1.0587670245977563,1.0108309990662931,1.1628300036934849,0.9863678795654669,0.9442687196432913,0.9466332216688325,1.1816182354585238,-1.924132230809301
0.30769,11.1448,1.4483199999999998,0.00986014552013416,0.009219128901046203,-0.06372910692602869,-3.6464775939535503,0.47183588797655623,-14.450278445614932,0.7128689582703062,-15.71348768425644,1.0699108788885412,-13.875697941242546,2.1144947650987955,-34.18111877682018,VI,25,6,110,26.73366573994489,0.7427630961400172,1.0555765206353562,0.9659330398826196,1.2308454050308482,0.9835346078024001,0.949264243348847,0.9396317406683893,1.0051725970915966,-2.0061166755126516
0.30814,8.81772,1.5499799999999997,0.011644952819386042,0.008901091590416244,0.20623694055874603,11.653122864238362,0.4719321648553816,-14.44327110601313,0.706881979611049,-15.465168701245423,1.07823481393082,-13.439751868762768,2.1349967597135135,17.20677670920217,VI,25,6,111,26.65433490477416,0.740558983268854,1.0571203128752273,1.0337334933973588,1.188384260749328,0.9837352954666259,0.9412919158951237,0.9469421005566,1.0149186808902344,-1.9338622667103915
0.30962,8.81772,1.5313400000000001,0.011786699211796186,0.008036680072458224,0.4033724678938485,21.967791543641162,0.47176315027263194,-14.31584344030414,0.7064874837229624,-15.420702908545893,1.074915856056732,-13.451825110118662,2.2579295054593613,13.639659309786149,VI,25,6,112,26.70347276961219,0.7419242203814836,1.062197674019692,1.0213018540749634,1.0729767253569518,0.9833829871840354,0.9407666007774373,0.9440272800552195,1.0733575237516786,-1.9286077992142618
0.30924,11.1448,1.44978,0.009850215867042383,0.008898015179685692,-0.2611958953897722,-14.638378599439466,0.47102742703618333,-14.461371210375962,0.7105736108449862,-15.668492167781618,1.068440049226541,-13.885941513761223,2.275681273539881,-29.849421102912466,VI,25,6,113,26.61985698872331,0.7396010553915664,1.0608940272393563,0.966906762705082,1.187973529317722,0.9818493834814541,0.9462077331562782,0.9383400085598536,1.0817962255725506,-2.006554251853854
0.30963,11.1448,1.4308799999999997,0.009980323968271771,0.008979847636387206,0.09790673201566717,5.59182075003416,0.4715136171862218,-14.533256447763241,0.7089361757417671,-15.665315920775967,1.0643460759524408,-13.79782998778139,1.9514413474145325,-38.107503996437956,VI,25,6,114,26.58986795760597,0.7387678458414945,1.0622319805139113,0.9543017206882751,1.1988989762221485,0.982862839326422,0.9440273063383374,0.9347445434517796,0.9276614913543857,-2.0008553609822535
0.30853,8.81772,1.4693200000000002,0.01228421580798735,0.009502258580917966,-0.8615747226271919,-40.74735602871393,0.4704392607788823,-14.256517997270834,0.7091243854738849,-15.462668720886764,1.0713433493110374,-13.825874770009456,2.5638328395787187,-15.928752735583654,VI,25,6,115,26.49455377312933,0.7361196546260955,1.0584582661497821,0.9799386421235161,1.2686460334024146,0.9806233600187668,0.9442779285135309,0.940889784401849,1.2187755469556123,-1.910652562515945
0.30836,8.81772,1.5360200000000002,0.011750787080241123,0.009296209268651934,0.320431445385443,17.767092618267725,0.47258170742965194,-14.441104112254523,0.7052736319823533,-15.435278155163772,1.073650068106545,-13.416007529935172,2.210502233497595,15.327270864569186,VI,25,6,116,26.44709240508736,0.7348009969823285,1.0578750557480532,1.024423102574363,1.241136400775016,0.9850892569123642,0.9391502222821766,0.9429156224784812,1.050811904383096,-1.9299330429107648
0.30903,8.81772,1.4624599999999999,0.012341837705641163,0.008755577522998714,-0.7319422701621049,-36.201973979869216,0.4719378931996739,-14.42887061260069,0.7096363379740328,-15.555087875379527,1.0703535931684633,-13.824392099717677,2.5290936523032292,-19.134418022261098,VI,25,6,117,26.39630257798093,0.7333898620634975,1.06017359086075,0.9753634787248231,1.1689566854143212,0.9837472361116689,0.9449596501638362,0.9400205472481431,1.20226149373074,-1.9086201688281232
0.30905,6.97545,1.58514,0.014393959498616112,0.00903289643935895,-0.5351581266858075,-28.153824613079166,0.47132621305232764,-14.226768975499656,0.7035658269526684,-15.471963783939188,1.07022278580416,-13.307099627919644,1.4867083816877007,26.931970263361457,VI,25,6,118,26.34943788701036,0.7320877823822612,1.0602422038491885,1.0571828731492596,1.2059815190611742,0.9824721983090111,0.9368760900865137,0.939905667818615,0.7067402340289303,-1.841819723654381
0.30871,11.1448,1.4337999999999997,0.00995999857701263,0.010100770565483808,-0.04341720073446412,-2.4860610256337585,0.47204858718471554,-14.228847693204292,0.7082616474066444,-15.605346085091734,1.0630510437671756,-13.84477622104894,2.0840259892469493,-35.44114387685114,VI,25,6,119,26.38585363959038,0.7330995507419662,1.0590757830457305,0.9562491663331998,1.3485533363554256,0.9839779760107277,0.9431290968957334,0.9336072026036087,0.9906885798886639,-2.001740723624053
0.31023,6.97545,1.6463999999999999,0.013858382507067753,0.009407078973873828,-0.19501928865800253,-11.03527367384234,0.4711042374955081,-14.317653277661842,0.7061295854978489,-15.636148228873207,1.062727707363694,-13.366442539405693,0.7386108342006773,3.9506527022551907,VI,25,6,120,26.28895173339338,0.730407246567563,1.0642903701670725,1.0980392156862744,1.2559386091717342,0.9820094936954336,0.9402900195153178,0.9333232376924935,0.35111525585583414,-1.8582874558171405
0.30974,6.97545,1.5683399999999998,0.014548147059716864,0.00940030598473468,-0.30181988347583544,-16.794858310722606,0.4709220419683346,-14.369361783450875,0.701926641775873,-15.550866844148759,1.0689112645609067,-13.322761521968268,1.7154908404632319,25.026506717987782,VI,25,6,121,26.22893599230449,0.7287397806052832,1.0626093519503241,1.0459783913565424,1.2550343477550945,0.9816297099381395,0.9346933328511099,0.9387538457247955,0.815497116312182,-1.8371923175361637
0.31061,8.81772,1.51268,0.011932096656921475,0.008433606268959726,0.5141789564273561,27.211274001227252,0.4708987313830248,-14.220142701709735,0.7041792262109241,-15.361811281119099,1.0698511060942695,-13.614826569934111,2.336214757256657,11.639771067027201,VI,25,6,122,26.11813130292511,0.7256612041410281,1.065594016947408,1.0088568760837668,1.1259703205592928,0.9815811193837443,0.9376928993696275,0.9395792461888636,1.110572177181847,-1.9232832372578788
0.30961,8.81772,1.4781,0.012211246851357807,0.008981940395504373,-0.21158784926228233,-11.946885667836266,0.47166863466757314,-14.125531067437418,0.706326462728899,-15.361925913175083,1.0681059472693346,-13.783046412794421,2.5971135276991437,-3.366654274588002,VI,25,6,123,26.08241227284199,0.7246687933869721,1.0621633675254725,0.9857943177270908,1.1991783803796183,0.983185970867724,0.940552183428611,0.9380465889771528,1.234596269836163,-1.9132399893705918
0.31046,6.97545,1.56488,0.014580313480673497,0.009063541744990633,-0.4231931788923933,-22.93774990587439,0.47096397248581945,-14.303211138803233,0.7010426710856752,-15.423850105622828,1.065291943649545,-13.33922895624782,1.5969700096374426,26.647437258093568,VI,25,6,124,26.03263575107238,0.7232858119513423,1.0650794195341178,1.0436708016539948,1.2100729721721337,0.9817171134530486,0.9335162276361357,0.9355752362956501,0.7591555763391351,-1.8362331384691335
0.31016,11.1448,1.42538,0.01001883424751344,0.009297652979008975,-0.18750456370447324,-10.619907876464616,0.4712112042843062,-14.137094146055706,0.7050651773947493,-15.46626287310199,1.05863676283582,-13.965798405921314,2.2377713601213065,-31.971165874582177,VI,25,6,125,26.04339993036654,0.7235848818663219,1.064050224707537,0.9506335867680406,1.2413291504673387,0.9822324643115933,0.9388726418319707,0.9297304325312847,1.0637748964326388,-1.9991828083415686
0.3124,8.81772,1.49532,0.012070622991060091,0.008643632338662943,0.6336404899371766,32.36000234186729,0.47169113194274154,-14.135201392225762,0.7011435608615947,-15.268628571789133,1.065556821390998,-13.669795039036591,2.395897456556146,9.686499533458711,VI,25,6,126,25.96758711323843,0.7214785129409024,1.0717348794126726,0.9972789115646258,1.154010889858802,0.9832328660897136,0.9336505735852597,0.9358078608424015,1.1389436893021436,-1.918270314443047
0.31061,1.07079,2.14118,0.06941648947729911,0.009598880157743017,0.20816335562680227,11.758954726802973,0.4707218106873667,-14.254342719368136,0.7033999601311799,-15.552283529465157,1.053931130202879,-13.88590682590621,1.849041913841554,-40.70596084168843,VI,25,6,127,25.9157360181304,0.7200378919532933,1.065594016947408,1.4280245431505934,1.281545974941192,0.9812123309311269,0.936655219979925,0.9255977875894653,0.8789836197965197,-1.158537353199725
0.31141,8.81772,1.4438400000000002,0.012501000090724714,0.008437655846786185,-0.8770225104400104,-41.25149131336823,0.47156934923139754,-14.17883990486095,0.7037374801491894,-15.325576598439405,1.0615246435513532,-13.957161640791343,2.5809557914613954,-16.37784862821425,VI,25,6,128,25.86057805789103,0.7185053936523608,1.0683385364849565,0.9629451780712286,1.126510979477669,0.9829790119122527,0.9371046653945327,0.9322666665645325,1.2269153268679927,-1.9030552416712123
0.31004,8.81772,1.49726,0.012054983083093098,0.009514698946128552,0.5438744405115621,28.540639216203534,0.47077511525476257,-14.184359092512226,0.7001641100827006,-15.178937408656243,1.0624465038934674,-13.620506561718997,2.355745488346605,11.324133898829931,VI,25,6,129,25.80504042843416,0.7169623466939324,1.0636385467769047,0.9985727624383086,1.270306945894333,0.9813234434770857,0.9323463260209103,0.9330762753413062,1.1198565490407026,-1.9188333947369194
0.31032,1.07079,2.1380600000000003,0.06951778665659678,0.009735700004304904,0.1693053839450199,9.609360185951566,0.47026259023994654,-14.312602766350874,0.7013297925686102,-15.469888044550782,1.0494653220988353,-13.922678774920772,1.8705009521266227,-40.3954651242107,VI,25,6,130,25.75458466202421,0.7155604932541038,1.0645991286150467,1.4259437108176605,1.2998127853161519,0.9802550930139664,0.9338985618001997,0.9216757646199888,0.8891846558076364,-1.1579040636325875
0.31233,5.5173,1.61572,0.01785366705930315,0.008288227156360017,1.0734664765655275,47.02923893257811,0.4700739684144995,-14.173832357585935,0.6992523177918831,-15.480175463824786,1.0500864060098705,-13.45089537307732,0.7000016168011236,-14.943129169618958,VI,25,6,131,25.76572212825566,0.7158699345025169,1.0714947339531373,1.077577697745765,1.1065607630347736,0.9798619137373549,0.9311321732527293,0.9222212214126456,0.3327614968559294,-1.74827256834426
0.31218,8.81772,1.48974,0.012115834958443738,0.008083911220121032,0.4819516454275164,25.73181847068361,0.4718327763085104,-13.949891665831718,0.700863242227245,-15.177019011704832,1.0635827984920034,-13.740537261528722,2.4344522375779745,8.643649623632161,VI,25,6,132,25.75329570902078,0.7155246812284385,1.070980136539847,0.9935574229691877,1.0792825533477615,0.9835281215785051,0.9332772981701285,0.9340742074986498,1.1572715707467678,-1.9166466512458635
0.31304,6.97545,1.56358,0.014592435922457658,0.00868575440274838,-0.5505908574954695,-28.836778536940358,0.4712560082976695,-14.047183419344961,0.6995585152845758,-15.279193387773462,1.0611303588137873,-13.43815552376779,1.4918501126536106,27.620002537648546,VI,25,6,133,25.53854545780008,0.7095581009979092,1.0739304950427115,1.0428037881819394,1.1596346043752668,0.9823258575841997,0.9315399092438174,0.9319203924387259,0.7091844713729317,-1.8358722050648577
0.31073,8.81772,1.4529800000000002,0.012422362297479644,0.009861672384130049,-0.8976667303899111,-41.91326680044693,0.47155989492307443,-14.11994483807564,0.701939074081695,-15.1545892074406,1.060959032063542,-13.969137683549063,2.6429607546899607,-7.260160447796615,VI,25,6,134,25.44454404913535,0.706946383696566,1.0660056948780403,0.9690409497132186,1.3166313509889873,0.9829593045528391,0.9347098878479887,0.9317699275208224,1.2563907793258349,-1.9057958087322542
0.31083,6.97545,1.557,0.014654104662579541,0.009109033828567092,-0.44882724893639697,-24.17184247629554,0.4702863336864525,-13.89005537584425,0.6996964575123251,-15.349178788173672,1.0592076708724885,-13.586255123440141,1.5915825065210156,26.788493516804778,VI,25,6,135,25.4128219372317,0.7060650225587836,1.066348759820234,1.0384153661464586,1.2161466178100648,0.9803045858608274,0.9317235946504144,0.9302318231824515,0.7565945056811404,-1.8340407109669032
0.31123,6.97545,1.59262,0.014326355916437283,0.00831196643435872,-1.097416145586493,-47.65923654738795,0.47163690005948655,-13.929424872636478,0.6975712047108094,-15.367246411645358,1.0527807347909033,-13.375675808087596,0.9466867474308052,23.2026535284371,VI,25,6,136,25.37706785311216,0.7050716378700314,1.0677210195890081,1.0621715352807788,1.1097301927669185,0.9831198205681949,0.9288935843530788,0.9245874716232096,0.4500288164594997,-1.84386426366011
0.31233,1.35352,1.9670800000000002,0.05977690584312818,0.008438000121272105,1.2606534234682198,51.57716229697873,0.47168341951006376,-14.144307012096737,0.6984174813368568,-15.533703572409788,1.0456874289346711,-13.691800441233882,0.8101905014440928,-32.25582636607201,VI,25,6,137,25.39081266661923,0.7054535211603997,1.0714947339531373,1.3119114312391624,1.126556943545816,0.9832167896431308,0.9300204957324688,0.9183578917018347,0.3851422590007932,-1.2234665685545676
0.31121,8.81772,1.50902,0.011961036945164396,0.009042946476062907,0.03381501425728338,1.936719642028845,0.4701272143705007,-13.913407853223536,0.6974832033794012,-15.244528391766574,1.0572532230780098,-13.702425005211015,2.0208662072477397,20.613011307124676,VI,25,6,138,25.31069801373083,0.7032276308465002,1.0676524066005693,1.0064158996932107,1.2073232989223988,0.9799729041087683,0.928776400800192,0.928515361354267,0.9606641583806171,-1.922231168170217
0.31249,1.35352,1.94008,0.060608818165179046,0.008023960862560409,1.3087494523762226,52.61698201156362,0.47134444154487243,-13.93364004938717,0.6970271758118548,-15.514277413677938,1.0464687943923225,-13.694142610276916,0.7509664344641533,-27.061219153593868,VI,25,6,139,25.18596438979259,0.6997620555075111,1.0720436378606468,1.2939042283580098,1.0712785843257995,0.9825101953196725,0.9281691494129195,0.9190441131428522,0.3569887680585865,-1.2174641843837435
0.31086,11.1448,1.40744,0.010146539788353824,0.009996890516106749,-0.2825631825290018,-15.778338438702571,0.47074758451073356,-13.952334779158068,0.7018039310363405,-15.353467244751586,1.0507587078777143,-14.3271124020417,2.356966971598329,-29.921656357423327,VI,25,6,140,25.05981088929961,0.6962570305877501,1.066451679302892,0.9386688008536748,1.3346843165356008,0.9812660560671385,0.9345299298638403,0.9228116595386631,1.12043720854987,-1.9936820372613036
0.31329,1.07079,1.92664,0.07714632673410877,0.00802802171795608,0.6858011851914942,34.442375758038715,0.4714829126239308,-14.173273806270334,0.6986168056495183,-15.355732270125651,1.0433719419730154,-14.028798165563606,1.305053276281704,-46.01496283644755,VI,25,6,141,24.99368640498478,0.6944198404628298,1.0747881573981954,1.2849406429238361,1.0718207489118363,0.9827988361414162,0.9302859182068866,0.9163243531266071,0.6203863980725844,-1.1126847477224862
0.31265,11.1448,1.3997400000000002,0.010202356123080505,0.008792484632595798,-0.1779521513889182,-10.090282481377216,0.4703049106177283,-13.947210959112715,0.6998355287221794,-15.205751068499303,1.0479888515509272,-14.267969741259467,2.280410308718979,-32.87470339211408,VI,25,6,142,24.90202636626223,0.6918731753396796,1.0725925417681565,0.9335334133653462,1.1738841516367953,0.9803433091866322,0.9319087834221548,0.9203790784956103,1.0840442787014453,-1.991299521072486
0.31408,11.1448,1.3945199999999998,0.010240545822018122,0.008057921153635461,-0.28977114322580727,-16.160062963872388,0.4724445836813564,-13.959474425261655,0.6984351541151781,-15.109111187162185,1.0456416066152727,-14.295461677656167,2.3717177155191522,-29.795393041899583,VI,25,6,143,24.89949899865044,0.6918029554375278,1.0774983704415246,0.9300520208083232,1.0758126209654753,0.9848034245807485,0.9300440290008858,0.9183176489988326,1.1274493061065336,-1.9896768948081243
0.31355,8.81772,1.4226999999999999,0.012686753335904953,0.008765090119572105,-1.0197390009427856,-45.55993642763165,0.471954544710763,-13.830837159807649,0.6989075117476764,-14.968497564969223,1.0504782643915782,-14.200064067398227,2.6696556003384497,-9.994754918255035,VI,25,6,144,24.85720844723895,0.6906279627818468,1.0756801262478985,0.948846205148726,1.170226711672544,0.9837819459288865,0.9306730256844999,0.9225653646310807,1.2690807740103085,-1.8966495038866296
0.31166,6.97545,1.5400199999999997,0.014815678341603583,0.010128131563702902,-0.4965101117575948,-26.40486328492164,0.4713734535879952,-13.804454761482122,0.6956269567701414,-15.108233696310023,1.0502424803517034,-13.743277409166211,1.561199318020001,27.5486524364704,VI,25,6,145,24.78476294767762,0.6886151507687459,1.0691961988404404,1.0270908363345337,1.3522063017599129,0.9825706704746605,0.9263046021441201,0.9223582911521762,0.7421511743484844,-1.8292784593866982
0.31238,8.81772,1.41644,0.012742822831176738,0.009561784734322953,-0.9965126840405321,-44.89992135552144,0.4695933246466779,-13.938424898882738,0.697138557779388,-15.097512357323223,1.0495398389408461,-14.30163673216389,2.678037062209791,-12.82777938803726,VI,25,6,146,24.6615171536429,0.6851909130134769,1.071666266424234,0.9446712018140588,1.2765933669503136,0.9788600192402992,0.9283174668812375,0.9217412078184358,1.2730650902335963,-1.8947343550300024
0.31195,1.35352,1.9031800000000003,0.061783938432465955,0.009185151061478825,1.1245530160966777,48.35515430146776,0.4692671745744137,-13.809419748713928,0.6953329819650578,-15.267983801244416,1.04114859385565,-13.89428775863827,0.6973693462114188,-17.83684020069321,VI,25,6,147,24.56119152946978,0.682403484908484,1.0701910871728018,1.269294384420435,1.2263090254929032,0.9781801644611624,0.9259131420199643,0.9143717339852799,0.33151018788672615,-1.2091244109427914
0.31305,1.07079,1.8387599999999997,0.08083338714079236,0.008167444321092066,0.9755014637427154,44.289501522433795,0.4704396311636475,-13.823326902267118,0.6941410408163652,-15.345862571014544,1.0361744853289914,-14.128778498588632,1.0586901821147776,-43.82293740282718,VI,25,6,148,24.4875417524071,0.6803572134778003,1.0739648015369307,1.226330532212885,1.0904350531773828,0.9806241320800789,0.9243259399128962,0.910003304478298,0.5032721657374097,-1.0924092226893212
0.31373,8.81772,1.39988,0.01289356514200644,0.008737090179049112,-0.9941112868433118,-44.830803109079106,0.4694330585698629,-13.76563227576383,0.6952330180767426,-14.902260326145619,1.0431497518520212,-14.39051052768335,2.6623966827796317,-13.74082073412083,VI,25,6,149,24.52468927060744,0.6813893130746458,1.0762976431438471,0.9336267840469521,1.1664884411153384,0.9785259470829645,0.925780028993085,0.9161292182847537,1.2656300844483839,-1.8896269812174937
0.3128,8.81772,1.45392,0.012414330892340687,0.009202296063401394,0.6338444263748111,32.368338851010655,0.47112864903716045,-13.661478982051332,0.6936458362884413,-14.857035850416668,1.0467963420541226,-14.127835514655086,2.4597911764885914,9.290312015560822,VI,25,6,150,24.50754312372211,0.6809129277831073,1.073107139181447,0.9696678671468588,1.2285980537798646,0.9820603791762897,0.9236665200489101,0.9193317765227487,1.1693170046975774,-1.9060766830844633
0.31474,8.81772,1.4077000000000002,0.012821939313058162,0.008381601856060628,-0.678180514442653,-34.14435567260531,0.47016226840593384,-13.679463177025012,0.6938470845833821,-14.910818721329647,1.0428737678277296,-14.39276410649708,2.686032231259754,-5.993257105757751,VI,25,6,151,24.47695825852371,0.680063163691988,1.079762599060002,0.938842203548086,1.1190272141828412,0.9800459737032399,0.9239345045195563,0.9158868398266421,1.2768657734846434,-1.892046282987019
0.31361,8.81772,1.3992400000000003,0.012899462544661367,0.009079661420492213,-1.0314065261598813,-45.885749859768346,0.4692495888150756,-13.676713468406518,0.6937687855523946,-14.918286147481394,1.0417502013827549,-14.523378521323616,2.706117817926404,-10.761372517694841,VI,25,6,152,24.30274419822691,0.6752228332982468,1.0758859652132147,0.9331999466453249,1.2122251091836314,0.9781435072179254,0.9238302406579546,0.91490008596211,1.2864139084089128,-1.889428384177523
0.31286,8.81772,1.40432,0.012852799910983233,0.009383869582343995,-0.9540731177118693,-43.65361632171863,0.4689241838776933,-13.581009603788907,0.6934189242088136,-14.938323404866534,1.0414951524041829,-14.539595635662916,2.709363924062888,-8.4451702533208,VI,25,6,153,24.25772663705953,0.6739720739209649,1.0733129781467632,0.9365879685207416,1.252839924553623,0.9774652056609205,0.9233643613967825,0.9146760933656984,1.287957017897525,-1.8910022533885358
0.3136,8.81772,1.4012399999999998,0.012881051048351444,0.009005066497031644,-0.9568764961001094,-43.737582605441936,0.4689322721089212,-13.6529956177669,0.6934771115106068,-14.849379824976072,1.0411010107396357,-14.668907342851405,2.7179449006938885,-8.703520676456625,VI,25,6,154,24.09050570189753,0.6693260391890062,1.0758516587189955,0.93453381352541,1.2022659449539554,0.9774820654537665,0.9234418442558248,0.9143299448914319,1.2920361779447063,-1.890048698631813
0.31331,4.36941,1.74764,0.020842286289460638,0.008841728552275108,-0.4311038761503773,-23.32106129557416,0.46961076614056696,-13.614609715442116,0.6923052681355866,-14.901054964744239,1.0325505608465544,-14.733650617472941,2.5082563447252895,-26.653632747748052,VI,25,6,155,24.1966940664478,0.6722763565601685,1.074856770386634,1.1655595571561959,1.1804587047115558,0.9788963757644399,0.9218814045679878,0.9068206520381056,1.1923560113809006,-1.6810546429331858
0.31379,6.97545,1.4996399999999999,0.015214612146672767,0.010000989793150394,-0.16909165969889897,-9.597455497786402,0.4701135601786508,-13.536287554804746,0.6890195383150857,-14.926124238607594,1.040974052080135,-14.243622755861312,1.8891501593899214,24.202850882142947,VI,25,6,156,24.09567732499863,0.669469726583919,1.0765034821091632,1.00016006402561,1.3352316107937976,0.9799444421571275,0.9175060901490876,0.914218445523986,0.8980499755085691,-1.8177391142691246
0.31328,8.81772,1.3891399999999998,0.012993250479427544,0.009946663434284964,-1.0148644081111269,-45.42268472059267,0.4680428802582691,-13.49480991089597,0.6924766364524649,-14.80865685147361,1.0370283560359392,-14.750514483163805,2.7326738606393923,-11.872494315548236,VI,25,6,157,23.80574152057099,0.6614142052097312,1.074753850903976,0.9264639189008935,1.3279785015359387,0.9756281419025821,0.9221096005271024,0.9107532024693425,1.2990379199992386,-1.8862821892896873
0.3128,8.81772,1.3859,0.013023626503349432,0.009852891675488695,-0.9656745512106963,-43.999578300273775,0.46862749844358115,-13.537112670675263,0.6918253151696643,-14.812118332772542,1.0377373907976153,-14.825688865240487,2.735712240432212,-14.50175936291318,VI,25,6,158,23.66000920040639,0.6573652060793429,1.073107139181447,0.9243030545551553,1.3154590390493095,0.9768467694641074,0.9212422938538045,0.9113759006589339,1.3004822821029944,-1.8852680671431614
0.31428,8.81772,1.3968,0.012921995970068708,0.009036993288441209,-0.9428240649378357,-43.31431235921406,0.4690573143242823,-13.612810787225639,0.6915288706346515,-14.776370430359508,1.0402957531734858,-14.847902707326476,2.7710562628543296,-7.805619732394356,VI,25,6,159,23.52090872378966,0.6535004648316801,1.0781845003259116,0.9315726290516206,1.2065284891623764,0.977742714016917,0.9208475450097722,0.913622740596665,1.317283857304834,-1.8886703987375149
0.3148,8.81772,1.4424800000000002,0.01251278629235204,0.009041081605467904,0.460712969101067,24.73613694702774,0.46881082848864675,-13.608675637879566,0.689467294351967,-14.884630610456872,1.040518766125505,-14.68787830908084,2.4420468532704773,12.947920180797299,VI,25,6,160,23.42334836568875,0.6507898663545216,1.0799684380253183,0.9620381485927706,1.2070743201492984,0.9772289181063932,0.9181023270740145,0.9138185980764162,1.1608818419593283,-1.9026459727480858
0.31582,6.97545,1.5778400000000001,0.014460554276502271,0.008444991040453431,0.6741696626890586,33.98665397009991,0.4679918475506164,-13.47705929791333,0.6881863475722992,-15.100801149288316,1.0268851185727592,-14.53119273746939,0.6718056811466472,-8.831113960855243,VI,25,6,161,23.38992669940098,0.6498612851202253,1.0834677004356923,1.052314259036948,1.1274903007906965,0.9755217650131056,0.9163966040775724,0.9018450699682115,0.3193579253091758,-1.8398150601111343
0.31407,8.81772,1.43764,0.0125549121970674,0.009710235371821307,0.4447121701510671,23.975297019231277,0.46715230954670983,-13.281605594234536,0.6874601484373966,-14.796525828009772,1.0375972198226082,-14.838286624800121,2.4446546502440385,13.010347095957735,VI,25,6,162,23.45244225521934,0.6515982054606027,1.0774640639473052,0.9588101907429638,1.296413003599283,0.973771761034077,0.9154295892225749,0.9112527977913625,1.1621215168452008,-1.9011863201842298
0.31453,8.81772,1.40394,0.012856278737689627,0.00919067503826726,0.33531953178933965,18.53730843193402,0.469332503418875,-13.453428669506383,0.6900549184216065,-14.716480170198954,1.0374651961450372,-15.086190983274879,2.761262978843873,-0.47173257667478785,VI,25,6,163,23.4085477417005,0.6503786486260867,1.0790421626813953,0.9363345338135254,1.2270465313376007,0.9783163414266132,0.9188848138289343,0.9111368501545889,1.3126283997055401,-1.8908847201799792
0.31421,4.36941,1.7639600000000002,0.020649455322633726,0.009900487364377875,-0.43756060613411724,-23.632292268342873,0.4684859632563964,-13.46381961332922,0.6921519791569474,-14.945309321090443,1.0324271467254489,-15.345047227540935,2.6266834753766855,-27.250319203364285,VI,25,6,164,23.23563507640117,0.6455744759440123,1.077944354866376,1.1764439108976925,1.3218135369196968,0.9765517415563851,0.9216772832570043,0.9067122656035664,1.2486530088707042,-1.685091399382609
0.31435,8.81772,1.42772,0.012642145498411432,0.008615836409219035,0.5950539635710278,30.754928973925768,0.4673815408621512,-13.52705656967252,0.6882479919673791,-14.70200861827796,1.037721169397019,-15.058721330257168,2.5714957223072834,10.439762422302207,VI,25,6,165,23.08539288702902,0.6414001754633203,1.0784246457854472,0.9521942110177405,1.1502998568098213,0.974249590164234,0.9164786904405333,0.9113616544790145,1.222418270437654,-1.8981792156857134
0.31375,6.97545,1.5649000000000002,0.014580127138881934,0.010253812894326253,-0.7969509299735931,-38.55312601789913,0.4673675231025208,-13.404036996361606,0.6865452886501336,-15.042347254242097,1.0284730665888744,-14.809689718043465,0.7983809172668904,15.16233507645626,VI,25,6,166,22.949677401808,0.6376294821742854,1.0763662561322858,1.0436841403227959,1.3689860094694297,0.9742203703611801,0.9142113517419675,0.9032396593568373,0.3795283078130655,-1.8362386889484887
0.31341,1.07079,2.19492,0.06771690947232852,0.010183072083884803,0.25490508927746675,14.300445762355439,0.4683168365573174,-13.473927443992238,0.6884696889733508,-14.970714319949133,1.023373506919273,-15.509655209402178,1.9137764674450812,-44.84634558669417,VI,25,6,167,22.88450101652871,0.6358186338530645,1.0751998353288277,1.4638655462184875,1.3595414076621877,0.9761991995690409,0.9167739046425054,0.8987610544341846,0.9097566443701618,-1.1693028708487152
0.31586,8.81772,1.41466,0.012758856524530255,0.008441204986619877,0.6402692203387055,32.63018468847972,0.4677445615476935,-13.29428439127031,0.6864701293835731,-14.680573633260629,1.0349820330378634,-15.339083156423293,2.621885763081614,8.98886738699246,VI,25,6,168,22.85159708742521,0.6349044373304541,1.0836049264125698,0.9434840602907829,1.1269848249464764,0.9750063011662524,0.9141112688256411,0.9089560527453868,1.246372308531628,-1.894188246252743
0.31489,8.81772,1.40426,0.012853349074239793,0.009779728366307194,0.7160819890882759,35.60576895477236,0.4695514794369309,-13.240295890569705,0.6858366939944037,-14.679696880073053,1.032997890039846,-15.453072698209406,2.731884160214127,4.990552037591585,VI,25,6,169,22.81230059498937,0.6338126310412225,1.0802771964732922,0.9365479525143391,1.305691009565235,0.9787727935480496,0.9132677792074801,0.9072135115900909,1.29866251815834,-1.8909836976280319
0.31477,1.35352,2.02242,0.058141214953323535,0.009444256021707342,1.332175220635254,53.10620127994742,0.46745969765694917,-13.267392793199832,0.6854901667679493,-15.098493979213972,1.019905382418231,-15.17992625231915,0.7685778995169908,-31.205622223623376,VI,25,6,170,22.69094143192631,0.6304408110828771,1.07986551854266,1.3488195278111244,1.2609021148336736,0.9744125067936755,0.9128063396938025,0.8957152307809527,0.3653607736827865,-1.2355158971956026
0.31384,6.97545,1.51204,0.015089839527814309,0.00941653685638294,-0.84374528454761,-40.15584180382639,0.4663898222289166,-13.387319355079054,0.6807148158616761,-14.851311105478393,1.0248846544259043,-15.006343121833048,1.334399858048061,29.83014282697955,VI,25,6,171,22.53962946819433,0.6262367881943639,1.07667501458026,1.0084300386821394,1.2572013305581704,0.9721823680180517,0.9064474292486521,0.9000881950307338,0.6343369551024438,-1.8213153786840068
0.31525,4.36941,1.75976,0.020698739152448624,0.009244112864876808,-0.5009677857507046,-26.609394033657995,0.4675222950589748,-13.361670601030186,0.6848915116316958,-14.75973777308439,1.0223242416771192,-15.857293693289845,2.723906596867272,-25.752407615900346,VI,25,6,172,22.44197230276912,0.6235235000408764,1.081512230265189,1.173642790449513,1.2341810127016408,0.9745429901096325,0.9120091638477377,0.8978395543865059,1.2948702041738471,-1.6840561084470158
0.31583,8.81772,1.40062,0.012886752988670713,0.008986521898104227,0.6493774969077624,32.998787101757905,0.46653780077929496,-13.309866781417062,0.6835964073159644,-14.63598460790592,1.0292644683390315,-15.558450159406526,2.67398509591109,8.645121387334349,VI,25,6,173,22.35429502140936,0.6210874910925559,1.0835020069299117,0.9341203147925836,1.1997900565459563,0.9724908270166532,0.9102845885186146,0.9039346950076951,1.2711388970100332,-1.8898564958927933
0.31438,4.36941,1.78854,0.020365668763859344,0.010137925027033257,-0.6412451507177303,-32.669825898358766,0.46756077923788414,-13.249072621455644,0.6854742470789386,-14.705443905717022,1.0252187248115332,-15.963533074769428,2.8268508366872958,-22.183249239079828,VI,25,6,174,22.38225307781644,0.6218642724266604,1.0785275652681052,1.1928371348539415,1.3535138265237912,0.974623209785106,0.912785140858634,0.9003815868862128,1.3438070616224769,-1.691101324066319
0.31698,8.81772,1.37112,0.013164014798844723,0.008878997579475745,0.27676373579399044,15.470158492617912,0.46760280258950543,-13.27788725040947,0.6833973023775893,-14.557348415462533,1.0277006064682117,-15.834785564599613,2.875922345614454,-0.06494936752673025,VI,25,6,175,22.2918676247813,0.6193530201503934,1.0874472537651376,0.9144457783113245,1.1854344905338656,0.974710806811336,0.9100194581654397,0.902561258882464,1.367134305976856,-1.8806116381481754
0.31611,6.97545,1.5567399999999998,0.014656552127931669,0.010045103636120878,0.40471915674503695,22.034122412222015,0.4684914099948527,-13.105473879817291,0.6825430629546526,-14.881288775896204,1.017536814213143,-15.38264017100125,0.695319133367095,-0.5248982756492921,VI,25,6,176,22.17558883422086,0.6161223522976478,1.0844625887680537,1.0382419634520472,1.3411212476023588,0.9765630951984203,0.9088819434370381,0.8936350744713443,0.330535573145023,-1.8339681830322925
0.31722,2.73547,1.8594999999999997,0.03128902229551493,0.008736750884793087,0.7073787728254965,35.274777666029884,0.4699622529978333,-13.177299157853398,0.6834503195309926,-14.454018332892401,1.0274701764994432,-15.768609795043988,2.796393811402262,5.567108407904997,VI,25,6,177,22.06825361101188,0.6131401708231311,1.088270609626402,1.2401627317593702,1.1664431419574177,0.9796290446798792,0.910090056397311,0.902358887528991,1.3293286303155014,-1.5046080072691714
0.31712,4.36941,1.7685999999999997,0.020595280567066037,0.009810409662658448,-0.47104940651851956,-25.22275236424022,0.4673203980545994,-13.28955078274606,0.6857795068815661,-14.763022477969901,1.0215439916576665,-16.214153132661362,2.792907690471229,-26.373809803403073,VI,25,6,178,21.99165223040982,0.6110118925997833,1.0879275446842087,1.1795384820594903,1.3097872677952338,0.9741221389279507,0.9131916282111893,0.8971543125608535,1.3276714244014174,-1.6862322873250137
0.31768,1.07079,1.97954,0.07508471611536181,0.009270958503490578,0.8926106989630711,41.75244194068111,0.4685141030849321,-13.197554453200503,0.6830778514356332,-14.91066823254015,1.0126144705278732,-16.011401002944805,1.2118896229780798,-48.59572284741151,VI,25,6,179,21.88619949322045,0.6080820137596292,1.0898487083604926,1.3202214219020942,1.237765172472867,0.9766103985935621,0.9095940737337219,0.8893121065901664,0.5760989621841491,-1.124448456901084
0.3173,1.07079,2.04186,0.07279304111888343,0.009645409007427441,0.679884705661913,34.211184741077574,0.46905966707411195,-13.059380994708354,0.6821788520520601,-14.929739328513676,1.0109244130719806,-16.075387536829744,1.4365563232478964,-50.30286828927757,VI,25,6,180,21.83461555599933,0.6066488154360562,1.088545061580157,1.361784713885554,1.2877580391665815,0.9777476182875329,0.9083969561432895,0.8878278412551324,0.6828993261848892,-1.1379101364578845
0.31756,3.45686,1.90184,0.024208303917387212,0.009571067501952302,0.5577128175062372,29.148968182067772,0.4703032900875264,-13.094606649918482,0.681172056078246,-14.383982246643939,1.0248272311888367,-16.1335997103762,2.9008846541836744,2.091553079009505,VI,25,6,181,21.83022311778389,0.6065267767661543,1.0894370304298604,1.2684006936107777,1.2778327087585462,0.9803399312165008,0.9070562954128684,0.9000377640114169,1.37900070023239,-1.616035637040002
0.31791,2.16054,1.9868,0.037076921641356134,0.009294724443221714,-0.3777658967797377,-20.694855018515018,0.4702817030465139,-13.179057298095485,0.6795418018871802,-14.653262693517645,1.0236473585157961,-15.70461125030054,1.8730174033959837,27.36746472386495,VI,25,6,182,21.61318037079115,0.6004965022681013,1.090637757727538,1.325063358676804,1.2409381618114788,0.9802949333635249,0.9048854307775175,0.899001560122465,0.8903809074605743,-1.4308963308832665
0.31799,4.36941,1.6860400000000002,0.021603765753429923,0.009284789518804348,0.06933659930780992,3.966346479515992,0.4713787370028275,-13.075799690503786,0.6827891744564692,-14.85182441434556,1.0139488122813567,-16.507201836034422,2.298782254537476,-41.5617756829841,VI,25,6,183,21.45745067080136,0.5961697378336773,1.0909122096812927,1.1244764572495667,1.239611750585462,0.9825816836711285,0.9092096682535574,0.8904839704240725,1.0927777959448146,-1.665470540358828
0.31817,4.36941,1.76418,0.020646880256500466,0.008918702957029345,-0.4351101075265748,-23.51434489107291,0.4701521463037804,-13.080339984057781,0.6833765828478352,-14.543971928886643,1.0181933776331624,-16.59140565677333,2.8283705072742142,-27.81409989832521,VI,25,6,184,21.37004845307964,0.5937413712012821,1.091529726577241,1.1765906362545018,1.190735553361105,0.9800248743379196,0.9099918678088863,0.89421169056282,1.3445294711813887,-1.6851455609443058
0.31794,2.73547,1.90948,0.03047004260767853,0.009729684611116007,0.6128329628772566,31.501340179561584,0.46987853439855887,-12.91460204752786,0.6802165559713153,-14.370156326419018,1.0237981404085874,-16.268539442102767,2.7779864286213716,9.243276002369067,VI,25,6,185,21.26809955674871,0.5909088424106765,1.0907406772101957,1.2734960650927036,1.29900967049419,0.9794545345550638,0.9057839408300202,0.8991339818551349,1.3205782673158266,-1.5161269384827174
0.31937,2.16054,2.0059,0.036723878516898324,0.008819237887293385,-0.43706108650497655,-23.608266591146347,0.4707600510600524,-12.868700847982028,0.6765338602735228,-14.56383654500984,1.0210789947080496,-15.96359871672959,1.8377238421607511,27.71971462771208,VI,25,6,186,21.22397212689422,0.5896828142728875,1.0956465058835636,1.3378017873816193,1.1774559772363276,0.9812920423962996,0.9008800222283023,0.8967459365906718,0.873603320117731,-1.4350514579300657
0.31966,3.45686,1.88708,0.024397651780657788,0.009046842355734552,0.05144696258989271,2.9450973052481095,0.47021783848213694,-12.924234655888288,0.6796668058020912,-14.327691257796976,1.0211663791608443,-16.477110891438553,3.0101796027059815,-1.003991973658416,VI,25,6,187,21.14421377987711,0.5874668234937059,1.096641394215925,1.2585567560357476,1.2078434376083707,0.9801618086672532,0.9050518873826578,0.8968226805579564,1.4309565097564807,-1.6126519715210526
0.31963,2.16054,1.9951399999999997,0.036921934258772,0.009014754053273344,-0.3640515199303004,-20.004112414456014,0.4706476374822219,-12.883989750506169,0.6765704119363481,-14.563408289305286,1.0189562041467621,-16.08196082504342,1.9349921427833463,26.91903645350707,VI,25,6,188,21.00195969058608,0.5835144628699062,1.096538474733267,1.3306255835667598,1.203559330068109,0.9810577180326795,0.9009286948295603,0.8948816304792608,0.9198419923364026,-1.4327155553192836
0.31965,6.97545,1.4660799999999998,0.015562889446439724,0.008874553729887658,-0.7229524846070374,-35.86514133226134,0.46917293688654815,-13.014622383251472,0.6763900327726439,-14.608946142847735,1.0161344166013282,-16.054747327081547,1.5373645370059206,29.79331179608366,VI,25,6,189,20.94297106402631,0.581875534062806,1.0966070877217056,0.9777777777777776,1.1848411924137445,0.97798372745894,0.9006884999264674,0.8924034416922968,0.7308207756506596,-1.8079097676197202
0.32026,3.45686,1.8609399999999998,0.024740357411976582,0.008530628473105761,-0.6915651403670687,-34.666383053125955,0.47069425677669674,-12.929738247145337,0.6780115404022278,-14.342866829858615,1.0166333136450725,-16.68631614175062,3.0848813739841088,-5.615147563259004,VI,25,6,190,20.85713385379242,0.5794906493014886,1.0986997838690862,1.2411231159130316,1.1389237498302036,0.9811548952306751,0.9028477175431471,0.8928415898660164,1.4664676752047758,-1.6065940306192674
0.32097,3.45686,1.77508,0.025937039864256085,0.00794732987396124,-0.8149366388479556,-39.17785262715969,0.46963681898414333,-12.91379961975473,0.6787148700817336,-14.372089673934711,1.0118466373735746,-16.82546708240073,3.05382244188197,-18.300936695792142,VI,25,6,191,20.83910386448879,0.5789897074999113,1.1011355449586604,1.183860210750967,1.0610475851486911,0.9789506825137609,0.9037842791766637,0.88863776967337,1.4517031139680685,-1.5860795904715266
0.31893,2.16054,2.0525,0.035890098863359976,0.010375806416418054,-0.6798939158126643,-34.211545625301376,0.46926867947916573,-12.790163991107873,0.6728658459820929,-14.381931703974487,1.0095955948844106,-16.06202133071077,1.6093353586594576,30.1489196347064,VI,25,6,192,20.75563957457522,0.5766707515065063,1.094137020137912,1.3688808856876085,1.3852733580597267,0.9781833014118327,0.8959956535507891,0.8866608284027019,0.7650337228333035,-1.4450253453515591
0.32101,1.70952,2.14214,0.043460837874355125,0.008351972534542285,0.11085883966437027,6.325913531056005,0.4687204607325375,-12.766338754827446,0.6747665437092611,-14.604004618539758,1.0037789816398248,-16.19956887596925,0.746099236349273,5.937498236361452,VI,25,6,193,20.66560989947043,0.5741693840967463,1.101272770935538,1.4286647992530344,1.1150714050563526,0.9770405479170376,0.898526643810476,0.8815524828987449,0.35467503607379014,-1.3619019052427996
0.32014,4.36941,1.6969999999999998,0.021464238780738356,0.009480455255034104,-0.07777704043633799,-4.447342857564384,0.47051014945690794,-12.781705471235872,0.6792232119634265,-14.594229895352923,1.0066883695164937,-17.020171450410356,2.6003693124646015,-37.86095129052111,VI,25,6,194,20.58703234895792,0.5719862003435896,1.098288105938454,1.1317860477524342,1.2657350725332703,0.9807711263712555,0.9044611928872264,0.8841076052447049,1.2361439802785263,-1.6682845089635758
0.31985,2.16054,2.06866,0.03560973186364427,0.00892199085428641,-0.6787199472519062,-34.1655207313444,0.4687463479711806,-12.67827349374709,0.672571317945704,-14.46600980534316,1.0109648305791816,-16.262499837066585,1.6205736068727903,29.633810450204642,VI,25,6,195,20.43332137650512,0.5677155238519949,1.0972932176060928,1.379658530078698,1.191174520347521,0.9770945094654377,0.8956034567376664,0.887863337270169,0.7703760766332798,-1.4484312964908155
0.32038,1.07079,2.1526199999999998,0.06904757873614634,0.009434110575409715,0.5650972925710162,29.470673650940682,0.47139157660482056,-12.808113656309635,0.677926623119183,-14.718301500486202,0.9985137843558564,-16.901339449576383,1.6671759959254473,-51.5145265262388,VI,25,6,196,20.35419283710651,0.5655170315281782,1.0991114617997186,1.4356542617046817,1.2595475968427166,0.9826084476228168,0.9027346407434049,0.8769284094487794,0.7925295693767549,-1.1608515460494
0.32002,2.16054,2.05484,0.035849228123380095,0.010279559835275898,-0.5936560612146277,-30.695742985240404,0.46927955607807115,-12.757176039265905,0.6737288171171181,-14.424727710690094,1.0110610516081275,-16.331920024423262,1.7297221016863917,29.609170421554694,VI,25,6,197,20.27038316751227,0.5631884795712622,1.097876428007822,1.3704415099373082,1.3724234821744565,0.9782059735139582,0.8971447955242442,0.887947841816016,0.8222622660962744,-1.4455201907734634
0.32167,4.36941,1.74834,0.020833941459277368,0.009074640253831812,-0.47591082627913217,-25.45028257757972,0.46941851881744423,-12.831047547474872,0.6788131608338989,-14.343424223269638,1.0050666432609456,-17.203893124836654,2.9941315950681893,-26.748493703998953,VI,25,6,198,20.29251136763213,0.5638032852845121,1.1035369995540154,1.1660264105642257,1.2115547334921548,0.9784956391940204,0.9039151642368137,0.8826833506694348,1.423327728743787,-1.6812285604849997
0.32385,1.35352,2.11112,0.05569837619173735,0.007498609601219841,1.3370104202261957,53.20581404030586,0.4701768095486122,-12.689161035500664,0.6749223334174994,-14.632804100881032,0.9963237853184765,-16.653042955774307,0.8093190839562103,-34.38957524007715,VI,25,6,199,20.32147829279114,0.564608096836585,1.1110158152938352,1.4079765239429105,1.0011389656059855,0.9800762844901588,0.8987340951208418,0.8750050785918271,0.38472801111808214,-1.2541574658899652
0.32258,1.07079,2.1184200000000004,0.07016229026302777,0.008269396571080279,0.6580243356032449,33.345889429197904,0.4697701023454209,-12.62368080891632,0.6756226411559981,-14.572416893112514,0.9955352170242878,-17.05138524677909,1.5526919804355748,-52.02615085926204,VI,25,6,200,20.06888756405169,0.5575901639589981,1.1066588905279768,1.4128451380552223,1.1040466926042172,0.9792285096180595,0.899666632704061,0.874312531377358,0.7381070202766851,-1.1538962430120123
0.31999,3.45686,1.85244,0.02485387959785132,0.00985099812556095,-0.9220612659877073,-42.67795361873415,0.4708441141077127,-12.60635281310172,0.6749419551875301,-14.10483093414665,1.0068891567177494,-17.133040692737627,3.1885591935538993,-7.085174118608235,VI,25,6,201,19.91625839691165,0.5533495441409378,1.0977735085251636,1.235454181672669,1.3152062313000332,0.9814672705184456,0.8987602236883229,0.8842839433221491,1.5157532562702325,-1.6046058098912275
0.32208,1.70952,2.1630000000000003,0.04304170099129499,0.008067657496431735,-0.1253837089039289,-7.146661997155138,0.47157602668791876,-12.692460748005983,0.6733833485992028,-14.574001946866003,0.9987508342262279,-16.583953023220275,0.7637548079629711,8.162059840307606,VI,25,6,202,19.83881648701351,0.5511979128111202,1.104943565817009,1.4425770308123251,1.0771125195699127,0.9829929309670513,0.8966847657986472,0.8771365946226266,0.3630680087427238,-1.3661105738533819
0.32188,3.45686,1.8681800000000002,0.02464447789947633,0.009187616208547689,-0.6749859267463699,-34.018796039942934,0.4705745020301088,-12.671022372322108,0.676225880014232,-14.217019961922915,1.007545246419848,-17.19853163278044,3.197726025208678,-4.828761683615578,VI,25,6,203,19.75661788563029,0.5489141224676749,1.104257435932622,1.245951714018941,1.2266381471458276,0.9809052683143697,0.9004699122853593,0.8848601433786042,1.520110915666521,-1.6082803780683257
0.3212,1.07079,2.4499600000000004,0.06066760230330425,0.00972643889826158,0.08945676985207979,5.111888353810424,0.46993523416968086,-12.616264598778878,0.6764303658241938,-14.484793563638672,0.9957806157089986,-17.404067289226564,2.4468207207753023,-42.727056618041225,VI,25,6,204,19.75826673900476,0.5489599338969572,1.1019245943257057,1.6339602507669737,1.2985763355451072,0.9795727243506559,0.9007422078670606,0.8745280487609292,1.1631512071415928,-1.2170431688440044
0.3223,2.16054,2.03848,0.03613693924740314,0.009521843393164364,-0.4354730190925913,-23.5318259104568,0.47075452738824825,-12.53262903073545,0.6708433508622911,-14.196792124532514,1.0045009949125006,-16.664351220842384,1.926044238120593,27.84583587589662,VI,25,6,205,19.71319073418172,0.5477075507322363,1.1056983086898349,1.3595304788582099,1.27126080063483,0.9812805283878911,0.8933024765267344,0.8821865792534755,0.9155884048048357,-1.4420486344052847
0.32255,1.35352,2.10834,0.055771818561475166,0.008568944145714186,1.3588913482865592,53.650871026871236,0.4705476882844418,-12.71672917928713,0.6724677349696782,-14.6689892582222,0.9924974921728942,-16.81603411667042,0.7647212718427514,-29.232544879078628,VI,25,6,206,19.61453370872328,0.5449664826573114,1.1065559710453188,1.4061224489795918,1.1440392732247615,0.9808493754764142,0.8954655244932893,0.8716446991811363,0.3635274390634173,-1.2535851941611718
0.32319,2.73547,1.989,0.029251853674464555,0.008789110925990551,0.26368073196875363,14.771575417214477,0.4709539035834432,-12.538661730553303,0.6723041245918098,-13.979038127994988,1.006209092306666,-16.917632638672323,2.6736775530933854,16.72837746605274,VI,25,6,207,19.47749682958266,0.5411590760103522,1.1087515866753574,1.3265306122448979,1.1734337282489067,0.9816961249818407,0.8952476590921529,0.8836866878694176,1.2709926996214695,-1.5338466076986157
0.32222,1.07079,2.12336,0.06999905759692342,0.008320022437908414,0.7373137082345742,36.40186049394763,0.4707571095622679,-12.612462700172237,0.6738623236331084,-14.52263842521615,0.9909637823327406,-17.294277775248716,1.4715545466610953,-52.32474163489729,VI,25,6,208,19.48937393487293,0.5414890672500272,1.1054238567360801,1.4161397892490328,1.1108057493686847,0.9812859108896813,0.8973225742876668,0.870297743583974,0.6995365180580947,-1.154907806888757
0.32253,1.35352,2.14194,0.054896941999262615,0.00815318752313926,1.3224558413356355,52.90456154227844,0.4692204731450095,-12.405341184573256,0.6692964393814911,-14.422935055460696,0.9862792938536298,-16.971444212089864,0.8510404205245677,-37.250776515661734,VI,25,6,209,19.37549764309691,0.5383251499676278,1.10648735805688,1.428531412565026,1.0885316288474907,0.9780828160541774,0.8912425919724789,0.8661836681496345,0.40456118589096407,-1.2604518469858819
0.3222,2.16054,2.0291,0.03630399089105828,0.009255836937970885,-0.3530031640420239,-19.44319298205305,0.4717362497212635,-12.47664470792859,0.670053222283366,-14.186016456861609,1.002439931379768,-16.86268655701307,2.0441293175946074,26.75080520331917,VI,25,6,210,19.3155008859541,0.5366582114517038,1.1053552437476413,1.3532746431906095,1.2357462930715089,0.9833269134009384,0.8922503325121577,0.8803764838959058,0.971722800581936,-1.4400456304268459
0.32312,2.73547,1.9713599999999998,0.02951360327819881,0.009103894763587805,0.343483346186706,18.956743096076416,0.47026615668656174,-12.458650711996379,0.6718572195205809,-13.997241535276864,1.0034409285406438,-17.062194555496824,2.7576968039028,14.96976076305656,VI,25,6,211,19.27189749811298,0.5354467431977759,1.1085114412158221,1.3147659063625448,1.2154605015203586,0.9802625272167524,0.8946525553225649,0.88125559329019,1.310933138319053,-1.5299777648034196
0.29867,17.79613,1.43798,0.006219303006547062,0.005034006677543057,-0.3783778746146523,-20.72553361687906,0.4905302149334277,-16.20839681186739,0.7773100312922281,-16.922294176469084,1.1637743271518057,-12.32829666047425,0.8667521702879921,3.8850231265515096,VI,25,7,0,35.68464623212265,1.0,1.0,1.0,1.0,1.0,1.0,1.0,1.0,-2.206258283696902
0.30241,14.06813,1.5401599999999998,0.007345441744631768,0.004178557310504372,0.2736582611422903,15.304755779565756,0.4946920856209973,-15.956694985705228,0.7807902496256635,-16.67596683018494,1.179745463739206,-12.589894370492116,2.114570982572973,14.565447966123678,VI,25,7,1,33.30542239157823,0.9333263996771057,1.0125221816720795,1.0710580119334063,0.8300659053840977,1.0084844328868394,1.004477259000054,1.013723568405644,2.4396489043348724,-2.1339820812233286
0.30208,8.81772,1.7360399999999998,0.01039690558454412,0.005258848513432168,0.5559916423748412,29.07369358953644,0.4991172726969366,-15.989097380674528,0.7832685238071955,-16.557201031623304,1.1848479160041927,-12.871806330242709,2.480955336047874,0.9281309922427794,VI,25,7,2,31.87099662419724,0.89312911824547,1.0114172832892492,1.207276874504513,1.0446645883272545,1.0175056653027466,1.0076655289075092,1.018107968495887,2.862358377739669,-1.983095899886507
0.30275,8.81772,1.7197,0.010495693418033364,0.005618607905871653,-0.8566680670410352,-40.585608965731765,0.498126002052829,-16.165517407631906,0.7861315980040081,-16.619816527302447,1.1854557505366905,-12.995943622233623,2.559134535066732,-7.5821152393799185,VI,25,7,3,31.04269169929038,0.8699173167463358,1.0136605618240868,1.1959137122908525,1.1161304038265443,1.0154848506537608,1.0113488394033907,1.0186302643726017,2.9525562470947366,-1.978988863639239
0.30419,6.97545,1.88314,0.012116168186983625,0.006068034113179133,-0.8578857024731408,-40.62582132574445,0.499302321068205,-16.056952747628216,0.7823074428607879,-16.849072867710014,1.1818740892225181,-12.559892299220126,0.9399860796961872,11.268317145400006,VI,25,7,4,30.51888814619444,0.8552386353412103,1.0184819365855293,1.3095731512260254,1.2054084354414787,1.0178829068377935,1.0064291098369744,1.0155526390713647,1.0844923288555042,-1.9166347067677099
0.30576,11.1448,1.6681399999999997,0.008560819811119396,0.004297096336518702,0.15448717745084653,8.782037547711955,0.5019685588009006,-15.98090089361215,0.7874282863682697,-16.841398785358443,1.1824750995268318,-13.166713084164401,1.878093841111824,-35.512540004603174,VI,25,7,5,30.13455274377356,0.8444683057176282,1.0237385743462684,1.1600578589410142,0.8536135551206662,1.023318326821163,1.013017013377816,1.0160690710722189,2.166817581186786,-2.0674846439213184
0.30683,11.1448,1.6202400000000003,0.008813907791265925,0.005146199571783749,1.2389027445639706,51.09071564542544,0.5007306647527292,-15.998539106381234,0.7832186526883932,-16.85286595364099,1.180549835858812,-12.786297278184504,0.9007581254072085,-21.391010824852504,VI,25,7,6,29.82443155615191,0.8357777000828024,1.0273211236481736,1.1267472426598424,1.022286997500657,1.0207947431346016,1.0076013703133901,1.0144147437485258,1.0392337697959468,-2.054831497274462
0.30444,11.1448,1.62758,0.008774159156367558,0.006023617133298631,1.118610463860422,48.20436071817545,0.4993336031796349,-16.185924236685807,0.7833840545001556,-16.93406768948926,1.177772592657593,-12.832139592374556,1.0025376558124715,-29.81313316936162,VI,25,7,7,29.67684556408608,0.8316418599484822,1.0193189808149463,1.131851625196456,1.1965850502682631,1.0179466788756366,1.007814157753541,1.0120283333110178,1.156660104444114,-2.0567944920982395
0.30549,8.81772,1.7545799999999998,0.01028704531625345,0.004837266354622338,0.6324951212549249,32.31315341936983,0.4999665654683967,-16.069280815343042,0.7818485990510876,-16.604216989953827,1.1895999108634938,-12.980693333342643,2.4386913044256198,7.912264577624098,VI,25,7,8,29.52264861071568,0.8273207591487889,1.022834566578498,1.2201699606392298,0.9609177469314082,1.019237042383311,1.0058388127981759,1.0221912299568363,2.81359699810769,-1.9877093470172
0.30528,8.81772,1.76416,0.010231183096199878,0.0060262695672611,0.36517656087080924,20.0610085441073,0.49991782279995706,-15.980274192506931,0.7816339726560194,-16.5824568404184,1.1889549154682844,-13.009346454984847,2.2988702868342803,12.816409456165573,VI,25,7,9,29.38385638734727,0.8234313490516397,1.0221314494257876,1.2268320838954645,1.197111953415671,1.0191376750722754,1.0055626985240407,1.0216370027495838,2.652280969853752,-1.9900741431751954
0.30623,8.81772,1.7034799999999999,0.01059563010483949,0.0053228095958807176,-0.7669554357540757,-37.48659848985928,0.5016689986611873,-16.035130761344057,0.785283163342983,-16.583253710346607,1.1885539581938764,-13.277260197920624,2.569837465870032,-16.95041208848797,VI,25,7,10,29.19925713578968,0.8182582768469497,1.0253122174975726,1.1846340004728855,1.057370388407712,1.0227076404034996,1.0102573384232545,1.0212924709404063,2.9649045643764156,-1.9748732114007697
0.30721,17.79613,1.4426999999999999,0.006198955664625039,0.005229466866565169,1.156196079506503,49.14330169885244,0.4995459412857718,-15.85923435159624,0.7829184952114919,-16.9382842172573,1.17960757979786,-12.857195973305206,0.8490639134047556,-14.79096530740799,VI,25,7,11,28.99182764239123,0.8124454269156612,1.0285934308768876,1.003282382230629,1.0388279558495759,1.0183795535481288,1.00721522133188,1.0136050884408185,0.9795924861920342,-2.207681469742563
0.30508,11.1448,1.66392,0.008582531587889266,0.006380064981937772,0.2386328958121566,13.421647081366835,0.49999270072994584,-15.957076826277117,0.7847875266984492,-16.88301194868517,1.1813002704120956,-13.303009529470728,1.8390994459736554,-37.22382008174375,VI,25,7,12,28.87071572715762,0.8090514766311103,1.021461814042254,1.1571231866924436,1.2673930311613502,1.0192903219994356,1.00961970784526,1.0150595719903726,2.1218284868702266,-2.0663845894844135
0.30468,8.81772,1.7608799999999998,0.010250240772222965,0.006660814374454649,0.5021552131063437,26.663753681339394,0.4997523136783296,-16.044791502877395,0.7817583444479964,-16.57981514204696,1.1884551747898504,-13.104006363977605,2.399691735096307,10.82311342950345,VI,25,7,13,28.75638632631388,0.805847594488072,1.0201225432751868,1.2245511064131627,1.3231635953461998,1.0188002664548472,1.0057227013375516,1.0212075890163756,2.7686019341595323,-1.9892659331624003
0.30633,11.1448,1.68512,0.008474557277654237,0.005628479505776829,-0.4602442157323554,-24.713977960770393,0.4995589507214579,-15.94745392546533,0.7843134814945535,-16.70736449531643,1.182899466150295,-13.3946085439174,2.469922737158773,-23.530683331662377,VI,25,7,14,28.67900472146099,0.8036791099149159,1.0256470351893394,1.1718660899317097,1.118091386506447,1.0184060747190784,1.0090098543957842,1.0164337179058551,2.8496297117295963,-2.071882980663991
0.30409,8.81772,1.7757800000000001,0.010164234291968584,0.0066617859028671456,0.2613164290567636,14.644843415246001,0.4996932929472123,-15.872280312936326,0.7802350237579031,-16.624581301944456,1.1884071694909673,-13.057409304984727,2.2525247705202576,15.335786381263715,VI,25,7,15,28.59095900428603,0.8012117821851624,1.0181471188937625,1.2349128638784963,1.3233565884180665,1.0186799461782965,1.0037629676035602,1.0211663393533068,2.5988106493829957,-1.9929253327463847
0.30479,6.97545,1.8757400000000002,0.012163967799181306,0.006828243917281762,-1.0288209334952225,-45.81387507222905,0.4994818393263445,-15.910592956890337,0.7789072159886317,-16.879649632857426,1.1824990071624764,-12.866208976930674,1.0208556841683374,16.831847934602045,VI,25,7,16,28.44360845681762,0.7970825399752237,1.0204908427361303,1.3044270434915646,1.3564232935452554,1.0182488746266765,1.0020547588891249,1.0160896142609512,1.1777942059598674,-1.9149247382037013
0.30513,8.81772,1.7292599999999998,0.010437669275292308,0.007917473633694605,0.33380223390374436,18.45912484196853,0.5005426979644191,-15.818369228656456,0.7809828545337589,-16.52885677848651,1.186653722768826,-13.263882453748497,2.64071459762025,-0.5938612483219016,VI,25,7,17,28.35831969564903,0.7946924711312228,1.0216292228881374,1.2025619271478043,1.5727976025567927,1.020411552084208,1.0047250428962367,1.0196596497132007,3.0466778026558976,-1.9813964681809888
0.30811,8.81772,1.70808,0.010567095201039748,0.003989907260544767,-0.7295802862739474,-36.1137532096728,0.5030794482538771,-15.830152156372842,0.7809393982478959,-16.521631086525918,1.1856276323653652,-13.356510544516428,2.6710045977859576,-5.813479155964475,VI,25,7,18,28.30629961193508,0.7932346989741005,1.031606790102789,1.1878329323078207,0.7925907763181828,1.0255829976185107,1.004669136907489,1.0187779578082314,3.0816243550892684,-1.976044379914552
0.30401,11.1448,1.6111799999999998,0.008863470226616958,0.007421983193120596,1.0203490506695918,45.57706627309407,0.49740583087868456,-15.818828457659247,0.778848909592922,-16.867753364688436,1.1697549233996505,-13.130864935687018,1.0719803133695947,-33.77128201423549,VI,25,7,19,28.27411073688934,0.792332661867263,1.017879264740349,1.120446737784948,1.4743689606591934,1.01401670220496,1.0019797484127866,1.0051389656124152,1.2367783434720587,-2.052396209805706
0.30551,6.97545,1.8667600000000002,0.012222482247121398,0.006710448807449698,-0.9998071288150614,-44.99447411468178,0.49761583076980237,-15.920958081650722,0.7771232743209846,-16.770156847629963,1.1759418634421441,-12.852156524408272,1.0003180040887947,15.905928209545788,VI,25,7,20,28.22317532488337,0.7909052857437997,1.0229015301168514,1.2981821722138,1.333023421956377,1.014444810167986,0.9997597394041949,1.010455236901571,1.1540992204916236,-1.9128405848665662
0.30808,6.97545,1.83702,0.012420355227290035,0.0056396560509753835,-0.9506856602934055,-43.55184159487087,0.4988643195253595,-15.806577336810605,0.7753406255075029,-16.728257317667712,1.1776288149045715,-12.92902169194573,1.240025991929801,22.8067449281583,VI,25,7,21,28.16673438090173,0.7893236266847606,1.031506344795259,1.2775003824809803,1.120311595162191,1.0169899923352588,0.9974663831605889,1.0119047889522301,1.430658075557841,-1.9058659829802338
0.3072,6.97545,1.8055400000000001,0.012636906941766089,0.005882038359665331,-0.4022404995804681,-21.911988718668123,0.4984315518231368,-15.818648708544393,0.7747541704412898,-16.587087417712898,1.1805413659278854,-12.977967312160468,1.715769688641653,23.88067436144447,VI,25,7,22,28.06782214036433,0.7865517835818756,1.0285599491077109,1.2556085620105983,1.168460579503278,1.0161077475946745,0.9967119157761424,1.014407465764531,1.9795389587216854,-1.8983592126442355
0.3082,8.81772,1.74458,0.010346011057671172,0.005216772171834028,0.4957574159252944,26.370255622366845,0.4988382897859216,-15.705067351789166,0.7771643621655676,-16.484961453077243,1.1843907103125373,-13.238137672088135,2.41873664944054,11.093117164099661,VI,25,7,23,27.93225495618018,0.782752749585509,1.031908126025379,1.2132157609980667,1.036306168425699,1.0169369278376081,0.9998125984217413,1.0177151039335846,2.790574667539484,-1.9852270617588514
0.30688,11.1448,1.6602199999999998,0.008601658792040036,0.005962564401596981,-0.21310705151186002,-12.030173943453,0.4975625494620483,-15.855527922612302,0.7793359081133425,-16.675423215162716,1.1734304097685886,-13.559501113527634,2.3332147337821385,-28.91586869096967,VI,25,7,24,27.87634550619424,0.781185984719122,1.027488532494057,1.154550132825213,1.1844569909285707,1.0143361903396206,1.002606266148073,1.0082972122614313,2.691905268615469,-2.0654177889004144
0.30761,6.97545,1.86998,0.012201435822648555,0.005894840937537171,0.05662819931866453,3.2410953160031237,0.496837647517795,-15.847370283368846,0.774081027128784,-16.71727402923024,1.1700576372307931,-13.00398000910939,0.8522706839297364,1.0911187819962977,VI,25,7,25,27.76398434954665,0.7780372591883516,1.0299327016439548,1.3004214244982544,1.1710037977967604,1.0128583976936534,0.9958459250061702,1.005399079471331,0.9832922410180478,-1.9135890600496739
0.30633,1.07079,2.32328,0.06397558578346274,0.007082490909457728,0.3892447543902495,21.268214443646983,0.4983121310363196,-15.99284640292314,0.776493906447778,-16.76196913631018,1.1670073012827442,-13.54504601533313,1.6819957055548993,-39.42625893248595,VI,25,7,26,27.66575587174307,0.7752845773440475,1.0256470351893394,1.6156552942321867,1.4069291844711007,1.0158642951361274,0.9989500652100253,1.002778007776517,1.94057282255899,-1.1939857288661657
0.30798,1.07079,2.35764,0.06304321225420477,0.006489913043413231,0.31707976512285274,17.59276787695799,0.4980709657853084,-15.73691215657643,0.7754267921186895,-16.693861023997915,1.1659099079256388,-13.516272393650064,1.7588423422219401,-38.933991803509194,VI,25,7,27,27.56050745527225,0.7723351739567702,1.031171527103492,1.6395499241992237,1.2892142301608462,1.0153726531461555,0.9975772354688285,1.0018350471599244,2.0292332716485,-1.2003616662555967
0.31016,11.1448,1.6364999999999998,0.008726334225310547,0.004984335262729678,0.08711906507009812,4.978983753686602,0.500074229378147,-15.933821644665755,0.7766109525728759,-16.724949680534078,1.1706367311912957,-13.606790425021309,2.047586180106694,-35.32344218701583,VI,25,7,28,27.4534731372986,0.7693357237933186,1.038470552784009,1.1380547712763736,0.9901328269914766,1.0194565271499425,0.9991006436412637,1.0058966793470043,2.3623663721849706,-2.0591681572180587
0.30842,1.07079,2.3159599999999996,0.06417779190443848,0.006041331054223775,0.38618267640625903,21.115697061934696,0.49741182891622254,-15.749665150621606,0.7758972475699188,-16.76833132896663,1.165471823225495,-13.515749920885616,1.6779121468479383,-39.73880454666805,VI,25,7,29,27.32848483036377,0.7658331443892298,1.0326447249472663,1.610564820094855,1.200103901565018,1.014028929866693,0.9981824707447032,1.001458612751704,1.935861488861834,-1.1926152292818781
0.30581,8.81772,1.69452,0.010651655909043253,0.006724266841533488,0.052975269131495875,3.0324247484071924,0.4960052854794997,-15.866339424278813,0.7737046682752162,-16.354250017821144,1.1732003002936007,-13.423560643770395,2.6726447645020954,-1.3863871514853974,VI,25,7,30,27.28069346052297,0.7644938745662945,1.023905983192152,1.1784030375944032,1.335768359531735,1.0111615357818784,0.9953617438706944,1.008099485374337,3.083516668454452,-1.9725828714499067
0.30645,11.1448,1.5788399999999998,0.009045024169466639,0.006573477916049564,1.1915931266245887,49.99620095107349,0.495929570069385,-15.754608983609746,0.7720916606178726,-16.678351948210672,1.1596074697035383,-13.177658882399486,0.9533865166489401,-29.116518524901213,VI,25,7,31,27.24862818611696,0.763595301151907,1.0260488164194597,1.097956856145426,1.3058143020298645,1.0110071815590198,0.9932866289327563,0.9964195313893328,1.0999528461891965,-2.0435902683119656
0.30764,6.97545,1.8554799999999998,0.012296786254573666,0.007129519026407294,-0.20766430364338032,-11.731545984387534,0.4951738303501326,-15.702928344531276,0.7708662291426481,-16.744111902405447,1.1663036847121828,-13.045194736216324,0.863217286083308,3.851080598860418,VI,25,7,32,27.18967213893381,0.7619431607103386,1.030033146951485,1.2903378350185675,1.4162712692083659,1.0094665227040809,0.9917101260884701,1.002173408968874,0.9959216898141604,-1.9102083758998338
0.30668,1.07079,2.36564,0.06283001595297819,0.007534058896861762,0.27075377705629045,15.149821227323883,0.4957151926478183,-15.787686820515173,0.7733057382134046,-16.658541951642437,1.1611090875338443,-13.52655254546905,1.8094024193554916,-38.88274957552718,VI,25,7,33,27.15691978710435,0.761025333148972,1.0268188971105234,1.6451132839121545,1.4966326783934467,1.010570149516874,0.9948485251474671,0.997709831231211,2.0875660671888356,-1.2018328300136563
0.3086,11.1448,1.64898,0.008660290579461672,0.006419913350970696,-0.5146549067600709,-27.23283766635377,0.49605133685467057,-15.705320062056908,0.7741582522991858,-16.497992811287805,1.1673994545270112,-13.648877113821955,2.5348682875121344,-22.786070352780953,VI,25,7,34,27.08315223969056,0.7589581262349971,1.0332473967924465,1.1467336124285454,1.275308866714507,1.0112554165944543,0.9959452742584542,1.0031149745192245,2.9245594927900607,-2.062467535818729
0.30716,6.97545,1.85036,0.012330811820205984,0.005997234172891608,-0.18244544695253176,-10.339632200392522,0.4951776539872075,-15.664540927312878,0.7693149324551796,-16.674474506969343,1.1601336351652327,-13.004145028629726,0.8485451525583,4.0942726750773355,VI,25,7,35,26.99592645421725,0.7565137756617585,1.0284260220310042,1.286777284802292,1.1913441036233732,1.0094743176104055,0.9897144015705585,0.9968716512285649,0.9789939750325142,-1.909008329938777
0.30714,8.81772,1.73,0.010433204607509811,0.005335124946526382,0.2427687690253815,13.645637597672627,0.4951543934944439,-15.632925512937407,0.770000149663444,-16.35910456534871,1.168440608629964,-13.234701890167829,2.2602181145164035,15.786607094645895,VI,25,7,36,26.9437089650103,0.7550504715598406,1.028359058492651,1.2030765379212507,1.0598168195379294,1.0094268985278385,0.9905959252621095,1.0040096102562928,2.6076867090686493,-1.9815822755048158
0.30875,8.81772,1.658,0.010886275012661024,0.006473996495660439,-0.947819368540319,-43.465455727755135,0.49553873262105724,-15.684335480465037,0.7712440097820983,-16.378483002601484,1.1656215134843038,-13.548490775743803,2.677191202400535,-12.959121607772051,VI,25,7,37,26.97274477760144,0.7558641495882641,1.033749623330097,1.1530063005048747,1.28605242510727,1.010210416270299,0.9921961363343718,1.0015872375678012,3.0887620408391894,-1.963120698590275
0.30701,11.1448,1.6384400000000001,0.00871600178201259,0.005977912268608554,-0.5861870153908343,-30.37827822643993,0.49316066352176435,-15.74315142378097,0.7718258356243225,-16.45269360255172,1.1600179777064448,-13.573432957837099,2.5651223451284286,-21.214922312972067,VI,25,7,38,26.95193995168136,0.7552811306118463,1.027923795493354,1.1394038860067595,1.187505828165923,1.0053624598613027,0.9929446482778712,0.9967722698828095,2.9594645771421906,-2.0596826896329694
0.30743,8.81772,1.65094,0.010932828552819589,0.006379124305203376,-1.005253493557814,-45.15010686722037,0.49483134744912016,-15.510574227873636,0.7698639965528455,-16.322981741108382,1.161418073058129,-13.549564613275901,2.6893348962400943,-11.263363941717225,VI,25,7,39,26.91918144975369,0.7543631307046992,1.0293300297987746,1.1480966355582136,1.267206166742081,1.008768333498633,0.9904207659239853,0.9979753341874765,3.1027726130140754,-1.9612674623908344
0.30842,1.35352,2.2211999999999996,0.05293803167022357,0.006926836709565232,1.2519231432113689,51.38315162737583,0.4952020380826731,-15.663262060428783,0.7687716974417875,-16.63723466168556,1.1552334374126245,-13.214039411113905,0.9071668581039528,-26.20165541281302,VI,25,7,40,26.80631264306686,0.7512001791665884,1.0326447249472663,1.5446668242951915,1.3760086454525735,1.0095240272811319,0.9890155362638945,0.9926610430047172,1.0466277318954187,-1.2762322105724948
0.30809,8.81772,1.6655799999999998,0.010836731931814728,0.00768899386817018,-0.9076891648028873,-42.22968547257604,0.4957162791770635,-15.563889618999658,0.7709781749080021,-16.260276113398525,1.167233092394208,-13.565475753368407,2.7119224562587982,-7.773558990724144,VI,25,7,41,26.75521665298844,0.7497683031225876,1.0315398265644355,1.1582775838328765,1.5274103434290516,1.0105723645266982,0.991854142968283,1.0029720240099016,3.1288326112384803,-1.9651016696398713
0.30717,8.81772,1.6510600000000002,0.010932033948488832,0.00789868294650714,-0.7937424605739406,-38.44052374563916,0.4952144712766169,-15.703451550219267,0.7721804405505079,-16.37566364812504,1.1635358490256866,-13.68993674088034,2.656129104775138,-17.00113527787693,VI,25,7,42,26.71029521651118,0.7485094581788811,1.028459503800181,1.1481800859539077,1.5690648528027467,1.0095493737196697,0.9934008432475874,0.999795082155917,3.064462017894454,-1.9612990283132157
0.30867,6.97545,1.84016,0.012399161464022881,0.007309000903754748,0.23669328341234666,13.31645703079689,0.4948868879448867,-15.510969950054584,0.7657172387089123,-16.614655745270166,1.1548146069389038,-13.17607680122799,0.8334927705041761,-0.3760594428136362,VI,25,7,43,26.72520657198337,0.7489273229203499,1.0334817691766833,1.2796840011683055,1.4519251506678663,1.008881558931187,0.9850860118657628,0.9923011532357568,0.9616275552298127,-1.9066076845040263
0.30881,8.81772,1.7046000000000001,0.010588668292263272,0.006515759262852194,0.5128948733094857,27.15305498721292,0.4938657193326546,-15.636109471374223,0.7669194523409507,-16.30548636036887,1.1632241082367902,-13.372384310022545,2.4278826927302335,11.253644251976828,VI,25,7,44,26.71724699838049,0.7487042697464132,1.0339505139451568,1.1854128708326959,1.2943485537910202,1.0067997939733022,0.9866326452342269,0.9995272116748253,2.8011267533642643,-1.9751586564825998
0.30674,5.5173,1.8373400000000002,0.015700157260527328,0.00822439507358419,1.2215020078229457,50.69404034036598,0.49380349905664056,-15.604444056271811,0.7643452583072329,-16.689792232777638,1.1501064806916605,-13.191157780253585,0.8352989470117685,-17.571487063475697,VI,25,7,45,26.73493089090647,0.7491998300053254,1.0270197877255836,1.2777229168694977,1.6337672157396228,1.0066729510712344,0.983320975591371,0.9882555868940711,0.9637113994583103,-1.8040959974610091
0.30752,8.81772,1.70118,0.010609955425641013,0.006980766361976809,0.49856186225540483,26.499093885429435,0.4935610239379962,-15.395773164632585,0.7658022770694745,-16.25722592379369,1.1607134528723317,-13.4009951457055,2.4198929185264464,11.435189163888936,VI,25,7,46,26.67839821815492,0.7476156004074247,1.0296313657213647,1.1830345345554178,1.3867217127697387,1.0061786387714768,0.9851954126931531,0.9973698730002362,2.7919086925647947,-1.974286440645201
0.30983,11.1448,1.6320199999999998,0.008750288574723783,0.006279471528588043,-0.5735243449163948,-29.835320647558415,0.49734353744945087,-15.579588850063208,0.7685446602758663,-16.297796867790325,1.1604077405063105,-13.8062355940421,2.5783734316461655,-21.579496724414906,VI,25,7,47,26.59453727866744,0.7452655437768508,1.0373656544011787,1.1349392898371324,1.2474102500898665,1.0138897101719775,0.9887234556824258,0.9971071825808921,2.9747527840506707,-2.0579776241955643
0.30978,5.5173,1.8256800000000002,0.015800428849008195,0.005559653764565353,1.0484438243358558,46.3547403001062,0.49242188865948144,-15.52993676859443,0.7656385334003629,-16.539354218277396,1.1491682493948034,-13.211421469456408,0.8130995170215174,-12.972965083282368,VI,25,7,48,26.52314275743606,0.7432648367846343,1.0371982455552953,1.269614320087901,1.1044192272066766,1.0038563857402962,0.984984758433566,0.987449389957975,0.9380991993955461,-1.8013311254360656
0.30793,8.81772,1.6369799999999999,0.011026062609800961,0.00797432195187453,-0.7392076289186477,-36.47209456953398,0.49539729578306196,-15.55793461307485,0.7677266114301567,-16.32062253067815,1.157265096658886,-13.762227112941401,2.641474237864886,-18.051310419981718,VI,25,7,49,26.50828388567609,0.7428484428077033,1.0310041182576086,1.1383885728591496,1.5840904596826142,1.009922081660749,0.9876710456879869,0.9944067931891484,3.047554224164463,-1.9575795457753178
0.30825,6.97545,1.7396200000000002,0.013115761464938517,0.007605589629132992,-0.10745173175582684,-6.132999353955442,0.49320616959990055,-15.598853809110405,0.7619755637347482,-16.26567460577701,1.157927530760691,-13.27840387331813,1.9983863087742968,21.00777575676155,VI,25,7,50,26.51335280502996,0.7429904904357195,1.0320755348712627,1.2097664779760497,1.5108421812513457,1.0054552290256697,0.9802723920441534,0.99497600500827,2.3056028900513756,-1.8822064904018008
0.30927,1.07079,2.38912,0.062212529692524145,0.006763417804767191,0.2090303705639856,11.806559606465072,0.4941455237551817,-15.569945294914948,0.7665221906108797,-16.490506936936804,1.1485236880213445,-13.754015709282148,1.9177518920117695,-38.05024886730759,VI,25,7,51,26.50915723278848,0.7428729168379825,1.0354906753272843,1.661441744669606,1.343545656174657,1.0073702061803567,0.9861215727997047,0.9868955356939474,2.212572356610963,-1.2061221389696997
0.31133,1.07079,2.2962,0.06473007531530499,0.006341696263384822,0.4088987026639965,22.239589204728553,0.4947749199821629,-15.511267097523332,0.7651041722280845,-16.49994808331212,1.1491521302740026,-13.773051079819933,1.6649629420258891,-40.668863468383314,VI,25,7,52,26.50367892500255,0.7427193968128633,1.042387919777681,1.5968233216039165,1.2597711265810254,1.0086532998773812,0.9842973092166942,0.9874355392307123,1.9209215726251703,-1.1888938876676507
0.31035,4.36941,2.00866,0.018133886875286505,0.006941114350278166,-0.6004979693961868,-30.984731000211568,0.49613099179975,-15.399516151504976,0.7665339426556664,-16.244695081809247,1.1560958107468076,-13.838993192534335,2.6031719930328285,-21.18898661833055,VI,25,7,53,26.38246709164768,0.7393226464971558,1.039106706398366,1.396862265121907,1.3788448833893698,1.0114178019942817,0.9861366916638821,0.9934020572323584,3.0033636860325177,-1.741509097858987
0.31087,6.97545,1.7479,0.01305363061939261,0.0062901562692732615,-0.3496666138631318,-19.273027418413474,0.4963923464243565,-15.497635575629932,0.7619236801310355,-16.359982215718176,1.1576399132343613,-13.351974978425078,1.7811895996546898,23.580958708238754,VI,25,7,54,26.35728247426605,0.7386168915005165,1.0408477583955535,1.2155245552789329,1.2495327623091856,1.01195060225133,0.9802056444124183,0.9947288629983292,2.0550160250107727,-1.8842686807643876
0.3079,11.1448,1.6025,0.008911479538047242,0.007893288046204427,-0.10294425290385206,-5.877567024939104,0.4937776544874491,-15.452802475384566,0.7648897065654425,-16.353993635466836,1.1486109831087785,-13.917070598305703,2.2417111496553623,-32.61161704574252,VI,25,7,55,26.34661374303268,0.7383179189069822,1.0309036729500787,1.1144104924964187,1.5679931616731382,1.0066202640635749,0.984021401722891,0.9869705460163074,2.586334625398767,-2.0500501857648907
0.30758,8.81772,1.62644,0.01109751602948278,0.007557526115644642,-0.87230207400821,-41.09825841555523,0.49310695228364576,-15.517949814402318,0.7636148657353302,-16.197745205660773,1.1521026987083178,-13.806983903560914,2.691827317417288,-15.095874811216927,VI,25,7,56,26.35446660478463,0.7385379816673321,1.0298322563364248,1.1310588464373637,1.5012944161077746,1.005252963572423,0.9823813343382041,0.9899708833824744,3.105648199903423,-1.9547742189981676
0.31022,4.36941,1.99642,0.018245065272293904,0.006498868046421802,-0.5358238200913104,-28.18346627245159,0.49509400161489686,-15.433818111934343,0.7635628003978767,-16.230741018282362,1.1501624687618153,-13.948753182265948,2.557047114123082,-22.89616172214973,VI,25,7,57,26.33569457001325,0.7380119281190001,1.0386714433990691,1.3883503247611233,1.2909931318552994,1.0093037830138323,0.9823143529081987,0.9883036959379369,2.9501479220680378,-1.7388545785944078
0.30797,4.36941,1.97714,0.01842298128150409,0.008399514856024637,-0.33094534668385744,-18.311721332212926,0.49364199425074246,-15.48002230497953,0.7639605333493256,-16.27925848779882,1.1492859886763624,-13.957879332580559,2.4446013555056743,-27.3929602482675,VI,25,7,58,26.29339869397145,0.7368266599292393,1.0311380453343155,1.3749426278529604,1.6685545717480414,1.0063437056935158,0.9828260315633521,0.9875505601580835,2.8204156151041615,-1.7346400891587466
0.31007,8.81772,1.65382,0.010913789874951308,0.007004294841029879,0.5600577001504509,29.251343003551558,0.4957142571257903,-15.382683821054133,0.7625400371899207,-16.105935152248207,1.1555312168676728,-13.798247118615476,2.6782999786455854,0.9717071016008878,VI,25,7,59,26.21689947077346,0.7346829025636661,1.038169216861419,1.1500994450548687,1.391395619770703,1.0105682423519338,0.9809985803505543,0.9929169168868788,3.090041271838613,-1.962024412017747
0.30898,8.81772,1.70206,0.010604469860634746,0.00693132414310782,0.009076095439142687,0.5200076848019811,0.49156128604412525,-15.244708222256463,0.7584538106463921,-16.170401179258974,1.1512796032676342,-13.490308289372917,2.1163272250428053,19.23778634249958,VI,25,7,60,26.22131872176703,0.734806744368481,1.0345197040211604,1.1836465041238402,1.3769000692885025,1.0021019522942893,0.9757416990817823,0.9892636195930264,2.4416751380496944,-1.9745110378834756
0.30829,11.1448,1.58054,0.009035295506422304,0.007366767878723091,0.03435976862060523,1.9678955423058493,0.49176301390515675,-15.351227577349983,0.7605440047079732,-16.409732199012627,1.14025175289764,-13.991525810199363,2.1131603209708,-35.55267200472131,VI,25,7,61,26.24597998782554,0.735497833356672,1.0322094619479694,1.099139070084424,1.463400497974425,1.002513196810713,0.9784307085856303,0.9797876841709213,2.4380213784393168,-2.044057638929295
0.30933,5.5173,1.8421999999999998,0.015658737890053894,0.006700930282786011,1.0359124208575958,46.010562514761126,0.49107184044119717,-15.407240605675037,0.7579861238437359,-16.513435163432,1.134123907235527,-13.644159658706064,1.0722103055832288,-35.97600276435478,VI,25,7,62,26.23298181251781,0.7351335821539788,1.0356915659423445,1.2811026578951028,1.3311325772925926,1.0011041633956086,0.9751400256389752,0.9745221910945187,1.2370436929243223,-1.805243245437358
0.30809,8.81772,1.6216599999999999,0.011130227033405259,0.008457335078460693,-0.9201847436044607,-42.61978823483699,0.4912623248093747,-15.372799196801786,0.7562956446848841,-15.995476863796128,1.145323099550727,-13.854820309975208,2.7189163166831034,-7.406871204771276,VI,25,7,63,26.23897340798741,0.7353014861715954,1.0315398265644355,1.1277347390088874,1.6800404966066624,1.0014924868105146,0.9729652445467494,0.9841453560448994,3.136901654113771,-1.9534959768737827
0.30895,6.97545,1.80682,0.012627954616196601,0.007043298178826929,0.27267718499098514,15.252447532764199,0.49086926779599044,-15.31578867987714,0.7557082381393848,-16.40312062648031,1.1387359454848935,-13.443673203666906,0.82261128955501,-0.8139714579326557,VI,25,7,64,26.24660362025406,0.7355153095682747,1.0344192587136305,1.2564986995646672,1.3991435907797694,1.0006911966933756,0.9722095530956526,0.9784851916022322,0.9490732388725192,-1.8986669875947395
0.30932,6.97545,1.78248,0.012800391005585669,0.00791278449674837,-1.0598966375743968,-46.66554853498214,0.4925427931711537,-15.295244060699687,0.7565098805119664,-16.320564140748633,1.1425957343048294,-13.47995670067829,1.0724725057978715,19.695005166811608,VI,25,7,65,26.13578107657579,0.7324097009836361,1.0356580841731677,1.2395721776380757,1.5718661105571587,1.0041028629357707,0.9732408563598713,0.9818018043938052,1.2373462017885983,-1.8927767640259865
0.30347,5.5173,1.81614,0.01588342690599694,0.0073621834292597055,1.18724783198994,49.89309700930783,0.4874352833925318,-15.578955099842855,0.752783666370734,-16.51891881060253,1.134350796509191,-13.72677942746077,0.8255801133291111,-15.969062297125403,VI,25,7,66,25.95480583617192,0.7273381853736268,1.016071249204808,1.2629800136302314,1.4624898020304096,0.9936906403587882,0.9684471267137508,0.9747171509491662,0.9524984668394877,-1.7990557912161405
0.3027,6.97545,1.8067000000000002,0.01262879335785484,0.007037668076577908,-0.2647582946855176,-14.829286299612141,0.4849803824085821,-15.528828471292462,0.750679840647359,-16.489644237196124,1.134168698323132,-13.593443965041015,0.8517561914272238,5.587961830596369,VI,25,7,67,25.95823850877255,0.7274343800389264,1.0134931529782034,1.2564152491689733,1.3980251770370666,0.9886860536703151,0.9657405802410679,0.9745606788722262,0.9826986543849257,-1.8986381429569086
0.30251,8.81772,1.65402,0.010912470206522277,0.006334612611761992,0.7262514855062111,35.989084228466,0.48452195527372366,-15.33651494339836,0.7511395216523816,-16.195069863921002,1.1412920238058468,-13.965885482012064,2.6134914298373744,5.138752267219579,VI,25,7,68,25.94604357872007,0.7270926383841778,1.0128569993638463,1.150238529047692,1.258363966822094,0.98775149934338,0.9663319543215727,0.9806815610024827,3.0152695538898975,-1.9620769290055615
0.30458,11.1448,1.57308,0.009078143489028344,0.007032000569556052,-0.019634637316631055,-1.124837316657751,0.48868738004857976,-15.57957601417667,0.7525080957257697,-16.463733540366192,1.1329239127745667,-14.236383174633115,2.18583809348709,-34.484254454540284,VI,25,7,69,25.91796023957738,0.7263056517636572,1.01978772558342,1.093951237152116,1.3968993328765613,0.9962431776295411,0.9680926083956144,0.9734910681070431,2.5218720741833396,-2.042002957085488
0.30403,5.5173,1.81764,0.015870319172694967,0.006554728035383484,1.2495930792908392,51.33109146575347,0.48376246211801793,-15.543881094941602,0.7499485428689695,-16.50534367367406,1.1281712605026302,-13.813407959746812,0.8941343911794466,-27.03209496802733,VI,25,7,70,25.9392183788736,0.7269013740571597,1.0179462282787024,1.2640231435764058,1.3020896584473034,0.9862031886938336,0.9647997744506502,0.9694072417490858,1.0315917534793784,-1.799414338932214
0.3033,1.07079,2.42668,0.061249608081413005,0.007057775017638657,0.16134658282311598,9.16548876128415,0.48468666338674476,-15.549495954356562,0.753609797363496,-16.383660671734486,1.1286713487093507,-14.222781423226053,1.9967022899516207,-38.10305891320733,VI,25,7,71,25.89048143883981,0.725535606278021,1.0155020591288044,1.6875617185218155,1.402019399204162,0.9880872750163291,0.9695099342931005,0.9698369541040098,2.3036599830931888,-1.212896685879744
0.30485,8.81772,1.6880199999999999,0.010692671870589197,0.006574739421360443,-0.01992613061422949,-1.141532120179709,0.48760417038670645,-15.427537922340594,0.7485188355474695,-16.267359297430747,1.1411880887353791,-13.86383327672236,2.083589757419402,19.836598597355326,VI,25,7,72,25.84548846261044,0.7242747565574803,1.0206917333511902,1.173882807827647,1.3060648987000092,0.9940349351423371,0.9629604731886772,0.9805922523899426,2.403904863286465,-1.9709137603043898
0.30426,8.81772,1.59816,0.01129389045589426,0.006750805280737293,-0.7668399591067034,-37.48243238515094,0.4861671843864101,-15.514590625699435,0.7520458255121165,-16.208739282095593,1.1360840020674123,-14.290891559172795,2.6890308131720166,-17.817834874903077,VI,25,7,73,25.80444319769711,0.7231245345643481,1.018716308969766,1.1113923698521537,1.3410401918720045,0.9911054805306749,0.9674979033293686,0.9762064479011476,3.1024217825477653,-1.947156428980171
0.30247,4.36941,1.99364,0.018270506817134984,0.007840720735646511,-0.585225690967643,-30.337267278954144,0.4845373933618124,-15.544816972516605,0.7518955265273165,-16.237236877097203,1.1339875092219944,-14.344064911415403,2.627420693747791,-21.64844298269841,VI,25,7,74,25.78966814662001,0.7227104895159261,1.0127230722871396,1.3864170572608798,1.5575507220966431,0.987782971590387,0.9673045454943356,0.9744049879475252,3.031340195981037,-1.7382494053112731
0.30316,6.97545,1.71866,0.013275715359429056,0.00726343453456163,-0.33219810017854706,-18.376389237991535,0.48606618557066067,-15.455388206188776,0.7454634672783413,-16.264476094870364,1.1361895784779141,-13.755683043269068,1.8023565234652432,23.86014389054154,VI,25,7,75,25.77568460828527,0.7223186252322289,1.0150333143603307,1.1951904755281715,1.4428734405467034,0.9908995832940223,0.9590297786831029,0.9762971668730639,2.079436989314237,-1.876942067739368
0.30238,8.81772,1.60986,0.011211809704565598,0.007687565154516129,-0.6137501054121803,-31.539525910662068,0.4836985205485815,-15.451537928958768,0.7484394501199758,-16.036216617651597,1.132534270246588,-14.191956125484138,2.7516718144912473,-5.1813651656668,VI,25,7,76,25.75851658822294,0.7218375213997666,1.0124217363645496,1.1195287834323149,1.527126531001781,0.9860728367450854,0.9628583447916441,0.9731562587553603,3.1746927308840323,-1.950324282028273
0.3066,4.36941,1.95364,0.018644588158981693,0.006275427351626284,-0.3099869195627274,-17.222752442730382,0.48781064835468646,-15.513325116112455,0.751513942276006,-16.262515751597697,1.1317125069126177,-14.42866027342304,2.471127236113634,-28.036596469283715,VI,25,7,77,25.67902331874848,0.7196098611069515,1.0265510429571099,1.3586002586962267,1.246606878695903,0.9944558632762096,0.9668136419475537,0.9724501396094074,2.851019381113938,-1.7294472053440837
0.30599,4.36941,1.98704,0.01833119273437525,0.006157812705519905,-0.5442130159553139,-28.555607726829166,0.4882543539934602,-15.378582371336991,0.751863067010893,-16.26253258039814,1.1327990350249684,-14.445753199201778,2.628174009171649,-22.396282859826673,VI,25,7,78,25.63599459507877,0.7184040561400249,1.0245086550373321,1.381827285497712,1.223242856031598,0.9953604062080531,0.967262786717121,0.9733837640132125,3.032209320339396,-1.7368092763850176
0.30716,6.97545,1.74354,0.013086273305823981,0.006088179167944463,-0.8681372919936204,-40.96246658829017,0.4862447491295899,-15.422440942999922,0.7456364207453919,-16.346057042592616,1.132034327123128,-13.874088254236044,1.3271685857228037,24.74262019828802,VI,25,7,79,25.59113222364294,0.7171468663911338,1.0284260220310042,1.2124925242353857,1.209410228854904,0.9912636048231619,0.9592522812368949,0.9727266710665825,1.5311973032404764,-1.8831840137356732
0.30384,6.97545,1.72284,0.013243505467505017,0.007635218670859534,-0.49828333278679915,-26.486310929378,0.4856040665735379,-15.464011926833942,0.745198271882146,-16.222223441585843,1.1332792463339854,-13.90843919049073,1.653079272537997,25.06612994209704,VI,25,7,80,25.57370939593761,0.7166586220186942,1.0173100746643453,1.1980973309781777,1.516727958451189,0.9899575026982622,0.9586886079976373,0.9737963966841807,1.907210998951102,-1.8779970448290308
0.30391,6.97545,1.72318,0.013240892396404523,0.007125233188030822,-0.5638564323859756,-29.416757215886495,0.4830536741474551,-15.499916457875019,0.7428847758627832,-16.174365222088916,1.131872347997448,-13.846951968173887,1.6124239938615055,25.49355478857214,VI,25,7,81,25.54657865989099,0.715898330439225,1.0175444470485822,1.1983337737659772,1.4154198920348726,0.9847582461622935,0.9557123232126374,0.9725874867574765,1.8603056896018526,-1.8780827437653842
0.30402,8.81772,1.6503200000000002,0.010936935849406158,0.006999735001726515,0.3627777289853814,19.939643937882355,0.4854625185510781,-15.336961370794413,0.7437406955078311,-16.07887029765308,1.1309277471109982,-14.165205713527317,2.3950863282706454,13.228108844034214,VI,25,7,82,25.57296676116097,0.7166378109737477,1.0179127465095257,1.1476654751804616,1.3904898126084466,0.9896689414269061,0.9568134535346339,0.971775816604242,2.7632885274170587,-1.961104335232146
0.30442,1.07079,2.18712,0.06795841057601015,0.007327740685619144,0.6560408927184809,33.26651277347157,0.48405865688401584,-15.310416407727587,0.7465342925419719,-16.415599264628455,1.1219266256377871,-14.340237778648909,1.4057997219273315,-42.23097138429542,VI,25,7,83,25.48537763413657,0.7141832783869694,1.019252017276593,1.5209669119181075,1.455647788134359,0.9868070144256249,0.9604073824969254,0.9640413948497767,1.621916587137281,-1.1677567870446093
0.30504,8.81772,1.59986,0.011281889647214114,0.0071967721917493566,-0.7895376065364006,-38.29241935946558,0.48651598268447777,-15.464351662235753,0.7472548262593712,-16.063769238027206,1.1320610684437586,-14.473162719567746,2.7725713363515894,-6.044619355031163,VI,25,7,84,25.4943392197609,0.7144344112009543,1.0213278869655473,1.1125745837911516,1.4296310380068622,0.9918165443702694,0.9613343404524293,0.9727496491646612,3.1988051849127284,-1.947618152602148
0.30423,6.97545,1.7248199999999998,0.01322830264006467,0.007219939523015861,-0.7758223341016437,-37.8051087600051,0.48274617823561966,-15.257220022332904,0.7401309593049764,-16.143287315919416,1.1233743812171666,-14.132894049671062,1.4337311021516068,25.594886340960976,VI,25,7,85,25.50525177890522,0.7147402166466167,1.018615863662236,1.199474262507128,1.434233203389331,0.9841313817970123,0.9521695713543747,0.9652854123071154,1.6541419234926484,-1.8784958777584422
0.30344,8.81772,1.6428000000000003,0.010987000225829054,0.007360363407244996,0.2963485467863996,16.50711346242915,0.4836732864437765,-15.259800421039758,0.7395337971457506,-16.00753432305129,1.1263180197762621,-14.416870664331801,2.3720380008362687,14.721832704571273,VI,25,7,86,25.44546090086574,0.713064681525698,1.015970803897278,1.142435917050307,1.4621282566191116,0.9860213942364757,0.9514013294236318,0.9678148018033588,2.7366969269290915,-1.9591208665576354
0.30437,4.36941,1.96304,0.018555308710425152,0.006454379575463465,-0.4937777921125971,-26.27913693633188,0.48511685564007595,-15.291119406074246,0.7413255682212575,-16.162763879589235,1.1188318817327536,-14.859048057771767,2.6247713361616944,-23.479928178505766,VI,25,7,87,25.41486121884626,0.7122071787829096,1.0190846084307095,1.36513720635892,1.282155545056537,0.9889642694200063,0.953706421347543,0.9613821645910997,3.0282835464831575,-1.7315318157631177
0.30444,8.81772,1.5930399999999998,0.011330188803163749,0.007478787037149659,0.568208483699024,29.605605696699687,0.48355922600945334,-15.392640187053658,0.7393899586692226,-16.004329325886303,1.1220893932601457,-14.695912453198925,2.726025158803438,1.0818169202324128,VI,25,7,88,25.43914289141296,0.712887630325255,1.0193189808149463,1.1078318196358778,1.4856529830428877,0.985788869448296,0.9512162829547359,0.9641812566928858,3.145103355089002,-1.9457628531119782
0.30618,1.07079,2.46106,0.06039397614808389,0.005246079907136547,0.19899803025071586,11.25472123934517,0.4846005921563489,-15.344119886487185,0.7454437778437132,-16.294112132737204,1.1179801345489602,-14.988567054504923,2.000512693095602,-39.19619043180472,VI,25,7,89,25.31650601966899,0.7094509457930269,1.0251448086516892,1.7114702568881346,1.0421281184507678,0.9879118093104957,0.9590044484624246,0.9606502811288842,2.308056168386518,-1.2190063768774146
0.30552,6.97545,1.7558799999999999,0.012994305396517043,0.00494825779372654,-0.8774704770368458,-41.26599580888026,0.4830448220258525,-15.254529974325933,0.7402483273469151,-16.324594667727666,1.1197072583798584,-14.451994828611763,0.9723590394888423,14.562109023135998,VI,25,7,90,25.02994430721497,0.701420553377477,1.022935011886028,1.2210740065925811,0.9829660766643306,0.9847402001350904,0.9523205639277545,0.9621343522160383,1.1218420591502651,-1.8862469305163518
0.30562,2.73547,2.09376,0.027788255081055136,0.005952312376345692,0.6815749755200042,34.27736335860521,0.4820259915368433,-15.301662011812054,0.7422623129660749,-16.040374961868388,1.1244061390878988,-15.038395506513153,2.6922591206097692,7.061467358472915,VI,25,7,91,24.764488272864,0.6939816107962833,1.0232698295777949,1.4560425040682068,1.1824204371637488,0.9826632016995354,0.9549115321876285,0.9661719741143837,3.106146385206308,-1.5561387231924488
0.30412,5.5173,1.8193800000000002,0.01585514127947833,0.005910521570072158,1.0359665034321168,46.01205718351228,0.48169786842064427,-15.234152685058621,0.7440884093559086,-16.548069714373778,1.1095310452838982,-15.173616206999217,1.1501952072353145,-37.1404534087574,VI,25,7,92,24.51471674164332,0.6869821990718133,1.0182475642012925,1.2652331743139684,1.1741187385466285,0.9819942865008181,0.9572607832153013,0.9533902058136466,1.3270173951259263,-1.7998298837772597
0.30272,2.73547,2.22302,0.026172475712548698,0.0075431907500971285,0.18521871071715493,10.493334183297987,0.48011553032351845,-15.244098691058099,0.7410014279458179,-16.05772153744447,1.1231409993248493,-15.27140645944835,2.4163700204389724,16.03070818910076,VI,25,7,93,24.28966001733821,0.6806753767247133,1.0135601165165566,1.5459324886298835,1.4984467111948145,0.9787685155922095,0.9532894187843562,0.9650848735197644,2.7878442111498782,-1.5821551945383823
0.30428,1.07079,2.6939,0.05517398527747997,0.008492976555153964,0.17599694449175032,9.981659479882845,0.484992949349267,-15.43668461192079,0.7451011220386666,-16.538536012860266,1.1245138649332074,-16.186810811616887,2.232609491881486,-39.320790188158426,VI,25,7,94,23.80110846388287,0.6669845711531128,1.0187832725081194,1.873391841332981,1.6871206375314391,0.9887116727663511,0.9585636258932408,0.9662645400378581,2.5758337485785194,-1.258265645342447
0.3062,1.35352,2.41894,0.048610530209885545,0.006924287772560378,1.2967759511734809,52.36263006473988,0.48514617021049483,-15.350576915161854,0.7439690873054063,-16.580507521059253,1.1223051870698695,-15.87383865039781,0.9438012538563832,-19.47660506710823,VI,25,7,95,23.30657807959538,0.653126219270607,1.0252117721900427,1.682179167999555,1.3755023018642296,0.9890240304082725,0.9571072768334219,0.9643666825135876,1.0888940186244822,-1.3132696419171932
0.30644,2.16054,2.38342,0.030907027681670182,0.0066635144855965445,-0.3578257328661588,-19.688516440450318,0.48679256555216277,-15.329358664797061,0.7515775413619163,-16.40249474494371,1.139788491071719,-16.151319737790892,2.131853483251966,22.904023208291388,VI,25,7,96,22.58688450575811,0.632958061538125,1.026015334650283,1.657477850874143,1.3236999695139062,0.9923803890821034,0.9668954614061352,0.9793896157352182,2.4595882840923537,-1.5099427588809837
0.30665,3.45686,2.1013,0.02191039866855932,0.006900750015673918,-0.7304196476421325,-36.145126336501825,0.49019773361843594,-15.2363285639612,0.7552660204536974,-16.377946952997128,1.1444932652350228,-17.06627354040548,3.371228317819653,-19.277453611087175,VI,25,7,97,21.76664852891287,0.6099723782414561,1.0267184518029933,1.461285970597644,1.3708265518316636,0.999322200131878,0.971640645365294,0.9834323017212702,3.8894950983503267,-1.6593497202037748
0.30859,3.45686,2.09512,0.021975028028105168,0.006606966633817157,-0.6230881749878939,-31.926545536082678,0.4924497836699074,-15.410508344108425,0.7590896275655489,-16.434059317600326,1.1431944113522097,-17.25907223863043,3.4688261950057626,-22.090344129017396,VI,25,7,98,20.93441189467916,0.5866503974427634,1.0332139150232698,1.456988275219405,1.3124667997146586,1.0039132527987908,0.9765596698959501,0.9823162314896885,4.002096924491334,-1.6580705623318401
0.30776,1.70952,2.4972,0.03728143490476177,0.006486208365879875,-0.9416648230621506,-43.27912918030215,0.48954638807443973,-15.341185341417981,0.7567946976504079,-16.591059486895762,1.1437802615954276,-16.65085434712569,1.640631087987052,23.194676836688153,VI,25,7,99,20.21587329256905,0.5665146057794206,1.030434928181605,1.7366027343912989,1.2884782999623658,0.9979943603288097,0.9736072701805806,0.9828196368575073,1.892849125998642,-1.428507380673542
0.30957,1.35352,2.63072,0.04469725244263949,0.00546647992974475,1.3016904491830263,52.46738437629136,0.49028436742178116,-15.443344531995539,0.7575577086872606,-16.85958547676319,1.1398260514576626,-16.987774652255567,1.0563730545174204,-21.000908891111926,VI,25,7,100,19.61595892328557,0.5497030514380622,1.036495128402585,1.8294552080001114,1.0859103453578989,0.9994988127047792,0.9745888746963286,0.9794218903653309,1.2187717443688935,-1.3497191722970203
0.31026,1.07079,3.2420400000000003,0.04584557838243924,0.004811218149629259,-0.09852258951561287,-5.626769663105122,0.49090042361602576,-15.283984182855567,0.7610890066743313,-16.637670276774006,1.1456700303515475,-17.732022113975383,3.2509008299556528,-36.07650599147819,VI,25,7,101,19.20750583938216,0.5382568658363754,1.0388053704757758,2.2545793404637062,0.9557432990886429,1.0007547112722674,0.9791318470560192,0.9844434643574186,3.75066938554707,-1.3387025438915938
0.3096,2.16054,2.47346,0.029781936201534027,0.005631093805065102,-0.28165758318963013,-15.73027649192528,0.4905221487776009,-15.323173501296848,0.7526145507143637,-16.456844256125606,1.1524762565039637,-17.08401086121941,2.5492268157316955,21.424919904077765,VI,25,7,102,18.88777840366957,0.5292970618458072,1.036595573710115,1.7200934644431773,1.1186107142419335,0.9999835562508054,0.9682295614572094,0.9902918715559805,2.9411253909923003,-1.5260470710463163
0.30884,3.45686,2.2424,0.020531716340636684,0.005259467885675662,-0.7435925400750146,-36.6342170532078,0.49133891805355684,-15.474741597415003,0.756711470907402,-16.323827750475086,1.1497625033216967,-17.58432851858565,3.8742420442278935,-5.629639347677216,VI,25,7,103,18.66715237338259,0.5231144019743361,1.034050959252687,1.559409727534458,1.0447876259557616,1.0016486305950367,0.9735001999773728,0.9879600163853062,4.4698382963847845,-1.6875747444379265
0.30814,3.45686,2.2559799999999997,0.020408124505644422,0.005540404603648408,-0.33455122064389614,-18.49772768305256,0.4918356940141167,-15.31015132403385,0.7552705864683802,-16.228588550241728,1.148016054978319,-17.6657133691709,3.8386613540333974,-3.2225906075591038,VI,25,7,104,18.50470870939128,0.5185622014863549,1.0317072354103192,1.5688535306471576,1.1005954021404891,1.002661363237056,0.9716465194882296,0.9864593402639726,4.428787703823045,-1.6901969048515495
0.30901,2.73547,2.40046,0.024237828148983946,0.005040486953826306,0.2563860576542971,14.380093629724358,0.49030442336444446,-15.36309765666675,0.7511208140049951,-16.289465907350728,1.1487922057901307,-17.30433307018364,3.1980968611400646,14.339656879002291,VI,25,7,105,18.37817304899556,0.5150162601990957,1.0346201493286906,1.669327807062685,1.0012872998981424,0.9995396989581694,0.9663078871583645,0.9871262657955844,3.6897477396306333,-1.615506298085358
0.30996,3.45686,2.22116,0.02072805233402533,0.004397055804494288,-0.9213805332958055,-42.656865947977174,0.4894370460772402,-15.189738557878403,0.7537858799467475,-16.18899980859515,1.1436225917469234,-17.661212677844382,3.9123553375846285,-6.617933975129786,VI,25,7,106,18.24251966392391,0.5112148105731348,1.0378009174004754,1.544639007496627,0.8734703956809915,0.9977714545956443,0.9697364624172247,0.9826841553944559,4.513810835091058,-1.683441503517517
0.31055,3.45686,2.0937,0.02198993204482194,0.004813804409031008,-0.6411240540413266,-32.66490899560865,0.4891437664371082,-15.178360628273062,0.7548714748707112,-16.288874744132336,1.138798293414087,-17.824090891993745,3.8582928393681892,-22.567001953242627,VI,25,7,107,18.11573574456151,0.5076619122611354,1.0397763417818997,1.45600077887036,0.9562570567308976,0.9971735716697745,0.9711330672213064,0.9785387655020329,4.451437183117996,-1.6577761127312718
0.30985,2.73547,2.35818,0.024672390130740657,0.005394814154534633,0.4260516111147116,23.076507413151564,0.48970716029552425,-15.229585392686609,0.7498498756604337,-16.169234486468003,1.1442858813839978,-17.425921345530632,3.3849455198098157,11.17175483612283,VI,25,7,108,17.99985398619122,0.5044145280047105,1.037432617939532,1.6399254509798467,1.0716740163657619,0.9983221122515049,0.9646728402743708,0.9832541023520397,3.905321077748342,-1.6077887763184886
0.30858,4.36941,2.0230799999999998,0.01800463313903207,0.007171760503326796,0.1297909969706965,7.395135836546754,0.4908241839658408,-15.328739680323007,0.7532916684200898,-16.432816989456864,1.133037343987784,-17.9557574689512,3.4890900888086747,-34.526114092026624,VI,25,7,109,17.87714063811832,0.5009757003566887,1.0331804332540933,1.4068902210044645,1.4246624930634997,1.0005992883281472,0.9691006652362258,0.9735885364998156,4.025476033881022,-1.7446157233522455
0.30965,1.07079,3.0606400000000002,0.04856278390761517,0.004729714796536222,0.1752353659978385,9.939329741126347,0.4891429423071643,-15.296224064806632,0.7524643487518526,-16.49433717005991,1.1277784340560921,-17.859015025017616,2.8981105317299716,-44.349420460714384,VI,25,7,110,17.76196504282636,0.497748105089448,1.0367629825559983,2.128430158973004,0.9395527458546498,0.9971718915898959,0.9680363284401835,0.9690696965417607,3.3436438131640656,-1.3136964248763703
0.30841,2.73547,2.27582,0.025565263051783534,0.006508419204121596,-0.6747874665414808,-34.01098350096489,0.49055732152151943,-15.0586477246762,0.7491030832736129,-16.112399447752864,1.1404707005871917,-17.593251569682646,3.7600267649550587,2.5940266173973976,VI,25,7,111,17.67941950746917,0.4954349103664221,1.0326112431780896,1.5826506627352257,1.292890459036529,1.0000552597725207,0.9637121008566903,0.979975820035791,4.338064436234097,-1.5923497342751989
0.30816,2.73547,2.3172800000000002,0.025107857901725296,0.006139125965125336,-0.45942274899397956,-24.67512641959173,0.489548194918027,-15.218576033417538,0.7473744728621603,-16.07472265653581,1.137989404090678,-17.567339041065253,3.5790534091280204,7.603287300490425,VI,25,7,112,17.57425145526929,0.4924877590477352,1.0317741989486724,1.6114827744474889,1.2195307551959096,0.9979980437789464,0.9614882643669196,0.9778437086473344,4.129269624948067,-1.6001903379100963
0.30871,3.45686,2.11514,0.0217670323109788,0.005376277651273742,-0.31072404505164114,-17.261276010771418,0.4894396189144539,-15.145498022762775,0.7518055183301329,-16.23453747952339,1.1355798802479249,-17.8487686583314,3.9961662241658247,-17.95415071767505,VI,25,7,113,17.49470630395297,0.4902586448567497,1.03361569625339,1.4709105829010138,1.067991759974728,0.9977766996083579,0.9671887510319459,0.9757732695711863,4.610506164453024,-1.6622007780706216
0.30856,2.16054,2.42592,0.03036556354580792,0.006127516358892471,-0.18090421675333976,-10.254147708771265,0.4903201927763327,-15.265460531849616,0.7455833157821536,-16.274789919347256,1.1370453713324238,-17.297007998828914,2.7448348300388674,20.609002331820804,VI,25,7,114,17.3761068138733,0.4869351009071137,1.0331134697157398,1.687033199349087,1.2172245194325253,0.9995718466453214,0.9591839623408297,0.9770325266713884,3.166804680889178,-1.517618654519564
0.31,1.07079,3.14892,0.04720132583203235,0.0052055534610953025,0.3344058083146192,18.490234479068352,0.48953612438592864,-15.152347658192818,0.7495420874593818,-16.37980645746841,1.1235043244307645,-18.010795272387135,3.1390736558957157,-41.8607968128649,VI,25,7,115,17.29102652511469,0.48455087413896325,1.037934844477182,2.189821833405193,1.034077583630853,0.9979734366666201,0.9642768744580796,0.9653970690180139,3.621650759585302,-1.3260458023521686
0.3092,1.07079,3.18608,0.046650805673116594,0.005309487194122442,0.3118345590017027,17.319283176407943,0.4900853890145063,-15.183264888320943,0.7489467425589454,-16.45489975432323,1.1235848914030702,-18.06360863831008,3.2114999112910274,-40.94836902964215,VI,25,7,116,17.21003357067829,0.4822811877895581,1.0352563029430475,2.215663639271756,1.0547239076595423,0.9990931732533913,0.9635109704088979,0.965466298051879,3.705211271895582,-1.331140851459447
0.30994,2.73547,2.3087600000000004,0.025200513244559845,0.006129867116910603,-0.4592394988007978,-24.666456236268793,0.49047151021288743,-14.9614905453185,0.7440715644652162,-16.09938857860109,1.1346776700520158,-17.623573497432943,3.6153831121141597,7.572727927372972,VI,25,7,117,17.11754045770222,0.4796892295458244,1.0377339538621222,1.605557796353218,1.2176914949787874,0.9998803239458995,0.9572391124661609,0.9749980245989784,4.17118437778228,-1.5985906140989972
0.30885,1.07079,3.2047999999999996,0.0463783072076271,0.006173244990393789,0.29061526824187217,16.204671208998356,0.4915490394120348,-15.146050968343106,0.7488275656232729,-16.338954627460694,1.120871724004025,-18.073037435520376,3.2555391407545375,-40.423711756699824,VI,25,7,118,17.0519645776935,0.4778515798299729,1.0340844410218637,2.2286819010000136,1.2263084627862988,1.0020769861826868,0.9633576507155004,0.9631349462289827,3.7560207546671998,-1.3336851070090088
0.30734,1.35352,2.7204200000000003,0.04322345665224507,0.007294961803526567,0.49415210063994464,26.29637670740995,0.4901352555333502,-15.093378604666036,0.7436946569663279,-16.457455124459536,1.112041107272764,-17.479621735691612,1.2309255322585047,-38.38588486318044,VI,25,7,119,16.97045148039499,0.47556731738364566,1.0290286938761846,1.8918343787813463,1.4491362985412273,0.9991948316575543,0.9567542255050835,0.9555470346165374,1.4201585810272734,-1.36428050480661
0.30943,2.73547,2.26652,0.025670162609864464,0.006050665677254208,-0.6540386232421288,-33.18623607106355,0.4888628300434194,-15.125636112434842,0.7440370596358804,-16.0500934530845,1.1294495142730014,-17.72101108574054,3.7644137486912146,4.2437421500120065,VI,25,7,120,16.91035487145657,0.4738832146872787,1.0360263836341113,1.5761832570689438,1.201958214367596,0.9966008518145318,0.9571947224185008,0.9705056108577252,4.343125841196831,-1.590571380243899
0.30953,1.07079,3.1834,0.046690079455614535,0.00539740486253526,0.3245537109749566,17.981030950266017,0.4898305136951615,-15.07767334822745,0.7483537463593627,-16.32022653371718,1.117325776656822,-18.130682525292386,3.21513816163091,-41.530664727196665,VI,25,7,121,16.82387338093947,0.4714597216826248,1.0363612013258783,2.2137999137679243,1.0721886577173882,0.9985735817754648,0.9627480879350966,0.9600880089796613,3.709408838933313,-1.3307753870007515
0.31032,3.45686,2.0896000000000003,0.02203307844670927,0.005671081981281578,-0.2818360736249429,-15.739751131557243,0.48807609040279154,-15.047492745491134,0.7470024145930291,-15.973950665013994,1.1241362112021274,-17.971676077093246,4.049498989867125,-19.474182282117678,VI,25,7,122,16.73068555854458,0.46884829541854695,1.039006261090836,1.453149557017483,1.1265543223413954,0.9949969961973306,0.961009615881562,0.9659400323371218,4.672037900431925,-1.656924819280677
0.30968,3.45686,2.0954200000000003,0.021971881876780643,0.0053054630243988266,-0.3082105319612199,-17.129849117829032,0.48872926479570705,-15.068737613414035,0.7458091231990204,-16.03551171423891,1.124034868686776,-18.032925862787966,4.063645349159639,-18.493619492899818,VI,25,7,123,16.68702898858941,0.4676248961540232,1.0368634278635285,1.45719690120864,1.0539245106818689,0.9963285643108345,0.9594744608649403,0.9658529514375118,4.6883590124838435,-1.6581327444586274
0.30801,2.73547,2.40322,0.024209991993454614,0.007029031434585775,0.08433015071448079,4.820356536665349,0.4902010300762583,-14.961094599151142,0.741493227754631,-16.06621136565029,1.1276129100154346,-17.528058547085518,3.1852870027399645,15.804391865181989,VI,25,7,124,16.61403770775986,0.4655794427577711,1.0312719724110222,1.6712471661636463,1.396309517415346,0.9993289203250935,0.953922113319374,0.9689274661824928,3.6749685918658876,-1.6160053541848287
0.30967,1.35352,2.5776399999999997,0.04561767971706699,0.004921560451691287,-0.005749437215383839,-0.3294148573333228,0.48723231212666396,-15.150433740066404,0.7402972159076988,-16.47806055124832,1.111894856229753,-17.326311763398227,0.9961001393818272,-18.51232977269534,VI,25,7,125,16.55986766934966,0.46406142186839944,1.0368299460943518,1.7925423163048162,0.9776626784478857,0.9932768610243279,0.952383458472808,0.9554213650261376,1.1492329336202955,-1.340866808311916
0.30936,2.16054,2.5315,0.02909912222676135,0.006833347921468447,-0.11019766616484314,-6.288488286604956,0.4901102829663071,-14.99979670049585,0.741305771160188,-16.154212542355847,1.1210038258869806,-17.276286519122195,2.194583510839996,24.59037895785363,VI,25,7,126,16.49302264051184,0.46218820646917685,1.0357920112498746,1.7604556391604889,1.3574371984749913,0.9991439223225472,0.9536809526667431,0.9632484578264408,2.531961944913055,-1.5361201112829403
0.30924,3.45686,2.13668,0.021547597544903166,0.006974488241424992,-0.43687689248211664,-23.59940508402152,0.4917630710613198,-14.997113235985374,0.7473426889338426,-15.982519421020084,1.1219813094313411,-18.03253607505629,4.112296849983951,-13.712931911561057,VI,25,7,127,16.41522055819194,0.46000793874804524,1.0353902300197544,1.4858899289280798,1.385474570889728,1.0025133133298616,0.9614473747256719,0.9640883831638151,4.744489821834049,-1.6666011445823674
0.30913,2.73547,2.2290200000000002,0.026102025535217267,0.00583681528120511,-0.7207351194785581,-35.78161681410635,0.4888734499736973,-15.087948274968621,0.7419290347922282,-15.93794732332329,1.1254954905255115,-17.855289666997127,3.931252443392215,1.0888274185606348,VI,25,7,128,16.32042172519555,0.45735136672040794,1.0350219305588109,1.5501050084145818,1.159477063716149,0.9966225017148939,0.9544827738281194,0.9671080245257025,4.535613036983794,-1.5833257898021391
0.31021,2.16054,2.5647400000000005,0.02872198660177887,0.006565681304193327,-0.2133490152240588,-12.043434534304806,0.48964845161164766,-14.851248568248288,0.7401731486493894,-16.180853873408758,1.119905100344691,-17.264147599820785,1.943579022665483,25.02296621912092,VI,25,7,129,16.23676484628084,0.45500702853163794,1.0386379616298924,1.7835713987677162,1.3042655134891146,0.9982024281177059,0.9522238474381953,0.9623043524989253,2.242369952208713,-1.5417855247238814
0.30825,1.07079,2.7809,0.05344787620518657,0.007116395512092366,0.7158648519120295,35.59754411261879,0.4908585182022763,-15.105414094774773,0.7453431253927442,-16.410097323267397,1.103768960609634,-18.03207934938669,2.1711030675695446,-51.40715720491874,VI,25,7,130,16.21011012370216,0.4542600763997521,1.0320755348712627,1.9338933782111016,1.413664297236423,1.0006692824597831,0.9588749602956481,0.9484390013233687,2.5048717984151816,-1.272069547156665
0.3106,3.45686,2.13414,0.021573242956058974,0.00467523560058658,-0.4629351586334873,-24.84107720387525,0.4882253612711031,-14.905879723059588,0.7431636504801576,-15.935028323977534,1.1198247856812753,-18.043837406692393,4.1541791942294735,-12.346339170071362,VI,25,7,131,16.15131571363451,0.45261246555655626,1.039943750627783,1.4841235622192241,0.9287305123060381,0.9953013013425944,0.9560710920515147,0.9622353402673081,4.792810836399962,-1.6660845655113254
0.30882,1.70952,2.5508800000000003,0.03649689489280996,0.007534567880974119,-0.34295170445592615,-18.92949235876409,0.48936786902361384,-15.020117314620629,0.7405306032883632,-16.264878822853913,1.113387462453336,-17.297426792229075,1.4806087636788556,20.75405530493834,VI,25,7,132,16.12199184048504,0.4517907151331747,1.0339839957143335,1.7739328780650636,1.4967337875386983,0.9976304295343528,0.9526837085291161,0.956703921436568,1.70822619709957,-1.4377440831676989
0.31039,1.70952,2.56276,0.036327708893603414,0.004681523012311339,-0.3534881685855716,-19.467898836830795,0.4873022863043905,-14.843378014406454,0.7367979538482317,-16.26940079098376,1.1124761916724497,-17.260944632242385,1.4192986234251763,20.668799412541652,VI,25,7,133,16.04958662446635,0.4497616851815337,1.0392406334750728,1.7821944672387653,0.9299794998675381,0.9934195111111039,0.9478816999484135,0.9559208909472149,1.6374907061998956,-1.4397619912438502
0.30842,1.35352,2.8530999999999995,0.041213401544250315,0.008287139867866833,0.7426811524132013,36.600576474883624,0.489623442795573,-14.80633109892615,0.7421349491127296,-16.2786290668171,1.1015877898171222,-17.86184345781527,1.6185159126679198,-49.65378856790645,VI,25,7,134,15.93606458556918,0.4465804279495374,1.0326447249472663,1.9841026996203004,1.6462314014870416,0.998151444885046,0.9547476801231779,0.9465647798857384,1.867334133273808,-1.3849615395415866
0.30773,3.45686,2.04184,0.022548446852957968,0.008259019428755343,-0.10913863536415608,-6.2285314043050395,0.4905696958935203,-14.88867406297431,0.7470416358009533,-15.99721634374268,1.1151862662491385,-18.277776985867373,4.007479953650808,-26.375671693412677,VI,25,7,135,15.88932294578724,0.4452705749814599,1.030334482874075,1.419936299531287,1.6406453065704543,1.0000804862960337,0.9610600734935125,0.9582495851909876,4.623559179920207,-1.6468833671527672
0.31001,3.45686,2.1186800000000003,0.021730662828857442,0.005590419303487859,-0.4451568124462859,-23.99656315856334,0.4899766134834545,-14.960454923440949,0.742001170214973,-15.885592858210952,1.1159186681458306,-18.139553086172814,4.188096954848579,-13.550290732044912,VI,25,7,136,15.85057428042051,0.44418471118685543,1.0379683262463588,1.473372369573986,1.1105307683493917,0.9988714223240085,0.9545755751813001,0.9588789184556976,4.8319428533499,-1.6629270266235625
0.30982,1.70952,2.5390800000000002,0.03666650883161266,0.005963431008213282,-0.34146750758273753,-18.853368784982628,0.48833101635942316,-14.855443080398366,0.7364949171642167,-16.162291737635183,1.1098474232377773,-17.311831958424566,1.4985766249943067,22.221697742064855,VI,25,7,137,15.80835394381885,0.4430015598582133,1.037332172632002,1.7657269224884908,1.1846291413987255,0.9955166909049569,0.9474918469016038,0.9536620608859727,1.7289562995802836,-1.4357304390261794
0.31011,2.73547,2.34042,0.02485961364135924,0.005873012720918558,-0.10021117884439944,-5.722572744773167,0.4879584430882234,-14.916731282647795,0.7368174730846573,-15.894754152869083,1.1179116021084545,-17.704020793356072,3.4724491692971062,12.672554407046926,VI,25,7,138,15.77894293886779,0.44217736771799293,1.0383031439381256,1.6275747924171406,1.1666676460955736,0.994757159157763,0.9479068112111527,0.960591393044737,4.006276867058008,-1.6045056252812446
0.30938,2.73547,2.25426,0.025809772146296348,0.006320753599808049,-0.6458767535836957,-32.85747746990415,0.4901663589371446,-14.794265354407466,0.7387564238893557,-15.80266477334265,1.1171587248040367,-17.90010753232814,3.8511845763028614,4.848836888145283,VI,25,7,139,15.7745202146547,0.44205342858225594,1.0358589747882279,1.5676574083088777,1.2556108890370032,0.9992582393801522,0.9504012480852981,0.9599444658124956,4.443236150217246,-1.5882158294756188
0.28993,6.97545,1.77962,0.012820962317593837,0.0055178644243797925,-0.13254472248758628,-7.550243958822357,0.48306281819603886,-16.32240984567881,0.7619753785125997,-16.856153691958806,1.1584305563000645,-13.245149559587295,1.8359817968925554,20.39130352260591,VI,25,8,0,33.94367186459094,1.0,1.0,1.0,1.0,1.0,1.0,1.0,1.0,-1.8920793762574546
0.29063,8.81772,1.68704,0.01069888323394346,0.006270003885273878,-0.7940422693321213,-38.45106054525753,0.48729765590715873,-16.354381626684404,0.7726447294623172,-16.92351173376495,1.1657124448813674,-13.789571523145387,2.5301310552507608,-16.323257399484312,VI,25,8,1,31.50480924250831,0.9281497113272892,1.002414375883834,0.9479776581517403,1.1363098842318196,1.0087666397652681,1.0140022253350816,1.006285994910701,1.3780806866021604,-1.9706615522818798
0.29034,8.81772,1.69732,0.010634084304074644,0.0067153659089351225,-0.8481815200107877,-40.303993890344884,0.4879127072875284,-16.410620672932243,0.7750924723741166,-16.855107747977353,1.1707204374660989,-13.865681297022364,2.5973944280957624,-15.030398474003293,VI,25,8,2,30.17151429360582,0.8888700790523454,1.0014141344462455,0.9537541722390173,1.2170226363780094,1.0100398724737314,1.0172145901710392,1.0106090788948863,1.4147168738229958,-1.9732999010418428
0.2913,6.97545,1.90302,0.011989595989341333,0.006293202650391239,0.09402458707502752,5.371420254226812,0.4890109950227525,-16.456800928168395,0.77456740525773,-17.16954034162757,1.1687940245620605,-13.404702472162652,0.8526456084096291,0.11456826684459492,VI,25,8,3,29.44475170073359,0.8674592371207048,1.0047252785155036,1.0693406457558354,1.1405141856305383,1.0123134644246201,1.016525503448301,1.0089461281952852,0.4644085305490245,-1.921195450975869
0.2915,4.36941,2.0372399999999997,0.0178794904924864,0.0061821280639407505,-0.13552988917611364,-7.718262671177635,0.48875136047040224,-16.309421118885506,0.7769107087251149,-17.170767218370393,1.1696571333365444,-14.03340859868081,2.2529829194520783,-30.535641911364614,VI,25,8,4,29.01636241032875,0.8548386434467563,1.005415100196599,1.144761241163844,1.120384190054764,1.0117759886708044,1.0196008042171514,1.0096911955364305,1.2271270462840687,-1.7476448613485152
0.29331,11.1448,1.6681599999999999,0.008560717173245198,0.005242480205232214,0.014564236452390765,0.8344102863584095,0.4893312200936533,-16.414108678863744,0.7767388579604947,-17.172616330599208,1.1697631735232743,-14.04784717018032,2.114361074325346,-33.70737739343757,VI,25,8,5,28.75276865531244,0.8470730205622362,1.0116579864105129,0.9373686517346399,0.9500922462083632,1.0129763700734065,1.019375270991976,1.0097827333382894,1.1516242034120134,-2.0674898508209605
0.29343,8.81772,1.7321399999999998,0.010420314738411431,0.0056055157685584445,0.6563380864296712,33.27841556119672,0.4885814135755904,-16.346028681301988,0.7744235616834749,-16.908174706833307,1.1774127740169444,-13.912633618710549,2.6510173064823204,2.000594294974099,VI,25,8,6,28.4735870419744,0.8388481704502107,1.01207187941917,0.9733201469976736,1.0158850122868874,1.0114241775017176,1.0163367262537728,1.01638615073959,1.4439235241706823,-1.9821191632734418
0.29271,8.81772,1.7775599999999998,0.010154056105555918,0.006819952971750309,0.2048339830134794,11.57599747721685,0.4886015733021097,-16.341892098670616,0.7726170783868809,-16.9851215533371,1.1794129363658077,-13.665884221705237,2.2639253457527366,16.49311134095539,VI,25,8,7,28.34278385906048,0.8349946338194146,1.0095885213672267,0.9988424495116934,1.235976901066552,1.0114659106381958,1.0139659366619616,1.0181127646811727,1.2330870325536376,-1.9933604412597552
0.29353,8.81772,1.7559999999999998,0.01027872663496126,0.005143227969734432,0.5146434986466748,27.232320901822405,0.4865355775849239,-16.34376103624511,0.7722868597975375,-16.92090013749788,1.1781683828676728,-13.884958838912468,2.4800145489980974,10.896888400772326,VI,25,8,8,28.13892402631927,0.8289888064724366,1.0124167902597179,0.9867275036243691,0.9321048097901626,1.0071890430355492,1.0135325649302032,1.0170384201800142,1.3507838439333022,-1.9880606839461041
0.29313,8.81772,1.70076,0.010612575537402087,0.006502546970349465,-0.9932039094862605,-44.80464327165342,0.486631024339233,-16.248436884645766,0.7739549128757597,-16.884319418601905,1.1751420569647075,-14.103225295713735,2.746667604047476,-10.748366709471721,VI,25,8,9,27.96151837147567,0.823762334346754,1.011037146897527,0.9556871691709466,1.178453559246402,1.007386629665515,1.0157216816986192,1.0144259839951202,1.4960211526586369,-1.9741792055479765
0.29357,4.36941,2.03646,0.01788633865183357,0.005138958316012521,-0.16576863058289196,-9.412251891636485,0.4865095975484669,-16.404015148370835,0.7736426224779419,-17.140729686278096,1.169096628692152,-14.23037024121504,2.337247344682322,-30.346310879999407,VI,25,8,10,27.78846721479967,0.8186641482292845,1.0125547545959368,1.1443229453478831,0.9313310224344882,1.00713526113498,1.015311838537509,1.0092073472458756,1.2730231577666897,-1.7474785507708956
0.29193,11.1448,1.6515399999999998,0.008646866536517863,0.0071249142714387426,0.022645323470736067,1.2972597413498104,0.48502787425812516,-16.296284440067556,0.7713724006400249,-17.099102266793412,1.1624744939441973,-14.223235310573,2.1354171014754924,-34.63891221970721,VI,25,8,11,27.74441843536037,0.8173664459767108,1.0068982168109544,0.9280295793484001,1.2912448953907711,1.0040679099861685,1.0123324485179148,1.0034908761877352,1.1630927414910859,-2.0631412442626273
0.29387,1.07079,2.29366,0.06480175742655987,0.005364564716451525,0.6586026614539288,33.36900661216376,0.4850344345777984,-16.43573234920757,0.7685073169905957,-17.177701645376153,1.1595655049555997,-14.069443536802979,1.4119975599180934,-40.02851500672114,VI,25,8,12,27.64458952882766,0.8144254292555102,1.0135894871175801,1.2888481810723638,0.9722175653227475,1.0040814906622753,1.008572374727838,1.000979729556824,0.7690694767823593,-1.1884132158839182
0.29343,1.07079,2.4059399999999997,0.061777599997923184,0.00569555572435726,0.41283779494227185,22.432685372978458,0.4859201866986787,-16.325815402418684,0.769942401315289,-17.227209855589297,1.1607385399006453,-14.085671435202398,1.69248972475187,-40.489144324797536,VI,25,8,13,27.4637591243426,0.8090980620453146,1.01207187941917,1.3519403018621952,1.0322029115453375,1.0059151075077781,1.0104557483448366,1.0019923366040622,0.9218445017355024,-1.2091689676419588
0.29353,5.5173,1.8924399999999997,0.015243033829900703,0.006442131892274605,1.0799480104567505,47.20122313471059,0.48647223192561057,-16.20207210686101,0.7664189518007347,-17.24044112660356,1.1606405663510966,-13.651307461182908,0.8485842440662817,-14.883189629422517,VI,25,8,14,27.26970173058238,0.803381020160914,1.0124167902597179,1.0633955563547273,1.1675045627817686,1.0070579096571828,1.0058316494383441,1.001907762221061,0.4621964365346822,-1.8169285865097193
0.29262,6.97545,1.7908600000000001,0.012740493930087412,0.006638975228761834,-0.24492585064366512,-13.762292744167414,0.4839108240494189,-16.253927855349673,0.7651896512627004,-16.98274998582944,1.168267230749634,-13.649723804370012,1.8847939129077915,23.203982506927105,VI,25,8,15,27.23339439278411,0.8023113852097187,1.0092781016107335,1.0063159550915364,1.2031783889848027,1.0017554773860402,1.0042183420104402,1.0084913803387465,1.0265863834259423,-1.894813734720196
0.29235,1.07079,2.4905600000000003,0.059678626067632704,0.007071106518591608,0.218771147006392,12.340243576517528,0.4843441749925407,-16.49208103920089,0.7674211296083554,-17.144255246458314,1.1591518931477471,-14.134722432190145,1.9135475696907862,-38.3689146759846,VI,25,8,16,27.1416302736223,0.7996079617401578,1.0083468423412547,1.399489778716805,1.281493341400174,1.002652567633516,1.0071468859090775,1.000622684582826,1.0422475718057296,-1.2241811838281849
0.2925,8.81772,1.69714,0.010635212163399585,0.0073686359263152035,0.24523750221513932,13.779137295345844,0.4839436501138779,-16.2409704289948,0.7645778250915023,-16.839822819814966,1.1628554377717835,-13.943638336652862,2.7162000306555596,-0.7943366347883184,VI,25,8,17,27.19281372063399,0.8011158553827745,1.0088642086020763,0.9536530270507187,1.335414457404585,1.0018234314144245,1.0034153945813613,1.003819720955783,1.4794264492451916,-1.9732538418708314
0.29089,8.81772,1.72508,0.010462960541535452,0.008010353106928825,0.5773223730503958,29.99880123723792,0.48312240656957867,-16.036408511134063,0.76135513521516,-16.84852460072584,1.1615854169469113,-13.851500165099305,2.4993055205389707,10.025317751968698,VI,25,8,18,27.18539261008198,0.8008972252186128,1.003311144069258,0.9693530079455165,1.4517125632040493,1.0001233553303943,0.9991860061165618,1.002723392118491,1.3612910132165292,-1.980345412511649
0.29241,8.81772,1.7333599999999998,0.010412980552794559,0.006694292015798853,0.36141803695453656,19.870769758337655,0.48397825116540955,-16.111866502022178,0.7613812893903043,-16.892446196706015,1.1614708671490612,-13.862473500864459,2.3882675346541493,13.668410076258226,VI,25,8,19,27.1262833420978,0.7991558323539876,1.0085537888455833,0.9740056866072532,1.2132034245388859,1.0018950598863918,0.9992203302901268,1.0026245085063252,1.3008122077769786,-1.9824249426933296
0.29357,8.81772,1.74046,0.010370502034514999,0.005735083539975205,0.21731287565156338,12.26048280603984,0.48215206059013616,-16.09184041876234,0.7608253010774165,-16.838070130795824,1.1615237204690263,-13.785304907782635,2.2789633290409355,16.81966802017821,VI,25,8,20,26.95348001512864,0.794064947441521,1.0125547545959368,0.9779953023679212,1.0393665191619543,0.9981146186963761,0.9984906632581382,1.0026701334423025,1.2412777364667436,-1.9842002189685208
0.29237,5.5173,1.88308,0.015318800550723963,0.007085648576099113,1.1903050189504094,49.965683100832926,0.482464754420598,-16.241025566241092,0.7610838607369047,-17.268642320698227,1.146374515309199,-13.759089844936303,0.9733448067782281,-30.08838346446576,VI,25,8,21,26.94332162501907,0.7937656754549753,1.0084158245093644,1.0581360065631988,1.284128791710126,0.9987619337425425,0.9988299913608295,0.9895927805725606,0.530149486463122,-1.8147752382670537
0.29241,8.81772,1.7060999999999997,0.010579358754464556,0.007100370587164062,0.6681254241899933,33.74789210114749,0.4810085713849766,-16.070013280503435,0.757092168349817,-16.695832621056052,1.1553797676050532,-13.863105021021402,2.558986912417804,7.944008389936521,VI,25,8,22,26.92342155494095,0.7931794080011328,1.0085537888455833,0.9586878097571391,1.2867968549194906,0.995747454091512,0.9935913806397328,0.997366446630383,1.3937975402310374,-1.9755406553478503
0.29116,1.07079,2.2126200000000003,0.0671752035772086,0.007669436235495486,0.7938641820987782,38.444802028076566,0.4800930203074135,-16.121558430764015,0.757020958996996,-17.076916860301466,1.1382588056807776,-13.881616477531324,1.2843314351258168,-40.17361564596803,VI,25,8,23,26.92832891250099,0.7933239815634633,1.0042424033387367,1.2433103696294716,1.3899283573567558,0.9938521497065003,0.993497927025838,0.9825870005676354,0.6995338610108115,-1.1727910087455662
0.29078,6.97545,1.8054199999999998,0.012637746873102295,0.008013894937216604,-1.0085317563166283,-45.243377127192716,0.4791637815389955,-15.959123086325098,0.7513152945589311,-16.939941004592384,1.1408212084310345,-13.498414036018444,1.1425118097182378,22.8173431993361,VI,25,8,24,26.98153362147264,0.7948914227402427,1.0029317421446555,1.0144974769894695,1.4523544474576982,0.9919285101022596,0.9860099364700242,0.9847989611692626,0.6222892904776983,-1.8983303475569193
0.29264,4.36941,1.9767199999999998,0.018426895671067728,0.007067975229667012,-0.16153599843367952,-9.176065803785487,0.4806573721643099,-16.188807060213513,0.7570770488053588,-16.895375759547594,1.1413673985356565,-14.21327908435455,2.3005797916576536,-31.421349333243214,VI,25,8,25,26.98102003716788,0.7948762922526865,1.0093470837788432,1.1107539811869949,1.2809258593665884,0.9950204281076488,0.9935715380767255,0.9852704526209094,1.253051525647717,-1.7345478230273785
0.29302,4.36941,2.01228,0.01810126483934293,0.006259604397807872,-0.47956807093903897,-25.620888885107707,0.4784281005372125,-16.12860861999423,0.7559554431307086,-16.838171634652873,1.141543817319707,-14.24368854614688,2.55123231868917,-23.726845344102774,VI,25,8,26,26.95900583487445,0.7942277412538067,1.0106577449729244,1.1307357750531013,1.134425189961323,0.9904055591027802,0.9920995670573475,0.9854227438248069,1.3895738634267474,-1.742291077420602
0.29223,3.45686,2.027,0.022713527736676713,0.007730981561393957,-0.921161215592515,-42.65006889775376,0.4798245495678232,-15.906239590642372,0.7547850254112265,-16.70995679962613,1.1413426193207907,-14.162896628155769,2.7058841591257132,-14.419906765076488,VI,25,8,27,26.83058544272061,0.7904444030025374,1.0079329493325975,1.1390072037850778,1.4010821881081137,0.9932963819481931,0.9905635361664717,0.9852490622883332,1.4738077271275178,-1.6437154083787056
0.2933,8.81772,1.65398,0.010912734114676099,0.006634277338172678,0.23925078530384267,13.455137467207583,0.4793928793406391,-15.951311363669149,0.7513670660651177,-16.663701201984225,1.1432179285193755,-14.070665444329968,2.710876219723294,-1.2420337344725632,VI,25,8,28,26.79826497204205,0.7894922234384791,1.011623495326458,0.9294006585675594,1.2023269924611042,0.9924027709913488,0.9860778802745704,0.9868678983837608,1.4765267413388952,-1.962066426116035
0.29199,1.07079,2.16358,0.068697805923055,0.007469155995907362,0.841951253769131,40.09574427637254,0.4773676226328909,-16.017442842476452,0.7481042321700323,-17.076564801166974,1.1253425679027467,-14.039021031412231,1.2167041402774061,-39.72425131498593,VI,25,8,29,26.97929401879455,0.7948254427635618,1.007105163315283,1.2157539249952238,1.353631662805288,0.9882102381954873,0.9817958076681634,0.9714372275339506,0.662699457225942,-1.1630571332567006
0.29241,4.36941,1.9956199999999997,0.018252379316158883,0.007708918253282515,-0.40425654220995294,-22.011343430734886,0.4783159792111995,-16.057833886408357,0.7527647893413589,-16.835729588772136,1.1356599949636685,-14.328031445200061,2.507993973650188,-25.516730563515544,VI,25,8,30,26.82754041920939,0.7903546948671487,1.0085537888455833,1.1213742259583506,1.3970836650538032,0.9901734540394435,0.9879122220599568,0.9803436112656392,1.3660233330717275,-1.7386805144115973
0.29415,1.07079,2.7211999999999996,0.05462046117117571,0.008191754670023144,0.16100117836072883,9.146199617993625,0.4793207981743483,-16.00137040146237,0.7492982813001459,-17.059808843440322,1.1362749433887087,-16.00786781566444,2.206147802790018,-38.111303983821756,VI,25,8,31,26.53223851707882,0.7816549318212237,1.0145552374711138,1.52909047999011,1.4845878840062106,0.9922535540291326,0.9833628519110422,0.9808744574365174,1.2016174705675067,-1.2626446373480376
0.29358,3.45686,2.07392,0.022199660894462514,0.007538653015050856,-0.7177356260956078,-35.66835088343306,0.4773439797159128,-15.84582683592709,0.7492362388725995,-16.76706798567869,1.1389419018689313,-16.021940617028438,2.9699206107911302,-19.086521599673567,VI,25,8,32,26.13283146402062,0.769888171446815,1.0125892456799916,1.165372382868253,1.3662265752203941,0.9881612944223639,0.9832814287715341,0.9831766744021511,1.6176198564810362,-1.6536536594587539
0.29262,4.36941,2.019,0.018041016944483897,0.00809305215542755,-0.16697901975559254,-9.479734149695988,0.4772421822651692,-15.840464512293739,0.7496076712385544,-16.955289514439503,1.1362916740577063,-16.079472073668125,2.626883974022015,-31.406310844265757,VI,25,8,33,25.94453290035795,0.7643407879930202,1.0092781016107335,1.1345118620829167,1.4667000732511124,0.9879505610624175,0.9837688885719806,0.9808888999673246,1.4307788772568883,-1.7437389855895393
0.29314,2.16054,2.2635,0.03254447886770327,0.007501643211990594,-0.042578969529067694,-2.4381225484446376,0.47613225825327515,-15.814042622321198,0.7411768423578902,-16.880298739766197,1.1404957584236164,-15.562626460668806,2.2938178483635654,19.613821732833912,VI,25,8,34,25.78521889968875,0.759647306353652,1.0110716379815818,1.2719007428552163,1.3595193058469859,0.9856528805743209,0.9727044511657202,0.9845180207143962,1.2493685134819468,-1.4875226783913518
0.29276,2.16054,2.2499200000000004,0.03274090986214903,0.007733649922941621,-0.05738359381041598,-3.2842360370194394,0.4773597210697528,-15.670370837937986,0.7397658811590997,-16.587858927206213,1.133103319507014,-15.532394516386702,2.251584450554751,19.8404967524148,VI,25,8,35,25.83896039295158,0.7612305615028656,1.0097609767875004,1.264269900315798,1.4015657740287597,0.988193880978909,0.9708527362172074,0.9781365946751752,1.2263653454329524,-1.484909255815341
0.29579,2.16054,2.23616,0.03294237796805522,0.006913898741579549,-0.09288929490446653,-5.306936029132776,0.47595090454711003,-15.69982104064407,0.7370349903404387,-16.569435057261433,1.1293209730457843,-15.569648364458676,2.2292964696838347,20.23556199632367,VI,25,8,36,25.82758635269036,0.7608954757671033,1.0202117752560962,1.2565379125880807,1.2530026491828261,0.9852774558897169,0.9672687741947182,0.9748715336487204,1.214225801942576,-1.48224505419088
